file_id,error
TRAIN_00001,0.009766173
TRAIN_00002,0.0052646226
TRAIN_00003,0.002961298
TRAIN_00004,0.0075620515
TRAIN_00005,0.005191075
TRAIN_00006,0.010160494
TRAIN_00007,0.007994453
TRAIN_00008,0.037988327
TRAIN_00009,0.0030316727
TRAIN_00010,0.0020433525
TRAIN_00011,0.027703801
TRAIN_00012,0.0029355623
TRAIN_00013,0.008189998
TRAIN_00014,0.014423652
TRAIN_00015,0.006691795
TRAIN_00016,0.0014627912
TRAIN_00017,0.0009691593
TRAIN_00018,0.0034210475
TRAIN_00019,0.003900817
TRAIN_00020,0.005779025
TRAIN_00021,0.0027590152
TRAIN_00022,0.0057435236
TRAIN_00023,0.016609857
TRAIN_00024,0.0050255894
TRAIN_00025,0.0037991316
TRAIN_00026,0.008311409
TRAIN_00027,0.009235545
TRAIN_00028,0.0050847414
TRAIN_00029,0.0034738572
TRAIN_00030,0.008277068
TRAIN_00031,0.013395859
TRAIN_00032,0.005008124
TRAIN_00033,0.0060699554
TRAIN_00034,0.011581796
TRAIN_00035,0.0019828
TRAIN_00036,0.0018488091
TRAIN_00037,0.012281156
TRAIN_00038,0.013627137
TRAIN_00039,0.0069907415
TRAIN_00040,0.023498815
TRAIN_00041,0.015573222
TRAIN_00042,0.0013885322
TRAIN_00043,0.04650663
TRAIN_00044,0.023641381
TRAIN_00045,0.012559016
TRAIN_00046,0.00091919384
TRAIN_00047,0.00110619
TRAIN_00048,0.0050782305
TRAIN_00049,0.0034020066
TRAIN_00050,0.0115149375
TRAIN_00051,0.0026670997
TRAIN_00052,0.013926282
TRAIN_00053,0.01217482
TRAIN_00054,0.017493626
TRAIN_00055,0.020361014
TRAIN_00056,0.007479967
TRAIN_00057,0.021985304
TRAIN_00058,0.010358503
TRAIN_00059,0.0064442945
TRAIN_00060,0.00298853
TRAIN_00061,0.028703997
TRAIN_00062,0.008508668
TRAIN_00063,0.013176001
TRAIN_00064,0.039669033
TRAIN_00065,0.010241631
TRAIN_00066,0.004468465
TRAIN_00067,0.0075668553
TRAIN_00068,0.031896126
TRAIN_00069,0.002487015
TRAIN_00070,0.004498706
TRAIN_00071,0.00440621
TRAIN_00072,0.009473969
TRAIN_00073,0.013295195
TRAIN_00074,0.0023219432
TRAIN_00075,0.011873774
TRAIN_00076,0.0017271327
TRAIN_00077,0.003928583
TRAIN_00078,0.003442469
TRAIN_00079,0.0033245396
TRAIN_00080,0.050657358
TRAIN_00081,0.011043232
TRAIN_00082,0.0026723025
TRAIN_00083,0.0011356835
TRAIN_00084,0.016753227
TRAIN_00085,0.013155411
TRAIN_00086,0.024298998
TRAIN_00087,0.04710601
TRAIN_00088,0.005199164
TRAIN_00089,0.01001578
TRAIN_00090,0.0018286885
TRAIN_00091,0.0023233693
TRAIN_00092,0.0020103215
TRAIN_00093,0.0026900857
TRAIN_00094,0.017752858
TRAIN_00095,0.031529307
TRAIN_00096,0.0037166923
TRAIN_00097,0.009338765
TRAIN_00098,0.0063499073
TRAIN_00099,0.0007068646
TRAIN_00100,0.001797865
TRAIN_00101,0.010971117
TRAIN_00102,0.016180942
TRAIN_00103,0.005969645
TRAIN_00104,0.00486581
TRAIN_00105,0.0013728373
TRAIN_00106,0.0053657326
TRAIN_00107,0.005148265
TRAIN_00108,0.0029320933
TRAIN_00109,0.0036248986
TRAIN_00110,0.01161367
TRAIN_00111,0.0044020927
TRAIN_00112,0.0023101177
TRAIN_00113,0.0026472246
TRAIN_00114,0.011219609
TRAIN_00115,0.0076907193
TRAIN_00116,0.0025698247
TRAIN_00117,0.012692149
TRAIN_00118,0.010128314
TRAIN_00119,0.019351188
TRAIN_00120,0.011643521
TRAIN_00121,0.0112803485
TRAIN_00122,0.0067758965
TRAIN_00123,0.0044322824
TRAIN_00124,0.0038495
TRAIN_00125,0.007872107
TRAIN_00126,0.002753726
TRAIN_00127,0.009157224
TRAIN_00128,0.0046261325
TRAIN_00129,0.047175094
TRAIN_00130,0.017519146
TRAIN_00131,0.016440362
TRAIN_00132,0.002130587
TRAIN_00133,0.0015112794
TRAIN_00134,0.009875051
TRAIN_00135,0.0053661363
TRAIN_00136,0.0058124554
TRAIN_00137,0.00398627
TRAIN_00138,0.002985119
TRAIN_00139,0.0075182645
TRAIN_00140,0.01753943
TRAIN_00141,0.01626473
TRAIN_00142,0.011984446
TRAIN_00143,0.0068137352
TRAIN_00144,0.0070443787
TRAIN_00145,0.00463204
TRAIN_00146,0.0039422098
TRAIN_00147,0.0020147283
TRAIN_00148,0.0037206158
TRAIN_00149,0.008232819
TRAIN_00150,0.006504713
TRAIN_00151,0.009639378
TRAIN_00152,0.0047003133
TRAIN_00153,0.002838737
TRAIN_00154,0.00725167
TRAIN_00155,0.0035462505
TRAIN_00156,0.011474218
TRAIN_00157,0.011725742
TRAIN_00158,0.0014179054
TRAIN_00159,0.046957694
TRAIN_00160,0.0015064008
TRAIN_00161,0.010314979
TRAIN_00162,0.010534573
TRAIN_00163,0.008216209
TRAIN_00164,0.008340235
TRAIN_00165,0.080999956
TRAIN_00166,0.028287124
TRAIN_00167,0.025202524
TRAIN_00168,0.012576452
TRAIN_00169,0.0061161118
TRAIN_00170,0.030000402
TRAIN_00171,0.007009218
TRAIN_00172,0.009620981
TRAIN_00173,0.0025695425
TRAIN_00174,0.003902177
TRAIN_00175,0.00796737
TRAIN_00176,0.042418867
TRAIN_00177,0.0018236917
TRAIN_00178,0.003989297
TRAIN_00179,0.024969894
TRAIN_00180,0.012001081
TRAIN_00181,0.004068574
TRAIN_00182,0.009727608
TRAIN_00183,0.013282464
TRAIN_00184,0.01221502
TRAIN_00185,0.035976667
TRAIN_00186,0.013160105
TRAIN_00187,0.0031792647
TRAIN_00188,0.008191838
TRAIN_00189,0.018380614
TRAIN_00190,0.01333615
TRAIN_00191,0.009920587
TRAIN_00192,0.0158801
TRAIN_00193,0.07970781
TRAIN_00194,0.0049446854
TRAIN_00195,0.0038133466
TRAIN_00196,0.005719506
TRAIN_00197,0.004809353
TRAIN_00198,0.010790787
TRAIN_00199,0.012543391
TRAIN_00200,0.019151371
TRAIN_00201,0.010734926
TRAIN_00202,0.0072676362
TRAIN_00203,0.011869209
TRAIN_00204,0.002651962
TRAIN_00205,0.10191393
TRAIN_00206,0.0070771556
TRAIN_00207,0.012401703
TRAIN_00208,0.0107556805
TRAIN_00209,0.011780121
TRAIN_00210,0.0024267132
TRAIN_00211,0.011592708
TRAIN_00212,0.0014006405
TRAIN_00213,0.0067442763
TRAIN_00214,0.01297218
TRAIN_00215,0.0049792025
TRAIN_00216,0.02252904
TRAIN_00217,0.005215964
TRAIN_00218,0.009297381
TRAIN_00219,0.004223357
TRAIN_00220,0.012717219
TRAIN_00221,0.034738254
TRAIN_00222,0.013050735
TRAIN_00223,0.0025202972
TRAIN_00224,0.0073885177
TRAIN_00225,0.014102165
TRAIN_00226,0.002551815
TRAIN_00227,0.024643993
TRAIN_00228,0.03843056
TRAIN_00229,0.009233404
TRAIN_00230,0.010167942
TRAIN_00231,0.0038070346
TRAIN_00232,0.029622085
TRAIN_00233,0.009241701
TRAIN_00234,0.0013831372
TRAIN_00235,0.0049957633
TRAIN_00236,0.0079692695
TRAIN_00237,0.011009524
TRAIN_00238,0.007720407
TRAIN_00239,0.011747091
TRAIN_00240,0.0020025852
TRAIN_00241,0.021864615
TRAIN_00242,0.036856502
TRAIN_00243,0.003312849
TRAIN_00244,0.008121663
TRAIN_00245,0.0026090778
TRAIN_00246,0.01298506
TRAIN_00247,0.075592816
TRAIN_00248,0.012913383
TRAIN_00249,0.007413094
TRAIN_00250,0.0039328276
TRAIN_00251,0.008263356
TRAIN_00252,0.004076912
TRAIN_00253,0.007391651
TRAIN_00254,0.0039664707
TRAIN_00255,0.028102662
TRAIN_00256,0.0028341883
TRAIN_00257,0.012997686
TRAIN_00258,0.022075688
TRAIN_00259,0.0046888334
TRAIN_00260,0.07939524
TRAIN_00261,0.007670151
TRAIN_00262,0.008991023
TRAIN_00263,0.010925103
TRAIN_00264,0.05375454
TRAIN_00265,0.0007313414
TRAIN_00266,0.010533365
TRAIN_00267,0.011983002
TRAIN_00268,0.0065963776
TRAIN_00269,0.00787161
TRAIN_00270,0.00877737
TRAIN_00271,0.026215544
TRAIN_00272,0.022554554
TRAIN_00273,0.0073829335
TRAIN_00274,0.012620573
TRAIN_00275,0.0014631788
TRAIN_00276,0.0058299685
TRAIN_00277,0.0028794312
TRAIN_00278,0.01133319
TRAIN_00279,0.006989549
TRAIN_00280,0.0027509432
TRAIN_00281,0.00824509
TRAIN_00282,0.010835409
TRAIN_00283,0.0048362655
TRAIN_00284,0.037684806
TRAIN_00285,0.0081714615
TRAIN_00286,0.0039111474
TRAIN_00287,0.003022508
TRAIN_00288,0.023444168
TRAIN_00289,0.023549136
TRAIN_00290,0.017742163
TRAIN_00291,0.0027529488
TRAIN_00292,0.02348695
TRAIN_00293,0.0032366868
TRAIN_00294,0.059061423
TRAIN_00295,0.008223255
TRAIN_00296,0.0015767447
TRAIN_00297,0.004113067
TRAIN_00298,0.011820051
TRAIN_00299,0.022283705
TRAIN_00300,0.0014532028
TRAIN_00301,0.019565623
TRAIN_00302,0.01301887
TRAIN_00303,0.0014894059
TRAIN_00304,0.0059288056
TRAIN_00305,0.0017737958
TRAIN_00306,0.015757084
TRAIN_00307,0.009695549
TRAIN_00308,0.014433758
TRAIN_00309,0.010337364
TRAIN_00310,0.003452924
TRAIN_00311,0.002517082
TRAIN_00312,0.008780475
TRAIN_00313,0.003978583
TRAIN_00314,0.041932914
TRAIN_00315,0.015030615
TRAIN_00316,0.01836718
TRAIN_00317,0.009127923
TRAIN_00318,0.0020465236
TRAIN_00319,0.0031293142
TRAIN_00320,0.054317415
TRAIN_00321,0.006470913
TRAIN_00322,0.006274225
TRAIN_00323,0.0025351576
TRAIN_00324,0.008364583
TRAIN_00325,0.007366927
TRAIN_00326,0.004182964
TRAIN_00327,0.03182863
TRAIN_00328,0.004603518
TRAIN_00329,0.031388793
TRAIN_00330,0.00988581
TRAIN_00331,0.0027796112
TRAIN_00332,0.0033516176
TRAIN_00333,0.0020987056
TRAIN_00334,0.018940523
TRAIN_00335,0.014466894
TRAIN_00336,0.002487009
TRAIN_00337,0.013244826
TRAIN_00338,0.014543303
TRAIN_00339,0.0140469335
TRAIN_00340,0.0024330642
TRAIN_00341,0.0014393979
TRAIN_00342,0.017238803
TRAIN_00343,0.005211282
TRAIN_00344,0.013709237
TRAIN_00345,0.004399878
TRAIN_00346,0.012913982
TRAIN_00347,0.003741307
TRAIN_00348,0.019881625
TRAIN_00349,0.013740247
TRAIN_00350,0.011707583
TRAIN_00351,0.07139044
TRAIN_00352,0.014654436
TRAIN_00353,0.004924331
TRAIN_00354,0.0038684993
TRAIN_00355,0.01205821
TRAIN_00356,0.004310821
TRAIN_00357,0.044071477
TRAIN_00358,0.06448316
TRAIN_00359,0.0059859036
TRAIN_00360,0.013516398
TRAIN_00361,0.019612418
TRAIN_00362,0.0077929567
TRAIN_00363,0.013504511
TRAIN_00364,0.015107431
TRAIN_00365,0.0047747144
TRAIN_00366,0.014339974
TRAIN_00367,0.012361503
TRAIN_00368,0.0034925973
TRAIN_00369,0.072724886
TRAIN_00370,0.015584625
TRAIN_00371,0.0058960333
TRAIN_00372,0.00046558966
TRAIN_00373,0.0019322288
TRAIN_00374,0.011872275
TRAIN_00375,0.0017568001
TRAIN_00376,0.0049336995
TRAIN_00377,0.012934645
TRAIN_00378,0.009466285
TRAIN_00379,0.014004397
TRAIN_00380,0.006894739
TRAIN_00381,0.0039781085
TRAIN_00382,0.02017251
TRAIN_00383,0.00697273
TRAIN_00384,0.014231598
TRAIN_00385,0.0034423098
TRAIN_00386,0.0126867425
TRAIN_00387,0.0022547622
TRAIN_00388,0.016554678
TRAIN_00389,0.0016588765
TRAIN_00390,0.007755788
TRAIN_00391,0.0017334381
TRAIN_00392,0.003993251
TRAIN_00393,0.08735266
TRAIN_00394,0.010727337
TRAIN_00395,0.008916596
TRAIN_00396,0.011268463
TRAIN_00397,0.015948405
TRAIN_00398,0.0031957834
TRAIN_00399,0.0022172804
TRAIN_00400,0.0062795575
TRAIN_00401,0.0078402655
TRAIN_00402,0.0034114458
TRAIN_00403,0.012552268
TRAIN_00404,0.0035053007
TRAIN_00405,0.0064160055
TRAIN_00406,0.011454225
TRAIN_00407,0.014253167
TRAIN_00408,0.006940539
TRAIN_00409,0.004743063
TRAIN_00410,0.08453505
TRAIN_00411,0.010858054
TRAIN_00412,0.0074382527
TRAIN_00413,0.049009163
TRAIN_00414,0.018534731
TRAIN_00415,0.016748099
TRAIN_00416,0.0053333286
TRAIN_00417,0.0067068506
TRAIN_00418,0.0045319083
TRAIN_00419,0.09826865
TRAIN_00420,0.0070987325
TRAIN_00421,0.01098588
TRAIN_00422,0.001118214
TRAIN_00423,0.020078776
TRAIN_00424,0.005811657
TRAIN_00425,0.0027333624
TRAIN_00426,0.013891395
TRAIN_00427,0.003408127
TRAIN_00428,0.0037918054
TRAIN_00429,0.013002135
TRAIN_00430,0.008164232
TRAIN_00431,0.003826381
TRAIN_00432,0.012640801
TRAIN_00433,0.012631531
TRAIN_00434,0.015669044
TRAIN_00435,0.039197296
TRAIN_00436,0.0030513129
TRAIN_00437,0.005832731
TRAIN_00438,0.005004682
TRAIN_00439,0.01082816
TRAIN_00440,0.006884775
TRAIN_00441,0.0057187625
TRAIN_00442,0.0061411373
TRAIN_00443,0.004014112
TRAIN_00444,0.0021287878
TRAIN_00445,0.010202998
TRAIN_00446,0.0076169088
TRAIN_00447,0.005756055
TRAIN_00448,0.014207719
TRAIN_00449,0.00039117134
TRAIN_00450,0.010503656
TRAIN_00451,0.0051042913
TRAIN_00452,0.0011729884
TRAIN_00453,0.0029266076
TRAIN_00454,0.0062280423
TRAIN_00455,0.0073779416
TRAIN_00456,0.03804669
TRAIN_00457,0.0076135797
TRAIN_00458,0.012265689
TRAIN_00459,0.009506476
TRAIN_00460,0.012147071
TRAIN_00461,0.016042436
TRAIN_00462,0.0027236706
TRAIN_00463,0.010016747
TRAIN_00464,0.017603101
TRAIN_00465,0.0034299344
TRAIN_00466,0.006620288
TRAIN_00467,0.005611755
TRAIN_00468,0.0015243375
TRAIN_00469,0.010867181
TRAIN_00470,0.0064668576
TRAIN_00471,0.023802947
TRAIN_00472,0.011332469
TRAIN_00473,0.0011326423
TRAIN_00474,0.016785454
TRAIN_00475,0.014274703
TRAIN_00476,0.024515225
TRAIN_00477,0.007941265
TRAIN_00478,0.0077319243
TRAIN_00479,0.0133889895
TRAIN_00480,0.011884298
TRAIN_00481,0.0047769533
TRAIN_00482,0.011008508
TRAIN_00483,0.004607876
TRAIN_00484,0.003350756
TRAIN_00485,0.009235696
TRAIN_00486,0.07835984
TRAIN_00487,0.0078171035
TRAIN_00488,0.009266482
TRAIN_00489,0.009743336
TRAIN_00490,0.010728754
TRAIN_00491,0.003566695
TRAIN_00492,0.012936674
TRAIN_00493,0.006005109
TRAIN_00494,0.010671447
TRAIN_00495,0.0057776063
TRAIN_00496,0.0024559926
TRAIN_00497,0.0097338455
TRAIN_00498,0.012083793
TRAIN_00499,0.0019344139
TRAIN_00500,0.004383194
TRAIN_00501,0.014476536
TRAIN_00502,0.013355265
TRAIN_00503,0.012580865
TRAIN_00504,0.0076805777
TRAIN_00505,0.0032497505
TRAIN_00506,0.008353209
TRAIN_00507,0.0012377704
TRAIN_00508,0.008534408
TRAIN_00509,0.0057543637
TRAIN_00510,0.016204339
TRAIN_00511,0.0013781711
TRAIN_00512,0.005253105
TRAIN_00513,0.004331052
TRAIN_00514,0.006124944
TRAIN_00515,0.007013763
TRAIN_00516,0.013507354
TRAIN_00517,0.003429992
TRAIN_00518,0.0023345714
TRAIN_00519,0.0042755036
TRAIN_00520,0.0041812505
TRAIN_00521,0.030737324
TRAIN_00522,0.008570013
TRAIN_00523,0.007623276
TRAIN_00524,0.032679297
TRAIN_00525,0.023766646
TRAIN_00526,0.0030079284
TRAIN_00527,0.0029737854
TRAIN_00528,0.112762496
TRAIN_00529,0.00090119767
TRAIN_00530,0.11384155
TRAIN_00531,0.0039740023
TRAIN_00532,0.021810558
TRAIN_00533,0.010968795
TRAIN_00534,0.0077825924
TRAIN_00535,0.015950013
TRAIN_00536,0.01249092
TRAIN_00537,0.0053472086
TRAIN_00538,0.0058951434
TRAIN_00539,0.007766453
TRAIN_00540,0.018921854
TRAIN_00541,0.019692995
TRAIN_00542,0.0066057895
TRAIN_00543,0.006543574
TRAIN_00544,0.09069506
TRAIN_00545,0.0065444154
TRAIN_00546,0.008989716
TRAIN_00547,0.004244912
TRAIN_00548,0.0062021995
TRAIN_00549,0.019739224
TRAIN_00550,0.01174548
TRAIN_00551,0.0019907625
TRAIN_00552,0.045114644
TRAIN_00553,0.012219243
TRAIN_00554,0.003368841
TRAIN_00555,0.004509666
TRAIN_00556,0.046421338
TRAIN_00557,0.008555717
TRAIN_00558,0.008097402
TRAIN_00559,0.008919558
TRAIN_00560,0.026506739
TRAIN_00561,0.023731317
TRAIN_00562,0.011974427
TRAIN_00563,0.012616741
TRAIN_00564,0.0051189354
TRAIN_00565,0.0039660805
TRAIN_00566,0.0073085525
TRAIN_00567,0.0030736746
TRAIN_00568,0.0029100708
TRAIN_00569,0.0022176756
TRAIN_00570,0.012838312
TRAIN_00571,0.0020309607
TRAIN_00572,0.0019394186
TRAIN_00573,0.009904727
TRAIN_00574,0.008487105
TRAIN_00575,0.0222618
TRAIN_00576,0.007741594
TRAIN_00577,0.00867155
TRAIN_00578,0.0020799644
TRAIN_00579,0.005410614
TRAIN_00580,0.008427154
TRAIN_00581,0.009383671
TRAIN_00582,0.012779732
TRAIN_00583,0.019521698
TRAIN_00584,0.0044126282
TRAIN_00585,0.00254021
TRAIN_00586,0.017249312
TRAIN_00587,0.0085718045
TRAIN_00588,0.0013211742
TRAIN_00589,0.04022476
TRAIN_00590,0.09634048
TRAIN_00591,0.086042225
TRAIN_00592,0.0025875652
TRAIN_00593,0.013683736
TRAIN_00594,0.00336694
TRAIN_00595,0.00831603
TRAIN_00596,0.010996022
TRAIN_00597,0.0076543875
TRAIN_00598,0.0025864565
TRAIN_00599,0.003990156
TRAIN_00600,0.051526226
TRAIN_00601,0.009371374
TRAIN_00602,0.005587765
TRAIN_00603,0.043136213
TRAIN_00604,0.030028375
TRAIN_00605,0.011316309
TRAIN_00606,0.011032336
TRAIN_00607,0.012766454
TRAIN_00608,0.001341462
TRAIN_00609,0.011511734
TRAIN_00610,0.0015737013
TRAIN_00611,0.009587287
TRAIN_00612,0.009902259
TRAIN_00613,0.011718562
TRAIN_00614,0.012468679
TRAIN_00615,0.022985527
TRAIN_00616,0.029635087
TRAIN_00617,0.02480897
TRAIN_00618,0.020550014
TRAIN_00619,0.0051629203
TRAIN_00620,0.009647774
TRAIN_00621,0.004914888
TRAIN_00622,0.0014090256
TRAIN_00623,0.013295276
TRAIN_00624,0.009014479
TRAIN_00625,0.05735885
TRAIN_00626,0.004710216
TRAIN_00627,0.009735252
TRAIN_00628,0.005403043
TRAIN_00629,0.0054100864
TRAIN_00630,0.007292575
TRAIN_00631,0.011621487
TRAIN_00632,0.019007038
TRAIN_00633,0.0038702395
TRAIN_00634,0.004207533
TRAIN_00635,0.04330241
TRAIN_00636,0.007774713
TRAIN_00637,0.004733428
TRAIN_00638,0.0075557022
TRAIN_00639,0.09328799
TRAIN_00640,0.0045058555
TRAIN_00641,0.014678685
TRAIN_00642,0.004226148
TRAIN_00643,0.0021509198
TRAIN_00644,0.12932009
TRAIN_00645,0.010940551
TRAIN_00646,0.007559883
TRAIN_00647,0.03403361
TRAIN_00648,0.037442576
TRAIN_00649,0.0046650213
TRAIN_00650,0.014627344
TRAIN_00651,0.013149951
TRAIN_00652,0.0027961165
TRAIN_00653,0.0063794632
TRAIN_00654,0.0033797256
TRAIN_00655,0.00446175
TRAIN_00656,0.006718321
TRAIN_00657,0.007993878
TRAIN_00658,0.01750974
TRAIN_00659,0.01255081
TRAIN_00660,0.011602652
TRAIN_00661,0.010918369
TRAIN_00662,0.013614776
TRAIN_00663,0.005735763
TRAIN_00664,0.0045990027
TRAIN_00665,0.0045203804
TRAIN_00666,0.0064438
TRAIN_00667,0.015988583
TRAIN_00668,0.0172505
TRAIN_00669,0.008215684
TRAIN_00670,0.0017401582
TRAIN_00671,0.0056371386
TRAIN_00672,0.0017140831
TRAIN_00673,0.015510932
TRAIN_00674,0.003207846
TRAIN_00675,0.010881453
TRAIN_00676,0.003132957
TRAIN_00677,0.0043374114
TRAIN_00678,0.0030206311
TRAIN_00679,0.011274891
TRAIN_00680,0.013351278
TRAIN_00681,0.010484725
TRAIN_00682,0.015949065
TRAIN_00683,0.006528196
TRAIN_00684,0.0043013333
TRAIN_00685,0.007507172
TRAIN_00686,0.004434628
TRAIN_00687,0.033427406
TRAIN_00688,0.006555795
TRAIN_00689,0.001358349
TRAIN_00690,0.006216634
TRAIN_00691,0.01245774
TRAIN_00692,0.01078707
TRAIN_00693,0.017693881
TRAIN_00694,0.017409585
TRAIN_00695,0.0766885
TRAIN_00696,0.007229522
TRAIN_00697,0.0032212168
TRAIN_00698,0.012753961
TRAIN_00699,0.009232163
TRAIN_00700,0.10250692
TRAIN_00701,0.0005758546
TRAIN_00702,0.005265457
TRAIN_00703,0.008042792
TRAIN_00704,0.013684596
TRAIN_00705,0.013106746
TRAIN_00706,0.0016071341
TRAIN_00707,0.009854938
TRAIN_00708,0.016632162
TRAIN_00709,0.0029131642
TRAIN_00710,0.0096259145
TRAIN_00711,0.009178769
TRAIN_00712,0.0043852464
TRAIN_00713,0.038208835
TRAIN_00714,0.02328033
TRAIN_00715,0.055469997
TRAIN_00716,0.008113225
TRAIN_00717,0.026169261
TRAIN_00718,0.0070281383
TRAIN_00719,0.004329661
TRAIN_00720,0.007550692
TRAIN_00721,0.008406835
TRAIN_00722,0.005202934
TRAIN_00723,0.012884102
TRAIN_00724,0.031229548
TRAIN_00725,0.0066477368
TRAIN_00726,0.035680674
TRAIN_00727,0.042981334
TRAIN_00728,0.030227505
TRAIN_00729,0.019308887
TRAIN_00730,0.012999966
TRAIN_00731,0.0044645304
TRAIN_00732,0.0057389922
TRAIN_00733,0.0063423184
TRAIN_00734,0.009195608
TRAIN_00735,0.008197853
TRAIN_00736,0.032547142
TRAIN_00737,0.0021609757
TRAIN_00738,0.032057602
TRAIN_00739,0.008481927
TRAIN_00740,0.0017858531
TRAIN_00741,0.008192847
TRAIN_00742,0.018400215
TRAIN_00743,0.021148263
TRAIN_00744,0.017331772
TRAIN_00745,0.0018905638
TRAIN_00746,0.004445018
TRAIN_00747,0.008922147
TRAIN_00748,0.10041942
TRAIN_00749,0.008441552
TRAIN_00750,0.0054871845
TRAIN_00751,0.023718797
TRAIN_00752,0.00046010397
TRAIN_00753,0.008935114
TRAIN_00754,0.010044468
TRAIN_00755,0.009780774
TRAIN_00756,0.011494765
TRAIN_00757,0.011282479
TRAIN_00758,0.0034450819
TRAIN_00759,0.01258926
TRAIN_00760,0.0051466487
TRAIN_00761,0.03907245
TRAIN_00762,0.009002726
TRAIN_00763,0.0106535535
TRAIN_00764,0.009999288
TRAIN_00765,0.019609394
TRAIN_00766,0.007648309
TRAIN_00767,0.0028431574
TRAIN_00768,0.022815807
TRAIN_00769,0.056941494
TRAIN_00770,0.0007773762
TRAIN_00771,0.0041103885
TRAIN_00772,0.0065344404
TRAIN_00773,0.005550342
TRAIN_00774,0.011455174
TRAIN_00775,0.006455662
TRAIN_00776,0.021217005
TRAIN_00777,0.0034063624
TRAIN_00778,0.019393774
TRAIN_00779,0.0043183872
TRAIN_00780,0.009789269
TRAIN_00781,0.007526436
TRAIN_00782,0.0021342237
TRAIN_00783,0.011954747
TRAIN_00784,0.01987825
TRAIN_00785,0.0026101528
TRAIN_00786,0.005985799
TRAIN_00787,0.013549919
TRAIN_00788,0.009419406
TRAIN_00789,0.013811473
TRAIN_00790,0.0071957833
TRAIN_00791,0.008822424
TRAIN_00792,0.010532646
TRAIN_00793,0.027494598
TRAIN_00794,0.010324276
TRAIN_00795,0.011570177
TRAIN_00796,0.0017200479
TRAIN_00797,0.020972172
TRAIN_00798,0.0011384194
TRAIN_00799,0.0034059014
TRAIN_00800,0.003672739
TRAIN_00801,0.027781906
TRAIN_00802,0.018591983
TRAIN_00803,0.0070778434
TRAIN_00804,0.004640799
TRAIN_00805,0.005113309
TRAIN_00806,0.005223361
TRAIN_00807,0.004745876
TRAIN_00808,0.0052620936
TRAIN_00809,0.0016783251
TRAIN_00810,0.013525689
TRAIN_00811,0.0037334953
TRAIN_00812,0.0011548725
TRAIN_00813,0.004702501
TRAIN_00814,0.007507799
TRAIN_00815,0.037508525
TRAIN_00816,0.059710294
TRAIN_00817,0.0018948775
TRAIN_00818,0.0041268
TRAIN_00819,0.007542726
TRAIN_00820,0.034312014
TRAIN_00821,0.01633248
TRAIN_00822,0.05357867
TRAIN_00823,0.0554799
TRAIN_00824,0.0049000345
TRAIN_00825,0.005792846
TRAIN_00826,0.010157877
TRAIN_00827,0.009885184
TRAIN_00828,0.0057204375
TRAIN_00829,0.0065012765
TRAIN_00830,0.016913252
TRAIN_00831,0.03610553
TRAIN_00832,0.007322139
TRAIN_00833,0.0039283023
TRAIN_00834,0.003981301
TRAIN_00835,0.0029405241
TRAIN_00836,0.009595641
TRAIN_00837,0.0034687417
TRAIN_00838,0.008718413
TRAIN_00839,0.0042359983
TRAIN_00840,0.019325625
TRAIN_00841,0.023633944
TRAIN_00842,0.01087121
TRAIN_00843,0.0034349076
TRAIN_00844,0.008305525
TRAIN_00845,0.0037629695
TRAIN_00846,0.009867906
TRAIN_00847,0.002681699
TRAIN_00848,0.011289683
TRAIN_00849,0.019114783
TRAIN_00850,0.011112726
TRAIN_00851,0.008041162
TRAIN_00852,0.011707492
TRAIN_00853,0.00418135
TRAIN_00854,0.01086664
TRAIN_00855,0.003113443
TRAIN_00856,0.0053716963
TRAIN_00857,0.0035288706
TRAIN_00858,0.0055763335
TRAIN_00859,0.027959878
TRAIN_00860,0.0032642954
TRAIN_00861,0.010635347
TRAIN_00862,0.008682096
TRAIN_00863,0.00835392
TRAIN_00864,0.007887943
TRAIN_00865,0.00845323
TRAIN_00866,0.001726246
TRAIN_00867,0.01031466
TRAIN_00868,0.0016217734
TRAIN_00869,0.010860451
TRAIN_00870,0.0016958477
TRAIN_00871,0.0040502204
TRAIN_00872,0.0020706279
TRAIN_00873,0.007867489
TRAIN_00874,0.011451508
TRAIN_00875,0.009692457
TRAIN_00876,0.038219426
TRAIN_00877,0.012673532
TRAIN_00878,0.006590137
TRAIN_00879,0.00395898
TRAIN_00880,0.008564127
TRAIN_00881,0.028843539
TRAIN_00882,0.037668455
TRAIN_00883,0.009077502
TRAIN_00884,0.008713068
TRAIN_00885,0.0031639314
TRAIN_00886,0.0074599227
TRAIN_00887,0.032638106
TRAIN_00888,0.008315182
TRAIN_00889,0.0022100718
TRAIN_00890,0.0037893448
TRAIN_00891,0.0026553913
TRAIN_00892,0.06222775
TRAIN_00893,0.0034520142
TRAIN_00894,0.05824863
TRAIN_00895,0.030608138
TRAIN_00896,0.008390427
TRAIN_00897,0.0031868264
TRAIN_00898,0.0075549795
TRAIN_00899,0.012499914
TRAIN_00900,0.008194657
TRAIN_00901,0.00043992788
TRAIN_00902,0.008439719
TRAIN_00903,0.015207852
TRAIN_00904,0.02689601
TRAIN_00905,0.011039396
TRAIN_00906,0.008277207
TRAIN_00907,0.013244545
TRAIN_00908,0.017885733
TRAIN_00909,0.010210196
TRAIN_00910,0.036525626
TRAIN_00911,0.0067605292
TRAIN_00912,0.012176666
TRAIN_00913,0.0076890076
TRAIN_00914,0.00711547
TRAIN_00915,0.009956787
TRAIN_00916,0.0057215183
TRAIN_00917,0.013146354
TRAIN_00918,0.011290387
TRAIN_00919,0.0065459767
TRAIN_00920,0.010441933
TRAIN_00921,0.010515896
TRAIN_00922,0.014398834
TRAIN_00923,0.0057024914
TRAIN_00924,0.03850383
TRAIN_00925,0.011964986
TRAIN_00926,0.005062537
TRAIN_00927,0.007150967
TRAIN_00928,0.0055682515
TRAIN_00929,0.0050647445
TRAIN_00930,0.010403952
TRAIN_00931,0.04112104
TRAIN_00932,0.005108608
TRAIN_00933,0.0048804427
TRAIN_00934,0.014985311
TRAIN_00935,0.0017189422
TRAIN_00936,0.0351439
TRAIN_00937,0.009042212
TRAIN_00938,0.0072397315
TRAIN_00939,0.009055827
TRAIN_00940,0.011017725
TRAIN_00941,0.01410991
TRAIN_00942,0.01081588
TRAIN_00943,0.009992626
TRAIN_00944,0.010449081
TRAIN_00945,0.004021308
TRAIN_00946,0.017761715
TRAIN_00947,0.0017378862
TRAIN_00948,0.0028673369
TRAIN_00949,0.005740966
TRAIN_00950,0.005012487
TRAIN_00951,0.0098275235
TRAIN_00952,0.005097299
TRAIN_00953,0.029097516
TRAIN_00954,0.013582674
TRAIN_00955,0.0046973443
TRAIN_00956,0.009880697
TRAIN_00957,0.013389799
TRAIN_00958,0.0059758355
TRAIN_00959,0.1072616
TRAIN_00960,0.008329851
TRAIN_00961,0.015349013
TRAIN_00962,0.019891063
TRAIN_00963,0.009285937
TRAIN_00964,0.008247643
TRAIN_00965,0.0048076496
TRAIN_00966,0.0050467327
TRAIN_00967,0.01100053
TRAIN_00968,0.05394478
TRAIN_00969,0.003296091
TRAIN_00970,0.0044158217
TRAIN_00971,0.011642687
TRAIN_00972,0.0047551347
TRAIN_00973,0.01116298
TRAIN_00974,0.004478664
TRAIN_00975,0.016157238
TRAIN_00976,0.0010200132
TRAIN_00977,0.0026994692
TRAIN_00978,0.05591028
TRAIN_00979,0.0006852196
TRAIN_00980,0.0115425335
TRAIN_00981,0.024131352
TRAIN_00982,0.004848435
TRAIN_00983,0.006251712
TRAIN_00984,0.001027005
TRAIN_00985,0.0016412995
TRAIN_00986,0.026546687
TRAIN_00987,0.0053956076
TRAIN_00988,0.007036962
TRAIN_00989,0.0055258838
TRAIN_00990,0.022092262
TRAIN_00991,0.044356566
TRAIN_00992,0.018073797
TRAIN_00993,0.0049160006
TRAIN_00994,0.027611746
TRAIN_00995,0.013767092
TRAIN_00996,0.0050771367
TRAIN_00997,0.007080887
TRAIN_00998,0.0030114953
TRAIN_00999,0.029599015
TRAIN_01000,0.013137356
TRAIN_01001,0.0082441075
TRAIN_01002,0.005690707
TRAIN_01003,0.0061380607
TRAIN_01004,0.0028474329
TRAIN_01005,0.027679875
TRAIN_01006,0.0033156462
TRAIN_01007,0.009053939
TRAIN_01008,0.006658815
TRAIN_01009,0.007881513
TRAIN_01010,0.02695373
TRAIN_01011,0.006730305
TRAIN_01012,0.02427207
TRAIN_01013,0.008187584
TRAIN_01014,0.007560659
TRAIN_01015,0.014252737
TRAIN_01016,0.01765311
TRAIN_01017,0.0021653266
TRAIN_01018,0.010527498
TRAIN_01019,0.006747614
TRAIN_01020,0.03241954
TRAIN_01021,0.0010469613
TRAIN_01022,0.0064201886
TRAIN_01023,0.018686373
TRAIN_01024,0.013972778
TRAIN_01025,0.009085903
TRAIN_01026,0.003484737
TRAIN_01027,0.0013665968
TRAIN_01028,0.028412329
TRAIN_01029,0.012723877
TRAIN_01030,0.016433027
TRAIN_01031,0.013800596
TRAIN_01032,0.00021498009
TRAIN_01033,0.0042375326
TRAIN_01034,0.008019149
TRAIN_01035,0.00358432
TRAIN_01036,0.0047838264
TRAIN_01037,0.0037433344
TRAIN_01038,0.0116224075
TRAIN_01039,0.009756772
TRAIN_01040,0.01234692
TRAIN_01041,0.0065188156
TRAIN_01042,0.0040026656
TRAIN_01043,0.0076636523
TRAIN_01044,0.008146708
TRAIN_01045,0.0042905095
TRAIN_01046,0.05471146
TRAIN_01047,0.004629286
TRAIN_01048,0.009090851
TRAIN_01049,0.0059353225
TRAIN_01050,0.01847987
TRAIN_01051,0.0077221026
TRAIN_01052,0.013211642
TRAIN_01053,0.009374869
TRAIN_01054,0.009366338
TRAIN_01055,0.005875905
TRAIN_01056,0.012260717
TRAIN_01057,0.006680586
TRAIN_01058,0.009710962
TRAIN_01059,0.0042124623
TRAIN_01060,0.012693447
TRAIN_01061,0.012116693
TRAIN_01062,0.010345751
TRAIN_01063,0.01206617
TRAIN_01064,0.15265846
TRAIN_01065,0.010867879
TRAIN_01066,0.0030112625
TRAIN_01067,0.041863568
TRAIN_01068,0.050775398
TRAIN_01069,0.010970278
TRAIN_01070,0.004048683
TRAIN_01071,0.0016623267
TRAIN_01072,0.01633826
TRAIN_01073,0.00026544163
TRAIN_01074,0.0028822147
TRAIN_01075,0.014190492
TRAIN_01076,0.053522766
TRAIN_01077,0.013849318
TRAIN_01078,0.017110448
TRAIN_01079,0.010251037
TRAIN_01080,0.0016868787
TRAIN_01081,0.011091728
TRAIN_01082,0.006924753
TRAIN_01083,0.0040826183
TRAIN_01084,0.005543949
TRAIN_01085,0.001190975
TRAIN_01086,0.0050107185
TRAIN_01087,0.0016163684
TRAIN_01088,0.0064841667
TRAIN_01089,0.013849855
TRAIN_01090,0.0034400062
TRAIN_01091,0.021356722
TRAIN_01092,0.007131322
TRAIN_01093,0.003053614
TRAIN_01094,0.011336616
TRAIN_01095,0.0022953197
TRAIN_01096,0.0064553027
TRAIN_01097,0.0024474913
TRAIN_01098,0.0077386405
TRAIN_01099,0.008907837
TRAIN_01100,0.064436905
TRAIN_01101,0.011615909
TRAIN_01102,0.0109687755
TRAIN_01103,0.0013676849
TRAIN_01104,0.010137354
TRAIN_01105,0.016670562
TRAIN_01106,0.012528617
TRAIN_01107,0.00928979
TRAIN_01108,0.0016438153
TRAIN_01109,0.04775332
TRAIN_01110,0.005683388
TRAIN_01111,0.0013965153
TRAIN_01112,0.01074173
TRAIN_01113,0.009666345
TRAIN_01114,0.0036708848
TRAIN_01115,0.0036776194
TRAIN_01116,0.016513936
TRAIN_01117,0.010205966
TRAIN_01118,0.019229569
TRAIN_01119,0.0053674616
TRAIN_01120,0.0020391566
TRAIN_01121,0.010108842
TRAIN_01122,0.018395223
TRAIN_01123,0.0042643384
TRAIN_01124,0.0009432882
TRAIN_01125,0.0067396206
TRAIN_01126,0.04549726
TRAIN_01127,0.010967648
TRAIN_01128,0.01203537
TRAIN_01129,0.013834412
TRAIN_01130,0.0032815505
TRAIN_01131,0.00411062
TRAIN_01132,0.013463505
TRAIN_01133,0.0070773005
TRAIN_01134,0.0831338
TRAIN_01135,0.008633823
TRAIN_01136,0.0036732124
TRAIN_01137,0.0044627315
TRAIN_01138,0.021876287
TRAIN_01139,0.002733689
TRAIN_01140,0.0056920806
TRAIN_01141,0.0131277125
TRAIN_01142,0.07629922
TRAIN_01143,0.011526929
TRAIN_01144,0.0023103661
TRAIN_01145,0.0072557004
TRAIN_01146,0.012305239
TRAIN_01147,0.008483491
TRAIN_01148,0.005751878
TRAIN_01149,0.0049050674
TRAIN_01150,0.0019431964
TRAIN_01151,0.02669309
TRAIN_01152,0.0016319995
TRAIN_01153,0.007314776
TRAIN_01154,0.010532098
TRAIN_01155,0.002215958
TRAIN_01156,0.015200829
TRAIN_01157,0.0132946065
TRAIN_01158,0.0033804053
TRAIN_01159,0.01412193
TRAIN_01160,0.0038021114
TRAIN_01161,0.0064716754
TRAIN_01162,0.025853112
TRAIN_01163,0.023445519
TRAIN_01164,0.0019301748
TRAIN_01165,0.006326321
TRAIN_01166,0.049800992
TRAIN_01167,0.005999622
TRAIN_01168,0.018698402
TRAIN_01169,0.013311988
TRAIN_01170,0.0057124565
TRAIN_01171,0.0090230545
TRAIN_01172,0.01283475
TRAIN_01173,0.0060104383
TRAIN_01174,0.011758827
TRAIN_01175,0.000864
TRAIN_01176,0.0045568394
TRAIN_01177,0.012271743
TRAIN_01178,0.0022953728
TRAIN_01179,0.041652244
TRAIN_01180,0.01088109
TRAIN_01181,0.012699553
TRAIN_01182,0.0027318157
TRAIN_01183,0.009435081
TRAIN_01184,0.008818882
TRAIN_01185,0.0074236756
TRAIN_01186,0.0025403844
TRAIN_01187,0.0045242975
TRAIN_01188,0.006997461
TRAIN_01189,0.0028235791
TRAIN_01190,0.024873659
TRAIN_01191,0.0023715172
TRAIN_01192,0.0021988314
TRAIN_01193,0.010628344
TRAIN_01194,0.002437202
TRAIN_01195,0.014206909
TRAIN_01196,0.006076808
TRAIN_01197,0.009052948
TRAIN_01198,0.0041709132
TRAIN_01199,0.00493109
TRAIN_01200,0.012665937
TRAIN_01201,0.011545323
TRAIN_01202,0.007556287
TRAIN_01203,0.0027810014
TRAIN_01204,0.010585076
TRAIN_01205,0.06591975
TRAIN_01206,0.0015330521
TRAIN_01207,0.0077672987
TRAIN_01208,0.00090658333
TRAIN_01209,0.0047842995
TRAIN_01210,0.005841796
TRAIN_01211,0.0024855828
TRAIN_01212,0.006512906
TRAIN_01213,0.0048939763
TRAIN_01214,0.0043740678
TRAIN_01215,0.013806764
TRAIN_01216,0.007322491
TRAIN_01217,0.0043838494
TRAIN_01218,0.011454427
TRAIN_01219,0.0615877
TRAIN_01220,0.014251943
TRAIN_01221,0.010645292
TRAIN_01222,0.0024715755
TRAIN_01223,0.10395252
TRAIN_01224,0.0009999744
TRAIN_01225,0.0113643035
TRAIN_01226,0.0056090388
TRAIN_01227,0.00299383
TRAIN_01228,0.0019301435
TRAIN_01229,0.022753175
TRAIN_01230,0.009509033
TRAIN_01231,0.0026498765
TRAIN_01232,0.013427905
TRAIN_01233,0.0015604252
TRAIN_01234,0.0064630443
TRAIN_01235,0.0066929366
TRAIN_01236,0.010534986
TRAIN_01237,0.022897067
TRAIN_01238,0.007056536
TRAIN_01239,0.005187207
TRAIN_01240,0.012243021
TRAIN_01241,0.020803243
TRAIN_01242,0.017002981
TRAIN_01243,0.0011497984
TRAIN_01244,0.014646606
TRAIN_01245,0.0018109382
TRAIN_01246,0.0084930975
TRAIN_01247,0.008269309
TRAIN_01248,0.0052673235
TRAIN_01249,0.0026865762
TRAIN_01250,0.004121626
TRAIN_01251,0.0033610137
TRAIN_01252,0.006623104
TRAIN_01253,0.005008455
TRAIN_01254,0.012793728
TRAIN_01255,0.0025601818
TRAIN_01256,0.05398508
TRAIN_01257,0.008143513
TRAIN_01258,0.0064415294
TRAIN_01259,0.013007277
TRAIN_01260,0.072930984
TRAIN_01261,0.010920767
TRAIN_01262,0.012836152
TRAIN_01263,0.011861922
TRAIN_01264,0.014594722
TRAIN_01265,0.0029256581
TRAIN_01266,0.018611437
TRAIN_01267,0.005233794
TRAIN_01268,0.046423882
TRAIN_01269,0.004376339
TRAIN_01270,0.012283942
TRAIN_01271,0.0008473277
TRAIN_01272,0.014375279
TRAIN_01273,0.005448561
TRAIN_01274,0.007941386
TRAIN_01275,0.0054776813
TRAIN_01276,0.0008310558
TRAIN_01277,0.054605242
TRAIN_01278,0.0072481856
TRAIN_01279,0.01356535
TRAIN_01280,0.0008555312
TRAIN_01281,0.015164043
TRAIN_01282,0.0057028476
TRAIN_01283,0.0045890366
TRAIN_01284,0.014035263
TRAIN_01285,0.006079178
TRAIN_01286,0.011106049
TRAIN_01287,0.0124472445
TRAIN_01288,0.0028596085
TRAIN_01289,0.0051492485
TRAIN_01290,0.021691604
TRAIN_01291,0.005705891
TRAIN_01292,0.012944308
TRAIN_01293,0.0050829006
TRAIN_01294,0.0068721767
TRAIN_01295,0.057074834
TRAIN_01296,0.007405495
TRAIN_01297,0.016419424
TRAIN_01298,0.0034982178
TRAIN_01299,0.022524744
TRAIN_01300,0.013118178
TRAIN_01301,0.0054746806
TRAIN_01302,0.0009324982
TRAIN_01303,0.003972812
TRAIN_01304,0.002284059
TRAIN_01305,0.006586741
TRAIN_01306,0.002584136
TRAIN_01307,0.012798516
TRAIN_01308,0.01051231
TRAIN_01309,0.005098235
TRAIN_01310,0.005409218
TRAIN_01311,0.0034675363
TRAIN_01312,0.0045059826
TRAIN_01313,0.004223772
TRAIN_01314,0.008980519
TRAIN_01315,0.003413757
TRAIN_01316,0.09770383
TRAIN_01317,0.0034428833
TRAIN_01318,0.011938608
TRAIN_01319,0.0037589644
TRAIN_01320,0.0033488888
TRAIN_01321,0.01699399
TRAIN_01322,0.0048012533
TRAIN_01323,0.014185105
TRAIN_01324,0.002197755
TRAIN_01325,0.00775616
TRAIN_01326,0.013380485
TRAIN_01327,0.0061704926
TRAIN_01328,0.014026524
TRAIN_01329,0.006661549
TRAIN_01330,0.00027708526
TRAIN_01331,0.03162706
TRAIN_01332,0.011547219
TRAIN_01333,0.003447139
TRAIN_01334,0.008881379
TRAIN_01335,0.008514017
TRAIN_01336,0.04089462
TRAIN_01337,0.0013160503
TRAIN_01338,0.0116590755
TRAIN_01339,0.011810542
TRAIN_01340,0.009443058
TRAIN_01341,0.12156897
TRAIN_01342,0.0061057066
TRAIN_01343,0.0110686915
TRAIN_01344,0.030447073
TRAIN_01345,0.017635895
TRAIN_01346,0.0026088757
TRAIN_01347,0.0038365352
TRAIN_01348,0.008752349
TRAIN_01349,0.01591766
TRAIN_01350,0.006937834
TRAIN_01351,0.0060669743
TRAIN_01352,0.010016493
TRAIN_01353,0.013941963
TRAIN_01354,0.008808294
TRAIN_01355,0.01421071
TRAIN_01356,0.0044878367
TRAIN_01357,0.008502865
TRAIN_01358,0.0028567791
TRAIN_01359,0.0040505053
TRAIN_01360,0.009375684
TRAIN_01361,0.011704807
TRAIN_01362,0.010523053
TRAIN_01363,0.05726506
TRAIN_01364,0.014222748
TRAIN_01365,0.011812383
TRAIN_01366,0.0017186537
TRAIN_01367,0.008145107
TRAIN_01368,0.008878956
TRAIN_01369,0.0039525377
TRAIN_01370,0.005828604
TRAIN_01371,0.025250383
TRAIN_01372,0.012668164
TRAIN_01373,0.006094296
TRAIN_01374,0.012816428
TRAIN_01375,0.13664617
TRAIN_01376,0.012369783
TRAIN_01377,0.002411593
TRAIN_01378,0.011316766
TRAIN_01379,0.0018010949
TRAIN_01380,0.02593446
TRAIN_01381,0.007548619
TRAIN_01382,0.0112811
TRAIN_01383,0.008833009
TRAIN_01384,0.008924724
TRAIN_01385,0.0007925944
TRAIN_01386,0.007507879
TRAIN_01387,0.0042267973
TRAIN_01388,0.0036431646
TRAIN_01389,0.0081729805
TRAIN_01390,0.01696942
TRAIN_01391,0.0022501985
TRAIN_01392,0.004602922
TRAIN_01393,0.0036130757
TRAIN_01394,0.016420463
TRAIN_01395,0.0065051797
TRAIN_01396,0.0365366
TRAIN_01397,0.014549835
TRAIN_01398,0.008621123
TRAIN_01399,0.013687918
TRAIN_01400,0.11360384
TRAIN_01401,0.023694143
TRAIN_01402,0.0063115805
TRAIN_01403,0.009139652
TRAIN_01404,0.008590195
TRAIN_01405,0.004360602
TRAIN_01406,0.0023453825
TRAIN_01407,0.0143756
TRAIN_01408,0.003638642
TRAIN_01409,0.006378794
TRAIN_01410,0.0034727803
TRAIN_01411,0.011202419
TRAIN_01412,0.008826277
TRAIN_01413,0.00331988
TRAIN_01414,0.009624588
TRAIN_01415,0.010281118
TRAIN_01416,0.008460033
TRAIN_01417,0.012249148
TRAIN_01418,0.0038896503
TRAIN_01419,0.013164146
TRAIN_01420,0.011803177
TRAIN_01421,0.026122399
TRAIN_01422,0.0020648788
TRAIN_01423,0.005261513
TRAIN_01424,0.0027031563
TRAIN_01425,0.009349586
TRAIN_01426,0.0029618386
TRAIN_01427,0.01190932
TRAIN_01428,0.014201604
TRAIN_01429,0.076121084
TRAIN_01430,0.057772752
TRAIN_01431,0.01020988
TRAIN_01432,0.013579766
TRAIN_01433,0.0047490876
TRAIN_01434,0.008297481
TRAIN_01435,0.0015094675
TRAIN_01436,0.00747689
TRAIN_01437,0.029151365
TRAIN_01438,0.0067059635
TRAIN_01439,0.01704092
TRAIN_01440,0.0020367822
TRAIN_01441,0.022059154
TRAIN_01442,0.010229253
TRAIN_01443,0.013516603
TRAIN_01444,0.02220752
TRAIN_01445,0.065937206
TRAIN_01446,0.0059710694
TRAIN_01447,0.065702565
TRAIN_01448,0.0042761685
TRAIN_01449,0.010982782
TRAIN_01450,0.010814218
TRAIN_01451,0.0011479246
TRAIN_01452,0.0024748968
TRAIN_01453,0.022766238
TRAIN_01454,0.028409757
TRAIN_01455,0.0101408
TRAIN_01456,0.005657361
TRAIN_01457,0.0029223461
TRAIN_01458,0.0044882004
TRAIN_01459,0.004486417
TRAIN_01460,0.0057646264
TRAIN_01461,0.028208477
TRAIN_01462,0.012019705
TRAIN_01463,0.020645393
TRAIN_01464,0.013854861
TRAIN_01465,0.0029914908
TRAIN_01466,0.0066762576
TRAIN_01467,0.006058679
TRAIN_01468,0.0293842
TRAIN_01469,0.05267809
TRAIN_01470,0.017100515
TRAIN_01471,0.01101306
TRAIN_01472,0.002075725
TRAIN_01473,0.0024119753
TRAIN_01474,0.0016109254
TRAIN_01475,0.0085471915
TRAIN_01476,0.013948368
TRAIN_01477,0.0025272353
TRAIN_01478,0.017414894
TRAIN_01479,0.010775717
TRAIN_01480,0.011305998
TRAIN_01481,0.023920923
TRAIN_01482,0.002870034
TRAIN_01483,0.026102154
TRAIN_01484,0.0025266644
TRAIN_01485,0.061366543
TRAIN_01486,0.0015742034
TRAIN_01487,0.010796144
TRAIN_01488,0.011115743
TRAIN_01489,0.015116647
TRAIN_01490,0.0039769197
TRAIN_01491,0.020314556
TRAIN_01492,0.006645704
TRAIN_01493,0.0038469913
TRAIN_01494,0.0066513806
TRAIN_01495,0.0024345529
TRAIN_01496,0.015946453
TRAIN_01497,0.005364671
TRAIN_01498,0.0029137025
TRAIN_01499,0.0037617562
TRAIN_01500,0.07945779
TRAIN_01501,0.0052015763
TRAIN_01502,0.005178274
TRAIN_01503,0.0057306355
TRAIN_01504,0.0146130435
TRAIN_01505,0.007863805
TRAIN_01506,0.005163501
TRAIN_01507,0.0064325393
TRAIN_01508,0.02803154
TRAIN_01509,0.0076972125
TRAIN_01510,0.0024443534
TRAIN_01511,0.0034320487
TRAIN_01512,0.063323006
TRAIN_01513,0.004526761
TRAIN_01514,0.008627872
TRAIN_01515,0.005536828
TRAIN_01516,0.0054040197
TRAIN_01517,0.003403559
TRAIN_01518,0.0040058703
TRAIN_01519,0.020934826
TRAIN_01520,0.011035064
TRAIN_01521,0.023958823
TRAIN_01522,0.0024373436
TRAIN_01523,0.010232395
TRAIN_01524,0.0038670662
TRAIN_01525,0.052339
TRAIN_01526,0.0037685996
TRAIN_01527,0.04192787
TRAIN_01528,0.0031787443
TRAIN_01529,0.004223791
TRAIN_01530,0.011938739
TRAIN_01531,0.0015032897
TRAIN_01532,0.0071680103
TRAIN_01533,0.010659263
TRAIN_01534,0.013984097
TRAIN_01535,0.0043879035
TRAIN_01536,0.0015704203
TRAIN_01537,0.006737857
TRAIN_01538,0.012946819
TRAIN_01539,0.008816146
TRAIN_01540,0.0034830736
TRAIN_01541,0.0067390664
TRAIN_01542,0.01233565
TRAIN_01543,0.007981834
TRAIN_01544,0.0023758805
TRAIN_01545,0.0024346248
TRAIN_01546,0.011260458
TRAIN_01547,0.01170486
TRAIN_01548,0.0035519155
TRAIN_01549,0.01866837
TRAIN_01550,0.015122062
TRAIN_01551,0.014870658
TRAIN_01552,0.010738299
TRAIN_01553,0.005675671
TRAIN_01554,0.001189987
TRAIN_01555,0.0003046532
TRAIN_01556,0.01111734
TRAIN_01557,0.020431783
TRAIN_01558,0.00082727015
TRAIN_01559,0.007288734
TRAIN_01560,0.030872999
TRAIN_01561,0.027209513
TRAIN_01562,0.0057367384
TRAIN_01563,0.04673511
TRAIN_01564,0.0015954346
TRAIN_01565,0.019989742
TRAIN_01566,0.019647866
TRAIN_01567,0.013434277
TRAIN_01568,0.046339087
TRAIN_01569,0.004232981
TRAIN_01570,0.0006230727
TRAIN_01571,0.015288816
TRAIN_01572,0.0242854
TRAIN_01573,0.03202619
TRAIN_01574,0.012996587
TRAIN_01575,0.0030473217
TRAIN_01576,0.0080451965
TRAIN_01577,0.018522458
TRAIN_01578,0.009257011
TRAIN_01579,0.019519662
TRAIN_01580,0.010648504
TRAIN_01581,0.005010337
TRAIN_01582,0.005257091
TRAIN_01583,0.002332897
TRAIN_01584,0.07273524
TRAIN_01585,0.008903069
TRAIN_01586,0.0018196965
TRAIN_01587,0.0046201046
TRAIN_01588,0.008416548
TRAIN_01589,0.0032831272
TRAIN_01590,0.007928568
TRAIN_01591,0.006960403
TRAIN_01592,0.0074628163
TRAIN_01593,0.0014848094
TRAIN_01594,0.008391567
TRAIN_01595,0.0029952233
TRAIN_01596,0.018941848
TRAIN_01597,0.011715578
TRAIN_01598,0.010732818
TRAIN_01599,0.005983399
TRAIN_01600,0.0019588177
TRAIN_01601,0.009541884
TRAIN_01602,0.0024329738
TRAIN_01603,0.00076260197
TRAIN_01604,0.06093824
TRAIN_01605,0.0068760607
TRAIN_01606,0.008967021
TRAIN_01607,0.014225631
TRAIN_01608,0.004758242
TRAIN_01609,0.023965675
TRAIN_01610,0.0003599474
TRAIN_01611,0.016335573
TRAIN_01612,0.010434076
TRAIN_01613,0.016280076
TRAIN_01614,0.033644002
TRAIN_01615,0.038102716
TRAIN_01616,0.0032833717
TRAIN_01617,0.00517048
TRAIN_01618,0.0026883255
TRAIN_01619,0.035882875
TRAIN_01620,0.0073513845
TRAIN_01621,0.002778022
TRAIN_01622,0.007442107
TRAIN_01623,0.009988363
TRAIN_01624,0.0011738844
TRAIN_01625,0.008339395
TRAIN_01626,0.0049462914
TRAIN_01627,0.009031645
TRAIN_01628,0.004813376
TRAIN_01629,0.012533218
TRAIN_01630,0.0014540338
TRAIN_01631,0.010328595
TRAIN_01632,0.0125818
TRAIN_01633,0.015597616
TRAIN_01634,0.008786646
TRAIN_01635,0.011191374
TRAIN_01636,0.0069847447
TRAIN_01637,0.021014065
TRAIN_01638,0.0037586913
TRAIN_01639,0.0019406861
TRAIN_01640,0.003246631
TRAIN_01641,0.004230746
TRAIN_01642,0.007052467
TRAIN_01643,0.008973377
TRAIN_01644,0.0050039412
TRAIN_01645,0.0047239796
TRAIN_01646,0.007610361
TRAIN_01647,0.009127678
TRAIN_01648,0.009784942
TRAIN_01649,0.038334657
TRAIN_01650,0.0057334644
TRAIN_01651,0.011319841
TRAIN_01652,0.02160053
TRAIN_01653,0.01196823
TRAIN_01654,0.007762211
TRAIN_01655,0.0106180115
TRAIN_01656,0.0015888563
TRAIN_01657,0.032758344
TRAIN_01658,0.0016731925
TRAIN_01659,0.08407486
TRAIN_01660,0.013790906
TRAIN_01661,0.0058537587
TRAIN_01662,0.002961345
TRAIN_01663,0.00841622
TRAIN_01664,0.02234898
TRAIN_01665,0.017381039
TRAIN_01666,0.008132906
TRAIN_01667,0.0125829
TRAIN_01668,0.0057972507
TRAIN_01669,0.0032788268
TRAIN_01670,0.0027182803
TRAIN_01671,0.0015577091
TRAIN_01672,0.12970887
TRAIN_01673,0.007148214
TRAIN_01674,0.009274547
TRAIN_01675,0.0047469283
TRAIN_01676,0.007113798
TRAIN_01677,0.008400903
TRAIN_01678,0.00881214
TRAIN_01679,0.00926798
TRAIN_01680,0.008170914
TRAIN_01681,0.008011625
TRAIN_01682,0.0050132186
TRAIN_01683,0.008975288
TRAIN_01684,0.0014024831
TRAIN_01685,0.036636174
TRAIN_01686,0.0076190564
TRAIN_01687,0.038399305
TRAIN_01688,0.019526826
TRAIN_01689,0.0059986077
TRAIN_01690,0.019922432
TRAIN_01691,0.0047483346
TRAIN_01692,0.006537821
TRAIN_01693,0.009338595
TRAIN_01694,0.014777433
TRAIN_01695,0.011000067
TRAIN_01696,0.0012719197
TRAIN_01697,0.002671973
TRAIN_01698,0.0022496404
TRAIN_01699,0.022919986
TRAIN_01700,0.025415437
TRAIN_01701,0.0044106613
TRAIN_01702,0.08180817
TRAIN_01703,0.014513302
TRAIN_01704,0.008967409
TRAIN_01705,0.025020419
TRAIN_01706,0.00491266
TRAIN_01707,0.0036634756
TRAIN_01708,0.004498078
TRAIN_01709,0.009429119
TRAIN_01710,0.02763225
TRAIN_01711,0.03513341
TRAIN_01712,0.002262294
TRAIN_01713,0.007734935
TRAIN_01714,0.0017911904
TRAIN_01715,0.0076985345
TRAIN_01716,0.005259798
TRAIN_01717,0.00579083
TRAIN_01718,0.009572192
TRAIN_01719,0.01000692
TRAIN_01720,0.0238957
TRAIN_01721,0.022864155
TRAIN_01722,0.0034136795
TRAIN_01723,0.003329374
TRAIN_01724,0.010496285
TRAIN_01725,0.011283183
TRAIN_01726,0.0055785286
TRAIN_01727,0.002610492
TRAIN_01728,0.013088904
TRAIN_01729,0.011041463
TRAIN_01730,0.00072724046
TRAIN_01731,0.003056834
TRAIN_01732,0.15938176
TRAIN_01733,0.010265218
TRAIN_01734,0.01369504
TRAIN_01735,0.00042524605
TRAIN_01736,0.013498006
TRAIN_01737,0.025320334
TRAIN_01738,0.0024314949
TRAIN_01739,0.0010932432
TRAIN_01740,0.014135039
TRAIN_01741,0.0039527
TRAIN_01742,0.0045201303
TRAIN_01743,0.008805102
TRAIN_01744,0.001747837
TRAIN_01745,0.00073386275
TRAIN_01746,0.0014329022
TRAIN_01747,0.01768657
TRAIN_01748,0.0046041864
TRAIN_01749,0.0018004327
TRAIN_01750,0.07454585
TRAIN_01751,0.016972288
TRAIN_01752,0.011394823
TRAIN_01753,0.0123040555
TRAIN_01754,0.0060935337
TRAIN_01755,0.004063697
TRAIN_01756,0.05019284
TRAIN_01757,0.010792082
TRAIN_01758,0.05132605
TRAIN_01759,0.0030682539
TRAIN_01760,0.011753877
TRAIN_01761,0.004169005
TRAIN_01762,0.0057301708
TRAIN_01763,0.00351074
TRAIN_01764,0.004635263
TRAIN_01765,0.0066256374
TRAIN_01766,0.023798246
TRAIN_01767,0.01299054
TRAIN_01768,0.0005206145
TRAIN_01769,0.028064894
TRAIN_01770,0.033956084
TRAIN_01771,0.02384046
TRAIN_01772,0.0024957072
TRAIN_01773,0.006434858
TRAIN_01774,0.0017773821
TRAIN_01775,0.011503012
TRAIN_01776,0.013580081
TRAIN_01777,0.0022756539
TRAIN_01778,0.002283412
TRAIN_01779,0.0052334764
TRAIN_01780,0.016188066
TRAIN_01781,0.004158192
TRAIN_01782,0.015624238
TRAIN_01783,0.016342284
TRAIN_01784,0.010472063
TRAIN_01785,0.0023003714
TRAIN_01786,0.010540697
TRAIN_01787,0.0034551404
TRAIN_01788,0.007212339
TRAIN_01789,0.028547224
TRAIN_01790,0.008199139
TRAIN_01791,0.010170728
TRAIN_01792,0.0032366575
TRAIN_01793,0.00025240864
TRAIN_01794,0.006822528
TRAIN_01795,0.013110725
TRAIN_01796,0.019456461
TRAIN_01797,0.0039367536
TRAIN_01798,0.01233259
TRAIN_01799,0.062311064
TRAIN_01800,0.009324158
TRAIN_01801,0.010722147
TRAIN_01802,0.007037942
TRAIN_01803,0.010377687
TRAIN_01804,0.007741237
TRAIN_01805,0.0013758084
TRAIN_01806,0.033128485
TRAIN_01807,0.03233738
TRAIN_01808,0.013228102
TRAIN_01809,0.0022609052
TRAIN_01810,0.10606715
TRAIN_01811,0.0072358926
TRAIN_01812,0.003234579
TRAIN_01813,0.034177467
TRAIN_01814,0.0016098674
TRAIN_01815,0.008437449
TRAIN_01816,0.016967582
TRAIN_01817,0.0036838867
TRAIN_01818,0.0025137025
TRAIN_01819,0.006388952
TRAIN_01820,0.010113014
TRAIN_01821,0.014025462
TRAIN_01822,0.0011489136
TRAIN_01823,0.009513826
TRAIN_01824,0.0018238663
TRAIN_01825,0.008139506
TRAIN_01826,0.015806412
TRAIN_01827,0.0034532964
TRAIN_01828,0.0025208609
TRAIN_01829,0.0043142876
TRAIN_01830,0.00865791
TRAIN_01831,0.0029356931
TRAIN_01832,0.004036374
TRAIN_01833,0.0079118665
TRAIN_01834,0.0067439293
TRAIN_01835,0.0062686177
TRAIN_01836,0.00515688
TRAIN_01837,0.007770453
TRAIN_01838,0.009127832
TRAIN_01839,0.008711102
TRAIN_01840,0.0050371704
TRAIN_01841,0.009875679
TRAIN_01842,0.001984417
TRAIN_01843,0.0045035942
TRAIN_01844,0.004691728
TRAIN_01845,0.04166135
TRAIN_01846,0.0067317514
TRAIN_01847,0.021165954
TRAIN_01848,0.013273951
TRAIN_01849,0.011708387
TRAIN_01850,0.039215285
TRAIN_01851,0.0019305949
TRAIN_01852,0.0006700209
TRAIN_01853,0.034223083
TRAIN_01854,0.0033717568
TRAIN_01855,0.01586563
TRAIN_01856,0.006643903
TRAIN_01857,0.030853858
TRAIN_01858,0.012660924
TRAIN_01859,0.00879381
TRAIN_01860,0.003688321
TRAIN_01861,0.0073691946
TRAIN_01862,0.0014576486
TRAIN_01863,0.00476885
TRAIN_01864,0.008582524
TRAIN_01865,0.001458045
TRAIN_01866,0.023048235
TRAIN_01867,0.0033528937
TRAIN_01868,0.024483012
TRAIN_01869,0.01301382
TRAIN_01870,0.013049258
TRAIN_01871,0.0041628513
TRAIN_01872,0.002549891
TRAIN_01873,0.006644356
TRAIN_01874,0.002281586
TRAIN_01875,0.022376291
TRAIN_01876,0.008385085
TRAIN_01877,0.0017523955
TRAIN_01878,0.004449703
TRAIN_01879,0.013186545
TRAIN_01880,0.004951548
TRAIN_01881,0.015864773
TRAIN_01882,0.010930258
TRAIN_01883,0.0016393497
TRAIN_01884,0.012233291
TRAIN_01885,0.013583
TRAIN_01886,0.0031046004
TRAIN_01887,0.052140757
TRAIN_01888,0.008308785
TRAIN_01889,0.01367895
TRAIN_01890,0.006539184
TRAIN_01891,0.0028817728
TRAIN_01892,0.012300524
TRAIN_01893,0.012694291
TRAIN_01894,0.0052712616
TRAIN_01895,0.005470361
TRAIN_01896,0.036653668
TRAIN_01897,0.0032333985
TRAIN_01898,0.08946358
TRAIN_01899,0.002778928
TRAIN_01900,0.0056640045
TRAIN_01901,0.01794544
TRAIN_01902,0.0077708783
TRAIN_01903,0.0082420735
TRAIN_01904,0.0026837795
TRAIN_01905,0.011899904
TRAIN_01906,0.00017017263
TRAIN_01907,0.0089314245
TRAIN_01908,0.019077506
TRAIN_01909,0.002135164
TRAIN_01910,0.0234328
TRAIN_01911,0.07393943
TRAIN_01912,0.0021336293
TRAIN_01913,0.0047629215
TRAIN_01914,0.0058158482
TRAIN_01915,0.0037901737
TRAIN_01916,0.009849718
TRAIN_01917,0.0056676855
TRAIN_01918,0.0050266017
TRAIN_01919,0.00493684
TRAIN_01920,0.0051526567
TRAIN_01921,0.0014834083
TRAIN_01922,0.011126149
TRAIN_01923,0.012053526
TRAIN_01924,0.026768288
TRAIN_01925,0.0025136916
TRAIN_01926,0.0101651
TRAIN_01927,0.006258351
TRAIN_01928,0.010857707
TRAIN_01929,0.08860565
TRAIN_01930,0.0118833445
TRAIN_01931,0.0042325826
TRAIN_01932,0.020506565
TRAIN_01933,0.0016346349
TRAIN_01934,0.0048507596
TRAIN_01935,0.01704308
TRAIN_01936,0.009931007
TRAIN_01937,0.013222833
TRAIN_01938,0.007017723
TRAIN_01939,0.013719096
TRAIN_01940,0.001190822
TRAIN_01941,0.01876556
TRAIN_01942,0.00956997
TRAIN_01943,0.01369486
TRAIN_01944,0.023935344
TRAIN_01945,0.0036664132
TRAIN_01946,0.0064561246
TRAIN_01947,0.0042384737
TRAIN_01948,0.0034064807
TRAIN_01949,0.007458828
TRAIN_01950,0.052446686
TRAIN_01951,0.009478139
TRAIN_01952,0.017822271
TRAIN_01953,0.007210826
TRAIN_01954,0.0017276286
TRAIN_01955,0.08253847
TRAIN_01956,0.012006227
TRAIN_01957,0.029697448
TRAIN_01958,0.0010885582
TRAIN_01959,0.024278313
TRAIN_01960,0.0058465106
TRAIN_01961,0.01195702
TRAIN_01962,0.012957044
TRAIN_01963,0.0033753752
TRAIN_01964,0.007915032
TRAIN_01965,0.0042065056
TRAIN_01966,0.007808162
TRAIN_01967,0.013026632
TRAIN_01968,0.005401952
TRAIN_01969,0.0022057828
TRAIN_01970,0.018444818
TRAIN_01971,0.0074757123
TRAIN_01972,0.013191556
TRAIN_01973,0.011916866
TRAIN_01974,0.0064718975
TRAIN_01975,0.004099181
TRAIN_01976,0.0026336862
TRAIN_01977,0.007972438
TRAIN_01978,0.009858976
TRAIN_01979,0.019309772
TRAIN_01980,0.008020525
TRAIN_01981,0.045126796
TRAIN_01982,0.0071932753
TRAIN_01983,0.019995175
TRAIN_01984,0.088427626
TRAIN_01985,0.056443788
TRAIN_01986,0.0049490877
TRAIN_01987,0.00247285
TRAIN_01988,0.00821723
TRAIN_01989,0.001171748
TRAIN_01990,0.005963962
TRAIN_01991,0.0025175943
TRAIN_01992,0.041612543
TRAIN_01993,0.0030194197
TRAIN_01994,0.013722212
TRAIN_01995,0.0105614625
TRAIN_01996,0.010282301
TRAIN_01997,0.013838472
TRAIN_01998,0.008146173
TRAIN_01999,0.01150365
TRAIN_02000,0.013188315
TRAIN_02001,0.011845166
TRAIN_02002,0.0022052324
TRAIN_02003,0.020419529
TRAIN_02004,0.011045658
TRAIN_02005,0.0040004314
TRAIN_02006,0.02834568
TRAIN_02007,0.006791014
TRAIN_02008,0.0025869964
TRAIN_02009,0.009233408
TRAIN_02010,0.020508805
TRAIN_02011,0.0015124202
TRAIN_02012,0.017588185
TRAIN_02013,0.00841601
TRAIN_02014,0.015197327
TRAIN_02015,0.007764793
TRAIN_02016,0.011822838
TRAIN_02017,0.003768981
TRAIN_02018,0.0076314854
TRAIN_02019,0.006806108
TRAIN_02020,0.05932404
TRAIN_02021,0.0037372978
TRAIN_02022,0.014215364
TRAIN_02023,0.013441322
TRAIN_02024,0.021633172
TRAIN_02025,0.0032128363
TRAIN_02026,0.008024733
TRAIN_02027,0.011014047
TRAIN_02028,0.0037273606
TRAIN_02029,0.0018460585
TRAIN_02030,0.008911248
TRAIN_02031,0.012395011
TRAIN_02032,0.006868299
TRAIN_02033,0.0078593725
TRAIN_02034,0.0031030404
TRAIN_02035,0.005493985
TRAIN_02036,0.033396315
TRAIN_02037,0.004489093
TRAIN_02038,0.005999686
TRAIN_02039,0.009541094
TRAIN_02040,0.00911611
TRAIN_02041,0.007774137
TRAIN_02042,0.0077445605
TRAIN_02043,0.0046842657
TRAIN_02044,0.004992801
TRAIN_02045,0.057305876
TRAIN_02046,0.007722217
TRAIN_02047,0.009172656
TRAIN_02048,0.0019479928
TRAIN_02049,0.0043551815
TRAIN_02050,0.027215116
TRAIN_02051,0.008270353
TRAIN_02052,0.0035653375
TRAIN_02053,0.0031025775
TRAIN_02054,0.020401964
TRAIN_02055,0.010257674
TRAIN_02056,0.030357242
TRAIN_02057,0.00461329
TRAIN_02058,0.009388404
TRAIN_02059,0.13253582
TRAIN_02060,0.01977472
TRAIN_02061,0.017652454
TRAIN_02062,0.007288155
TRAIN_02063,0.004627021
TRAIN_02064,0.011118229
TRAIN_02065,0.068825245
TRAIN_02066,0.008493659
TRAIN_02067,0.006284177
TRAIN_02068,0.0038701042
TRAIN_02069,0.00850189
TRAIN_02070,0.0027780493
TRAIN_02071,0.012702507
TRAIN_02072,0.0306529
TRAIN_02073,0.009117735
TRAIN_02074,0.012005136
TRAIN_02075,0.0013539374
TRAIN_02076,0.036286987
TRAIN_02077,0.006147147
TRAIN_02078,0.0045731785
TRAIN_02079,0.010946768
TRAIN_02080,0.0014570437
TRAIN_02081,0.011991078
TRAIN_02082,0.004374
TRAIN_02083,0.009625107
TRAIN_02084,0.018149601
TRAIN_02085,0.0018664609
TRAIN_02086,0.024030734
TRAIN_02087,0.008869565
TRAIN_02088,0.012749617
TRAIN_02089,0.002246834
TRAIN_02090,0.024410479
TRAIN_02091,0.027763546
TRAIN_02092,0.016394889
TRAIN_02093,0.0032536136
TRAIN_02094,0.026882827
TRAIN_02095,0.022184893
TRAIN_02096,0.0037960086
TRAIN_02097,0.005255778
TRAIN_02098,0.021985734
TRAIN_02099,0.0036855687
TRAIN_02100,0.0036987406
TRAIN_02101,0.013135086
TRAIN_02102,0.054267727
TRAIN_02103,0.011417341
TRAIN_02104,0.002982856
TRAIN_02105,0.0063964427
TRAIN_02106,0.057282705
TRAIN_02107,0.0014803556
TRAIN_02108,0.00796859
TRAIN_02109,0.025922457
TRAIN_02110,0.009105328
TRAIN_02111,0.0035172682
TRAIN_02112,0.02704383
TRAIN_02113,0.0030387132
TRAIN_02114,0.011616183
TRAIN_02115,0.013819082
TRAIN_02116,0.0016331988
TRAIN_02117,0.0015175997
TRAIN_02118,0.010661902
TRAIN_02119,0.004327157
TRAIN_02120,0.0028181332
TRAIN_02121,0.020884104
TRAIN_02122,0.014398423
TRAIN_02123,0.021590631
TRAIN_02124,0.0024163038
TRAIN_02125,0.008299889
TRAIN_02126,0.0073770904
TRAIN_02127,0.0055606924
TRAIN_02128,0.038324717
TRAIN_02129,0.02654395
TRAIN_02130,0.009923573
TRAIN_02131,0.00793651
TRAIN_02132,0.000838537
TRAIN_02133,0.031098844
TRAIN_02134,0.012091914
TRAIN_02135,0.0036992247
TRAIN_02136,0.027963893
TRAIN_02137,0.0017112697
TRAIN_02138,0.010343519
TRAIN_02139,0.0019147794
TRAIN_02140,0.014342976
TRAIN_02141,0.0068242056
TRAIN_02142,0.0029556418
TRAIN_02143,0.008244769
TRAIN_02144,0.0056982627
TRAIN_02145,0.0077860113
TRAIN_02146,0.003129978
TRAIN_02147,0.0035104495
TRAIN_02148,0.0061343107
TRAIN_02149,0.0073396596
TRAIN_02150,0.0049637593
TRAIN_02151,0.0010978143
TRAIN_02152,0.0023350068
TRAIN_02153,0.0022625756
TRAIN_02154,0.02874542
TRAIN_02155,0.01285079
TRAIN_02156,0.003609496
TRAIN_02157,0.0057281484
TRAIN_02158,0.0059419204
TRAIN_02159,0.004819387
TRAIN_02160,0.014438734
TRAIN_02161,0.016935179
TRAIN_02162,0.00852457
TRAIN_02163,0.003851279
TRAIN_02164,0.036792863
TRAIN_02165,0.0024321207
TRAIN_02166,0.010806463
TRAIN_02167,0.0033207247
TRAIN_02168,0.013811675
TRAIN_02169,0.056008376
TRAIN_02170,0.045761313
TRAIN_02171,0.0021984319
TRAIN_02172,0.0031895186
TRAIN_02173,0.0036829594
TRAIN_02174,0.13313091
TRAIN_02175,0.008589699
TRAIN_02176,0.01282026
TRAIN_02177,0.0036107097
TRAIN_02178,0.0051628114
TRAIN_02179,0.013037269
TRAIN_02180,0.009273779
TRAIN_02181,0.03984498
TRAIN_02182,0.016736543
TRAIN_02183,0.0037033234
TRAIN_02184,0.010639479
TRAIN_02185,0.00224289
TRAIN_02186,0.014625994
TRAIN_02187,0.0038534526
TRAIN_02188,0.003802864
TRAIN_02189,0.0032018588
TRAIN_02190,0.044626698
TRAIN_02191,0.0030551779
TRAIN_02192,0.0136389565
TRAIN_02193,0.0016130758
TRAIN_02194,0.009052825
TRAIN_02195,0.004481871
TRAIN_02196,0.0040901797
TRAIN_02197,0.033507794
TRAIN_02198,0.009169969
TRAIN_02199,0.0076036802
TRAIN_02200,0.0021202313
TRAIN_02201,0.10546258
TRAIN_02202,0.002165406
TRAIN_02203,0.0020559728
TRAIN_02204,0.0032359643
TRAIN_02205,0.0074096913
TRAIN_02206,0.008904689
TRAIN_02207,0.006555734
TRAIN_02208,0.00085228507
TRAIN_02209,0.010162402
TRAIN_02210,0.010879938
TRAIN_02211,0.0035719858
TRAIN_02212,0.0074182837
TRAIN_02213,0.024863426
TRAIN_02214,0.013234996
TRAIN_02215,0.0033139572
TRAIN_02216,0.018687405
TRAIN_02217,0.009897847
TRAIN_02218,0.025707716
TRAIN_02219,0.0011834485
TRAIN_02220,0.0013272478
TRAIN_02221,0.007586731
TRAIN_02222,0.008000044
TRAIN_02223,0.009653396
TRAIN_02224,0.0045626704
TRAIN_02225,0.008520874
TRAIN_02226,0.010499646
TRAIN_02227,0.0021111227
TRAIN_02228,0.0036813377
TRAIN_02229,0.010103726
TRAIN_02230,0.117164366
TRAIN_02231,0.0049323165
TRAIN_02232,0.019625695
TRAIN_02233,0.012701479
TRAIN_02234,0.011079581
TRAIN_02235,0.0040262984
TRAIN_02236,0.007941025
TRAIN_02237,0.0143476045
TRAIN_02238,0.009246609
TRAIN_02239,0.003221779
TRAIN_02240,0.007115303
TRAIN_02241,0.012551067
TRAIN_02242,0.01586931
TRAIN_02243,0.012402788
TRAIN_02244,0.010667705
TRAIN_02245,0.011436933
TRAIN_02246,0.0053000604
TRAIN_02247,0.015070684
TRAIN_02248,0.014048697
TRAIN_02249,0.0039433907
TRAIN_02250,0.006372797
TRAIN_02251,0.011162796
TRAIN_02252,0.001755317
TRAIN_02253,0.003627807
TRAIN_02254,0.0124115655
TRAIN_02255,0.0080839265
TRAIN_02256,0.0142759755
TRAIN_02257,0.0025976605
TRAIN_02258,0.0147616295
TRAIN_02259,0.020652933
TRAIN_02260,0.0035677825
TRAIN_02261,0.015459953
TRAIN_02262,0.012297238
TRAIN_02263,0.005568302
TRAIN_02264,0.014271024
TRAIN_02265,0.003593743
TRAIN_02266,0.019863237
TRAIN_02267,0.01123726
TRAIN_02268,0.0036830544
TRAIN_02269,0.069065034
TRAIN_02270,0.011334224
TRAIN_02271,0.008609122
TRAIN_02272,0.0058102626
TRAIN_02273,0.003243787
TRAIN_02274,0.030927232
TRAIN_02275,0.007419631
TRAIN_02276,0.005336581
TRAIN_02277,0.011563876
TRAIN_02278,0.0025926274
TRAIN_02279,0.051737573
TRAIN_02280,0.0012422899
TRAIN_02281,0.029077802
TRAIN_02282,0.010648593
TRAIN_02283,0.020296086
TRAIN_02284,0.011059389
TRAIN_02285,0.005149981
TRAIN_02286,0.0030032308
TRAIN_02287,0.0039996766
TRAIN_02288,0.0013459241
TRAIN_02289,0.0012229879
TRAIN_02290,0.0024364898
TRAIN_02291,0.007533398
TRAIN_02292,0.004002383
TRAIN_02293,0.0013412872
TRAIN_02294,0.011695414
TRAIN_02295,0.009612368
TRAIN_02296,0.008077469
TRAIN_02297,0.0034898715
TRAIN_02298,0.0076254434
TRAIN_02299,0.013948696
TRAIN_02300,0.018069873
TRAIN_02301,0.060517613
TRAIN_02302,0.09162279
TRAIN_02303,0.004381316
TRAIN_02304,0.0053264047
TRAIN_02305,0.01898679
TRAIN_02306,0.0071794884
TRAIN_02307,0.013909123
TRAIN_02308,0.012598409
TRAIN_02309,0.01428018
TRAIN_02310,0.026920732
TRAIN_02311,0.012282815
TRAIN_02312,0.013672279
TRAIN_02313,0.09805328
TRAIN_02314,0.0023590256
TRAIN_02315,0.008467357
TRAIN_02316,0.008477473
TRAIN_02317,0.0043347282
TRAIN_02318,0.014407624
TRAIN_02319,0.010228653
TRAIN_02320,0.0069682607
TRAIN_02321,0.0018266928
TRAIN_02322,0.0019356278
TRAIN_02323,0.0047462382
TRAIN_02324,0.06080132
TRAIN_02325,0.0032094251
TRAIN_02326,0.0035709413
TRAIN_02327,0.004797222
TRAIN_02328,0.0012366782
TRAIN_02329,0.0015298591
TRAIN_02330,0.016812224
TRAIN_02331,0.0027491653
TRAIN_02332,0.010881434
TRAIN_02333,0.004058938
TRAIN_02334,0.008859636
TRAIN_02335,0.020224178
TRAIN_02336,0.0067961887
TRAIN_02337,0.0016852693
TRAIN_02338,0.008248586
TRAIN_02339,0.01285508
TRAIN_02340,0.015433278
TRAIN_02341,0.010052346
TRAIN_02342,0.002830117
TRAIN_02343,0.008784554
TRAIN_02344,0.01932394
TRAIN_02345,0.009797755
TRAIN_02346,0.061601162
TRAIN_02347,0.00812347
TRAIN_02348,0.0090613635
TRAIN_02349,0.0019915523
TRAIN_02350,0.008706801
TRAIN_02351,0.012944855
TRAIN_02352,0.011615527
TRAIN_02353,0.0027527115
TRAIN_02354,0.005785117
TRAIN_02355,0.005132054
TRAIN_02356,0.0075360183
TRAIN_02357,0.014226338
TRAIN_02358,0.0012544168
TRAIN_02359,0.010489972
TRAIN_02360,0.0009545908
TRAIN_02361,0.004641641
TRAIN_02362,0.0014561499
TRAIN_02363,0.044516362
TRAIN_02364,0.008168216
TRAIN_02365,0.008113313
TRAIN_02366,0.006846598
TRAIN_02367,0.0016347604
TRAIN_02368,0.0052275592
TRAIN_02369,0.0015803565
TRAIN_02370,0.0034374837
TRAIN_02371,0.007693014
TRAIN_02372,0.022105893
TRAIN_02373,0.011907124
TRAIN_02374,0.0131303575
TRAIN_02375,0.010541997
TRAIN_02376,0.014070024
TRAIN_02377,0.007123474
TRAIN_02378,0.0092629455
TRAIN_02379,0.007802483
TRAIN_02380,0.015123557
TRAIN_02381,0.006158286
TRAIN_02382,0.010076825
TRAIN_02383,0.057210572
TRAIN_02384,0.014126038
TRAIN_02385,0.008660955
TRAIN_02386,0.0045787664
TRAIN_02387,0.0145378085
TRAIN_02388,0.0075004054
TRAIN_02389,0.00028184179
TRAIN_02390,0.01379642
TRAIN_02391,0.03216198
TRAIN_02392,0.010051037
TRAIN_02393,0.0037008235
TRAIN_02394,0.01335341
TRAIN_02395,0.0035593794
TRAIN_02396,0.0066793323
TRAIN_02397,0.0039567794
TRAIN_02398,0.0015455867
TRAIN_02399,0.032041714
TRAIN_02400,0.0058254576
TRAIN_02401,0.002272549
TRAIN_02402,0.0069959178
TRAIN_02403,0.01147726
TRAIN_02404,0.008627768
TRAIN_02405,0.013907406
TRAIN_02406,0.006259392
TRAIN_02407,0.01201858
TRAIN_02408,0.009166823
TRAIN_02409,0.0047913883
TRAIN_02410,0.0035733033
TRAIN_02411,0.013098489
TRAIN_02412,0.0040683514
TRAIN_02413,0.0042236657
TRAIN_02414,0.013583215
TRAIN_02415,0.03916671
TRAIN_02416,0.017763494
TRAIN_02417,0.0014135843
TRAIN_02418,0.00449801
TRAIN_02419,0.00537323
TRAIN_02420,0.007049591
TRAIN_02421,0.006303654
TRAIN_02422,0.009769511
TRAIN_02423,0.007096384
TRAIN_02424,0.114486575
TRAIN_02425,0.004925447
TRAIN_02426,0.0036244723
TRAIN_02427,0.009335606
TRAIN_02428,0.0075236205
TRAIN_02429,0.029792668
TRAIN_02430,0.0056047416
TRAIN_02431,0.005769219
TRAIN_02432,0.0041409517
TRAIN_02433,0.012158455
TRAIN_02434,0.018082174
TRAIN_02435,0.006080728
TRAIN_02436,0.0032693814
TRAIN_02437,0.0029790832
TRAIN_02438,0.0058270227
TRAIN_02439,0.0076605976
TRAIN_02440,0.0043811817
TRAIN_02441,0.0038415543
TRAIN_02442,0.004851695
TRAIN_02443,0.001971222
TRAIN_02444,0.0051650694
TRAIN_02445,0.00992276
TRAIN_02446,0.013951427
TRAIN_02447,0.008180573
TRAIN_02448,0.0066277296
TRAIN_02449,0.0056748153
TRAIN_02450,0.002392649
TRAIN_02451,0.010402621
TRAIN_02452,0.0011477488
TRAIN_02453,0.010029731
TRAIN_02454,0.0075283777
TRAIN_02455,0.0059544905
TRAIN_02456,0.014399497
TRAIN_02457,0.009594292
TRAIN_02458,0.011538968
TRAIN_02459,0.010699696
TRAIN_02460,0.004919141
TRAIN_02461,0.07850898
TRAIN_02462,0.009932971
TRAIN_02463,0.0035896925
TRAIN_02464,0.007836853
TRAIN_02465,0.013388746
TRAIN_02466,0.0054307096
TRAIN_02467,0.007374286
TRAIN_02468,0.006138167
TRAIN_02469,0.016832978
TRAIN_02470,0.013311914
TRAIN_02471,0.014110719
TRAIN_02472,0.0055259564
TRAIN_02473,0.012774547
TRAIN_02474,0.011407987
TRAIN_02475,0.00780333
TRAIN_02476,0.01315319
TRAIN_02477,0.007906022
TRAIN_02478,0.005753154
TRAIN_02479,0.014311153
TRAIN_02480,0.0019233369
TRAIN_02481,0.0070193233
TRAIN_02482,0.0016938247
TRAIN_02483,0.002273447
TRAIN_02484,0.0010022473
TRAIN_02485,0.0049505667
TRAIN_02486,0.014424033
TRAIN_02487,0.009215236
TRAIN_02488,0.016548373
TRAIN_02489,0.0069710286
TRAIN_02490,0.0045452467
TRAIN_02491,0.002282216
TRAIN_02492,0.008223086
TRAIN_02493,0.0044328785
TRAIN_02494,0.010404777
TRAIN_02495,0.088023394
TRAIN_02496,0.0016506275
TRAIN_02497,0.01993764
TRAIN_02498,0.007531869
TRAIN_02499,0.055528097
TRAIN_02500,0.010098099
TRAIN_02501,0.0037786004
TRAIN_02502,0.01175785
TRAIN_02503,0.011353054
TRAIN_02504,0.06638133
TRAIN_02505,0.003893041
TRAIN_02506,0.014126669
TRAIN_02507,0.0029231643
TRAIN_02508,0.0025610912
TRAIN_02509,0.0033713537
TRAIN_02510,0.021030713
TRAIN_02511,0.008072276
TRAIN_02512,0.00795998
TRAIN_02513,0.05917571
TRAIN_02514,0.0018832424
TRAIN_02515,0.09308785
TRAIN_02516,0.006578916
TRAIN_02517,0.004212396
TRAIN_02518,0.0019483746
TRAIN_02519,0.0027172691
TRAIN_02520,0.0033204714
TRAIN_02521,0.008080611
TRAIN_02522,0.014020103
TRAIN_02523,0.012592115
TRAIN_02524,0.011796683
TRAIN_02525,0.0066336025
TRAIN_02526,0.023469558
TRAIN_02527,0.010393304
TRAIN_02528,0.024810893
TRAIN_02529,0.0068190447
TRAIN_02530,0.01195074
TRAIN_02531,0.006031764
TRAIN_02532,0.010630042
TRAIN_02533,0.007529385
TRAIN_02534,0.010223003
TRAIN_02535,0.005263586
TRAIN_02536,0.005471113
TRAIN_02537,0.013003401
TRAIN_02538,0.006361729
TRAIN_02539,0.0034286554
TRAIN_02540,0.011039803
TRAIN_02541,0.027531201
TRAIN_02542,0.0070324624
TRAIN_02543,0.0036802124
TRAIN_02544,0.011719759
TRAIN_02545,0.008695336
TRAIN_02546,0.0044081016
TRAIN_02547,0.013039022
TRAIN_02548,0.0051317904
TRAIN_02549,0.0125377895
TRAIN_02550,0.011861414
TRAIN_02551,0.0007293626
TRAIN_02552,0.031352617
TRAIN_02553,0.006219322
TRAIN_02554,0.009724667
TRAIN_02555,0.014268508
TRAIN_02556,0.011120756
TRAIN_02557,0.0011208773
TRAIN_02558,0.002501563
TRAIN_02559,0.01402046
TRAIN_02560,0.0039970074
TRAIN_02561,0.0073263594
TRAIN_02562,0.01020202
TRAIN_02563,0.0059494446
TRAIN_02564,0.014196659
TRAIN_02565,0.003895929
TRAIN_02566,0.042695384
TRAIN_02567,0.0024207805
TRAIN_02568,0.08304054
TRAIN_02569,0.008439364
TRAIN_02570,0.011824827
TRAIN_02571,0.0012288337
TRAIN_02572,0.036961168
TRAIN_02573,0.006540325
TRAIN_02574,0.0085943695
TRAIN_02575,0.008348178
TRAIN_02576,0.005923989
TRAIN_02577,0.005134053
TRAIN_02578,0.010618102
TRAIN_02579,0.004177007
TRAIN_02580,0.0025907794
TRAIN_02581,0.0068881433
TRAIN_02582,0.0040133833
TRAIN_02583,0.005862345
TRAIN_02584,0.034661468
TRAIN_02585,0.0033256854
TRAIN_02586,0.058361217
TRAIN_02587,0.019161679
TRAIN_02588,0.002404689
TRAIN_02589,0.0030791373
TRAIN_02590,0.0092539545
TRAIN_02591,0.0053466735
TRAIN_02592,0.010587844
TRAIN_02593,0.0041358676
TRAIN_02594,0.011559808
TRAIN_02595,0.010671005
TRAIN_02596,0.009731655
TRAIN_02597,0.0073286016
TRAIN_02598,0.0780821
TRAIN_02599,0.0072646234
TRAIN_02600,0.010704037
TRAIN_02601,0.006765623
TRAIN_02602,0.011860299
TRAIN_02603,0.0048006573
TRAIN_02604,0.004903563
TRAIN_02605,0.01465328
TRAIN_02606,0.010158459
TRAIN_02607,0.003498533
TRAIN_02608,0.009209564
TRAIN_02609,0.004923918
TRAIN_02610,0.0029709334
TRAIN_02611,0.011927309
TRAIN_02612,0.00142295
TRAIN_02613,0.006729643
TRAIN_02614,0.011143295
TRAIN_02615,0.07343788
TRAIN_02616,0.0081313215
TRAIN_02617,0.0071164947
TRAIN_02618,0.0029172986
TRAIN_02619,0.00176644
TRAIN_02620,0.005482492
TRAIN_02621,0.010343621
TRAIN_02622,0.031155093
TRAIN_02623,0.00804179
TRAIN_02624,0.015783919
TRAIN_02625,0.005987848
TRAIN_02626,0.006406559
TRAIN_02627,0.0012712949
TRAIN_02628,0.014228991
TRAIN_02629,0.0005480081
TRAIN_02630,0.012576177
TRAIN_02631,0.010051618
TRAIN_02632,0.013570582
TRAIN_02633,0.029952805
TRAIN_02634,0.0031487865
TRAIN_02635,0.0035753173
TRAIN_02636,0.042735837
TRAIN_02637,0.012900255
TRAIN_02638,0.014980245
TRAIN_02639,0.005304485
TRAIN_02640,0.0041362126
TRAIN_02641,0.022578467
TRAIN_02642,0.022499446
TRAIN_02643,0.0019442915
TRAIN_02644,0.03704861
TRAIN_02645,0.00832641
TRAIN_02646,0.024280524
TRAIN_02647,0.013024116
TRAIN_02648,0.01011535
TRAIN_02649,0.0026919304
TRAIN_02650,0.004732558
TRAIN_02651,0.10184959
TRAIN_02652,0.0013186627
TRAIN_02653,0.04976533
TRAIN_02654,0.01391626
TRAIN_02655,0.009932545
TRAIN_02656,0.00081838074
TRAIN_02657,0.021329148
TRAIN_02658,0.02216578
TRAIN_02659,0.01602175
TRAIN_02660,0.010791457
TRAIN_02661,0.046358887
TRAIN_02662,0.017538173
TRAIN_02663,0.017680103
TRAIN_02664,0.0020955
TRAIN_02665,0.017179206
TRAIN_02666,0.0016691447
TRAIN_02667,0.0040920274
TRAIN_02668,0.04782521
TRAIN_02669,0.0077205147
TRAIN_02670,0.022764742
TRAIN_02671,0.0037060054
TRAIN_02672,0.015391223
TRAIN_02673,0.006964751
TRAIN_02674,0.037322447
TRAIN_02675,0.017657362
TRAIN_02676,0.013932111
TRAIN_02677,0.0011065505
TRAIN_02678,0.026385514
TRAIN_02679,0.006621566
TRAIN_02680,0.0013994047
TRAIN_02681,0.005126605
TRAIN_02682,0.014265516
TRAIN_02683,0.014244084
TRAIN_02684,0.003024166
TRAIN_02685,0.062968865
TRAIN_02686,0.002440331
TRAIN_02687,0.005277603
TRAIN_02688,0.010714529
TRAIN_02689,0.008424417
TRAIN_02690,0.0029213578
TRAIN_02691,0.007697657
TRAIN_02692,0.0051467265
TRAIN_02693,0.0779379
TRAIN_02694,0.005147668
TRAIN_02695,0.04567449
TRAIN_02696,0.017010659
TRAIN_02697,0.011987951
TRAIN_02698,0.0013872279
TRAIN_02699,0.007578372
TRAIN_02700,0.0054682316
TRAIN_02701,0.022868993
TRAIN_02702,0.0016122386
TRAIN_02703,0.0072914567
TRAIN_02704,0.009074407
TRAIN_02705,0.050961837
TRAIN_02706,0.0038048972
TRAIN_02707,0.01117586
TRAIN_02708,0.003679518
TRAIN_02709,0.0025559678
TRAIN_02710,0.00714709
TRAIN_02711,0.004821246
TRAIN_02712,0.020588372
TRAIN_02713,0.004935994
TRAIN_02714,0.03387975
TRAIN_02715,0.0014415629
TRAIN_02716,0.005711696
TRAIN_02717,0.015580686
TRAIN_02718,0.0017401199
TRAIN_02719,0.095332846
TRAIN_02720,0.0007610865
TRAIN_02721,0.0032639005
TRAIN_02722,0.0009853397
TRAIN_02723,0.0048458814
TRAIN_02724,0.008485629
TRAIN_02725,0.024134235
TRAIN_02726,0.0077991937
TRAIN_02727,0.080204666
TRAIN_02728,0.005970532
TRAIN_02729,0.03175195
TRAIN_02730,0.011538287
TRAIN_02731,0.005188203
TRAIN_02732,0.10095385
TRAIN_02733,0.010487608
TRAIN_02734,0.011580746
TRAIN_02735,0.05698263
TRAIN_02736,0.0018502477
TRAIN_02737,0.009531205
TRAIN_02738,0.0050756866
TRAIN_02739,0.010220753
TRAIN_02740,0.0011050649
TRAIN_02741,0.005184444
TRAIN_02742,0.0039234804
TRAIN_02743,0.0011468861
TRAIN_02744,0.008858909
TRAIN_02745,0.0017390669
TRAIN_02746,0.004238056
TRAIN_02747,0.0062724533
TRAIN_02748,0.0023671263
TRAIN_02749,0.014349972
TRAIN_02750,0.02401425
TRAIN_02751,0.0067999875
TRAIN_02752,0.02891376
TRAIN_02753,0.00087523466
TRAIN_02754,0.039425384
TRAIN_02755,0.015961986
TRAIN_02756,0.00619835
TRAIN_02757,0.0025934493
TRAIN_02758,0.0130685
TRAIN_02759,0.0039459886
TRAIN_02760,0.007268463
TRAIN_02761,0.008921503
TRAIN_02762,0.11593614
TRAIN_02763,0.0108129205
TRAIN_02764,0.012627913
TRAIN_02765,0.023018254
TRAIN_02766,0.0078611225
TRAIN_02767,0.02443951
TRAIN_02768,0.008823024
TRAIN_02769,0.009052207
TRAIN_02770,0.005810364
TRAIN_02771,0.0025842672
TRAIN_02772,0.018142143
TRAIN_02773,0.004059078
TRAIN_02774,0.006146461
TRAIN_02775,0.01549621
TRAIN_02776,0.016706785
TRAIN_02777,0.0036515696
TRAIN_02778,0.010422925
TRAIN_02779,0.006915356
TRAIN_02780,0.013786707
TRAIN_02781,0.0068007386
TRAIN_02782,0.0043989145
TRAIN_02783,0.016922995
TRAIN_02784,0.009938485
TRAIN_02785,0.009968109
TRAIN_02786,0.0043369965
TRAIN_02787,0.0031073948
TRAIN_02788,0.010774166
TRAIN_02789,0.005703889
TRAIN_02790,0.0049447264
TRAIN_02791,0.0016584055
TRAIN_02792,0.0077777724
TRAIN_02793,0.0029960126
TRAIN_02794,0.013162094
TRAIN_02795,0.022108834
TRAIN_02796,0.0053731236
TRAIN_02797,0.001797289
TRAIN_02798,0.0038610206
TRAIN_02799,0.0069859703
TRAIN_02800,0.007186223
TRAIN_02801,0.030479766
TRAIN_02802,0.004326998
TRAIN_02803,0.013671768
TRAIN_02804,0.0039230236
TRAIN_02805,0.004457724
TRAIN_02806,0.009366431
TRAIN_02807,0.0014211457
TRAIN_02808,0.027810944
TRAIN_02809,0.009064944
TRAIN_02810,0.013193005
TRAIN_02811,0.015164566
TRAIN_02812,0.0082288915
TRAIN_02813,0.00662858
TRAIN_02814,0.01309558
TRAIN_02815,0.012471616
TRAIN_02816,0.0056312582
TRAIN_02817,0.01438296
TRAIN_02818,0.012262643
TRAIN_02819,0.0088726785
TRAIN_02820,0.007308474
TRAIN_02821,0.0067864074
TRAIN_02822,0.032946426
TRAIN_02823,0.02113704
TRAIN_02824,0.029118884
TRAIN_02825,0.008419748
TRAIN_02826,0.011459061
TRAIN_02827,0.0073924605
TRAIN_02828,0.01114397
TRAIN_02829,0.008483778
TRAIN_02830,0.09927372
TRAIN_02831,0.0055617695
TRAIN_02832,0.0050578876
TRAIN_02833,0.013549075
TRAIN_02834,0.0034891462
TRAIN_02835,0.0029676685
TRAIN_02836,0.0044483715
TRAIN_02837,0.02251777
TRAIN_02838,0.010047858
TRAIN_02839,0.019527072
TRAIN_02840,0.004164675
TRAIN_02841,0.020830005
TRAIN_02842,0.0522412
TRAIN_02843,0.0067458167
TRAIN_02844,0.0031263179
TRAIN_02845,0.011107396
TRAIN_02846,0.0064695757
TRAIN_02847,0.0061967503
TRAIN_02848,0.088449396
TRAIN_02849,0.0028623876
TRAIN_02850,0.004460575
TRAIN_02851,0.0012568813
TRAIN_02852,0.0026522717
TRAIN_02853,0.0068821055
TRAIN_02854,0.019460179
TRAIN_02855,0.010569685
TRAIN_02856,0.0016857894
TRAIN_02857,0.0017011206
TRAIN_02858,0.010001634
TRAIN_02859,0.007090648
TRAIN_02860,0.0050771795
TRAIN_02861,0.0071720723
TRAIN_02862,0.015246472
TRAIN_02863,0.005799379
TRAIN_02864,0.014342826
TRAIN_02865,0.014355715
TRAIN_02866,0.010564703
TRAIN_02867,0.00082700094
TRAIN_02868,0.007461709
TRAIN_02869,0.009963528
TRAIN_02870,0.018509256
TRAIN_02871,0.009767949
TRAIN_02872,0.0012068022
TRAIN_02873,0.03265847
TRAIN_02874,0.010149926
TRAIN_02875,0.0020527735
TRAIN_02876,0.0053054597
TRAIN_02877,0.002271498
TRAIN_02878,0.023676459
TRAIN_02879,0.008449689
TRAIN_02880,0.0049058576
TRAIN_02881,0.010885877
TRAIN_02882,0.0022939711
TRAIN_02883,0.0038225467
TRAIN_02884,0.0016952378
TRAIN_02885,0.0052126856
TRAIN_02886,0.0016419272
TRAIN_02887,0.028964581
TRAIN_02888,0.012238978
TRAIN_02889,0.0061443285
TRAIN_02890,0.012272126
TRAIN_02891,0.0063294317
TRAIN_02892,0.0026803962
TRAIN_02893,0.0050384537
TRAIN_02894,0.0096531715
TRAIN_02895,0.028331427
TRAIN_02896,0.0036907136
TRAIN_02897,0.0116771115
TRAIN_02898,0.0018808652
TRAIN_02899,0.0019252703
TRAIN_02900,0.013291876
TRAIN_02901,0.004837065
TRAIN_02902,0.0063849622
TRAIN_02903,0.020619681
TRAIN_02904,0.03080074
TRAIN_02905,0.0055127745
TRAIN_02906,0.004007463
TRAIN_02907,0.0042518936
TRAIN_02908,0.008747734
TRAIN_02909,0.0032605596
TRAIN_02910,0.0058727926
TRAIN_02911,0.1588273
TRAIN_02912,0.010249584
TRAIN_02913,0.010489045
TRAIN_02914,0.012582627
TRAIN_02915,0.003530533
TRAIN_02916,0.009860498
TRAIN_02917,0.02320994
TRAIN_02918,0.005971188
TRAIN_02919,0.011669506
TRAIN_02920,0.004073173
TRAIN_02921,0.006547536
TRAIN_02922,0.0018532103
TRAIN_02923,0.0072602145
TRAIN_02924,0.0076190466
TRAIN_02925,0.011973004
TRAIN_02926,0.005778483
TRAIN_02927,0.09540705
TRAIN_02928,0.004839818
TRAIN_02929,0.012496949
TRAIN_02930,0.001256331
TRAIN_02931,0.005326047
TRAIN_02932,0.0056585083
TRAIN_02933,0.0015644111
TRAIN_02934,0.0035637605
TRAIN_02935,0.0016828199
TRAIN_02936,0.014184277
TRAIN_02937,0.002218501
TRAIN_02938,0.0048574656
TRAIN_02939,0.004604501
TRAIN_02940,0.0077629797
TRAIN_02941,0.027338812
TRAIN_02942,0.0025233321
TRAIN_02943,0.011439734
TRAIN_02944,0.011982609
TRAIN_02945,0.0037271045
TRAIN_02946,0.0011050228
TRAIN_02947,0.0113610905
TRAIN_02948,0.0054128612
TRAIN_02949,0.0020018518
TRAIN_02950,0.002862105
TRAIN_02951,0.008505858
TRAIN_02952,0.002227543
TRAIN_02953,0.00607115
TRAIN_02954,0.0056706476
TRAIN_02955,0.0022256516
TRAIN_02956,0.026957313
TRAIN_02957,0.003297157
TRAIN_02958,0.0020812158
TRAIN_02959,0.049599595
TRAIN_02960,0.00980769
TRAIN_02961,0.0141911125
TRAIN_02962,0.027026188
TRAIN_02963,0.0072691324
TRAIN_02964,0.010034573
TRAIN_02965,0.0046398723
TRAIN_02966,0.011405568
TRAIN_02967,0.007539344
TRAIN_02968,0.007455415
TRAIN_02969,0.011878572
TRAIN_02970,0.005961478
TRAIN_02971,0.00931837
TRAIN_02972,0.0720529
TRAIN_02973,0.0121417465
TRAIN_02974,0.008286165
TRAIN_02975,0.010163039
TRAIN_02976,0.004812572
TRAIN_02977,0.0019960816
TRAIN_02978,0.012251529
TRAIN_02979,0.020058995
TRAIN_02980,0.0030661016
TRAIN_02981,0.0022838241
TRAIN_02982,0.0022930088
TRAIN_02983,0.0064697796
TRAIN_02984,0.007592088
TRAIN_02985,0.0018086022
TRAIN_02986,0.067077994
TRAIN_02987,0.010690579
TRAIN_02988,0.0054036
TRAIN_02989,0.007979033
TRAIN_02990,0.015304876
TRAIN_02991,0.026071653
TRAIN_02992,0.009213128
TRAIN_02993,0.011744061
TRAIN_02994,0.066644475
TRAIN_02995,0.0037767151
TRAIN_02996,0.0050524776
TRAIN_02997,0.01038015
TRAIN_02998,0.02998094
TRAIN_02999,0.0068228515
TRAIN_03000,0.0058507146
TRAIN_03001,0.0108329225
TRAIN_03002,0.0023925188
TRAIN_03003,0.008753095
TRAIN_03004,0.0058574476
TRAIN_03005,0.0029259888
TRAIN_03006,0.0065071494
TRAIN_03007,0.013233512
TRAIN_03008,0.0027248766
TRAIN_03009,0.005138794
TRAIN_03010,0.0010899731
TRAIN_03011,0.009818277
TRAIN_03012,0.0025170825
TRAIN_03013,0.04690888
TRAIN_03014,0.0062491638
TRAIN_03015,0.002952716
TRAIN_03016,0.020597346
TRAIN_03017,0.031908575
TRAIN_03018,0.011305169
TRAIN_03019,0.0034312583
TRAIN_03020,0.081097804
TRAIN_03021,0.0053318953
TRAIN_03022,0.0026857601
TRAIN_03023,0.009019681
TRAIN_03024,0.008793622
TRAIN_03025,0.015689062
TRAIN_03026,0.005720946
TRAIN_03027,0.021359183
TRAIN_03028,0.004249461
TRAIN_03029,0.019862968
TRAIN_03030,0.0032273263
TRAIN_03031,0.020270115
TRAIN_03032,0.0100713475
TRAIN_03033,0.0013975016
TRAIN_03034,0.004682973
TRAIN_03035,0.010305816
TRAIN_03036,0.0016408374
TRAIN_03037,0.00095985754
TRAIN_03038,0.032513123
TRAIN_03039,0.005268002
TRAIN_03040,0.0054613193
TRAIN_03041,0.004804205
TRAIN_03042,0.005090332
TRAIN_03043,0.008432111
TRAIN_03044,0.00828441
TRAIN_03045,0.0037217997
TRAIN_03046,0.010605956
TRAIN_03047,0.012951811
TRAIN_03048,0.011301838
TRAIN_03049,0.010222233
TRAIN_03050,0.004645596
TRAIN_03051,0.058922555
TRAIN_03052,0.011677258
TRAIN_03053,0.008405003
TRAIN_03054,0.011519372
TRAIN_03055,0.01609436
TRAIN_03056,0.017828463
TRAIN_03057,0.017665785
TRAIN_03058,0.049378525
TRAIN_03059,0.009729319
TRAIN_03060,0.0009393042
TRAIN_03061,0.07731669
TRAIN_03062,0.02456264
TRAIN_03063,0.031250387
TRAIN_03064,0.010245291
TRAIN_03065,0.012171681
TRAIN_03066,0.006938333
TRAIN_03067,0.0023921186
TRAIN_03068,0.010528332
TRAIN_03069,0.0021820997
TRAIN_03070,0.013509797
TRAIN_03071,0.012396618
TRAIN_03072,0.009096614
TRAIN_03073,0.01027568
TRAIN_03074,0.009303019
TRAIN_03075,0.0059515173
TRAIN_03076,0.0054414473
TRAIN_03077,0.02466089
TRAIN_03078,0.0068007014
TRAIN_03079,0.0036986594
TRAIN_03080,0.020421084
TRAIN_03081,0.0056490414
TRAIN_03082,0.008161934
TRAIN_03083,0.0042072334
TRAIN_03084,0.0075374683
TRAIN_03085,0.017012903
TRAIN_03086,0.008033957
TRAIN_03087,0.008736469
TRAIN_03088,0.008844615
TRAIN_03089,0.0069007548
TRAIN_03090,0.0045772567
TRAIN_03091,0.010149968
TRAIN_03092,0.008661593
TRAIN_03093,0.0030089796
TRAIN_03094,0.0103201335
TRAIN_03095,0.011468146
TRAIN_03096,0.004331254
TRAIN_03097,0.009736853
TRAIN_03098,0.008194332
TRAIN_03099,0.0071248594
TRAIN_03100,0.005791781
TRAIN_03101,0.046502486
TRAIN_03102,0.009500419
TRAIN_03103,0.0137693025
TRAIN_03104,0.004573056
TRAIN_03105,0.013052879
TRAIN_03106,0.010786148
TRAIN_03107,0.010322375
TRAIN_03108,0.008142808
TRAIN_03109,0.0065864855
TRAIN_03110,0.0041197683
TRAIN_03111,0.0011918055
TRAIN_03112,0.017696526
TRAIN_03113,0.005627288
TRAIN_03114,0.010850343
TRAIN_03115,0.017925741
TRAIN_03116,0.011049851
TRAIN_03117,0.03028118
TRAIN_03118,0.0038432283
TRAIN_03119,0.00528896
TRAIN_03120,0.027405707
TRAIN_03121,0.004914092
TRAIN_03122,0.0050116307
TRAIN_03123,0.006352984
TRAIN_03124,0.014697485
TRAIN_03125,0.012664523
TRAIN_03126,0.008122793
TRAIN_03127,0.04695316
TRAIN_03128,0.009778799
TRAIN_03129,0.006207716
TRAIN_03130,0.013525636
TRAIN_03131,0.009993536
TRAIN_03132,0.006432267
TRAIN_03133,0.0071297535
TRAIN_03134,0.010142289
TRAIN_03135,0.03399464
TRAIN_03136,0.0014502094
TRAIN_03137,0.0061990777
TRAIN_03138,0.0024302253
TRAIN_03139,0.0046365005
TRAIN_03140,0.009351663
TRAIN_03141,0.0030784989
TRAIN_03142,0.0034031195
TRAIN_03143,0.014053117
TRAIN_03144,0.0010963896
TRAIN_03145,0.008580512
TRAIN_03146,0.01766302
TRAIN_03147,0.0028948484
TRAIN_03148,0.012472085
TRAIN_03149,0.0026514835
TRAIN_03150,0.01633104
TRAIN_03151,0.007117796
TRAIN_03152,0.0077333376
TRAIN_03153,0.0069433353
TRAIN_03154,0.0052429875
TRAIN_03155,0.005766128
TRAIN_03156,0.0077364785
TRAIN_03157,0.009852443
TRAIN_03158,0.005419496
TRAIN_03159,0.011935727
TRAIN_03160,0.0026748243
TRAIN_03161,0.008388276
TRAIN_03162,0.008172959
TRAIN_03163,0.01042622
TRAIN_03164,0.002662964
TRAIN_03165,0.007415129
TRAIN_03166,0.007400073
TRAIN_03167,0.014637807
TRAIN_03168,0.037750706
TRAIN_03169,0.022231732
TRAIN_03170,0.005474711
TRAIN_03171,0.01112688
TRAIN_03172,0.024857713
TRAIN_03173,0.00045099456
TRAIN_03174,0.012544564
TRAIN_03175,0.005976555
TRAIN_03176,0.027207145
TRAIN_03177,0.003595227
TRAIN_03178,0.029239
TRAIN_03179,0.0034977056
TRAIN_03180,0.012574851
TRAIN_03181,0.021333724
TRAIN_03182,0.0046594236
TRAIN_03183,0.009278658
TRAIN_03184,0.0032357383
TRAIN_03185,0.01040378
TRAIN_03186,0.00847714
TRAIN_03187,0.0019922007
TRAIN_03188,0.0013450086
TRAIN_03189,0.005106159
TRAIN_03190,0.0008739898
TRAIN_03191,0.013187903
TRAIN_03192,0.0067766784
TRAIN_03193,0.0015021827
TRAIN_03194,0.015757054
TRAIN_03195,0.0024662924
TRAIN_03196,0.008112087
TRAIN_03197,0.006385605
TRAIN_03198,0.11390665
TRAIN_03199,0.013982189
TRAIN_03200,0.009190903
TRAIN_03201,0.035424884
TRAIN_03202,0.021730727
TRAIN_03203,0.0059530833
TRAIN_03204,0.01692351
TRAIN_03205,0.004419976
TRAIN_03206,0.0031751546
TRAIN_03207,0.0077875354
TRAIN_03208,0.0072261444
TRAIN_03209,0.009779572
TRAIN_03210,0.01118355
TRAIN_03211,0.009789275
TRAIN_03212,0.012242912
TRAIN_03213,0.0077955294
TRAIN_03214,0.01204943
TRAIN_03215,0.07402043
TRAIN_03216,0.061768893
TRAIN_03217,0.005089533
TRAIN_03218,0.0170141
TRAIN_03219,0.007898623
TRAIN_03220,0.008666818
TRAIN_03221,0.007106007
TRAIN_03222,0.088467315
TRAIN_03223,0.009599949
TRAIN_03224,0.002367782
TRAIN_03225,0.009530674
TRAIN_03226,0.0077090235
TRAIN_03227,0.0017806155
TRAIN_03228,0.012447354
TRAIN_03229,0.010982106
TRAIN_03230,0.16801281
TRAIN_03231,0.013041156
TRAIN_03232,0.004917068
TRAIN_03233,0.006445011
TRAIN_03234,0.10850329
TRAIN_03235,0.0043357364
TRAIN_03236,0.00093981024
TRAIN_03237,0.036657277
TRAIN_03238,0.001982265
TRAIN_03239,0.011746716
TRAIN_03240,0.001368534
TRAIN_03241,0.0052271765
TRAIN_03242,0.024849545
TRAIN_03243,0.011810628
TRAIN_03244,0.0051587503
TRAIN_03245,0.0050455322
TRAIN_03246,0.008741773
TRAIN_03247,0.013797719
TRAIN_03248,0.012405387
TRAIN_03249,0.008323246
TRAIN_03250,0.0014343247
TRAIN_03251,0.0018574048
TRAIN_03252,0.0035343699
TRAIN_03253,0.0018641464
TRAIN_03254,0.024651742
TRAIN_03255,0.010729862
TRAIN_03256,0.0034851097
TRAIN_03257,0.015552067
TRAIN_03258,0.0036253254
TRAIN_03259,0.013658426
TRAIN_03260,0.0073226555
TRAIN_03261,0.11072298
TRAIN_03262,0.021221438
TRAIN_03263,0.011071463
TRAIN_03264,0.006450234
TRAIN_03265,0.0116011975
TRAIN_03266,0.0021523163
TRAIN_03267,0.0052961996
TRAIN_03268,0.053335056
TRAIN_03269,0.0059560505
TRAIN_03270,0.0038106465
TRAIN_03271,0.010012866
TRAIN_03272,0.013464221
TRAIN_03273,0.009226514
TRAIN_03274,0.005404475
TRAIN_03275,0.0121622225
TRAIN_03276,0.013510022
TRAIN_03277,0.005849457
TRAIN_03278,0.017015874
TRAIN_03279,0.014461351
TRAIN_03280,0.0076538655
TRAIN_03281,0.013309456
TRAIN_03282,0.028389739
TRAIN_03283,0.0050842077
TRAIN_03284,0.049138382
TRAIN_03285,0.0055653164
TRAIN_03286,0.008455503
TRAIN_03287,0.013529523
TRAIN_03288,0.04375676
TRAIN_03289,0.0013210693
TRAIN_03290,0.008210565
TRAIN_03291,0.0039068344
TRAIN_03292,0.0032886262
TRAIN_03293,0.0027264196
TRAIN_03294,0.006515222
TRAIN_03295,0.006604693
TRAIN_03296,0.002462916
TRAIN_03297,0.0076314546
TRAIN_03298,0.0025261317
TRAIN_03299,0.005122197
TRAIN_03300,0.002152971
TRAIN_03301,0.0029906644
TRAIN_03302,0.011991313
TRAIN_03303,0.057970114
TRAIN_03304,0.002526266
TRAIN_03305,0.004951487
TRAIN_03306,0.006779602
TRAIN_03307,0.039637767
TRAIN_03308,0.004920784
TRAIN_03309,0.004606785
TRAIN_03310,0.0041777305
TRAIN_03311,0.0069521274
TRAIN_03312,0.010927449
TRAIN_03313,0.007368341
TRAIN_03314,0.013736861
TRAIN_03315,0.011556639
TRAIN_03316,0.014357727
TRAIN_03317,0.013265013
TRAIN_03318,0.0020945529
TRAIN_03319,0.010029018
TRAIN_03320,0.030464565
TRAIN_03321,0.016453715
TRAIN_03322,0.0048128446
TRAIN_03323,0.011068861
TRAIN_03324,0.07914526
TRAIN_03325,0.015556705
TRAIN_03326,0.0034094295
TRAIN_03327,0.0068828105
TRAIN_03328,0.0038721163
TRAIN_03329,0.011855096
TRAIN_03330,0.012382298
TRAIN_03331,0.04202495
TRAIN_03332,0.0038000718
TRAIN_03333,0.0029293792
TRAIN_03334,0.014830373
TRAIN_03335,0.006525731
TRAIN_03336,0.026282864
TRAIN_03337,0.006209525
TRAIN_03338,0.016857995
TRAIN_03339,0.011532687
TRAIN_03340,0.012007606
TRAIN_03341,0.013784199
TRAIN_03342,0.0055481335
TRAIN_03343,0.01089964
TRAIN_03344,0.004901557
TRAIN_03345,0.0058401413
TRAIN_03346,0.007692768
TRAIN_03347,0.017131992
TRAIN_03348,0.01517917
TRAIN_03349,0.001962687
TRAIN_03350,0.0064294753
TRAIN_03351,0.053653497
TRAIN_03352,0.02654754
TRAIN_03353,0.015095487
TRAIN_03354,0.0077438545
TRAIN_03355,0.029268257
TRAIN_03356,0.0025175193
TRAIN_03357,0.011651019
TRAIN_03358,0.014194564
TRAIN_03359,0.007928205
TRAIN_03360,0.012955805
TRAIN_03361,0.012279951
TRAIN_03362,0.0008809086
TRAIN_03363,0.005036041
TRAIN_03364,0.016436955
TRAIN_03365,0.007236423
TRAIN_03366,0.0106874285
TRAIN_03367,0.010457432
TRAIN_03368,0.010266616
TRAIN_03369,0.011682682
TRAIN_03370,0.022431077
TRAIN_03371,0.010905723
TRAIN_03372,0.017630374
TRAIN_03373,0.006662131
TRAIN_03374,0.012482414
TRAIN_03375,0.05046298
TRAIN_03376,0.009610481
TRAIN_03377,0.005499853
TRAIN_03378,0.010499384
TRAIN_03379,0.011234242
TRAIN_03380,0.010511566
TRAIN_03381,0.010515021
TRAIN_03382,0.0049481136
TRAIN_03383,0.007696422
TRAIN_03384,0.0019373101
TRAIN_03385,0.006498076
TRAIN_03386,0.004036729
TRAIN_03387,0.0153765455
TRAIN_03388,0.0073112897
TRAIN_03389,0.00309165
TRAIN_03390,0.012802455
TRAIN_03391,0.021179622
TRAIN_03392,0.009485398
TRAIN_03393,0.008613599
TRAIN_03394,0.00921612
TRAIN_03395,0.010580317
TRAIN_03396,0.011096555
TRAIN_03397,0.002539759
TRAIN_03398,0.01356445
TRAIN_03399,0.0057265386
TRAIN_03400,0.0015176507
TRAIN_03401,0.0029122632
TRAIN_03402,0.013602465
TRAIN_03403,0.010294863
TRAIN_03404,0.012924947
TRAIN_03405,0.0008975842
TRAIN_03406,0.009092566
TRAIN_03407,0.0066107996
TRAIN_03408,0.0014681084
TRAIN_03409,0.021157062
TRAIN_03410,0.0027685212
TRAIN_03411,0.0013575424
TRAIN_03412,0.010046516
TRAIN_03413,0.016351422
TRAIN_03414,0.011154671
TRAIN_03415,0.0012852447
TRAIN_03416,0.057967756
TRAIN_03417,0.010876756
TRAIN_03418,0.008073034
TRAIN_03419,0.008443413
TRAIN_03420,0.007455686
TRAIN_03421,0.0069006397
TRAIN_03422,0.0007114243
TRAIN_03423,0.013711917
TRAIN_03424,0.012665001
TRAIN_03425,0.011120415
TRAIN_03426,0.0020429697
TRAIN_03427,0.00025851137
TRAIN_03428,0.0071303244
TRAIN_03429,0.0063728886
TRAIN_03430,0.02138088
TRAIN_03431,0.002649858
TRAIN_03432,0.010723484
TRAIN_03433,0.087666355
TRAIN_03434,0.012449218
TRAIN_03435,0.0019102183
TRAIN_03436,0.0625599
TRAIN_03437,0.0032880327
TRAIN_03438,0.036280748
TRAIN_03439,0.013601201
TRAIN_03440,0.0056440094
TRAIN_03441,0.0031625612
TRAIN_03442,0.005329034
TRAIN_03443,0.005450025
TRAIN_03444,0.01029616
TRAIN_03445,0.013705011
TRAIN_03446,0.017068004
TRAIN_03447,0.008187648
TRAIN_03448,0.014259726
TRAIN_03449,0.0067513604
TRAIN_03450,0.0019421173
TRAIN_03451,0.010311852
TRAIN_03452,0.00884192
TRAIN_03453,0.007380835
TRAIN_03454,0.10248812
TRAIN_03455,0.019397741
TRAIN_03456,0.0071293246
TRAIN_03457,0.0088793235
TRAIN_03458,0.012017918
TRAIN_03459,0.018123148
TRAIN_03460,0.026315179
TRAIN_03461,0.0033971856
TRAIN_03462,0.0076795793
TRAIN_03463,0.008851335
TRAIN_03464,0.015315313
TRAIN_03465,0.009512493
TRAIN_03466,0.008889616
TRAIN_03467,0.0008881613
TRAIN_03468,0.0038243835
TRAIN_03469,0.0074336296
TRAIN_03470,0.0119766025
TRAIN_03471,0.035393976
TRAIN_03472,0.006779305
TRAIN_03473,0.065467075
TRAIN_03474,0.0287489
TRAIN_03475,0.00691039
TRAIN_03476,0.01413647
TRAIN_03477,0.04839267
TRAIN_03478,0.006898119
TRAIN_03479,0.00610746
TRAIN_03480,0.0062069637
TRAIN_03481,0.01615457
TRAIN_03482,0.019725801
TRAIN_03483,0.011795923
TRAIN_03484,0.00930287
TRAIN_03485,0.0036506834
TRAIN_03486,0.0066291178
TRAIN_03487,0.0025774215
TRAIN_03488,0.0037084548
TRAIN_03489,0.0012864982
TRAIN_03490,0.006733614
TRAIN_03491,0.022440763
TRAIN_03492,0.004088231
TRAIN_03493,0.011301644
TRAIN_03494,0.005550964
TRAIN_03495,0.0020701399
TRAIN_03496,0.012664337
TRAIN_03497,0.0030682988
TRAIN_03498,0.007221735
TRAIN_03499,0.002903725
TRAIN_03500,0.020882959
TRAIN_03501,0.031087307
TRAIN_03502,0.007645524
TRAIN_03503,0.030795025
TRAIN_03504,0.00833432
TRAIN_03505,0.010547611
TRAIN_03506,0.0067954627
TRAIN_03507,0.007205585
TRAIN_03508,0.0045490954
TRAIN_03509,0.0053868126
TRAIN_03510,0.012842084
TRAIN_03511,0.0030780507
TRAIN_03512,0.0037453298
TRAIN_03513,0.020170748
TRAIN_03514,0.0051488145
TRAIN_03515,0.0143067045
TRAIN_03516,0.0016143745
TRAIN_03517,0.008644373
TRAIN_03518,0.005708154
TRAIN_03519,0.04296279
TRAIN_03520,0.0067021823
TRAIN_03521,0.009174618
TRAIN_03522,0.011529433
TRAIN_03523,0.01478434
TRAIN_03524,0.0018147866
TRAIN_03525,0.010760758
TRAIN_03526,0.11585196
TRAIN_03527,0.009678948
TRAIN_03528,0.00773292
TRAIN_03529,0.0021429106
TRAIN_03530,0.021084525
TRAIN_03531,0.012590199
TRAIN_03532,0.010547291
TRAIN_03533,0.0025029692
TRAIN_03534,0.0079968255
TRAIN_03535,0.018312918
TRAIN_03536,0.013328344
TRAIN_03537,0.008936683
TRAIN_03538,0.0027731014
TRAIN_03539,0.0054031718
TRAIN_03540,0.0031319738
TRAIN_03541,0.06544645
TRAIN_03542,0.016382897
TRAIN_03543,0.052982353
TRAIN_03544,0.001687457
TRAIN_03545,0.004605813
TRAIN_03546,0.0097076055
TRAIN_03547,0.006707799
TRAIN_03548,0.006478642
TRAIN_03549,0.004751013
TRAIN_03550,0.01200553
TRAIN_03551,0.019677907
TRAIN_03552,0.011986099
TRAIN_03553,0.0055915737
TRAIN_03554,0.010678803
TRAIN_03555,0.027014976
TRAIN_03556,0.0026461475
TRAIN_03557,0.00092588924
TRAIN_03558,0.0025067243
TRAIN_03559,0.010603077
TRAIN_03560,0.0057260487
TRAIN_03561,0.0074025155
TRAIN_03562,0.01683724
TRAIN_03563,0.008604945
TRAIN_03564,0.029447066
TRAIN_03565,0.0035149723
TRAIN_03566,0.008711176
TRAIN_03567,0.005934899
TRAIN_03568,0.013071728
TRAIN_03569,0.0013846777
TRAIN_03570,0.004309787
TRAIN_03571,0.0034433191
TRAIN_03572,0.004062187
TRAIN_03573,0.0037649507
TRAIN_03574,0.05679331
TRAIN_03575,0.002952357
TRAIN_03576,0.012866068
TRAIN_03577,0.0040858
TRAIN_03578,0.0058581945
TRAIN_03579,0.004264373
TRAIN_03580,0.03259317
TRAIN_03581,0.049084898
TRAIN_03582,0.00304172
TRAIN_03583,0.013375895
TRAIN_03584,0.0056741815
TRAIN_03585,0.010383508
TRAIN_03586,0.0022858712
TRAIN_03587,0.010558108
TRAIN_03588,0.0008132629
TRAIN_03589,0.029794756
TRAIN_03590,0.009987111
TRAIN_03591,0.0038042658
TRAIN_03592,0.023356542
TRAIN_03593,0.0059764106
TRAIN_03594,0.0054643853
TRAIN_03595,0.00788235
TRAIN_03596,0.0075946217
TRAIN_03597,0.0062521845
TRAIN_03598,0.06897772
TRAIN_03599,0.0036674065
TRAIN_03600,0.006043984
TRAIN_03601,0.021438845
TRAIN_03602,0.02981647
TRAIN_03603,0.0032068396
TRAIN_03604,0.0015343449
TRAIN_03605,0.0031478298
TRAIN_03606,0.0016622196
TRAIN_03607,0.0012539686
TRAIN_03608,0.009760657
TRAIN_03609,0.005970142
TRAIN_03610,0.009167918
TRAIN_03611,0.013605097
TRAIN_03612,0.003938965
TRAIN_03613,0.013129714
TRAIN_03614,0.01190162
TRAIN_03615,0.021660022
TRAIN_03616,0.015669562
TRAIN_03617,0.010230167
TRAIN_03618,0.014455711
TRAIN_03619,0.009356967
TRAIN_03620,0.006869318
TRAIN_03621,0.060722854
TRAIN_03622,0.094516136
TRAIN_03623,0.014632003
TRAIN_03624,0.0018507417
TRAIN_03625,0.006508018
TRAIN_03626,0.019255139
TRAIN_03627,0.0019850251
TRAIN_03628,0.011515259
TRAIN_03629,0.011825568
TRAIN_03630,0.01739511
TRAIN_03631,0.008270795
TRAIN_03632,0.00874675
TRAIN_03633,0.012339058
TRAIN_03634,0.008056784
TRAIN_03635,0.004989137
TRAIN_03636,0.006434566
TRAIN_03637,0.002330454
TRAIN_03638,0.014002943
TRAIN_03639,0.010059331
TRAIN_03640,0.00093724026
TRAIN_03641,0.012559698
TRAIN_03642,0.013244742
TRAIN_03643,0.005415597
TRAIN_03644,0.013533835
TRAIN_03645,0.0025136499
TRAIN_03646,0.009740783
TRAIN_03647,0.0015227952
TRAIN_03648,0.0031937903
TRAIN_03649,0.0074735046
TRAIN_03650,0.00047858251
TRAIN_03651,0.02008943
TRAIN_03652,0.016377328
TRAIN_03653,0.043619607
TRAIN_03654,0.003342226
TRAIN_03655,0.014182722
TRAIN_03656,0.010579342
TRAIN_03657,0.0011685716
TRAIN_03658,0.013174726
TRAIN_03659,0.00987167
TRAIN_03660,0.013365261
TRAIN_03661,0.011900352
TRAIN_03662,0.0010180994
TRAIN_03663,0.013832789
TRAIN_03664,0.021667045
TRAIN_03665,0.007616767
TRAIN_03666,0.00095553976
TRAIN_03667,0.054718897
TRAIN_03668,0.10209057
TRAIN_03669,0.011048618
TRAIN_03670,0.006956649
TRAIN_03671,0.003914321
TRAIN_03672,0.007840402
TRAIN_03673,0.007350249
TRAIN_03674,0.042988524
TRAIN_03675,0.002860064
TRAIN_03676,0.008467973
TRAIN_03677,0.025764085
TRAIN_03678,0.010893912
TRAIN_03679,0.00845861
TRAIN_03680,0.012729192
TRAIN_03681,0.011015127
TRAIN_03682,0.004523198
TRAIN_03683,0.011063518
TRAIN_03684,0.010947509
TRAIN_03685,0.017375926
TRAIN_03686,0.011945794
TRAIN_03687,0.012163342
TRAIN_03688,0.013128679
TRAIN_03689,0.027263317
TRAIN_03690,0.011653742
TRAIN_03691,0.00434697
TRAIN_03692,0.0054234727
TRAIN_03693,0.01500707
TRAIN_03694,0.0065868725
TRAIN_03695,0.013804418
TRAIN_03696,0.0043476326
TRAIN_03697,0.0066312775
TRAIN_03698,0.007091194
TRAIN_03699,0.014173571
TRAIN_03700,0.016081044
TRAIN_03701,0.014168651
TRAIN_03702,0.007048202
TRAIN_03703,0.017987544
TRAIN_03704,0.010875938
TRAIN_03705,0.003454614
TRAIN_03706,0.00665774
TRAIN_03707,0.0022877967
TRAIN_03708,0.0014758678
TRAIN_03709,0.005748229
TRAIN_03710,0.007909684
TRAIN_03711,0.015620416
TRAIN_03712,0.015020506
TRAIN_03713,0.0065765423
TRAIN_03714,0.0062083784
TRAIN_03715,0.011533655
TRAIN_03716,0.009529651
TRAIN_03717,0.0049372218
TRAIN_03718,0.005808513
TRAIN_03719,0.0043168017
TRAIN_03720,0.004962295
TRAIN_03721,0.008483742
TRAIN_03722,0.031417623
TRAIN_03723,0.014355448
TRAIN_03724,0.006153982
TRAIN_03725,0.006462801
TRAIN_03726,0.0030303218
TRAIN_03727,0.055339646
TRAIN_03728,0.0063469196
TRAIN_03729,0.0039185276
TRAIN_03730,0.013921037
TRAIN_03731,0.07065401
TRAIN_03732,0.0070330813
TRAIN_03733,0.0009778637
TRAIN_03734,0.010506039
TRAIN_03735,0.00871532
TRAIN_03736,0.016158339
TRAIN_03737,0.002532111
TRAIN_03738,0.1159413
TRAIN_03739,0.0054764845
TRAIN_03740,0.012278565
TRAIN_03741,0.039549172
TRAIN_03742,0.0011124068
TRAIN_03743,0.012461809
TRAIN_03744,0.008690577
TRAIN_03745,0.01684722
TRAIN_03746,0.05139734
TRAIN_03747,0.0017073557
TRAIN_03748,0.0044024913
TRAIN_03749,0.013249588
TRAIN_03750,0.0019985514
TRAIN_03751,0.049854968
TRAIN_03752,0.013001451
TRAIN_03753,0.0034793534
TRAIN_03754,0.02512935
TRAIN_03755,0.06740038
TRAIN_03756,0.006765042
TRAIN_03757,0.107843645
TRAIN_03758,0.01163352
TRAIN_03759,0.0042363396
TRAIN_03760,0.0055654864
TRAIN_03761,0.005596042
TRAIN_03762,0.012261676
TRAIN_03763,0.024668239
TRAIN_03764,0.007929171
TRAIN_03765,0.008759812
TRAIN_03766,0.0068881316
TRAIN_03767,0.009416997
TRAIN_03768,0.034624953
TRAIN_03769,0.0015912586
TRAIN_03770,0.005233115
TRAIN_03771,0.0022777885
TRAIN_03772,0.0015853379
TRAIN_03773,0.011785544
TRAIN_03774,0.013515163
TRAIN_03775,0.012391107
TRAIN_03776,0.0020690656
TRAIN_03777,0.00202556
TRAIN_03778,0.008988324
TRAIN_03779,0.009399187
TRAIN_03780,0.020235695
TRAIN_03781,0.0044441004
TRAIN_03782,0.011011033
TRAIN_03783,0.013911562
TRAIN_03784,0.012918612
TRAIN_03785,0.0037062007
TRAIN_03786,0.0057630218
TRAIN_03787,0.0029405379
TRAIN_03788,0.0067248205
TRAIN_03789,0.0064845984
TRAIN_03790,0.012699662
TRAIN_03791,0.0039949873
TRAIN_03792,0.008995994
TRAIN_03793,0.017629169
TRAIN_03794,0.012669714
TRAIN_03795,0.006501478
TRAIN_03796,0.0042103003
TRAIN_03797,0.0051388694
TRAIN_03798,0.010168599
TRAIN_03799,0.022297136
TRAIN_03800,0.0033715586
TRAIN_03801,0.013468468
TRAIN_03802,0.0044006016
TRAIN_03803,0.041765068
TRAIN_03804,0.024578407
TRAIN_03805,0.0015596237
TRAIN_03806,0.0074729496
TRAIN_03807,0.0009227232
TRAIN_03808,0.013531327
TRAIN_03809,0.07947761
TRAIN_03810,0.0049910387
TRAIN_03811,0.00527348
TRAIN_03812,0.04764921
TRAIN_03813,0.011342246
TRAIN_03814,0.015117056
TRAIN_03815,0.0040273853
TRAIN_03816,0.0080711115
TRAIN_03817,0.0015916317
TRAIN_03818,0.04330292
TRAIN_03819,0.0054205125
TRAIN_03820,0.008534329
TRAIN_03821,0.002004986
TRAIN_03822,0.012792309
TRAIN_03823,0.004326106
TRAIN_03824,0.0067354552
TRAIN_03825,0.005223306
TRAIN_03826,0.004900924
TRAIN_03827,0.0031671876
TRAIN_03828,0.001462095
TRAIN_03829,0.0029043935
TRAIN_03830,0.003587561
TRAIN_03831,0.00359366
TRAIN_03832,0.003090308
TRAIN_03833,0.02279083
TRAIN_03834,0.03387876
TRAIN_03835,0.010922034
TRAIN_03836,0.0064595067
TRAIN_03837,0.014202007
TRAIN_03838,0.065506466
TRAIN_03839,0.022147559
TRAIN_03840,0.0054735765
TRAIN_03841,0.012925924
TRAIN_03842,0.008477749
TRAIN_03843,0.0136594605
TRAIN_03844,0.0067840395
TRAIN_03845,0.041589543
TRAIN_03846,0.012465175
TRAIN_03847,0.0023261346
TRAIN_03848,0.010061113
TRAIN_03849,0.0014218977
TRAIN_03850,0.0017691586
TRAIN_03851,0.0063390494
TRAIN_03852,0.006131794
TRAIN_03853,0.022350434
TRAIN_03854,0.0022449677
TRAIN_03855,0.005112139
TRAIN_03856,0.048676424
TRAIN_03857,0.009676452
TRAIN_03858,0.003252442
TRAIN_03859,0.022660837
TRAIN_03860,0.0067554107
TRAIN_03861,0.020230325
TRAIN_03862,0.008143287
TRAIN_03863,0.035904404
TRAIN_03864,0.008993754
TRAIN_03865,0.0065274406
TRAIN_03866,0.0069403932
TRAIN_03867,0.0033920852
TRAIN_03868,0.027359976
TRAIN_03869,0.00430016
TRAIN_03870,0.008911079
TRAIN_03871,0.010346531
TRAIN_03872,0.0055367034
TRAIN_03873,0.013619691
TRAIN_03874,0.013629624
TRAIN_03875,0.0104113
TRAIN_03876,0.019493477
TRAIN_03877,0.014217299
TRAIN_03878,0.009587644
TRAIN_03879,0.013901543
TRAIN_03880,0.058355104
TRAIN_03881,0.021216106
TRAIN_03882,0.0031062686
TRAIN_03883,0.00443301
TRAIN_03884,0.0027793592
TRAIN_03885,0.0074548298
TRAIN_03886,0.003651125
TRAIN_03887,0.004206339
TRAIN_03888,0.023649482
TRAIN_03889,0.0031653056
TRAIN_03890,0.0019661007
TRAIN_03891,0.03515487
TRAIN_03892,0.0035102942
TRAIN_03893,0.025659306
TRAIN_03894,0.006119473
TRAIN_03895,0.015161411
TRAIN_03896,0.09633325
TRAIN_03897,0.002243014
TRAIN_03898,0.07584073
TRAIN_03899,0.028814984
TRAIN_03900,0.010176522
TRAIN_03901,0.012203274
TRAIN_03902,0.009437924
TRAIN_03903,0.006313972
TRAIN_03904,0.012284895
TRAIN_03905,0.005550346
TRAIN_03906,0.0060123354
TRAIN_03907,0.003962374
TRAIN_03908,0.0079075685
TRAIN_03909,0.004816492
TRAIN_03910,0.010725878
TRAIN_03911,0.0026022464
TRAIN_03912,0.013017083
TRAIN_03913,0.01448049
TRAIN_03914,0.015224217
TRAIN_03915,0.0037541466
TRAIN_03916,0.007623722
TRAIN_03917,0.0024324819
TRAIN_03918,0.009791279
TRAIN_03919,0.07790236
TRAIN_03920,0.010923244
TRAIN_03921,0.044803277
TRAIN_03922,0.0058221994
TRAIN_03923,0.007901084
TRAIN_03924,0.025856763
TRAIN_03925,0.010435597
TRAIN_03926,0.010542083
TRAIN_03927,0.054055326
TRAIN_03928,0.0137471985
TRAIN_03929,0.003997236
TRAIN_03930,0.010457744
TRAIN_03931,0.0047414633
TRAIN_03932,0.0029944219
TRAIN_03933,0.005128497
TRAIN_03934,0.010789961
TRAIN_03935,0.006221623
TRAIN_03936,0.0024847628
TRAIN_03937,0.0014715437
TRAIN_03938,0.007472155
TRAIN_03939,0.014153545
TRAIN_03940,0.004949182
TRAIN_03941,0.0025350992
TRAIN_03942,0.0050230026
TRAIN_03943,0.0059730615
TRAIN_03944,0.05304491
TRAIN_03945,0.001861379
TRAIN_03946,0.0013451837
TRAIN_03947,0.012078946
TRAIN_03948,0.0074693128
TRAIN_03949,0.020329125
TRAIN_03950,0.055654168
TRAIN_03951,0.06271457
TRAIN_03952,0.010251787
TRAIN_03953,0.009902142
TRAIN_03954,0.0136855915
TRAIN_03955,0.004153789
TRAIN_03956,0.010802307
TRAIN_03957,0.01085132
TRAIN_03958,0.014563411
TRAIN_03959,0.027400365
TRAIN_03960,0.0063427757
TRAIN_03961,0.0068314704
TRAIN_03962,0.012943533
TRAIN_03963,0.005789847
TRAIN_03964,0.0091155395
TRAIN_03965,0.0050947703
TRAIN_03966,0.036551964
TRAIN_03967,0.01295256
TRAIN_03968,0.009624198
TRAIN_03969,0.022417396
TRAIN_03970,0.0043013766
TRAIN_03971,0.009143801
TRAIN_03972,0.009625585
TRAIN_03973,0.020518446
TRAIN_03974,0.014154457
TRAIN_03975,0.023426337
TRAIN_03976,0.004044123
TRAIN_03977,0.010029466
TRAIN_03978,0.012064593
TRAIN_03979,0.015372713
TRAIN_03980,0.008088111
TRAIN_03981,0.014131872
TRAIN_03982,0.008646034
TRAIN_03983,0.0044384417
TRAIN_03984,0.01032958
TRAIN_03985,0.012489889
TRAIN_03986,0.0011658854
TRAIN_03987,0.0139890425
TRAIN_03988,0.0017083965
TRAIN_03989,0.010127914
TRAIN_03990,0.0014987658
TRAIN_03991,0.0037083575
TRAIN_03992,0.046558265
TRAIN_03993,0.0023337612
TRAIN_03994,0.01106367
TRAIN_03995,0.0011950154
TRAIN_03996,0.00089242077
TRAIN_03997,0.0089885555
TRAIN_03998,0.0023758577
TRAIN_03999,0.013005159
TRAIN_04000,0.011830452
TRAIN_04001,0.040723316
TRAIN_04002,0.009685585
TRAIN_04003,0.0022651094
TRAIN_04004,0.021935252
TRAIN_04005,0.011112223
TRAIN_04006,0.0043891254
TRAIN_04007,0.028254583
TRAIN_04008,0.0115624005
TRAIN_04009,0.0054163714
TRAIN_04010,0.003046088
TRAIN_04011,0.0050635245
TRAIN_04012,0.0014961766
TRAIN_04013,0.009255331
TRAIN_04014,0.014481668
TRAIN_04015,0.014616994
TRAIN_04016,0.010341278
TRAIN_04017,0.011836323
TRAIN_04018,0.046257704
TRAIN_04019,0.0018211979
TRAIN_04020,0.017859919
TRAIN_04021,0.0065702028
TRAIN_04022,0.02057846
TRAIN_04023,0.003315388
TRAIN_04024,0.012421195
TRAIN_04025,0.0023720758
TRAIN_04026,0.057526167
TRAIN_04027,0.0120355515
TRAIN_04028,0.0051639965
TRAIN_04029,0.0218341
TRAIN_04030,0.0053267353
TRAIN_04031,0.0074241254
TRAIN_04032,0.0040792283
TRAIN_04033,0.01257714
TRAIN_04034,0.0034106006
TRAIN_04035,0.012003276
TRAIN_04036,0.005028775
TRAIN_04037,0.007158794
TRAIN_04038,0.014425284
TRAIN_04039,0.05873534
TRAIN_04040,0.0010950868
TRAIN_04041,0.011119817
TRAIN_04042,0.0043684477
TRAIN_04043,0.011013563
TRAIN_04044,0.034743413
TRAIN_04045,0.018888544
TRAIN_04046,0.016689392
TRAIN_04047,0.038541224
TRAIN_04048,0.004193296
TRAIN_04049,0.0075266347
TRAIN_04050,0.016015127
TRAIN_04051,0.0012103706
TRAIN_04052,0.02651381
TRAIN_04053,0.011954025
TRAIN_04054,0.0032370558
TRAIN_04055,0.075909205
TRAIN_04056,0.009930307
TRAIN_04057,0.002705388
TRAIN_04058,0.0053216005
TRAIN_04059,0.014262211
TRAIN_04060,0.0012849479
TRAIN_04061,0.013494412
TRAIN_04062,0.0028082766
TRAIN_04063,0.014144175
TRAIN_04064,0.007865425
TRAIN_04065,0.008509377
TRAIN_04066,0.0062881224
TRAIN_04067,0.0029667106
TRAIN_04068,0.016217833
TRAIN_04069,0.011896488
TRAIN_04070,0.004740493
TRAIN_04071,0.002486614
TRAIN_04072,0.0054241107
TRAIN_04073,0.0014380643
TRAIN_04074,0.0052612247
TRAIN_04075,0.0031610723
TRAIN_04076,0.014389311
TRAIN_04077,0.014235945
TRAIN_04078,0.010716957
TRAIN_04079,0.0055263406
TRAIN_04080,0.012316084
TRAIN_04081,0.015537873
TRAIN_04082,0.0048462385
TRAIN_04083,0.014477572
TRAIN_04084,0.014479511
TRAIN_04085,0.010474529
TRAIN_04086,0.02054069
TRAIN_04087,0.08699964
TRAIN_04088,0.011943529
TRAIN_04089,0.013421299
TRAIN_04090,0.0066043176
TRAIN_04091,0.0063668983
TRAIN_04092,0.0016393905
TRAIN_04093,0.0166173
TRAIN_04094,0.016457064
TRAIN_04095,0.0045071463
TRAIN_04096,0.010976995
TRAIN_04097,0.0035393932
TRAIN_04098,0.0134603195
TRAIN_04099,0.010736312
TRAIN_04100,0.009805165
TRAIN_04101,0.007031296
TRAIN_04102,0.013404415
TRAIN_04103,0.03526381
TRAIN_04104,0.016387654
TRAIN_04105,0.0025555475
TRAIN_04106,0.0017221627
TRAIN_04107,0.008051405
TRAIN_04108,0.0037991996
TRAIN_04109,0.0025149295
TRAIN_04110,0.010279585
TRAIN_04111,0.008005084
TRAIN_04112,0.013323696
TRAIN_04113,0.0096773505
TRAIN_04114,0.0011984071
TRAIN_04115,0.010234496
TRAIN_04116,0.0060617854
TRAIN_04117,0.011791679
TRAIN_04118,0.008154717
TRAIN_04119,0.010941983
TRAIN_04120,0.010480208
TRAIN_04121,0.059729133
TRAIN_04122,0.0037836696
TRAIN_04123,0.007275307
TRAIN_04124,0.010321069
TRAIN_04125,0.010812152
TRAIN_04126,0.011865772
TRAIN_04127,0.013732091
TRAIN_04128,0.0029198993
TRAIN_04129,0.0019170011
TRAIN_04130,0.013089648
TRAIN_04131,0.021230027
TRAIN_04132,0.005675746
TRAIN_04133,0.005546815
TRAIN_04134,0.0027337284
TRAIN_04135,0.009340676
TRAIN_04136,0.004894819
TRAIN_04137,0.13385834
TRAIN_04138,0.0052557024
TRAIN_04139,0.0041472223
TRAIN_04140,0.0058628246
TRAIN_04141,0.01355632
TRAIN_04142,0.009026066
TRAIN_04143,0.0029322882
TRAIN_04144,0.010046161
TRAIN_04145,0.0027850785
TRAIN_04146,0.007169693
TRAIN_04147,0.037075676
TRAIN_04148,0.017345546
TRAIN_04149,0.0022156392
TRAIN_04150,0.012451952
TRAIN_04151,0.001269681
TRAIN_04152,0.0129120145
TRAIN_04153,0.024122097
TRAIN_04154,0.0041700928
TRAIN_04155,0.009531238
TRAIN_04156,0.010723749
TRAIN_04157,0.020890651
TRAIN_04158,0.0032854294
TRAIN_04159,0.0015555788
TRAIN_04160,0.010435982
TRAIN_04161,0.011636163
TRAIN_04162,0.0047600106
TRAIN_04163,0.009250921
TRAIN_04164,0.0070516774
TRAIN_04165,0.026463088
TRAIN_04166,0.007186598
TRAIN_04167,0.00029376772
TRAIN_04168,0.005708484
TRAIN_04169,0.0015549065
TRAIN_04170,0.005803168
TRAIN_04171,0.0046214843
TRAIN_04172,0.007827982
TRAIN_04173,0.010408232
TRAIN_04174,0.005692359
TRAIN_04175,0.004167362
TRAIN_04176,0.010426847
TRAIN_04177,0.015505077
TRAIN_04178,0.013191186
TRAIN_04179,0.010015
TRAIN_04180,0.0045982893
TRAIN_04181,0.004493298
TRAIN_04182,0.020378262
TRAIN_04183,0.0070129484
TRAIN_04184,0.043026004
TRAIN_04185,0.013786417
TRAIN_04186,0.0021924214
TRAIN_04187,0.008382421
TRAIN_04188,0.012604097
TRAIN_04189,0.015646014
TRAIN_04190,0.006894753
TRAIN_04191,0.009702447
TRAIN_04192,0.0030090387
TRAIN_04193,0.0012240134
TRAIN_04194,0.013353584
TRAIN_04195,0.0071627605
TRAIN_04196,0.010723599
TRAIN_04197,0.0034686767
TRAIN_04198,0.0041048857
TRAIN_04199,0.010627306
TRAIN_04200,0.011878279
TRAIN_04201,0.011968191
TRAIN_04202,0.013096939
TRAIN_04203,0.0051980373
TRAIN_04204,0.0039904625
TRAIN_04205,0.011507596
TRAIN_04206,0.008827989
TRAIN_04207,0.020250726
TRAIN_04208,0.014950906
TRAIN_04209,0.013918051
TRAIN_04210,0.001678634
TRAIN_04211,0.004134511
TRAIN_04212,0.0035566282
TRAIN_04213,0.020959748
TRAIN_04214,0.022543907
TRAIN_04215,0.0021939669
TRAIN_04216,0.043806974
TRAIN_04217,0.0047893897
TRAIN_04218,0.009424475
TRAIN_04219,0.008068413
TRAIN_04220,0.011642953
TRAIN_04221,0.008146403
TRAIN_04222,0.0017706604
TRAIN_04223,0.012679162
TRAIN_04224,0.008564318
TRAIN_04225,0.0034454577
TRAIN_04226,0.015228269
TRAIN_04227,0.006164858
TRAIN_04228,0.0016988051
TRAIN_04229,0.0025345578
TRAIN_04230,0.026058244
TRAIN_04231,0.007763034
TRAIN_04232,0.011067725
TRAIN_04233,0.003976081
TRAIN_04234,0.014477004
TRAIN_04235,0.012377179
TRAIN_04236,0.0030334552
TRAIN_04237,0.0037835452
TRAIN_04238,0.009317232
TRAIN_04239,0.004126578
TRAIN_04240,0.002796332
TRAIN_04241,0.01424607
TRAIN_04242,0.00094783324
TRAIN_04243,0.014040171
TRAIN_04244,0.009509685
TRAIN_04245,0.006763201
TRAIN_04246,0.002005915
TRAIN_04247,0.012209156
TRAIN_04248,0.008811195
TRAIN_04249,0.004090053
TRAIN_04250,0.0032577312
TRAIN_04251,0.004387762
TRAIN_04252,0.008407452
TRAIN_04253,0.005138777
TRAIN_04254,0.0070668873
TRAIN_04255,0.021908278
TRAIN_04256,0.009006857
TRAIN_04257,0.020737605
TRAIN_04258,0.0045992197
TRAIN_04259,0.005672956
TRAIN_04260,0.011841344
TRAIN_04261,0.00432758
TRAIN_04262,0.010036537
TRAIN_04263,0.012374664
TRAIN_04264,0.011904806
TRAIN_04265,0.013032854
TRAIN_04266,0.0022858325
TRAIN_04267,0.012887986
TRAIN_04268,0.003885828
TRAIN_04269,0.011844719
TRAIN_04270,0.008979375
TRAIN_04271,0.0045368318
TRAIN_04272,0.015904235
TRAIN_04273,0.0012012605
TRAIN_04274,0.0043057655
TRAIN_04275,0.00464701
TRAIN_04276,0.008746568
TRAIN_04277,0.023346812
TRAIN_04278,0.012467626
TRAIN_04279,0.011656777
TRAIN_04280,0.032734778
TRAIN_04281,0.0063623535
TRAIN_04282,0.005098526
TRAIN_04283,0.011119401
TRAIN_04284,0.005906525
TRAIN_04285,0.008877764
TRAIN_04286,0.00549908
TRAIN_04287,0.024390483
TRAIN_04288,0.0018020734
TRAIN_04289,0.011922872
TRAIN_04290,0.0048023774
TRAIN_04291,0.0019539674
TRAIN_04292,0.002123056
TRAIN_04293,0.011579672
TRAIN_04294,0.013381884
TRAIN_04295,0.000715612
TRAIN_04296,0.013626928
TRAIN_04297,0.014195547
TRAIN_04298,0.0051364372
TRAIN_04299,0.04392194
TRAIN_04300,0.008070631
TRAIN_04301,0.007527434
TRAIN_04302,0.02260424
TRAIN_04303,0.00047964204
TRAIN_04304,0.010983083
TRAIN_04305,0.010453558
TRAIN_04306,0.0075748106
TRAIN_04307,0.010274539
TRAIN_04308,0.01322557
TRAIN_04309,0.012657802
TRAIN_04310,0.006864711
TRAIN_04311,0.001175274
TRAIN_04312,0.017186906
TRAIN_04313,0.0134222135
TRAIN_04314,0.008250747
TRAIN_04315,0.010349864
TRAIN_04316,0.0071223327
TRAIN_04317,0.009627199
TRAIN_04318,0.008374718
TRAIN_04319,0.00732745
TRAIN_04320,0.036792688
TRAIN_04321,0.010732926
TRAIN_04322,0.005543111
TRAIN_04323,0.0065699746
TRAIN_04324,0.0040992424
TRAIN_04325,0.015301388
TRAIN_04326,0.006474626
TRAIN_04327,0.01223285
TRAIN_04328,0.0056533855
TRAIN_04329,0.005115226
TRAIN_04330,0.011787596
TRAIN_04331,0.008842368
TRAIN_04332,0.023837246
TRAIN_04333,0.014510907
TRAIN_04334,0.026432438
TRAIN_04335,0.013990335
TRAIN_04336,0.0010319059
TRAIN_04337,0.012041509
TRAIN_04338,0.0113959275
TRAIN_04339,0.0033837145
TRAIN_04340,0.010301974
TRAIN_04341,0.0034430288
TRAIN_04342,0.051767044
TRAIN_04343,0.003987927
TRAIN_04344,0.012298092
TRAIN_04345,0.008072457
TRAIN_04346,0.013158716
TRAIN_04347,0.010301935
TRAIN_04348,0.0057325372
TRAIN_04349,0.0023821166
TRAIN_04350,0.020757556
TRAIN_04351,0.036460876
TRAIN_04352,0.015394341
TRAIN_04353,0.010262165
TRAIN_04354,0.08758477
TRAIN_04355,0.018657733
TRAIN_04356,0.006761464
TRAIN_04357,0.0025338582
TRAIN_04358,0.0059050573
TRAIN_04359,0.010142472
TRAIN_04360,0.0075669778
TRAIN_04361,0.014248057
TRAIN_04362,0.0027157683
TRAIN_04363,0.00921221
TRAIN_04364,0.00584928
TRAIN_04365,0.083520055
TRAIN_04366,0.014282611
TRAIN_04367,0.010423618
TRAIN_04368,0.010983919
TRAIN_04369,0.009910671
TRAIN_04370,0.009325086
TRAIN_04371,0.007272086
TRAIN_04372,0.0071086404
TRAIN_04373,0.011221492
TRAIN_04374,0.012283346
TRAIN_04375,0.004693194
TRAIN_04376,0.008664821
TRAIN_04377,0.010353053
TRAIN_04378,0.020855242
TRAIN_04379,0.0021899494
TRAIN_04380,0.013683611
TRAIN_04381,0.008591521
TRAIN_04382,0.014944759
TRAIN_04383,0.016167475
TRAIN_04384,0.010152607
TRAIN_04385,0.05545671
TRAIN_04386,0.0045260056
TRAIN_04387,0.0022977223
TRAIN_04388,0.011575409
TRAIN_04389,0.01257203
TRAIN_04390,0.006978546
TRAIN_04391,0.001305786
TRAIN_04392,0.008433521
TRAIN_04393,0.0023441175
TRAIN_04394,0.004856496
TRAIN_04395,0.061257496
TRAIN_04396,0.012614457
TRAIN_04397,0.010933121
TRAIN_04398,0.007893678
TRAIN_04399,0.0049725287
TRAIN_04400,0.0064668963
TRAIN_04401,0.0058802017
TRAIN_04402,0.006619067
TRAIN_04403,0.011387839
TRAIN_04404,0.0027572818
TRAIN_04405,0.0013347187
TRAIN_04406,0.032259922
TRAIN_04407,0.022939026
TRAIN_04408,0.0021380077
TRAIN_04409,0.0013264976
TRAIN_04410,0.01093863
TRAIN_04411,0.01779219
TRAIN_04412,0.014250473
TRAIN_04413,0.0028200578
TRAIN_04414,0.003985728
TRAIN_04415,0.034473658
TRAIN_04416,0.0056377887
TRAIN_04417,0.0044632
TRAIN_04418,0.006974105
TRAIN_04419,0.0037389693
TRAIN_04420,0.016434373
TRAIN_04421,0.0020642248
TRAIN_04422,0.018102167
TRAIN_04423,0.01071717
TRAIN_04424,0.009286102
TRAIN_04425,0.009764452
TRAIN_04426,0.010428483
TRAIN_04427,0.0012733355
TRAIN_04428,0.013885741
TRAIN_04429,0.020418815
TRAIN_04430,0.023167267
TRAIN_04431,0.003921088
TRAIN_04432,0.030371271
TRAIN_04433,0.017318973
TRAIN_04434,0.0034614252
TRAIN_04435,0.01394987
TRAIN_04436,0.0017886361
TRAIN_04437,0.008473673
TRAIN_04438,0.0057270783
TRAIN_04439,0.013126222
TRAIN_04440,0.005236121
TRAIN_04441,0.009135422
TRAIN_04442,0.005078789
TRAIN_04443,0.0020909612
TRAIN_04444,0.039658166
TRAIN_04445,0.0046792924
TRAIN_04446,0.01012742
TRAIN_04447,0.0050824448
TRAIN_04448,0.012133237
TRAIN_04449,0.0029681278
TRAIN_04450,0.016299918
TRAIN_04451,0.017560177
TRAIN_04452,0.0070861056
TRAIN_04453,0.0025725786
TRAIN_04454,0.0045248545
TRAIN_04455,0.002820784
TRAIN_04456,0.0046743117
TRAIN_04457,0.005238202
TRAIN_04458,0.0024197018
TRAIN_04459,0.07077045
TRAIN_04460,0.010722226
TRAIN_04461,0.021808961
TRAIN_04462,0.0069080717
TRAIN_04463,0.037111487
TRAIN_04464,0.014116808
TRAIN_04465,0.024987653
TRAIN_04466,0.025418503
TRAIN_04467,0.01138066
TRAIN_04468,0.008065454
TRAIN_04469,0.004856777
TRAIN_04470,0.009159937
TRAIN_04471,0.0030311549
TRAIN_04472,0.005912211
TRAIN_04473,0.01350097
TRAIN_04474,0.010885599
TRAIN_04475,0.00082117174
TRAIN_04476,0.010496401
TRAIN_04477,0.037267964
TRAIN_04478,0.0033330969
TRAIN_04479,0.014729754
TRAIN_04480,0.0019866342
TRAIN_04481,0.08662864
TRAIN_04482,0.008913163
TRAIN_04483,0.014620972
TRAIN_04484,0.042484388
TRAIN_04485,0.0056090145
TRAIN_04486,0.005134024
TRAIN_04487,0.010026653
TRAIN_04488,0.007988318
TRAIN_04489,0.007577318
TRAIN_04490,0.0025849903
TRAIN_04491,0.015496536
TRAIN_04492,0.0037632755
TRAIN_04493,0.014045475
TRAIN_04494,0.0046851914
TRAIN_04495,0.005736904
TRAIN_04496,0.0068299007
TRAIN_04497,0.009570972
TRAIN_04498,0.015627692
TRAIN_04499,0.005031404
TRAIN_04500,0.0043574194
TRAIN_04501,0.009125307
TRAIN_04502,0.014344486
TRAIN_04503,0.010926199
TRAIN_04504,0.013941123
TRAIN_04505,0.016983554
TRAIN_04506,0.0073840697
TRAIN_04507,0.0027440465
TRAIN_04508,0.007930176
TRAIN_04509,0.0012655484
TRAIN_04510,0.0059940456
TRAIN_04511,0.0053905
TRAIN_04512,0.0006951353
TRAIN_04513,0.035859846
TRAIN_04514,0.0032396244
TRAIN_04515,0.0062904796
TRAIN_04516,0.013339654
TRAIN_04517,0.011653293
TRAIN_04518,0.021240883
TRAIN_04519,0.00550832
TRAIN_04520,0.004858377
TRAIN_04521,0.009785348
TRAIN_04522,0.00735128
TRAIN_04523,0.020521158
TRAIN_04524,0.0055711516
TRAIN_04525,0.01789214
TRAIN_04526,0.0029584283
TRAIN_04527,0.015298638
TRAIN_04528,0.018207058
TRAIN_04529,0.002996445
TRAIN_04530,0.0034163983
TRAIN_04531,0.0136083085
TRAIN_04532,0.008252692
TRAIN_04533,0.0052400604
TRAIN_04534,0.012854325
TRAIN_04535,0.020316677
TRAIN_04536,0.0040056617
TRAIN_04537,0.012627466
TRAIN_04538,0.012364069
TRAIN_04539,0.013272534
TRAIN_04540,0.004949453
TRAIN_04541,0.009531094
TRAIN_04542,0.046427503
TRAIN_04543,0.0039637825
TRAIN_04544,0.0037192772
TRAIN_04545,0.02919668
TRAIN_04546,0.001745005
TRAIN_04547,0.01275178
TRAIN_04548,0.0019971891
TRAIN_04549,0.04353136
TRAIN_04550,0.02553841
TRAIN_04551,0.002678528
TRAIN_04552,0.007069367
TRAIN_04553,0.0100357905
TRAIN_04554,0.012408623
TRAIN_04555,0.007602811
TRAIN_04556,0.008477987
TRAIN_04557,0.003920533
TRAIN_04558,0.0030864943
TRAIN_04559,0.0018628928
TRAIN_04560,0.0076967776
TRAIN_04561,0.03303146
TRAIN_04562,0.024444077
TRAIN_04563,0.0026766902
TRAIN_04564,0.007047041
TRAIN_04565,0.0028009717
TRAIN_04566,0.0015472515
TRAIN_04567,0.0037391058
TRAIN_04568,0.021544259
TRAIN_04569,0.0051335464
TRAIN_04570,0.007974015
TRAIN_04571,0.0017602762
TRAIN_04572,0.0054697
TRAIN_04573,0.039543014
TRAIN_04574,0.014396337
TRAIN_04575,0.0054115066
TRAIN_04576,0.010319917
TRAIN_04577,0.0049707815
TRAIN_04578,0.0045950087
TRAIN_04579,0.0415273
TRAIN_04580,0.008302911
TRAIN_04581,0.013334624
TRAIN_04582,0.0026958624
TRAIN_04583,0.004021594
TRAIN_04584,0.0015004411
TRAIN_04585,0.011243175
TRAIN_04586,0.0059357807
TRAIN_04587,0.008606345
TRAIN_04588,0.004150374
TRAIN_04589,0.010094184
TRAIN_04590,0.007799144
TRAIN_04591,0.013098859
TRAIN_04592,0.008834198
TRAIN_04593,0.008429911
TRAIN_04594,0.0035207104
TRAIN_04595,0.0066825096
TRAIN_04596,0.0028638062
TRAIN_04597,0.011140017
TRAIN_04598,0.0031446808
TRAIN_04599,0.007904405
TRAIN_04600,0.012086357
TRAIN_04601,0.008271276
TRAIN_04602,0.0084584765
TRAIN_04603,0.009861535
TRAIN_04604,0.0012036527
TRAIN_04605,0.061381657
TRAIN_04606,0.0077839512
TRAIN_04607,0.0081706755
TRAIN_04608,0.0056293365
TRAIN_04609,0.0013315466
TRAIN_04610,0.012244856
TRAIN_04611,0.015257177
TRAIN_04612,0.0031886015
TRAIN_04613,0.013737794
TRAIN_04614,0.0102365175
TRAIN_04615,0.0016299252
TRAIN_04616,0.020982107
TRAIN_04617,0.010251415
TRAIN_04618,0.017807132
TRAIN_04619,0.0047706077
TRAIN_04620,0.004953548
TRAIN_04621,0.0042742332
TRAIN_04622,0.016380114
TRAIN_04623,0.01066763
TRAIN_04624,0.003999119
TRAIN_04625,0.026607616
TRAIN_04626,0.0067327297
TRAIN_04627,0.035056084
TRAIN_04628,0.014628184
TRAIN_04629,0.012512884
TRAIN_04630,0.006632219
TRAIN_04631,0.012659227
TRAIN_04632,0.022000276
TRAIN_04633,0.009062877
TRAIN_04634,0.01467366
TRAIN_04635,0.006826573
TRAIN_04636,0.005128045
TRAIN_04637,0.0024262394
TRAIN_04638,0.0044220435
TRAIN_04639,0.00247757
TRAIN_04640,0.0090653235
TRAIN_04641,0.023052903
TRAIN_04642,0.002658243
TRAIN_04643,0.009788772
TRAIN_04644,0.012401393
TRAIN_04645,0.05814807
TRAIN_04646,0.010191029
TRAIN_04647,0.009612826
TRAIN_04648,0.012610054
TRAIN_04649,0.010221602
TRAIN_04650,0.006677328
TRAIN_04651,0.0059056077
TRAIN_04652,0.009062514
TRAIN_04653,0.0046267495
TRAIN_04654,0.003639263
TRAIN_04655,0.029371478
TRAIN_04656,0.0026893285
TRAIN_04657,0.00048214188
TRAIN_04658,0.011032422
TRAIN_04659,0.008677823
TRAIN_04660,0.050126567
TRAIN_04661,0.004136351
TRAIN_04662,0.007015253
TRAIN_04663,0.028692465
TRAIN_04664,0.017578863
TRAIN_04665,0.009362378
TRAIN_04666,0.012641439
TRAIN_04667,0.0014311009
TRAIN_04668,0.009096173
TRAIN_04669,0.008490585
TRAIN_04670,0.011933276
TRAIN_04671,0.014335467
TRAIN_04672,0.004962839
TRAIN_04673,0.011852023
TRAIN_04674,0.013561373
TRAIN_04675,0.0016752947
TRAIN_04676,0.006961664
TRAIN_04677,0.00872313
TRAIN_04678,0.0024911556
TRAIN_04679,0.016625412
TRAIN_04680,0.0061999755
TRAIN_04681,0.0029923813
TRAIN_04682,0.1211867
TRAIN_04683,0.0040459526
TRAIN_04684,0.010431151
TRAIN_04685,0.006796515
TRAIN_04686,0.0024526748
TRAIN_04687,0.008269301
TRAIN_04688,0.004202471
TRAIN_04689,0.0054801847
TRAIN_04690,0.0063438104
TRAIN_04691,0.010118341
TRAIN_04692,0.00224137
TRAIN_04693,0.0011236658
TRAIN_04694,0.011722651
TRAIN_04695,0.009791976
TRAIN_04696,0.025392476
TRAIN_04697,0.018191308
TRAIN_04698,0.0024434857
TRAIN_04699,0.0064825295
TRAIN_04700,0.016614709
TRAIN_04701,0.015297051
TRAIN_04702,0.0197767
TRAIN_04703,0.017395994
TRAIN_04704,0.0077158534
TRAIN_04705,0.005906405
TRAIN_04706,0.004610365
TRAIN_04707,0.0019237305
TRAIN_04708,0.004968235
TRAIN_04709,0.0009201561
TRAIN_04710,0.013597629
TRAIN_04711,0.013066724
TRAIN_04712,0.019621892
TRAIN_04713,0.0039670733
TRAIN_04714,0.0029000032
TRAIN_04715,0.0109709175
TRAIN_04716,0.0103025185
TRAIN_04717,0.014343405
TRAIN_04718,0.006476022
TRAIN_04719,0.01777004
TRAIN_04720,0.07784602
TRAIN_04721,0.0068552312
TRAIN_04722,0.0043565305
TRAIN_04723,0.007353063
TRAIN_04724,0.0033531634
TRAIN_04725,0.0021824378
TRAIN_04726,0.02245603
TRAIN_04727,0.01695677
TRAIN_04728,0.0018291773
TRAIN_04729,0.0050948043
TRAIN_04730,0.010446842
TRAIN_04731,0.012658417
TRAIN_04732,0.014500823
TRAIN_04733,0.019398205
TRAIN_04734,0.013633345
TRAIN_04735,0.017323593
TRAIN_04736,0.022347009
TRAIN_04737,0.004073572
TRAIN_04738,0.010457231
TRAIN_04739,0.040370815
TRAIN_04740,0.0010095693
TRAIN_04741,0.014257165
TRAIN_04742,0.013954632
TRAIN_04743,0.005906918
TRAIN_04744,0.000751321
TRAIN_04745,0.0029251315
TRAIN_04746,0.01748876
TRAIN_04747,0.003234903
TRAIN_04748,0.0052036513
TRAIN_04749,0.012355546
TRAIN_04750,0.009914631
TRAIN_04751,0.0046163886
TRAIN_04752,0.010965147
TRAIN_04753,0.0014623064
TRAIN_04754,0.0050048525
TRAIN_04755,0.00096407585
TRAIN_04756,0.006316642
TRAIN_04757,0.003668036
TRAIN_04758,0.020380778
TRAIN_04759,0.011531047
TRAIN_04760,0.002092878
TRAIN_04761,0.020169223
TRAIN_04762,0.013942246
TRAIN_04763,0.006952904
TRAIN_04764,0.013671862
TRAIN_04765,0.0126981065
TRAIN_04766,0.010914193
TRAIN_04767,0.0077496297
TRAIN_04768,0.0052114762
TRAIN_04769,0.0030607558
TRAIN_04770,0.00075676764
TRAIN_04771,0.009483914
TRAIN_04772,0.009499339
TRAIN_04773,0.0011833055
TRAIN_04774,0.0012994513
TRAIN_04775,0.006761807
TRAIN_04776,0.00494518
TRAIN_04777,0.005270773
TRAIN_04778,0.01708781
TRAIN_04779,0.0016544828
TRAIN_04780,0.009209535
TRAIN_04781,0.024335839
TRAIN_04782,0.0044251326
TRAIN_04783,0.007618246
TRAIN_04784,0.012318978
TRAIN_04785,0.013350133
TRAIN_04786,0.0033081432
TRAIN_04787,0.03928499
TRAIN_04788,0.012013984
TRAIN_04789,0.00068608933
TRAIN_04790,0.00417022
TRAIN_04791,0.008622451
TRAIN_04792,0.027461791
TRAIN_04793,0.013304289
TRAIN_04794,0.0113798855
TRAIN_04795,0.0025793635
TRAIN_04796,0.010652774
TRAIN_04797,0.012345243
TRAIN_04798,0.004491203
TRAIN_04799,0.00636762
TRAIN_04800,0.010608707
TRAIN_04801,0.0030031868
TRAIN_04802,0.0074517657
TRAIN_04803,0.008355689
TRAIN_04804,0.020127099
TRAIN_04805,0.0064527653
TRAIN_04806,0.005334984
TRAIN_04807,0.10444648
TRAIN_04808,0.014766081
TRAIN_04809,0.015015027
TRAIN_04810,0.004582864
TRAIN_04811,0.0053532375
TRAIN_04812,0.010885871
TRAIN_04813,0.010326335
TRAIN_04814,0.0051907985
TRAIN_04815,0.044258017
TRAIN_04816,0.015976433
TRAIN_04817,0.01861654
TRAIN_04818,0.002765108
TRAIN_04819,0.0030210502
TRAIN_04820,0.032589648
TRAIN_04821,0.004029172
TRAIN_04822,0.0033996305
TRAIN_04823,0.003581834
TRAIN_04824,0.025405861
TRAIN_04825,0.0019780062
TRAIN_04826,0.007991476
TRAIN_04827,0.012828798
TRAIN_04828,0.00700248
TRAIN_04829,0.008478293
TRAIN_04830,0.042988375
TRAIN_04831,0.0127272
TRAIN_04832,0.013895017
TRAIN_04833,0.0008698386
TRAIN_04834,0.005490013
TRAIN_04835,0.003063996
TRAIN_04836,0.0046239076
TRAIN_04837,0.004104438
TRAIN_04838,0.012702382
TRAIN_04839,0.0051991725
TRAIN_04840,0.0017380513
TRAIN_04841,0.031592723
TRAIN_04842,0.025341682
TRAIN_04843,0.029482082
TRAIN_04844,0.1341561
TRAIN_04845,0.012628756
TRAIN_04846,0.0057607093
TRAIN_04847,0.005177057
TRAIN_04848,0.013230885
TRAIN_04849,0.0047017364
TRAIN_04850,0.017788334
TRAIN_04851,0.0034486684
TRAIN_04852,0.0036681334
TRAIN_04853,0.011209345
TRAIN_04854,0.005731895
TRAIN_04855,0.02923364
TRAIN_04856,0.0043506604
TRAIN_04857,0.002227168
TRAIN_04858,0.003024944
TRAIN_04859,0.009433554
TRAIN_04860,0.018965282
TRAIN_04861,0.010883703
TRAIN_04862,0.002639389
TRAIN_04863,0.012042643
TRAIN_04864,0.014207855
TRAIN_04865,0.014331301
TRAIN_04866,0.009452598
TRAIN_04867,0.021971999
TRAIN_04868,0.003061599
TRAIN_04869,0.004869952
TRAIN_04870,0.014469319
TRAIN_04871,0.010058514
TRAIN_04872,0.012884887
TRAIN_04873,0.073191054
TRAIN_04874,0.0053301426
TRAIN_04875,0.097970285
TRAIN_04876,0.0036118217
TRAIN_04877,0.017300881
TRAIN_04878,0.011028933
TRAIN_04879,0.018866455
TRAIN_04880,0.003191531
TRAIN_04881,0.015880935
TRAIN_04882,0.0053732353
TRAIN_04883,0.010691462
TRAIN_04884,0.018175887
TRAIN_04885,0.001186447
TRAIN_04886,0.031514954
TRAIN_04887,0.023274135
TRAIN_04888,0.006079616
TRAIN_04889,0.0027115871
TRAIN_04890,0.0015364302
TRAIN_04891,0.009419001
TRAIN_04892,0.030373994
TRAIN_04893,0.006103805
TRAIN_04894,0.014063137
TRAIN_04895,0.003758054
TRAIN_04896,0.0021334097
TRAIN_04897,0.0026690273
TRAIN_04898,0.012928411
TRAIN_04899,0.059285525
TRAIN_04900,0.012348575
TRAIN_04901,0.02013343
TRAIN_04902,0.008608354
TRAIN_04903,0.020613505
TRAIN_04904,0.0032774215
TRAIN_04905,0.015107953
TRAIN_04906,0.06367837
TRAIN_04907,0.008418918
TRAIN_04908,0.015934765
TRAIN_04909,0.0012112088
TRAIN_04910,0.00507339
TRAIN_04911,0.018912548
TRAIN_04912,0.006191203
TRAIN_04913,0.004257373
TRAIN_04914,0.007407862
TRAIN_04915,0.0052044727
TRAIN_04916,0.003717264
TRAIN_04917,0.009291654
TRAIN_04918,0.006852153
TRAIN_04919,0.010119452
TRAIN_04920,0.008852548
TRAIN_04921,0.005911734
TRAIN_04922,0.009147726
TRAIN_04923,0.0132770445
TRAIN_04924,0.0060213534
TRAIN_04925,0.038475186
TRAIN_04926,0.004165769
TRAIN_04927,0.01187457
TRAIN_04928,0.005424663
TRAIN_04929,0.009265782
TRAIN_04930,0.0023825143
TRAIN_04931,0.010845132
TRAIN_04932,0.0071670962
TRAIN_04933,0.01440315
TRAIN_04934,0.0023887926
TRAIN_04935,0.0054680593
TRAIN_04936,0.010500856
TRAIN_04937,0.007870715
TRAIN_04938,0.0069959895
TRAIN_04939,0.009554305
TRAIN_04940,0.0462903
TRAIN_04941,0.00039896098
TRAIN_04942,0.007822724
TRAIN_04943,0.0071442886
TRAIN_04944,0.01619646
TRAIN_04945,0.048859276
TRAIN_04946,0.010608647
TRAIN_04947,0.034065295
TRAIN_04948,0.0048447875
TRAIN_04949,0.0045384318
TRAIN_04950,0.004242637
TRAIN_04951,0.011836813
TRAIN_04952,0.007034628
TRAIN_04953,0.007372787
TRAIN_04954,0.0092324875
TRAIN_04955,0.005875006
TRAIN_04956,0.01908033
TRAIN_04957,0.012080773
TRAIN_04958,0.010428544
TRAIN_04959,0.016792161
TRAIN_04960,0.0061578183
TRAIN_04961,0.0049094455
TRAIN_04962,0.0065746782
TRAIN_04963,0.0022217138
TRAIN_04964,0.004782929
TRAIN_04965,0.009417794
TRAIN_04966,0.017259037
TRAIN_04967,0.017525103
TRAIN_04968,0.008868671
TRAIN_04969,0.005482505
TRAIN_04970,0.0040279897
TRAIN_04971,0.04822881
TRAIN_04972,0.014638081
TRAIN_04973,0.005976259
TRAIN_04974,0.03588513
TRAIN_04975,0.017824316
TRAIN_04976,0.004931542
TRAIN_04977,0.044530146
TRAIN_04978,0.0033877
TRAIN_04979,0.0053200605
TRAIN_04980,0.011101636
TRAIN_04981,0.0041855066
TRAIN_04982,0.0032235787
TRAIN_04983,0.0033771903
TRAIN_04984,0.015982775
TRAIN_04985,0.009807116
TRAIN_04986,0.007973397
TRAIN_04987,0.0020478526
TRAIN_04988,0.007469439
TRAIN_04989,0.011096214
TRAIN_04990,0.010766502
TRAIN_04991,0.0031221164
TRAIN_04992,0.008895206
TRAIN_04993,0.0049834345
TRAIN_04994,0.0015741052
TRAIN_04995,0.0061165155
TRAIN_04996,0.0061269817
TRAIN_04997,0.00383556
TRAIN_04998,0.010742674
TRAIN_04999,0.0051455386
TRAIN_05000,0.002622872
TRAIN_05001,0.020629184
TRAIN_05002,0.027572501
TRAIN_05003,0.009851307
TRAIN_05004,0.004715271
TRAIN_05005,0.008591734
TRAIN_05006,0.0070309304
TRAIN_05007,0.007783647
TRAIN_05008,0.0019710266
TRAIN_05009,0.01145306
TRAIN_05010,0.039398335
TRAIN_05011,0.007773382
TRAIN_05012,0.004232079
TRAIN_05013,0.009104897
TRAIN_05014,0.012200439
TRAIN_05015,0.0065800096
TRAIN_05016,0.013254574
TRAIN_05017,0.011945113
TRAIN_05018,0.002438829
TRAIN_05019,0.0025448254
TRAIN_05020,0.00922343
TRAIN_05021,0.1759958
TRAIN_05022,0.05829585
TRAIN_05023,0.010035469
TRAIN_05024,0.007848614
TRAIN_05025,0.010979341
TRAIN_05026,0.0142011335
TRAIN_05027,0.003696376
TRAIN_05028,0.0069676233
TRAIN_05029,0.014492278
TRAIN_05030,0.011440119
TRAIN_05031,0.0017243668
TRAIN_05032,0.017290585
TRAIN_05033,0.004672342
TRAIN_05034,0.022865117
TRAIN_05035,0.005320598
TRAIN_05036,0.09522956
TRAIN_05037,0.010060195
TRAIN_05038,0.011874811
TRAIN_05039,0.007359268
TRAIN_05040,0.003275736
TRAIN_05041,0.0014911891
TRAIN_05042,0.0037049374
TRAIN_05043,0.005915855
TRAIN_05044,0.003624224
TRAIN_05045,0.019435735
TRAIN_05046,0.021232836
TRAIN_05047,0.0028485528
TRAIN_05048,0.0052297167
TRAIN_05049,0.010800999
TRAIN_05050,0.0038664858
TRAIN_05051,0.007968507
TRAIN_05052,0.004692878
TRAIN_05053,0.013784455
TRAIN_05054,0.033551596
TRAIN_05055,0.0056192204
TRAIN_05056,0.011721836
TRAIN_05057,0.0076682763
TRAIN_05058,0.0023083813
TRAIN_05059,0.0049771187
TRAIN_05060,0.0017162022
TRAIN_05061,0.0039024453
TRAIN_05062,0.00861065
TRAIN_05063,0.024484167
TRAIN_05064,0.003428498
TRAIN_05065,0.01154553
TRAIN_05066,0.007840922
TRAIN_05067,0.007297017
TRAIN_05068,0.005149779
TRAIN_05069,0.0021206639
TRAIN_05070,0.010207337
TRAIN_05071,0.003938052
TRAIN_05072,0.009387535
TRAIN_05073,0.0020652984
TRAIN_05074,0.005304151
TRAIN_05075,0.0114193875
TRAIN_05076,0.011992502
TRAIN_05077,0.012136429
TRAIN_05078,0.003163995
TRAIN_05079,0.002742553
TRAIN_05080,0.003921973
TRAIN_05081,0.004925685
TRAIN_05082,0.0046962798
TRAIN_05083,0.059281457
TRAIN_05084,0.0059298743
TRAIN_05085,0.017523983
TRAIN_05086,0.03342169
TRAIN_05087,0.0080606425
TRAIN_05088,0.010580783
TRAIN_05089,0.0066839936
TRAIN_05090,0.0027982476
TRAIN_05091,0.007324541
TRAIN_05092,0.004845918
TRAIN_05093,0.031133277
TRAIN_05094,0.01363313
TRAIN_05095,0.089578494
TRAIN_05096,0.0028772678
TRAIN_05097,0.0074968664
TRAIN_05098,0.006715179
TRAIN_05099,0.058348354
TRAIN_05100,0.030762462
TRAIN_05101,0.10618697
TRAIN_05102,0.00047247877
TRAIN_05103,0.006768006
TRAIN_05104,0.0046556867
TRAIN_05105,0.012217223
TRAIN_05106,0.011868838
TRAIN_05107,0.0026852104
TRAIN_05108,0.0022768814
TRAIN_05109,0.0035989431
TRAIN_05110,0.001512388
TRAIN_05111,0.011970419
TRAIN_05112,0.010851738
TRAIN_05113,0.0121193705
TRAIN_05114,0.008410072
TRAIN_05115,0.003980587
TRAIN_05116,0.006660143
TRAIN_05117,0.014325145
TRAIN_05118,0.025103157
TRAIN_05119,0.016597923
TRAIN_05120,0.02008605
TRAIN_05121,0.0107638445
TRAIN_05122,0.0014676248
TRAIN_05123,0.010900362
TRAIN_05124,0.14535245
TRAIN_05125,0.015157182
TRAIN_05126,0.0066657676
TRAIN_05127,0.013916561
TRAIN_05128,0.037820395
TRAIN_05129,0.0039509935
TRAIN_05130,0.001051677
TRAIN_05131,0.017960774
TRAIN_05132,0.0018286988
TRAIN_05133,0.0015615432
TRAIN_05134,0.01097182
TRAIN_05135,0.008057206
TRAIN_05136,0.012705149
TRAIN_05137,0.044874128
TRAIN_05138,0.011820886
TRAIN_05139,0.0075199762
TRAIN_05140,0.007643826
TRAIN_05141,0.011155279
TRAIN_05142,0.033251602
TRAIN_05143,0.012895015
TRAIN_05144,0.009268806
TRAIN_05145,0.0044680177
TRAIN_05146,0.0021223405
TRAIN_05147,0.022031102
TRAIN_05148,0.00904204
TRAIN_05149,0.008406884
TRAIN_05150,0.0016939073
TRAIN_05151,0.011504392
TRAIN_05152,0.0033580486
TRAIN_05153,0.023586726
TRAIN_05154,0.013624379
TRAIN_05155,0.0036155146
TRAIN_05156,0.010367976
TRAIN_05157,0.01000728
TRAIN_05158,0.0067709293
TRAIN_05159,0.013626618
TRAIN_05160,0.0014140498
TRAIN_05161,0.0030698401
TRAIN_05162,0.013438
TRAIN_05163,0.011110806
TRAIN_05164,0.006596382
TRAIN_05165,0.0052536484
TRAIN_05166,0.0050323214
TRAIN_05167,0.005012779
TRAIN_05168,0.012259907
TRAIN_05169,0.007158509
TRAIN_05170,0.10668665
TRAIN_05171,0.021897115
TRAIN_05172,0.0066665304
TRAIN_05173,0.0012598858
TRAIN_05174,0.036227293
TRAIN_05175,0.012683059
TRAIN_05176,0.013413894
TRAIN_05177,0.0006934744
TRAIN_05178,0.0013699194
TRAIN_05179,0.009852626
TRAIN_05180,0.0131606115
TRAIN_05181,0.16966161
TRAIN_05182,0.0039609503
TRAIN_05183,0.020726267
TRAIN_05184,0.006541628
TRAIN_05185,0.010229739
TRAIN_05186,0.019058006
TRAIN_05187,0.012070835
TRAIN_05188,0.059662245
TRAIN_05189,0.0073502897
TRAIN_05190,0.024390375
TRAIN_05191,0.002499785
TRAIN_05192,0.010124212
TRAIN_05193,0.028785085
TRAIN_05194,0.011455443
TRAIN_05195,0.003863111
TRAIN_05196,0.007556037
TRAIN_05197,0.009396181
TRAIN_05198,0.0017545752
TRAIN_05199,0.008397125
TRAIN_05200,0.0044022994
TRAIN_05201,0.012031269
TRAIN_05202,0.00430317
TRAIN_05203,0.0017805783
TRAIN_05204,0.0018224344
TRAIN_05205,0.006281507
TRAIN_05206,0.03023853
TRAIN_05207,0.13973838
TRAIN_05208,0.009555824
TRAIN_05209,0.002569619
TRAIN_05210,0.046369117
TRAIN_05211,0.0017499367
TRAIN_05212,0.0014109779
TRAIN_05213,0.0037735885
TRAIN_05214,0.008804574
TRAIN_05215,0.0039976435
TRAIN_05216,0.034001246
TRAIN_05217,0.004361881
TRAIN_05218,0.0045227585
TRAIN_05219,0.08713663
TRAIN_05220,0.0014343058
TRAIN_05221,0.13087097
TRAIN_05222,0.0013437747
TRAIN_05223,0.1001395
TRAIN_05224,0.02123166
TRAIN_05225,0.009638249
TRAIN_05226,0.0121440925
TRAIN_05227,0.0054070596
TRAIN_05228,0.0034023717
TRAIN_05229,0.0028945447
TRAIN_05230,0.014425457
TRAIN_05231,0.017275294
TRAIN_05232,0.016971977
TRAIN_05233,0.06248414
TRAIN_05234,0.0033691474
TRAIN_05235,0.010282038
TRAIN_05236,0.0118913455
TRAIN_05237,0.0068238555
TRAIN_05238,0.010547449
TRAIN_05239,0.039023433
TRAIN_05240,0.06612311
TRAIN_05241,0.004546884
TRAIN_05242,0.007013046
TRAIN_05243,0.05035723
TRAIN_05244,0.013869836
TRAIN_05245,0.0044054063
TRAIN_05246,0.0018861011
TRAIN_05247,0.0013185794
TRAIN_05248,0.002553983
TRAIN_05249,0.001422679
TRAIN_05250,0.0008559317
TRAIN_05251,0.0011325012
TRAIN_05252,0.0120964395
TRAIN_05253,0.0034748192
TRAIN_05254,0.012299998
TRAIN_05255,0.0070939916
TRAIN_05256,0.005765056
TRAIN_05257,0.0038310078
TRAIN_05258,0.010652818
TRAIN_05259,0.0039271843
TRAIN_05260,0.0016754639
TRAIN_05261,0.014471123
TRAIN_05262,0.0020033696
TRAIN_05263,0.015670873
TRAIN_05264,0.006363019
TRAIN_05265,0.008394561
TRAIN_05266,0.0027888939
TRAIN_05267,0.009740532
TRAIN_05268,0.004123574
TRAIN_05269,0.00083370105
TRAIN_05270,0.011857118
TRAIN_05271,0.0035993452
TRAIN_05272,0.0014664915
TRAIN_05273,0.013732612
TRAIN_05274,0.009590112
TRAIN_05275,0.0005366669
TRAIN_05276,0.003686573
TRAIN_05277,0.013203289
TRAIN_05278,0.008537316
TRAIN_05279,0.011013915
TRAIN_05280,0.0056060962
TRAIN_05281,0.012528553
TRAIN_05282,0.013375284
TRAIN_05283,0.0065673124
TRAIN_05284,0.018549075
TRAIN_05285,0.010158311
TRAIN_05286,0.009122755
TRAIN_05287,0.027016789
TRAIN_05288,0.0025135064
TRAIN_05289,0.015077736
TRAIN_05290,0.013245453
TRAIN_05291,0.0012409572
TRAIN_05292,0.0036056451
TRAIN_05293,0.015982555
TRAIN_05294,0.011631407
TRAIN_05295,0.010752141
TRAIN_05296,0.009509953
TRAIN_05297,0.003841494
TRAIN_05298,0.002525937
TRAIN_05299,0.005552271
TRAIN_05300,0.010094343
TRAIN_05301,0.014481611
TRAIN_05302,0.02466257
TRAIN_05303,0.06514729
TRAIN_05304,0.005657384
TRAIN_05305,0.0047974186
TRAIN_05306,0.008555166
TRAIN_05307,0.0210656
TRAIN_05308,0.017850295
TRAIN_05309,0.002956019
TRAIN_05310,0.015657308
TRAIN_05311,0.12361012
TRAIN_05312,0.004342211
TRAIN_05313,0.0043850257
TRAIN_05314,0.001352308
TRAIN_05315,0.004760753
TRAIN_05316,0.006414958
TRAIN_05317,0.005185221
TRAIN_05318,0.013739263
TRAIN_05319,0.013820942
TRAIN_05320,0.0029951904
TRAIN_05321,0.0053554773
TRAIN_05322,0.034155294
TRAIN_05323,0.00623787
TRAIN_05324,0.0042188065
TRAIN_05325,0.058297463
TRAIN_05326,0.007378727
TRAIN_05327,0.005327202
TRAIN_05328,0.0109559065
TRAIN_05329,0.0119313635
TRAIN_05330,0.00067780353
TRAIN_05331,0.00489379
TRAIN_05332,0.007942674
TRAIN_05333,0.0037703903
TRAIN_05334,0.0073662307
TRAIN_05335,0.012586897
TRAIN_05336,0.07970886
TRAIN_05337,0.00076367374
TRAIN_05338,0.07218649
TRAIN_05339,0.006799469
TRAIN_05340,0.0953497
TRAIN_05341,0.027581021
TRAIN_05342,0.010193823
TRAIN_05343,0.028555047
TRAIN_05344,0.0035773898
TRAIN_05345,0.009594882
TRAIN_05346,0.002642053
TRAIN_05347,0.00476488
TRAIN_05348,0.011551929
TRAIN_05349,0.010686667
TRAIN_05350,0.0026768772
TRAIN_05351,0.012897181
TRAIN_05352,0.0060062413
TRAIN_05353,0.06897126
TRAIN_05354,0.08078038
TRAIN_05355,0.008243576
TRAIN_05356,0.009775512
TRAIN_05357,0.0073692794
TRAIN_05358,0.021754118
TRAIN_05359,0.0055917315
TRAIN_05360,0.0060535567
TRAIN_05361,0.010789544
TRAIN_05362,0.008890049
TRAIN_05363,0.0021941292
TRAIN_05364,0.02521903
TRAIN_05365,0.008965709
TRAIN_05366,0.010529904
TRAIN_05367,0.09378117
TRAIN_05368,0.043798104
TRAIN_05369,0.0016463903
TRAIN_05370,0.0109899
TRAIN_05371,0.034246806
TRAIN_05372,0.008509719
TRAIN_05373,0.004271016
TRAIN_05374,0.051939808
TRAIN_05375,0.01941311
TRAIN_05376,0.019881552
TRAIN_05377,0.0023598361
TRAIN_05378,0.010782318
TRAIN_05379,0.02601219
TRAIN_05380,0.006927621
TRAIN_05381,0.0103632305
TRAIN_05382,0.021896295
TRAIN_05383,0.011396611
TRAIN_05384,0.0031286478
TRAIN_05385,0.008389633
TRAIN_05386,0.037236087
TRAIN_05387,0.0014168001
TRAIN_05388,0.005028022
TRAIN_05389,0.004618924
TRAIN_05390,0.008705495
TRAIN_05391,0.011960789
TRAIN_05392,0.021100875
TRAIN_05393,0.0034661703
TRAIN_05394,0.0066486993
TRAIN_05395,0.0032964912
TRAIN_05396,0.0070277425
TRAIN_05397,0.0045387475
TRAIN_05398,0.01643089
TRAIN_05399,0.16155115
TRAIN_05400,0.010841444
TRAIN_05401,0.005144927
TRAIN_05402,0.0061907563
TRAIN_05403,0.0037866924
TRAIN_05404,0.012806572
TRAIN_05405,0.014109695
TRAIN_05406,0.0009571005
TRAIN_05407,0.0037433805
TRAIN_05408,0.0015171262
TRAIN_05409,0.018257145
TRAIN_05410,0.0025274737
TRAIN_05411,0.011963896
TRAIN_05412,0.0060817795
TRAIN_05413,0.0098078605
TRAIN_05414,0.0057384544
TRAIN_05415,0.019842647
TRAIN_05416,0.00455211
TRAIN_05417,0.010794203
TRAIN_05418,0.015166437
TRAIN_05419,0.009632479
TRAIN_05420,0.013791564
TRAIN_05421,0.013804281
TRAIN_05422,0.0072242534
TRAIN_05423,0.013715621
TRAIN_05424,0.0037019935
TRAIN_05425,0.0714098
TRAIN_05426,0.008965336
TRAIN_05427,0.006170303
TRAIN_05428,0.0015954697
TRAIN_05429,0.010851024
TRAIN_05430,0.007918029
TRAIN_05431,0.015067921
TRAIN_05432,0.014990578
TRAIN_05433,0.0029629024
TRAIN_05434,0.036764834
TRAIN_05435,0.02129504
TRAIN_05436,0.0053097876
TRAIN_05437,0.0036330873
TRAIN_05438,0.010453144
TRAIN_05439,0.13629991
TRAIN_05440,0.0007493944
TRAIN_05441,0.030814962
TRAIN_05442,0.0056587956
TRAIN_05443,0.0052606133
TRAIN_05444,0.00049596577
TRAIN_05445,0.0038501585
TRAIN_05446,0.05184771
TRAIN_05447,0.023011642
TRAIN_05448,0.016874501
TRAIN_05449,0.0026506062
TRAIN_05450,0.006372485
TRAIN_05451,0.008789026
TRAIN_05452,0.0049256873
TRAIN_05453,0.008510962
TRAIN_05454,0.012571121
TRAIN_05455,0.008278452
TRAIN_05456,0.0029695765
TRAIN_05457,0.012788284
TRAIN_05458,0.0020832245
TRAIN_05459,0.00111409
TRAIN_05460,0.0083718635
TRAIN_05461,0.0045121005
TRAIN_05462,0.015733965
TRAIN_05463,0.011645431
TRAIN_05464,0.010257673
TRAIN_05465,0.013284516
TRAIN_05466,0.0067407857
TRAIN_05467,0.008657526
TRAIN_05468,0.044049006
TRAIN_05469,0.0005246577
TRAIN_05470,0.010693906
TRAIN_05471,0.012176844
TRAIN_05472,0.010359837
TRAIN_05473,0.0017743825
TRAIN_05474,0.014295288
TRAIN_05475,0.008072138
TRAIN_05476,0.0031608073
TRAIN_05477,0.011849299
TRAIN_05478,0.0046314653
TRAIN_05479,0.022222303
TRAIN_05480,0.005961449
TRAIN_05481,0.008036174
TRAIN_05482,0.008576526
TRAIN_05483,0.01928347
TRAIN_05484,0.004667134
TRAIN_05485,0.006381761
TRAIN_05486,0.0015418183
TRAIN_05487,0.025565647
TRAIN_05488,0.008908884
TRAIN_05489,0.00070319365
TRAIN_05490,0.0047545084
TRAIN_05491,0.039262835
TRAIN_05492,0.0018630774
TRAIN_05493,0.007110109
TRAIN_05494,0.0067042024
TRAIN_05495,0.0027560089
TRAIN_05496,0.0010928723
TRAIN_05497,0.008577855
TRAIN_05498,0.0051656165
TRAIN_05499,0.005947104
TRAIN_05500,0.013129622
TRAIN_05501,0.0024716163
TRAIN_05502,0.0053989333
TRAIN_05503,0.006817775
TRAIN_05504,0.014269976
TRAIN_05505,0.004056623
TRAIN_05506,0.008593789
TRAIN_05507,0.013536976
TRAIN_05508,0.012553909
TRAIN_05509,0.03093688
TRAIN_05510,0.019619552
TRAIN_05511,0.01449456
TRAIN_05512,0.038119886
TRAIN_05513,0.013028947
TRAIN_05514,0.010830644
TRAIN_05515,0.014248119
TRAIN_05516,0.02344226
TRAIN_05517,0.0064969584
TRAIN_05518,0.0049645104
TRAIN_05519,0.0049092006
TRAIN_05520,0.0043680714
TRAIN_05521,0.017897632
TRAIN_05522,0.0109433895
TRAIN_05523,0.0045108916
TRAIN_05524,0.01665435
TRAIN_05525,0.0056515606
TRAIN_05526,0.006851881
TRAIN_05527,0.0021271156
TRAIN_05528,0.008469334
TRAIN_05529,0.0014355408
TRAIN_05530,0.007395432
TRAIN_05531,0.009036573
TRAIN_05532,0.019786227
TRAIN_05533,0.006303021
TRAIN_05534,0.0074747344
TRAIN_05535,0.059003647
TRAIN_05536,0.0027916122
TRAIN_05537,0.0036463512
TRAIN_05538,0.004231128
TRAIN_05539,0.007333906
TRAIN_05540,0.0015381743
TRAIN_05541,0.016474094
TRAIN_05542,0.0037871655
TRAIN_05543,0.006326546
TRAIN_05544,0.0028639815
TRAIN_05545,0.0018543567
TRAIN_05546,0.0060913498
TRAIN_05547,0.01157519
TRAIN_05548,0.003850859
TRAIN_05549,0.004181863
TRAIN_05550,0.010073575
TRAIN_05551,0.012598345
TRAIN_05552,0.015403904
TRAIN_05553,0.004591545
TRAIN_05554,0.0016585299
TRAIN_05555,0.011587579
TRAIN_05556,0.011677777
TRAIN_05557,0.0017780687
TRAIN_05558,0.021029294
TRAIN_05559,0.00391104
TRAIN_05560,0.004241198
TRAIN_05561,0.009409852
TRAIN_05562,0.010847757
TRAIN_05563,0.009976607
TRAIN_05564,0.034338098
TRAIN_05565,0.026185976
TRAIN_05566,0.010150414
TRAIN_05567,0.0050278525
TRAIN_05568,0.00537916
TRAIN_05569,0.01789669
TRAIN_05570,0.007844998
TRAIN_05571,0.043376893
TRAIN_05572,0.008429618
TRAIN_05573,0.005030828
TRAIN_05574,0.008871077
TRAIN_05575,0.003515513
TRAIN_05576,0.011971479
TRAIN_05577,0.0055994517
TRAIN_05578,0.0107974
TRAIN_05579,0.004719926
TRAIN_05580,0.005534658
TRAIN_05581,0.0069031324
TRAIN_05582,0.0047192136
TRAIN_05583,0.011928645
TRAIN_05584,0.023394767
TRAIN_05585,0.0060201553
TRAIN_05586,0.0044557685
TRAIN_05587,0.0035803416
TRAIN_05588,0.00090096385
TRAIN_05589,0.008923337
TRAIN_05590,0.003298641
TRAIN_05591,0.008707774
TRAIN_05592,0.054739315
TRAIN_05593,0.003589413
TRAIN_05594,0.012039251
TRAIN_05595,0.013396451
TRAIN_05596,0.0068420577
TRAIN_05597,0.010855923
TRAIN_05598,0.010842641
TRAIN_05599,0.007218356
TRAIN_05600,0.011851947
TRAIN_05601,0.011019266
TRAIN_05602,0.0014258034
TRAIN_05603,0.09874929
TRAIN_05604,0.012990061
TRAIN_05605,0.0010630881
TRAIN_05606,0.009039703
TRAIN_05607,0.0029376626
TRAIN_05608,0.010206192
TRAIN_05609,0.019552104
TRAIN_05610,0.0034900364
TRAIN_05611,0.006631981
TRAIN_05612,0.0031233686
TRAIN_05613,0.0012568537
TRAIN_05614,0.009573818
TRAIN_05615,0.015785804
TRAIN_05616,0.0031850575
TRAIN_05617,0.012927362
TRAIN_05618,0.0017305466
TRAIN_05619,0.0060598264
TRAIN_05620,0.05511731
TRAIN_05621,0.006140553
TRAIN_05622,0.072830975
TRAIN_05623,0.018555427
TRAIN_05624,0.014318589
TRAIN_05625,0.010155276
TRAIN_05626,0.011127924
TRAIN_05627,0.0021205528
TRAIN_05628,0.0056014736
TRAIN_05629,0.07057647
TRAIN_05630,0.010142655
TRAIN_05631,0.06736923
TRAIN_05632,0.06641654
TRAIN_05633,0.0033828511
TRAIN_05634,0.006397082
TRAIN_05635,0.003897686
TRAIN_05636,0.012682964
TRAIN_05637,0.010348583
TRAIN_05638,0.0037234684
TRAIN_05639,0.02092834
TRAIN_05640,0.01216547
TRAIN_05641,0.0069758305
TRAIN_05642,0.009470968
TRAIN_05643,0.004045827
TRAIN_05644,0.02272399
TRAIN_05645,0.019887954
TRAIN_05646,0.0036118876
TRAIN_05647,0.008054823
TRAIN_05648,0.0091246525
TRAIN_05649,0.030929456
TRAIN_05650,0.006031879
TRAIN_05651,0.0035501325
TRAIN_05652,0.052732937
TRAIN_05653,0.006848608
TRAIN_05654,0.0069462038
TRAIN_05655,0.0026356939
TRAIN_05656,0.030453425
TRAIN_05657,0.006327636
TRAIN_05658,0.013568667
TRAIN_05659,0.011243337
TRAIN_05660,0.008279747
TRAIN_05661,0.034042723
TRAIN_05662,0.011401621
TRAIN_05663,0.004271396
TRAIN_05664,0.0019339762
TRAIN_05665,0.011227966
TRAIN_05666,0.0037867145
TRAIN_05667,0.049218692
TRAIN_05668,0.0014244904
TRAIN_05669,0.0064866166
TRAIN_05670,0.0041293977
TRAIN_05671,0.011865259
TRAIN_05672,0.009075063
TRAIN_05673,0.069283925
TRAIN_05674,0.007027121
TRAIN_05675,0.0030528598
TRAIN_05676,0.009554001
TRAIN_05677,0.006682277
TRAIN_05678,0.06685148
TRAIN_05679,0.008285959
TRAIN_05680,0.005562524
TRAIN_05681,0.005909215
TRAIN_05682,0.0020551716
TRAIN_05683,0.013065037
TRAIN_05684,0.04219892
TRAIN_05685,0.0071617602
TRAIN_05686,0.043330096
TRAIN_05687,0.009170691
TRAIN_05688,0.013533918
TRAIN_05689,0.0025674896
TRAIN_05690,0.0030461857
TRAIN_05691,0.002103403
TRAIN_05692,0.0005262389
TRAIN_05693,0.013886192
TRAIN_05694,0.0063252477
TRAIN_05695,0.0052396106
TRAIN_05696,0.025447741
TRAIN_05697,0.0039877133
TRAIN_05698,0.008688676
TRAIN_05699,0.021872686
TRAIN_05700,0.0016770244
TRAIN_05701,0.009514443
TRAIN_05702,0.018110171
TRAIN_05703,0.00928016
TRAIN_05704,0.006334422
TRAIN_05705,0.0062731607
TRAIN_05706,0.0103434445
TRAIN_05707,0.0059843855
TRAIN_05708,0.025307227
TRAIN_05709,0.0074804113
TRAIN_05710,0.0028460044
TRAIN_05711,0.007846859
TRAIN_05712,0.002211162
TRAIN_05713,0.0049155643
TRAIN_05714,0.002478317
TRAIN_05715,0.0020394598
TRAIN_05716,0.0026808423
TRAIN_05717,0.006892243
TRAIN_05718,0.005678352
TRAIN_05719,0.058934845
TRAIN_05720,0.06581089
TRAIN_05721,0.0046786643
TRAIN_05722,0.006902377
TRAIN_05723,0.0071008666
TRAIN_05724,0.008939115
TRAIN_05725,0.013514273
TRAIN_05726,0.01004332
TRAIN_05727,0.05005532
TRAIN_05728,0.011870232
TRAIN_05729,0.003776632
TRAIN_05730,0.00482998
TRAIN_05731,0.0050584376
TRAIN_05732,0.011607746
TRAIN_05733,0.0031137578
TRAIN_05734,0.002633018
TRAIN_05735,0.0011669024
TRAIN_05736,0.00087633403
TRAIN_05737,0.0098817
TRAIN_05738,0.005597769
TRAIN_05739,0.0107337525
TRAIN_05740,0.003191085
TRAIN_05741,0.0043040933
TRAIN_05742,0.009231618
TRAIN_05743,0.0033622936
TRAIN_05744,0.010876554
TRAIN_05745,0.00534622
TRAIN_05746,0.004010115
TRAIN_05747,0.00077112677
TRAIN_05748,0.011048468
TRAIN_05749,0.011307622
TRAIN_05750,0.01232368
TRAIN_05751,0.0023252799
TRAIN_05752,0.010784299
TRAIN_05753,0.0123855425
TRAIN_05754,0.00530593
TRAIN_05755,0.0030246202
TRAIN_05756,0.013863759
TRAIN_05757,0.02159141
TRAIN_05758,0.008345773
TRAIN_05759,0.011391884
TRAIN_05760,0.017479517
TRAIN_05761,0.007679689
TRAIN_05762,0.005073663
TRAIN_05763,0.0051746788
TRAIN_05764,0.0018741322
TRAIN_05765,0.0021861186
TRAIN_05766,0.013205546
TRAIN_05767,0.006092907
TRAIN_05768,0.12384043
TRAIN_05769,0.0033552905
TRAIN_05770,0.0046928474
TRAIN_05771,0.0057860613
TRAIN_05772,0.005801684
TRAIN_05773,0.039852608
TRAIN_05774,0.012999128
TRAIN_05775,0.021890512
TRAIN_05776,0.006233952
TRAIN_05777,0.0058946237
TRAIN_05778,0.0056226985
TRAIN_05779,0.00697443
TRAIN_05780,0.00075560797
TRAIN_05781,0.001009304
TRAIN_05782,0.08567077
TRAIN_05783,0.010762775
TRAIN_05784,0.010251133
TRAIN_05785,0.0050884793
TRAIN_05786,0.009403496
TRAIN_05787,0.023378804
TRAIN_05788,0.0073782466
TRAIN_05789,0.0012308352
TRAIN_05790,0.09647065
TRAIN_05791,0.0032205125
TRAIN_05792,0.0045974334
TRAIN_05793,0.01287407
TRAIN_05794,0.008886655
TRAIN_05795,0.0031080304
TRAIN_05796,0.015958717
TRAIN_05797,0.017658865
TRAIN_05798,0.011942275
TRAIN_05799,0.02592294
TRAIN_05800,0.003387976
TRAIN_05801,0.012878595
TRAIN_05802,0.0134421205
TRAIN_05803,0.0068222154
TRAIN_05804,0.018637633
TRAIN_05805,0.009974926
TRAIN_05806,0.025678925
TRAIN_05807,0.0058438797
TRAIN_05808,0.0016561279
TRAIN_05809,0.009957391
TRAIN_05810,0.0032174026
TRAIN_05811,0.0010966214
TRAIN_05812,0.015767649
TRAIN_05813,0.01609082
TRAIN_05814,0.018291447
TRAIN_05815,0.0022561508
TRAIN_05816,0.014837658
TRAIN_05817,0.0030283448
TRAIN_05818,0.0038448158
TRAIN_05819,0.0014916025
TRAIN_05820,0.006448445
TRAIN_05821,0.005096665
TRAIN_05822,0.010465887
TRAIN_05823,0.0049983356
TRAIN_05824,0.0047582765
TRAIN_05825,0.010267794
TRAIN_05826,0.0036067686
TRAIN_05827,0.0024460093
TRAIN_05828,0.0031073636
TRAIN_05829,0.0051902863
TRAIN_05830,0.009779545
TRAIN_05831,0.0049323817
TRAIN_05832,0.026443725
TRAIN_05833,0.012760556
TRAIN_05834,0.011324377
TRAIN_05835,0.0032129972
TRAIN_05836,0.009447679
TRAIN_05837,0.0068850517
TRAIN_05838,0.0005952311
TRAIN_05839,0.0036682098
TRAIN_05840,0.03185169
TRAIN_05841,0.0015614708
TRAIN_05842,0.0067091854
TRAIN_05843,0.01277995
TRAIN_05844,0.033156116
TRAIN_05845,0.0016304139
TRAIN_05846,0.0015851001
TRAIN_05847,0.0017306069
TRAIN_05848,0.0036010675
TRAIN_05849,0.0004531532
TRAIN_05850,0.015386937
TRAIN_05851,0.0039382027
TRAIN_05852,0.011647752
TRAIN_05853,0.006594137
TRAIN_05854,0.003941203
TRAIN_05855,0.009876403
TRAIN_05856,0.056402527
TRAIN_05857,0.013039239
TRAIN_05858,0.014781819
TRAIN_05859,0.007237861
TRAIN_05860,0.004747317
TRAIN_05861,0.0109874075
TRAIN_05862,0.024142424
TRAIN_05863,0.0047377497
TRAIN_05864,0.013446518
TRAIN_05865,0.015723748
TRAIN_05866,0.009693896
TRAIN_05867,0.0083405385
TRAIN_05868,0.0034245648
TRAIN_05869,0.05593043
TRAIN_05870,0.007889809
TRAIN_05871,0.0034159133
TRAIN_05872,0.0023180263
TRAIN_05873,0.077809215
TRAIN_05874,0.0035998723
TRAIN_05875,0.0090076635
TRAIN_05876,0.021082915
TRAIN_05877,0.009320838
TRAIN_05878,0.0053689764
TRAIN_05879,0.01050281
TRAIN_05880,0.013141236
TRAIN_05881,0.01694975
TRAIN_05882,0.03357976
TRAIN_05883,0.020508597
TRAIN_05884,0.0018857114
TRAIN_05885,0.0010563808
TRAIN_05886,0.0052298587
TRAIN_05887,0.015287555
TRAIN_05888,0.0017786872
TRAIN_05889,0.0024742247
TRAIN_05890,0.0042316294
TRAIN_05891,0.09154903
TRAIN_05892,0.00817927
TRAIN_05893,0.0069453777
TRAIN_05894,0.018276937
TRAIN_05895,0.008562518
TRAIN_05896,0.021537589
TRAIN_05897,0.0009265538
TRAIN_05898,0.018575944
TRAIN_05899,0.0038288855
TRAIN_05900,0.0069072563
TRAIN_05901,0.002564607
TRAIN_05902,0.008352909
TRAIN_05903,0.0046429164
TRAIN_05904,0.0038876059
TRAIN_05905,0.006022447
TRAIN_05906,0.010500469
TRAIN_05907,0.008307547
TRAIN_05908,0.006873604
TRAIN_05909,0.0018248344
TRAIN_05910,0.017731557
TRAIN_05911,0.014770519
TRAIN_05912,0.0058994833
TRAIN_05913,0.0015794961
TRAIN_05914,0.0025029203
TRAIN_05915,0.010485106
TRAIN_05916,0.0013612687
TRAIN_05917,0.024015173
TRAIN_05918,0.030153511
TRAIN_05919,0.015442185
TRAIN_05920,0.011848882
TRAIN_05921,0.016398389
TRAIN_05922,0.0232937
TRAIN_05923,0.009895879
TRAIN_05924,0.002025364
TRAIN_05925,0.005831624
TRAIN_05926,0.022933675
TRAIN_05927,0.0120656
TRAIN_05928,0.010084957
TRAIN_05929,0.005890625
TRAIN_05930,0.004601859
TRAIN_05931,0.010966161
TRAIN_05932,0.008768052
TRAIN_05933,0.01756769
TRAIN_05934,0.008234215
TRAIN_05935,0.005329309
TRAIN_05936,0.006175185
TRAIN_05937,0.002523014
TRAIN_05938,0.0013316572
TRAIN_05939,0.0018364597
TRAIN_05940,0.0124069
TRAIN_05941,0.003392828
TRAIN_05942,0.012147731
TRAIN_05943,0.011537359
TRAIN_05944,0.0016245006
TRAIN_05945,0.0008587821
TRAIN_05946,0.010986223
TRAIN_05947,0.008769356
TRAIN_05948,0.007607676
TRAIN_05949,0.011964694
TRAIN_05950,0.003931356
TRAIN_05951,0.0039167246
TRAIN_05952,0.0026438024
TRAIN_05953,0.016767837
TRAIN_05954,0.004797182
TRAIN_05955,0.0071561234
TRAIN_05956,0.033375893
TRAIN_05957,0.00615563
TRAIN_05958,0.00037999818
TRAIN_05959,0.006639575
TRAIN_05960,0.0006180083
TRAIN_05961,0.01012911
TRAIN_05962,0.012188836
TRAIN_05963,0.02373663
TRAIN_05964,0.0031994262
TRAIN_05965,0.017910266
TRAIN_05966,0.0024839807
TRAIN_05967,0.01273112
TRAIN_05968,0.012762269
TRAIN_05969,0.012057616
TRAIN_05970,0.0057438756
TRAIN_05971,0.0074771154
TRAIN_05972,0.005733026
TRAIN_05973,0.062241435
TRAIN_05974,0.039452985
TRAIN_05975,0.060230356
TRAIN_05976,0.013752732
TRAIN_05977,0.013935457
TRAIN_05978,0.056601703
TRAIN_05979,0.0012531523
TRAIN_05980,0.009751586
TRAIN_05981,0.006545661
TRAIN_05982,0.005486999
TRAIN_05983,0.010699438
TRAIN_05984,0.013773026
TRAIN_05985,0.03724729
TRAIN_05986,0.0049712737
TRAIN_05987,0.011553368
TRAIN_05988,0.0029597678
TRAIN_05989,0.010645433
TRAIN_05990,0.010120392
TRAIN_05991,0.007206164
TRAIN_05992,0.005451946
TRAIN_05993,0.0035380188
TRAIN_05994,0.014778502
TRAIN_05995,0.0018249362
TRAIN_05996,0.0124702165
TRAIN_05997,0.0013049574
TRAIN_05998,0.016222471
TRAIN_05999,0.007869441
TRAIN_06000,0.0013798663
TRAIN_06001,0.0058641154
TRAIN_06002,0.06964284
TRAIN_06003,0.00029854156
TRAIN_06004,0.043257993
TRAIN_06005,0.09684093
TRAIN_06006,0.003037368
TRAIN_06007,0.014458774
TRAIN_06008,0.005225289
TRAIN_06009,0.0025167738
TRAIN_06010,0.011944876
TRAIN_06011,0.027750328
TRAIN_06012,0.0057668267
TRAIN_06013,0.006864797
TRAIN_06014,0.007633837
TRAIN_06015,0.009152231
TRAIN_06016,0.002972609
TRAIN_06017,0.0054592444
TRAIN_06018,0.0057455585
TRAIN_06019,0.009044818
TRAIN_06020,0.080584764
TRAIN_06021,0.0043875496
TRAIN_06022,0.0031115138
TRAIN_06023,0.004708381
TRAIN_06024,0.016225444
TRAIN_06025,0.017441839
TRAIN_06026,0.010113642
TRAIN_06027,0.0021301918
TRAIN_06028,0.015832271
TRAIN_06029,0.019798009
TRAIN_06030,0.009765292
TRAIN_06031,0.003906562
TRAIN_06032,0.006241591
TRAIN_06033,0.0018724432
TRAIN_06034,0.025497444
TRAIN_06035,0.0057540443
TRAIN_06036,0.012373399
TRAIN_06037,0.011114897
TRAIN_06038,0.018406456
TRAIN_06039,0.0022756446
TRAIN_06040,0.007454525
TRAIN_06041,0.010900424
TRAIN_06042,0.003926352
TRAIN_06043,0.014274807
TRAIN_06044,0.008958928
TRAIN_06045,0.007004703
TRAIN_06046,0.004971976
TRAIN_06047,0.015295431
TRAIN_06048,0.003916311
TRAIN_06049,0.01056122
TRAIN_06050,0.013262703
TRAIN_06051,0.005714443
TRAIN_06052,0.006710501
TRAIN_06053,0.004312394
TRAIN_06054,0.014163003
TRAIN_06055,0.0056167096
TRAIN_06056,0.012991609
TRAIN_06057,0.0022294368
TRAIN_06058,0.0021988805
TRAIN_06059,0.00058304425
TRAIN_06060,0.001674359
TRAIN_06061,0.0034724895
TRAIN_06062,0.019204311
TRAIN_06063,0.005885873
TRAIN_06064,0.009951647
TRAIN_06065,0.0040099174
TRAIN_06066,0.010070045
TRAIN_06067,0.011053766
TRAIN_06068,0.027808258
TRAIN_06069,0.0030467282
TRAIN_06070,0.0069141695
TRAIN_06071,0.029711625
TRAIN_06072,0.0065065306
TRAIN_06073,0.0074449806
TRAIN_06074,0.013764298
TRAIN_06075,0.04097161
TRAIN_06076,0.0019736316
TRAIN_06077,0.0073157717
TRAIN_06078,0.017732766
TRAIN_06079,0.0150724985
TRAIN_06080,0.040143535
TRAIN_06081,0.024116607
TRAIN_06082,0.004166493
TRAIN_06083,0.0019115765
TRAIN_06084,0.0016461487
TRAIN_06085,0.01136858
TRAIN_06086,0.011538538
TRAIN_06087,0.0038058248
TRAIN_06088,0.004477695
TRAIN_06089,0.0010044345
TRAIN_06090,0.009810362
TRAIN_06091,0.0036946475
TRAIN_06092,0.011817066
TRAIN_06093,0.003162054
TRAIN_06094,0.014823093
TRAIN_06095,0.01963106
TRAIN_06096,0.013577974
TRAIN_06097,0.0062382095
TRAIN_06098,0.0070650107
TRAIN_06099,0.0057003926
TRAIN_06100,0.0023335854
TRAIN_06101,0.0027686467
TRAIN_06102,0.01621558
TRAIN_06103,0.010230877
TRAIN_06104,0.00799076
TRAIN_06105,0.0028214362
TRAIN_06106,0.06390253
TRAIN_06107,0.008347146
TRAIN_06108,0.004663867
TRAIN_06109,0.0037944375
TRAIN_06110,0.0020235486
TRAIN_06111,0.023837764
TRAIN_06112,0.0046280692
TRAIN_06113,0.0052093407
TRAIN_06114,0.021395655
TRAIN_06115,0.0136397565
TRAIN_06116,0.0018497636
TRAIN_06117,0.037399106
TRAIN_06118,0.07005386
TRAIN_06119,0.006285069
TRAIN_06120,0.0036686342
TRAIN_06121,0.002635395
TRAIN_06122,0.009688143
TRAIN_06123,0.017379899
TRAIN_06124,0.0018597583
TRAIN_06125,0.010868214
TRAIN_06126,0.0015580867
TRAIN_06127,0.011340164
TRAIN_06128,0.0053423927
TRAIN_06129,0.002328081
TRAIN_06130,0.007918284
TRAIN_06131,0.00022898207
TRAIN_06132,0.007723784
TRAIN_06133,0.013020376
TRAIN_06134,0.01316994
TRAIN_06135,0.006991827
TRAIN_06136,0.0029603408
TRAIN_06137,0.010275431
TRAIN_06138,0.013984352
TRAIN_06139,0.007354577
TRAIN_06140,0.021089355
TRAIN_06141,0.039933257
TRAIN_06142,0.0009009563
TRAIN_06143,0.007037301
TRAIN_06144,0.010701908
TRAIN_06145,0.05053017
TRAIN_06146,0.00048358281
TRAIN_06147,0.010909044
TRAIN_06148,0.013968511
TRAIN_06149,0.0064428025
TRAIN_06150,0.002328526
TRAIN_06151,0.025178662
TRAIN_06152,0.011914933
TRAIN_06153,0.015126813
TRAIN_06154,0.039319534
TRAIN_06155,0.010540678
TRAIN_06156,0.0069456557
TRAIN_06157,0.010985611
TRAIN_06158,0.019180872
TRAIN_06159,0.0032919394
TRAIN_06160,0.00086210534
TRAIN_06161,0.0067045246
TRAIN_06162,0.008530135
TRAIN_06163,0.08432107
TRAIN_06164,0.05507717
TRAIN_06165,0.0052868854
TRAIN_06166,0.016021052
TRAIN_06167,0.004559561
TRAIN_06168,0.0019118182
TRAIN_06169,0.0066971555
TRAIN_06170,0.003240612
TRAIN_06171,0.005374488
TRAIN_06172,0.0061235675
TRAIN_06173,0.017710516
TRAIN_06174,0.0033012368
TRAIN_06175,0.001811091
TRAIN_06176,0.0053252405
TRAIN_06177,0.009611458
TRAIN_06178,0.010832102
TRAIN_06179,0.0044974633
TRAIN_06180,0.0078030787
TRAIN_06181,0.0051119835
TRAIN_06182,0.00042423673
TRAIN_06183,0.003572064
TRAIN_06184,0.0031012257
TRAIN_06185,0.013533822
TRAIN_06186,0.0026368685
TRAIN_06187,0.0014331872
TRAIN_06188,0.005419997
TRAIN_06189,0.013303403
TRAIN_06190,0.013152972
TRAIN_06191,0.01100182
TRAIN_06192,0.0059493417
TRAIN_06193,0.0030500216
TRAIN_06194,0.0059055826
TRAIN_06195,0.0006899271
TRAIN_06196,0.009296115
TRAIN_06197,0.025351629
TRAIN_06198,0.009577335
TRAIN_06199,0.013011751
TRAIN_06200,0.0030353295
TRAIN_06201,0.01592099
TRAIN_06202,0.0064446423
TRAIN_06203,0.0050269333
TRAIN_06204,0.0117086535
TRAIN_06205,0.06437443
TRAIN_06206,0.0046760007
TRAIN_06207,0.0044519557
TRAIN_06208,0.00536989
TRAIN_06209,0.0013982223
TRAIN_06210,0.0045845797
TRAIN_06211,0.014804501
TRAIN_06212,0.0052204253
TRAIN_06213,0.0018704261
TRAIN_06214,0.09470877
TRAIN_06215,0.0057129343
TRAIN_06216,0.0144323185
TRAIN_06217,0.0011940185
TRAIN_06218,0.009140023
TRAIN_06219,0.0011348724
TRAIN_06220,0.0015975091
TRAIN_06221,0.009079869
TRAIN_06222,0.0057842326
TRAIN_06223,0.0051711085
TRAIN_06224,0.017923193
TRAIN_06225,0.013456171
TRAIN_06226,0.0012178994
TRAIN_06227,0.0040641096
TRAIN_06228,0.009301772
TRAIN_06229,0.031152084
TRAIN_06230,0.00927261
TRAIN_06231,0.0037375402
TRAIN_06232,0.024672672
TRAIN_06233,0.012515262
TRAIN_06234,0.0125005385
TRAIN_06235,0.008807064
TRAIN_06236,0.008613719
TRAIN_06237,0.0057638413
TRAIN_06238,0.0043776142
TRAIN_06239,0.013306879
TRAIN_06240,0.0050076316
TRAIN_06241,0.015604006
TRAIN_06242,0.013074431
TRAIN_06243,0.012395268
TRAIN_06244,0.0036425365
TRAIN_06245,0.0027521595
TRAIN_06246,0.009518597
TRAIN_06247,0.010239376
TRAIN_06248,0.046658404
TRAIN_06249,0.0041973596
TRAIN_06250,0.010508836
TRAIN_06251,0.0022376701
TRAIN_06252,0.00327995
TRAIN_06253,0.021148872
TRAIN_06254,0.012631651
TRAIN_06255,0.013229157
TRAIN_06256,0.0025920821
TRAIN_06257,0.012610215
TRAIN_06258,0.005903227
TRAIN_06259,0.028242571
TRAIN_06260,0.0012553233
TRAIN_06261,0.0051568537
TRAIN_06262,0.00090168085
TRAIN_06263,0.03008507
TRAIN_06264,0.0014162243
TRAIN_06265,0.0033032787
TRAIN_06266,0.012969509
TRAIN_06267,0.01617868
TRAIN_06268,0.011270504
TRAIN_06269,0.0033838297
TRAIN_06270,0.018597083
TRAIN_06271,0.0027578035
TRAIN_06272,0.12178794
TRAIN_06273,0.07995629
TRAIN_06274,0.0074358005
TRAIN_06275,0.006067706
TRAIN_06276,0.0064962595
TRAIN_06277,0.016076058
TRAIN_06278,0.008621445
TRAIN_06279,0.011282834
TRAIN_06280,0.008810868
TRAIN_06281,0.015601704
TRAIN_06282,0.0043234443
TRAIN_06283,0.010440551
TRAIN_06284,0.008259139
TRAIN_06285,0.012371228
TRAIN_06286,0.0069769328
TRAIN_06287,0.003341973
TRAIN_06288,0.002237387
TRAIN_06289,0.0059524514
TRAIN_06290,0.02641431
TRAIN_06291,0.011920248
TRAIN_06292,0.0135099115
TRAIN_06293,0.011852611
TRAIN_06294,0.0035811372
TRAIN_06295,0.0020743725
TRAIN_06296,0.010777802
TRAIN_06297,0.0018878567
TRAIN_06298,0.013406066
TRAIN_06299,0.0037898673
TRAIN_06300,0.046359926
TRAIN_06301,0.009581678
TRAIN_06302,0.0060876487
TRAIN_06303,0.03865462
TRAIN_06304,0.014880843
TRAIN_06305,0.007972051
TRAIN_06306,0.0029426403
TRAIN_06307,0.005712306
TRAIN_06308,0.010816432
TRAIN_06309,0.0047470867
TRAIN_06310,0.021843912
TRAIN_06311,0.0045694564
TRAIN_06312,0.0067791734
TRAIN_06313,0.004836645
TRAIN_06314,0.008969333
TRAIN_06315,0.0066549834
TRAIN_06316,0.06487618
TRAIN_06317,0.0014933065
TRAIN_06318,0.04153839
TRAIN_06319,0.045163024
TRAIN_06320,0.010885129
TRAIN_06321,0.006331074
TRAIN_06322,0.0043910174
TRAIN_06323,0.0065811924
TRAIN_06324,0.0060036755
TRAIN_06325,0.0035782438
TRAIN_06326,0.030195668
TRAIN_06327,0.035073474
TRAIN_06328,0.010229054
TRAIN_06329,0.005219968
TRAIN_06330,0.005670787
TRAIN_06331,0.0012551051
TRAIN_06332,0.0035154647
TRAIN_06333,0.0031969238
TRAIN_06334,0.0037186733
TRAIN_06335,0.0075258277
TRAIN_06336,0.06816581
TRAIN_06337,0.0052190092
TRAIN_06338,0.002633025
TRAIN_06339,0.02774261
TRAIN_06340,0.0856327
TRAIN_06341,0.0073442394
TRAIN_06342,0.0045423675
TRAIN_06343,0.0110531505
TRAIN_06344,0.014201145
TRAIN_06345,0.004757321
TRAIN_06346,0.0045356387
TRAIN_06347,0.007493913
TRAIN_06348,0.0012664524
TRAIN_06349,0.013844141
TRAIN_06350,0.0116906
TRAIN_06351,0.014073341
TRAIN_06352,0.016156048
TRAIN_06353,0.0040638787
TRAIN_06354,0.0005664693
TRAIN_06355,0.01340034
TRAIN_06356,0.0045490065
TRAIN_06357,0.03930381
TRAIN_06358,0.0034628215
TRAIN_06359,0.0105813965
TRAIN_06360,0.05765467
TRAIN_06361,0.013551365
TRAIN_06362,0.0057089888
TRAIN_06363,0.006896512
TRAIN_06364,0.005820073
TRAIN_06365,0.023756221
TRAIN_06366,0.0077776876
TRAIN_06367,0.042702366
TRAIN_06368,0.05146842
TRAIN_06369,0.011173433
TRAIN_06370,0.0056158165
TRAIN_06371,0.002529399
TRAIN_06372,0.0015975287
TRAIN_06373,0.006595628
TRAIN_06374,0.06077659
TRAIN_06375,0.0024454398
TRAIN_06376,0.00404348
TRAIN_06377,0.0047591133
TRAIN_06378,0.012203302
TRAIN_06379,0.006525946
TRAIN_06380,0.0056707854
TRAIN_06381,0.012335556
TRAIN_06382,0.011043096
TRAIN_06383,0.006137878
TRAIN_06384,0.012718378
TRAIN_06385,0.003368085
TRAIN_06386,0.009116072
TRAIN_06387,0.0034824233
TRAIN_06388,0.06681815
TRAIN_06389,0.011497529
TRAIN_06390,0.012734829
TRAIN_06391,0.011220373
TRAIN_06392,0.017017033
TRAIN_06393,0.03929408
TRAIN_06394,0.028024955
TRAIN_06395,0.006686697
TRAIN_06396,0.013315026
TRAIN_06397,0.0093778
TRAIN_06398,0.015492703
TRAIN_06399,0.030377772
TRAIN_06400,0.0007679165
TRAIN_06401,0.0052723144
TRAIN_06402,0.009079599
TRAIN_06403,0.013785509
TRAIN_06404,0.010313542
TRAIN_06405,0.007390458
TRAIN_06406,0.007196039
TRAIN_06407,0.0079208305
TRAIN_06408,0.041543886
TRAIN_06409,0.0024832024
TRAIN_06410,0.0029951518
TRAIN_06411,0.012498683
TRAIN_06412,0.0020860147
TRAIN_06413,0.075700864
TRAIN_06414,0.0032866145
TRAIN_06415,0.0049965307
TRAIN_06416,0.0013455827
TRAIN_06417,0.011067571
TRAIN_06418,0.0025286777
TRAIN_06419,0.0097824
TRAIN_06420,0.006478766
TRAIN_06421,0.0018793849
TRAIN_06422,0.011028123
TRAIN_06423,0.018764827
TRAIN_06424,0.013497241
TRAIN_06425,0.002507945
TRAIN_06426,0.0012873354
TRAIN_06427,0.005024379
TRAIN_06428,0.007853795
TRAIN_06429,0.010249178
TRAIN_06430,0.043684352
TRAIN_06431,0.010028047
TRAIN_06432,0.010602698
TRAIN_06433,0.008211849
TRAIN_06434,0.0030780178
TRAIN_06435,0.025986154
TRAIN_06436,0.011838937
TRAIN_06437,0.008849321
TRAIN_06438,0.0013487139
TRAIN_06439,0.04414472
TRAIN_06440,0.0007362681
TRAIN_06441,0.0014141523
TRAIN_06442,0.0073605445
TRAIN_06443,0.0068074474
TRAIN_06444,0.0068672816
TRAIN_06445,0.009052267
TRAIN_06446,0.0012704161
TRAIN_06447,0.0061974837
TRAIN_06448,0.0042085983
TRAIN_06449,0.007554444
TRAIN_06450,0.04911388
TRAIN_06451,0.023960818
TRAIN_06452,0.028401023
TRAIN_06453,0.0039337086
TRAIN_06454,0.0079552075
TRAIN_06455,0.0062855803
TRAIN_06456,0.0063169664
TRAIN_06457,0.0060516903
TRAIN_06458,0.03170149
TRAIN_06459,0.0042195376
TRAIN_06460,0.030631661
TRAIN_06461,0.006176298
TRAIN_06462,0.0029893718
TRAIN_06463,0.0091215065
TRAIN_06464,0.016240504
TRAIN_06465,0.03853367
TRAIN_06466,0.009212195
TRAIN_06467,0.003189898
TRAIN_06468,0.0017540317
TRAIN_06469,0.012582224
TRAIN_06470,0.0057656025
TRAIN_06471,0.0025690023
TRAIN_06472,0.033031948
TRAIN_06473,0.0072439
TRAIN_06474,0.007314668
TRAIN_06475,0.009842033
TRAIN_06476,0.019223446
TRAIN_06477,0.01300413
TRAIN_06478,0.0020499337
TRAIN_06479,0.0117021995
TRAIN_06480,0.0012485347
TRAIN_06481,0.0038016692
TRAIN_06482,0.00362116
TRAIN_06483,0.009564235
TRAIN_06484,0.0054442952
TRAIN_06485,0.012947851
TRAIN_06486,0.013221883
TRAIN_06487,0.0024225605
TRAIN_06488,0.0087143015
TRAIN_06489,0.0021203433
TRAIN_06490,0.0014639506
TRAIN_06491,0.005576234
TRAIN_06492,0.0010555794
TRAIN_06493,0.011070528
TRAIN_06494,0.020695088
TRAIN_06495,0.010456334
TRAIN_06496,0.0046147434
TRAIN_06497,0.0062500658
TRAIN_06498,0.004485552
TRAIN_06499,0.0067187063
TRAIN_06500,0.043590408
TRAIN_06501,0.006121078
TRAIN_06502,0.012319281
TRAIN_06503,0.0057616793
TRAIN_06504,0.00080604065
TRAIN_06505,0.0050170165
TRAIN_06506,0.0089363735
TRAIN_06507,0.0014778657
TRAIN_06508,0.0049369163
TRAIN_06509,0.005064671
TRAIN_06510,0.008284629
TRAIN_06511,0.0012906578
TRAIN_06512,0.010235046
TRAIN_06513,0.0026223552
TRAIN_06514,0.0055990275
TRAIN_06515,0.0051327706
TRAIN_06516,0.0048415996
TRAIN_06517,0.0063269273
TRAIN_06518,0.0070712594
TRAIN_06519,0.011993159
TRAIN_06520,0.008708474
TRAIN_06521,0.0068312977
TRAIN_06522,0.013678905
TRAIN_06523,0.005189262
TRAIN_06524,0.0019670688
TRAIN_06525,0.004257408
TRAIN_06526,0.034433756
TRAIN_06527,0.0012210939
TRAIN_06528,0.008949285
TRAIN_06529,0.014227341
TRAIN_06530,0.0033246481
TRAIN_06531,0.012428573
TRAIN_06532,0.0061447695
TRAIN_06533,0.011726784
TRAIN_06534,0.006951893
TRAIN_06535,0.0040063905
TRAIN_06536,0.030746639
TRAIN_06537,0.0045213657
TRAIN_06538,0.010612087
TRAIN_06539,0.0075851446
TRAIN_06540,0.0032450391
TRAIN_06541,0.007189875
TRAIN_06542,0.010786506
TRAIN_06543,0.008720325
TRAIN_06544,0.012328065
TRAIN_06545,0.013984913
TRAIN_06546,0.009626662
TRAIN_06547,0.0005898716
TRAIN_06548,0.006537323
TRAIN_06549,0.042529076
TRAIN_06550,0.032262325
TRAIN_06551,0.08257804
TRAIN_06552,0.027652692
TRAIN_06553,0.003969319
TRAIN_06554,0.011207436
TRAIN_06555,0.0051573194
TRAIN_06556,0.0041686147
TRAIN_06557,0.00802562
TRAIN_06558,0.008129955
TRAIN_06559,0.012970772
TRAIN_06560,0.0053873924
TRAIN_06561,0.06929992
TRAIN_06562,0.0050268113
TRAIN_06563,0.004460294
TRAIN_06564,0.011146447
TRAIN_06565,0.01654526
TRAIN_06566,0.009585141
TRAIN_06567,0.0059326817
TRAIN_06568,0.0061426708
TRAIN_06569,0.043172225
TRAIN_06570,0.016337957
TRAIN_06571,0.0033717637
TRAIN_06572,0.010318862
TRAIN_06573,0.007124652
TRAIN_06574,0.0061811567
TRAIN_06575,0.045578927
TRAIN_06576,0.014124019
TRAIN_06577,0.0021765342
TRAIN_06578,0.045451693
TRAIN_06579,0.01717334
TRAIN_06580,0.009619898
TRAIN_06581,0.023548864
TRAIN_06582,0.008266232
TRAIN_06583,0.011275425
TRAIN_06584,0.0009165358
TRAIN_06585,0.009581022
TRAIN_06586,0.0030009907
TRAIN_06587,0.012704811
TRAIN_06588,0.004811044
TRAIN_06589,0.006912176
TRAIN_06590,0.0022815599
TRAIN_06591,0.022382773
TRAIN_06592,0.0023176507
TRAIN_06593,0.00052041793
TRAIN_06594,0.0003005241
TRAIN_06595,0.0022500518
TRAIN_06596,0.057183407
TRAIN_06597,0.0010767146
TRAIN_06598,0.0062600765
TRAIN_06599,0.018435432
TRAIN_06600,0.0016699209
TRAIN_06601,0.01919958
TRAIN_06602,0.0030372008
TRAIN_06603,0.0017839703
TRAIN_06604,0.01415582
TRAIN_06605,0.010951665
TRAIN_06606,0.08301727
TRAIN_06607,0.012932122
TRAIN_06608,0.005715703
TRAIN_06609,0.0022311118
TRAIN_06610,0.002451643
TRAIN_06611,0.03306286
TRAIN_06612,0.0041464693
TRAIN_06613,0.0031841393
TRAIN_06614,0.004206837
TRAIN_06615,0.0074862656
TRAIN_06616,0.0031853137
TRAIN_06617,0.0036463763
TRAIN_06618,0.0048924503
TRAIN_06619,0.0027081484
TRAIN_06620,0.0076723862
TRAIN_06621,0.0012336684
TRAIN_06622,0.0062458613
TRAIN_06623,0.0025696505
TRAIN_06624,0.0028251258
TRAIN_06625,0.040389854
TRAIN_06626,0.00821622
TRAIN_06627,0.0050837216
TRAIN_06628,0.0014526976
TRAIN_06629,0.013543436
TRAIN_06630,0.011653007
TRAIN_06631,0.0046953037
TRAIN_06632,0.009468898
TRAIN_06633,0.03663324
TRAIN_06634,0.0022215645
TRAIN_06635,0.002710744
TRAIN_06636,0.012296411
TRAIN_06637,0.06274773
TRAIN_06638,0.00641859
TRAIN_06639,0.012716438
TRAIN_06640,0.01236145
TRAIN_06641,0.0035767388
TRAIN_06642,0.011360406
TRAIN_06643,0.013716316
TRAIN_06644,0.004028236
TRAIN_06645,0.003191785
TRAIN_06646,0.029084876
TRAIN_06647,0.005539899
TRAIN_06648,0.032340646
TRAIN_06649,0.0027360206
TRAIN_06650,0.01433941
TRAIN_06651,0.010907129
TRAIN_06652,0.012875218
TRAIN_06653,0.009693478
TRAIN_06654,0.008142913
TRAIN_06655,0.00810607
TRAIN_06656,0.0061732735
TRAIN_06657,0.0083394125
TRAIN_06658,0.012531064
TRAIN_06659,0.002037662
TRAIN_06660,0.0132919
TRAIN_06661,0.005710949
TRAIN_06662,0.0040624314
TRAIN_06663,0.010147479
TRAIN_06664,0.010276465
TRAIN_06665,0.011623871
TRAIN_06666,0.011818845
TRAIN_06667,0.0063627423
TRAIN_06668,0.03693861
TRAIN_06669,0.0012036219
TRAIN_06670,0.013126527
TRAIN_06671,0.010772197
TRAIN_06672,0.0059595746
TRAIN_06673,0.0030882945
TRAIN_06674,0.0026226721
TRAIN_06675,0.003329797
TRAIN_06676,0.0070709595
TRAIN_06677,0.00431011
TRAIN_06678,0.013216682
TRAIN_06679,0.010438713
TRAIN_06680,0.00059445505
TRAIN_06681,0.00520788
TRAIN_06682,0.040536903
TRAIN_06683,0.0028701387
TRAIN_06684,0.013455157
TRAIN_06685,0.0060261427
TRAIN_06686,0.01887609
TRAIN_06687,0.0040845997
TRAIN_06688,0.008218531
TRAIN_06689,0.0048021837
TRAIN_06690,0.043250043
TRAIN_06691,0.030994153
TRAIN_06692,0.0066218595
TRAIN_06693,0.0035674577
TRAIN_06694,0.0026932165
TRAIN_06695,0.012056253
TRAIN_06696,0.0015043952
TRAIN_06697,0.008914965
TRAIN_06698,0.011099598
TRAIN_06699,0.018221064
TRAIN_06700,0.09416726
TRAIN_06701,0.0078028664
TRAIN_06702,0.0084755225
TRAIN_06703,0.0073653813
TRAIN_06704,0.00900323
TRAIN_06705,0.012533915
TRAIN_06706,0.013928518
TRAIN_06707,0.02451698
TRAIN_06708,0.003436451
TRAIN_06709,0.0035232243
TRAIN_06710,0.011897688
TRAIN_06711,0.0025887038
TRAIN_06712,0.06068101
TRAIN_06713,0.008062429
TRAIN_06714,0.011893054
TRAIN_06715,0.0052576023
TRAIN_06716,0.0038880168
TRAIN_06717,0.009104943
TRAIN_06718,0.004139208
TRAIN_06719,0.007855109
TRAIN_06720,0.0010224341
TRAIN_06721,0.035696503
TRAIN_06722,0.0033845112
TRAIN_06723,0.004731108
TRAIN_06724,0.01450964
TRAIN_06725,0.012043205
TRAIN_06726,0.005589373
TRAIN_06727,0.004618083
TRAIN_06728,0.004191841
TRAIN_06729,0.005017133
TRAIN_06730,0.0065425294
TRAIN_06731,0.013721588
TRAIN_06732,0.0029061118
TRAIN_06733,0.013331136
TRAIN_06734,0.0011092132
TRAIN_06735,0.012289267
TRAIN_06736,0.0050524464
TRAIN_06737,0.011008443
TRAIN_06738,0.06910214
TRAIN_06739,0.09096471
TRAIN_06740,0.015098123
TRAIN_06741,0.0033106953
TRAIN_06742,0.011716034
TRAIN_06743,0.013859194
TRAIN_06744,0.008228058
TRAIN_06745,0.012403831
TRAIN_06746,0.013450759
TRAIN_06747,0.0035407324
TRAIN_06748,0.0122759435
TRAIN_06749,0.006793428
TRAIN_06750,0.0025359716
TRAIN_06751,0.010713708
TRAIN_06752,0.011685257
TRAIN_06753,0.061080772
TRAIN_06754,0.0065853964
TRAIN_06755,0.0022055225
TRAIN_06756,0.004825447
TRAIN_06757,0.05089768
TRAIN_06758,0.038119078
TRAIN_06759,0.009526946
TRAIN_06760,0.0021030023
TRAIN_06761,0.007634671
TRAIN_06762,0.060837045
TRAIN_06763,0.0050176717
TRAIN_06764,0.0026608668
TRAIN_06765,0.0063378504
TRAIN_06766,0.011506962
TRAIN_06767,0.007947974
TRAIN_06768,0.01476028
TRAIN_06769,0.005792609
TRAIN_06770,0.056479532
TRAIN_06771,0.010325648
TRAIN_06772,0.005819002
TRAIN_06773,0.008334054
TRAIN_06774,0.027771357
TRAIN_06775,0.008700862
TRAIN_06776,0.012542976
TRAIN_06777,0.0065765297
TRAIN_06778,0.005325654
TRAIN_06779,0.009240064
TRAIN_06780,0.0055599944
TRAIN_06781,0.0458984
TRAIN_06782,0.0075282725
TRAIN_06783,0.0027156519
TRAIN_06784,0.020034773
TRAIN_06785,0.012189853
TRAIN_06786,0.004887705
TRAIN_06787,0.004569749
TRAIN_06788,0.0030805075
TRAIN_06789,0.02020804
TRAIN_06790,0.0032835032
TRAIN_06791,0.0024145404
TRAIN_06792,0.021267157
TRAIN_06793,0.045145858
TRAIN_06794,0.020746382
TRAIN_06795,0.0027382353
TRAIN_06796,0.0068999096
TRAIN_06797,0.011217638
TRAIN_06798,0.008857434
TRAIN_06799,0.0154182995
TRAIN_06800,0.009441049
TRAIN_06801,0.0049966006
TRAIN_06802,0.005462349
TRAIN_06803,0.0057174917
TRAIN_06804,0.009478889
TRAIN_06805,0.0061999485
TRAIN_06806,0.045528244
TRAIN_06807,0.01403976
TRAIN_06808,0.010129579
TRAIN_06809,0.052044053
TRAIN_06810,0.010311336
TRAIN_06811,0.0056008375
TRAIN_06812,0.010655465
TRAIN_06813,0.001518795
TRAIN_06814,0.007616826
TRAIN_06815,0.021247078
TRAIN_06816,0.00056821445
TRAIN_06817,0.007876172
TRAIN_06818,0.011923304
TRAIN_06819,0.04377893
TRAIN_06820,0.002975998
TRAIN_06821,0.0057398756
TRAIN_06822,0.0019561623
TRAIN_06823,0.010824126
TRAIN_06824,0.006600967
TRAIN_06825,0.0045511257
TRAIN_06826,0.011975306
TRAIN_06827,0.004995275
TRAIN_06828,0.013460586
TRAIN_06829,0.006446481
TRAIN_06830,0.013313428
TRAIN_06831,0.0036194897
TRAIN_06832,0.001689377
TRAIN_06833,0.0064392155
TRAIN_06834,0.014723871
TRAIN_06835,0.006552045
TRAIN_06836,0.011889483
TRAIN_06837,0.0061690044
TRAIN_06838,0.0005076636
TRAIN_06839,0.0123402495
TRAIN_06840,0.0079199765
TRAIN_06841,0.008752887
TRAIN_06842,0.0022274496
TRAIN_06843,0.0042077466
TRAIN_06844,0.008973498
TRAIN_06845,0.014481499
TRAIN_06846,0.0051555526
TRAIN_06847,0.0045617814
TRAIN_06848,0.0015636738
TRAIN_06849,0.014370292
TRAIN_06850,0.019622177
TRAIN_06851,0.0062685963
TRAIN_06852,0.0075290925
TRAIN_06853,0.0056561665
TRAIN_06854,0.011521122
TRAIN_06855,0.010306653
TRAIN_06856,0.008846244
TRAIN_06857,0.0025785703
TRAIN_06858,0.011218673
TRAIN_06859,0.005609084
TRAIN_06860,0.02995181
TRAIN_06861,0.022107549
TRAIN_06862,0.0027388323
TRAIN_06863,0.007288708
TRAIN_06864,0.07495825
TRAIN_06865,0.010545611
TRAIN_06866,0.014561735
TRAIN_06867,0.008920327
TRAIN_06868,0.012527909
TRAIN_06869,0.0012304374
TRAIN_06870,0.013676813
TRAIN_06871,0.008090338
TRAIN_06872,0.015193179
TRAIN_06873,0.0017844834
TRAIN_06874,0.0064969994
TRAIN_06875,0.0025482168
TRAIN_06876,0.0013032138
TRAIN_06877,0.0013750903
TRAIN_06878,0.013379369
TRAIN_06879,0.005092391
TRAIN_06880,0.0015864809
TRAIN_06881,0.008820375
TRAIN_06882,0.009521795
TRAIN_06883,0.012013842
TRAIN_06884,0.0026715724
TRAIN_06885,0.042692628
TRAIN_06886,0.0018192739
TRAIN_06887,0.009735828
TRAIN_06888,0.013164637
TRAIN_06889,0.0075888764
TRAIN_06890,0.002749031
TRAIN_06891,0.0028982623
TRAIN_06892,0.0051036533
TRAIN_06893,0.006263726
TRAIN_06894,0.01030317
TRAIN_06895,0.021212544
TRAIN_06896,0.0079018185
TRAIN_06897,0.005436787
TRAIN_06898,0.007095458
TRAIN_06899,0.00079539744
TRAIN_06900,0.0076959548
TRAIN_06901,0.015952619
TRAIN_06902,0.016130878
TRAIN_06903,0.0055313264
TRAIN_06904,0.003290485
TRAIN_06905,0.0035295058
TRAIN_06906,0.004315749
TRAIN_06907,0.0030831692
TRAIN_06908,0.012639964
TRAIN_06909,0.009829853
TRAIN_06910,0.01271276
TRAIN_06911,0.011149777
TRAIN_06912,0.007534759
TRAIN_06913,0.00638821
TRAIN_06914,0.003528193
TRAIN_06915,0.0013185987
TRAIN_06916,0.003380687
TRAIN_06917,0.0038355552
TRAIN_06918,0.001530117
TRAIN_06919,0.0189682
TRAIN_06920,0.008559684
TRAIN_06921,0.018987307
TRAIN_06922,0.0070013907
TRAIN_06923,0.030338628
TRAIN_06924,0.0032955396
TRAIN_06925,0.018463215
TRAIN_06926,0.0067886105
TRAIN_06927,0.008517061
TRAIN_06928,0.002961852
TRAIN_06929,0.0040951553
TRAIN_06930,0.010971465
TRAIN_06931,0.01429587
TRAIN_06932,0.011665795
TRAIN_06933,0.00134632
TRAIN_06934,0.010526887
TRAIN_06935,0.011709964
TRAIN_06936,0.03638828
TRAIN_06937,0.0060448484
TRAIN_06938,0.010866763
TRAIN_06939,0.045976426
TRAIN_06940,0.01575235
TRAIN_06941,0.012533658
TRAIN_06942,0.0063219173
TRAIN_06943,0.010398858
TRAIN_06944,0.006180234
TRAIN_06945,0.035083786
TRAIN_06946,0.0059801303
TRAIN_06947,0.011540524
TRAIN_06948,0.011424689
TRAIN_06949,0.0073349257
TRAIN_06950,0.0027208724
TRAIN_06951,0.049444724
TRAIN_06952,0.010953005
TRAIN_06953,0.026496736
TRAIN_06954,0.01007324
TRAIN_06955,0.004043818
TRAIN_06956,0.0042196014
TRAIN_06957,0.01082545
TRAIN_06958,0.0071061547
TRAIN_06959,0.0010991459
TRAIN_06960,0.0077606384
TRAIN_06961,0.0016423805
TRAIN_06962,0.006465596
TRAIN_06963,0.063068084
TRAIN_06964,0.012002484
TRAIN_06965,0.006147114
TRAIN_06966,0.0022458124
TRAIN_06967,0.0028138119
TRAIN_06968,0.011400259
TRAIN_06969,0.034294102
TRAIN_06970,0.0027995494
TRAIN_06971,0.00042550455
TRAIN_06972,0.011949754
TRAIN_06973,0.00022599484
TRAIN_06974,0.00602376
TRAIN_06975,0.0075033056
TRAIN_06976,0.017892152
TRAIN_06977,0.0034602918
TRAIN_06978,0.015872935
TRAIN_06979,0.013519334
TRAIN_06980,0.005626936
TRAIN_06981,0.013097841
TRAIN_06982,0.014161604
TRAIN_06983,0.0031435012
TRAIN_06984,0.0077687837
TRAIN_06985,0.014264688
TRAIN_06986,0.008758185
TRAIN_06987,0.00798483
TRAIN_06988,0.0028668367
TRAIN_06989,0.0060032406
TRAIN_06990,0.00077013875
TRAIN_06991,0.15977468
TRAIN_06992,0.0013039401
TRAIN_06993,0.00064596796
TRAIN_06994,0.0030897711
TRAIN_06995,0.008252306
TRAIN_06996,0.0074783447
TRAIN_06997,0.054292373
TRAIN_06998,0.0030532281
TRAIN_06999,0.017051015
TRAIN_07000,0.013865183
TRAIN_07001,0.006945625
TRAIN_07002,0.0028642416
TRAIN_07003,0.0049980986
TRAIN_07004,0.012726252
TRAIN_07005,0.012349408
TRAIN_07006,0.0036356742
TRAIN_07007,0.018166896
TRAIN_07008,0.0156037025
TRAIN_07009,0.001989141
TRAIN_07010,0.007994726
TRAIN_07011,0.004524966
TRAIN_07012,0.011757148
TRAIN_07013,0.009053181
TRAIN_07014,0.012279927
TRAIN_07015,0.007915024
TRAIN_07016,0.07415903
TRAIN_07017,0.0060422495
TRAIN_07018,0.0029171712
TRAIN_07019,0.011238527
TRAIN_07020,0.016985275
TRAIN_07021,0.0031845525
TRAIN_07022,0.0026210262
TRAIN_07023,0.014729068
TRAIN_07024,0.0023764486
TRAIN_07025,0.0030363728
TRAIN_07026,0.007446937
TRAIN_07027,0.043117743
TRAIN_07028,0.0014160804
TRAIN_07029,0.009210361
TRAIN_07030,0.061500236
TRAIN_07031,0.015051821
TRAIN_07032,0.0137469545
TRAIN_07033,0.0039735907
TRAIN_07034,0.009302727
TRAIN_07035,0.011562543
TRAIN_07036,0.005634638
TRAIN_07037,0.007843297
TRAIN_07038,0.0033995875
TRAIN_07039,0.0040305047
TRAIN_07040,0.0031616671
TRAIN_07041,0.012205496
TRAIN_07042,0.004094254
TRAIN_07043,0.05191407
TRAIN_07044,0.05237086
TRAIN_07045,0.09609735
TRAIN_07046,0.015761314
TRAIN_07047,0.037282955
TRAIN_07048,0.0065535456
TRAIN_07049,0.085417375
TRAIN_07050,0.011032175
TRAIN_07051,0.016439196
TRAIN_07052,0.002249055
TRAIN_07053,0.0018007644
TRAIN_07054,0.0026080003
TRAIN_07055,0.003958725
TRAIN_07056,0.009377944
TRAIN_07057,0.0033131437
TRAIN_07058,0.000757887
TRAIN_07059,0.004379529
TRAIN_07060,0.018847901
TRAIN_07061,0.0024176906
TRAIN_07062,0.0056063295
TRAIN_07063,0.019991111
TRAIN_07064,0.0070082955
TRAIN_07065,0.009547614
TRAIN_07066,0.0052982266
TRAIN_07067,0.0020506806
TRAIN_07068,0.009456109
TRAIN_07069,0.019483004
TRAIN_07070,0.07337824
TRAIN_07071,0.010896909
TRAIN_07072,0.005604711
TRAIN_07073,0.0030353947
TRAIN_07074,0.0045575052
TRAIN_07075,0.012198355
TRAIN_07076,0.0020764857
TRAIN_07077,0.013785974
TRAIN_07078,0.0021753309
TRAIN_07079,0.010945609
TRAIN_07080,0.0026284636
TRAIN_07081,0.059500247
TRAIN_07082,0.0009875236
TRAIN_07083,0.013832017
TRAIN_07084,0.0002250077
TRAIN_07085,0.020174937
TRAIN_07086,0.053119645
TRAIN_07087,0.004671214
TRAIN_07088,0.0015209145
TRAIN_07089,0.005901897
TRAIN_07090,0.00461228
TRAIN_07091,0.017065914
TRAIN_07092,0.0031784216
TRAIN_07093,0.0040492443
TRAIN_07094,0.0052619344
TRAIN_07095,0.007582155
TRAIN_07096,0.003881629
TRAIN_07097,0.037001796
TRAIN_07098,0.011439513
TRAIN_07099,0.011076386
TRAIN_07100,0.0047348794
TRAIN_07101,0.010763854
TRAIN_07102,0.011560229
TRAIN_07103,0.0023292426
TRAIN_07104,0.0053214254
TRAIN_07105,0.010920949
TRAIN_07106,0.020473175
TRAIN_07107,0.0022102823
TRAIN_07108,0.0024219246
TRAIN_07109,0.009314961
TRAIN_07110,0.0030201734
TRAIN_07111,0.0027749552
TRAIN_07112,0.027460266
TRAIN_07113,0.009322191
TRAIN_07114,0.0059747626
TRAIN_07115,0.007289414
TRAIN_07116,0.00672106
TRAIN_07117,0.0013693635
TRAIN_07118,0.023947166
TRAIN_07119,0.003778534
TRAIN_07120,0.0028495004
TRAIN_07121,0.005548512
TRAIN_07122,0.0011389687
TRAIN_07123,0.008897306
TRAIN_07124,0.0074648894
TRAIN_07125,0.0020409022
TRAIN_07126,0.009254445
TRAIN_07127,0.030896768
TRAIN_07128,0.0027337044
TRAIN_07129,0.031169936
TRAIN_07130,0.024835756
TRAIN_07131,0.011135444
TRAIN_07132,0.003946131
TRAIN_07133,0.00244283
TRAIN_07134,0.011183701
TRAIN_07135,0.0074154795
TRAIN_07136,0.009823955
TRAIN_07137,0.0030385577
TRAIN_07138,0.0019977354
TRAIN_07139,0.017093122
TRAIN_07140,0.008161047
TRAIN_07141,0.0060566952
TRAIN_07142,0.1084011
TRAIN_07143,0.015018213
TRAIN_07144,0.009498738
TRAIN_07145,0.0020049526
TRAIN_07146,0.011739706
TRAIN_07147,0.007251848
TRAIN_07148,0.0037675558
TRAIN_07149,0.04841929
TRAIN_07150,0.006028404
TRAIN_07151,0.015491743
TRAIN_07152,0.09398879
TRAIN_07153,0.011317037
TRAIN_07154,0.013068233
TRAIN_07155,0.003990852
TRAIN_07156,0.0009371475
TRAIN_07157,0.011687723
TRAIN_07158,0.011165518
TRAIN_07159,0.009881122
TRAIN_07160,0.0037144867
TRAIN_07161,0.014158383
TRAIN_07162,0.0011465949
TRAIN_07163,0.010255241
TRAIN_07164,0.0037204167
TRAIN_07165,0.014171447
TRAIN_07166,0.010784699
TRAIN_07167,0.005401116
TRAIN_07168,0.004474361
TRAIN_07169,0.0071308976
TRAIN_07170,0.00554542
TRAIN_07171,0.012002357
TRAIN_07172,0.03462158
TRAIN_07173,0.00401869
TRAIN_07174,0.012855516
TRAIN_07175,0.004289655
TRAIN_07176,0.010230529
TRAIN_07177,0.0017879339
TRAIN_07178,0.013568407
TRAIN_07179,0.013361962
TRAIN_07180,0.0061142435
TRAIN_07181,0.012705016
TRAIN_07182,0.0050788615
TRAIN_07183,0.0022961614
TRAIN_07184,0.0015485198
TRAIN_07185,0.043944117
TRAIN_07186,0.0070118327
TRAIN_07187,0.027693333
TRAIN_07188,0.0053220703
TRAIN_07189,0.0004382625
TRAIN_07190,0.02925521
TRAIN_07191,0.0047403523
TRAIN_07192,0.018059406
TRAIN_07193,0.008617016
TRAIN_07194,0.026277097
TRAIN_07195,0.009756517
TRAIN_07196,0.007544711
TRAIN_07197,0.0102279
TRAIN_07198,0.036827426
TRAIN_07199,0.0024625272
TRAIN_07200,0.010729203
TRAIN_07201,0.055209164
TRAIN_07202,0.0028067683
TRAIN_07203,0.03469288
TRAIN_07204,0.0047595534
TRAIN_07205,0.004111372
TRAIN_07206,0.0036677574
TRAIN_07207,0.028419195
TRAIN_07208,0.0066208807
TRAIN_07209,0.023122653
TRAIN_07210,0.038678676
TRAIN_07211,0.004352695
TRAIN_07212,0.0051057483
TRAIN_07213,0.04119104
TRAIN_07214,0.015357245
TRAIN_07215,0.065766826
TRAIN_07216,0.009892646
TRAIN_07217,0.000830932
TRAIN_07218,0.0044485554
TRAIN_07219,0.01211296
TRAIN_07220,0.012436279
TRAIN_07221,0.006700482
TRAIN_07222,0.0144691365
TRAIN_07223,0.008214793
TRAIN_07224,0.0026695407
TRAIN_07225,0.005202413
TRAIN_07226,0.005806102
TRAIN_07227,0.009862958
TRAIN_07228,0.0006248919
TRAIN_07229,0.0022401363
TRAIN_07230,0.0070179407
TRAIN_07231,0.021507334
TRAIN_07232,0.0054754317
TRAIN_07233,0.00050513033
TRAIN_07234,0.0036944156
TRAIN_07235,0.013353292
TRAIN_07236,0.0027610192
TRAIN_07237,0.0051478944
TRAIN_07238,0.009194281
TRAIN_07239,0.011228728
TRAIN_07240,0.0074557946
TRAIN_07241,0.0025553708
TRAIN_07242,0.0028153972
TRAIN_07243,0.007596869
TRAIN_07244,0.057385374
TRAIN_07245,0.0075681
TRAIN_07246,0.000903206
TRAIN_07247,0.016967064
TRAIN_07248,0.009223554
TRAIN_07249,0.0067668273
TRAIN_07250,0.0033518467
TRAIN_07251,0.013743773
TRAIN_07252,0.021323401
TRAIN_07253,0.010281719
TRAIN_07254,0.009978207
TRAIN_07255,0.007285712
TRAIN_07256,0.015454041
TRAIN_07257,0.0045756986
TRAIN_07258,0.0060941055
TRAIN_07259,0.0015694437
TRAIN_07260,0.0020047629
TRAIN_07261,0.011040772
TRAIN_07262,0.015657904
TRAIN_07263,0.0066336747
TRAIN_07264,0.01273969
TRAIN_07265,0.0073508974
TRAIN_07266,0.005128518
TRAIN_07267,0.010060241
TRAIN_07268,0.0024160203
TRAIN_07269,0.0054017636
TRAIN_07270,0.009043272
TRAIN_07271,0.0016664217
TRAIN_07272,0.013735969
TRAIN_07273,0.0067147613
TRAIN_07274,0.0050275424
TRAIN_07275,0.011015487
TRAIN_07276,0.07954103
TRAIN_07277,0.07477205
TRAIN_07278,0.0013770144
TRAIN_07279,0.009100939
TRAIN_07280,0.0040809656
TRAIN_07281,0.011854656
TRAIN_07282,0.008638139
TRAIN_07283,0.011989395
TRAIN_07284,0.014040515
TRAIN_07285,0.011946099
TRAIN_07286,0.010228455
TRAIN_07287,0.012447642
TRAIN_07288,0.0074533136
TRAIN_07289,0.0015660655
TRAIN_07290,0.0054852804
TRAIN_07291,0.00085170794
TRAIN_07292,0.0011888496
TRAIN_07293,0.006641784
TRAIN_07294,0.12789816
TRAIN_07295,0.004081296
TRAIN_07296,0.0066227666
TRAIN_07297,0.013759421
TRAIN_07298,0.09715724
TRAIN_07299,0.0034882338
TRAIN_07300,0.011727031
TRAIN_07301,0.0020162358
TRAIN_07302,0.012198908
TRAIN_07303,0.005509747
TRAIN_07304,0.01685287
TRAIN_07305,0.002677383
TRAIN_07306,0.024501683
TRAIN_07307,0.022179686
TRAIN_07308,0.012534979
TRAIN_07309,0.0015882376
TRAIN_07310,0.020823963
TRAIN_07311,0.007851065
TRAIN_07312,0.026390852
TRAIN_07313,0.010739998
TRAIN_07314,0.0021933098
TRAIN_07315,0.021140462
TRAIN_07316,0.021579504
TRAIN_07317,0.006388429
TRAIN_07318,0.012431701
TRAIN_07319,0.006448972
TRAIN_07320,0.010127617
TRAIN_07321,0.010507741
TRAIN_07322,0.0031659605
TRAIN_07323,0.0054709683
TRAIN_07324,0.0016371006
TRAIN_07325,0.024940005
TRAIN_07326,0.008559997
TRAIN_07327,0.0073327865
TRAIN_07328,0.010320503
TRAIN_07329,0.015843568
TRAIN_07330,0.01998018
TRAIN_07331,0.013070393
TRAIN_07332,0.032967135
TRAIN_07333,0.0020607107
TRAIN_07334,0.010066807
TRAIN_07335,0.006847495
TRAIN_07336,0.0029861808
TRAIN_07337,0.019332744
TRAIN_07338,0.0024527393
TRAIN_07339,0.003934492
TRAIN_07340,0.009954252
TRAIN_07341,0.0065380014
TRAIN_07342,0.00209227
TRAIN_07343,0.0105137555
TRAIN_07344,0.006258552
TRAIN_07345,0.05856216
TRAIN_07346,0.007966951
TRAIN_07347,0.012085404
TRAIN_07348,0.0049270624
TRAIN_07349,0.018604584
TRAIN_07350,0.0063903076
TRAIN_07351,0.0048679677
TRAIN_07352,0.008969727
TRAIN_07353,0.03226107
TRAIN_07354,0.010370172
TRAIN_07355,0.0051710545
TRAIN_07356,0.0076143174
TRAIN_07357,0.0035653466
TRAIN_07358,0.0144017385
TRAIN_07359,0.033913545
TRAIN_07360,0.0047009713
TRAIN_07361,0.013365002
TRAIN_07362,0.01775365
TRAIN_07363,0.0089122895
TRAIN_07364,0.012616109
TRAIN_07365,0.0048442753
TRAIN_07366,0.010017496
TRAIN_07367,0.0043239756
TRAIN_07368,0.043945566
TRAIN_07369,0.013731451
TRAIN_07370,0.012798018
TRAIN_07371,0.00865086
TRAIN_07372,0.009471672
TRAIN_07373,0.009716857
TRAIN_07374,0.018574001
TRAIN_07375,0.13626538
TRAIN_07376,0.0021114314
TRAIN_07377,0.029998532
TRAIN_07378,0.0032062188
TRAIN_07379,0.029702533
TRAIN_07380,0.010993889
TRAIN_07381,0.004344409
TRAIN_07382,0.005690434
TRAIN_07383,0.0138393575
TRAIN_07384,0.00952004
TRAIN_07385,0.022749787
TRAIN_07386,0.010618654
TRAIN_07387,0.012497883
TRAIN_07388,0.009868768
TRAIN_07389,0.005541665
TRAIN_07390,0.013259213
TRAIN_07391,0.017746542
TRAIN_07392,0.015830081
TRAIN_07393,0.007418188
TRAIN_07394,0.035982102
TRAIN_07395,0.0086624455
TRAIN_07396,0.00571098
TRAIN_07397,0.011303517
TRAIN_07398,0.0054898257
TRAIN_07399,0.014562758
TRAIN_07400,0.013335845
TRAIN_07401,0.05984717
TRAIN_07402,0.0035410218
TRAIN_07403,0.008559763
TRAIN_07404,0.00085857697
TRAIN_07405,0.011784063
TRAIN_07406,0.013848405
TRAIN_07407,0.007461402
TRAIN_07408,0.0074576493
TRAIN_07409,0.0076824874
TRAIN_07410,0.0032212671
TRAIN_07411,0.0052947076
TRAIN_07412,0.0070364317
TRAIN_07413,0.0074277166
TRAIN_07414,0.008912631
TRAIN_07415,0.0028226832
TRAIN_07416,0.012348398
TRAIN_07417,0.008411654
TRAIN_07418,0.009798202
TRAIN_07419,0.03603011
TRAIN_07420,0.007888445
TRAIN_07421,0.06809693
TRAIN_07422,0.010646714
TRAIN_07423,0.0006084319
TRAIN_07424,0.0075619887
TRAIN_07425,0.02285462
TRAIN_07426,0.014143511
TRAIN_07427,0.009625327
TRAIN_07428,0.047195222
TRAIN_07429,0.007430409
TRAIN_07430,0.010515076
TRAIN_07431,0.0031062271
TRAIN_07432,0.0050653056
TRAIN_07433,0.005575636
TRAIN_07434,0.010407027
TRAIN_07435,0.0008774324
TRAIN_07436,0.009329653
TRAIN_07437,0.019253949
TRAIN_07438,0.0086404225
TRAIN_07439,0.011578951
TRAIN_07440,0.003768678
TRAIN_07441,0.005103112
TRAIN_07442,0.009020516
TRAIN_07443,0.011966181
TRAIN_07444,0.011390201
TRAIN_07445,0.0085509075
TRAIN_07446,0.02067962
TRAIN_07447,0.014551884
TRAIN_07448,0.011951083
TRAIN_07449,0.008363431
TRAIN_07450,0.004565127
TRAIN_07451,0.011227854
TRAIN_07452,0.012731406
TRAIN_07453,0.008824758
TRAIN_07454,0.009229252
TRAIN_07455,0.0043919305
TRAIN_07456,0.010974586
TRAIN_07457,0.016624326
TRAIN_07458,0.0023563397
TRAIN_07459,0.01505219
TRAIN_07460,0.002332637
TRAIN_07461,0.0018139542
TRAIN_07462,0.015893754
TRAIN_07463,0.098172896
TRAIN_07464,0.006406655
TRAIN_07465,0.004343446
TRAIN_07466,0.008858727
TRAIN_07467,0.0137098525
TRAIN_07468,0.007861013
TRAIN_07469,0.012778673
TRAIN_07470,0.029117743
TRAIN_07471,0.008533576
TRAIN_07472,0.041871805
TRAIN_07473,0.0027399322
TRAIN_07474,0.0063143745
TRAIN_07475,0.011288935
TRAIN_07476,0.013337483
TRAIN_07477,0.0058425064
TRAIN_07478,0.018660612
TRAIN_07479,0.054484177
TRAIN_07480,0.011103121
TRAIN_07481,0.012060113
TRAIN_07482,0.06011901
TRAIN_07483,0.01473725
TRAIN_07484,0.0017867275
TRAIN_07485,0.009082053
TRAIN_07486,0.025649507
TRAIN_07487,0.0041075656
TRAIN_07488,0.0048933458
TRAIN_07489,0.0095633585
TRAIN_07490,0.018404547
TRAIN_07491,0.016968943
TRAIN_07492,0.00435032
TRAIN_07493,0.0022516488
TRAIN_07494,0.050356768
TRAIN_07495,0.0120458305
TRAIN_07496,0.018732086
TRAIN_07497,0.004686596
TRAIN_07498,0.0017296036
TRAIN_07499,0.013115424
TRAIN_07500,0.012196889
TRAIN_07501,0.037901167
TRAIN_07502,0.009451697
TRAIN_07503,0.010798102
TRAIN_07504,0.020735977
TRAIN_07505,0.008320011
TRAIN_07506,0.011229491
TRAIN_07507,0.0077703907
TRAIN_07508,0.0027320255
TRAIN_07509,0.009803829
TRAIN_07510,0.011979627
TRAIN_07511,0.0014457556
TRAIN_07512,0.0024467418
TRAIN_07513,0.0052113025
TRAIN_07514,0.005687593
TRAIN_07515,0.0068158647
TRAIN_07516,0.0025620065
TRAIN_07517,0.012191325
TRAIN_07518,0.011428844
TRAIN_07519,0.004851264
TRAIN_07520,0.0010541815
TRAIN_07521,0.031568836
TRAIN_07522,0.007984961
TRAIN_07523,0.0024263824
TRAIN_07524,0.009236746
TRAIN_07525,0.03559715
TRAIN_07526,0.042404883
TRAIN_07527,0.012628196
TRAIN_07528,0.011867218
TRAIN_07529,0.012470807
TRAIN_07530,0.0017720882
TRAIN_07531,0.009823708
TRAIN_07532,0.0024268455
TRAIN_07533,0.012614463
TRAIN_07534,0.011801175
TRAIN_07535,0.014082503
TRAIN_07536,0.021918543
TRAIN_07537,0.034849167
TRAIN_07538,0.020109637
TRAIN_07539,0.0044379025
TRAIN_07540,0.009159833
TRAIN_07541,0.008269942
TRAIN_07542,0.0056977994
TRAIN_07543,0.0023648755
TRAIN_07544,0.008697643
TRAIN_07545,0.0025226888
TRAIN_07546,0.0019099278
TRAIN_07547,0.0069251787
TRAIN_07548,0.012889417
TRAIN_07549,0.013665322
TRAIN_07550,0.011529465
TRAIN_07551,0.0040940535
TRAIN_07552,0.0017288362
TRAIN_07553,0.004068017
TRAIN_07554,0.0026288687
TRAIN_07555,0.0053709894
TRAIN_07556,0.005476377
TRAIN_07557,0.011598726
TRAIN_07558,0.0019610398
TRAIN_07559,0.046776053
TRAIN_07560,0.005092211
TRAIN_07561,0.024009164
TRAIN_07562,0.00225102
TRAIN_07563,0.0048476807
TRAIN_07564,0.03226867
TRAIN_07565,0.006416431
TRAIN_07566,0.009648176
TRAIN_07567,0.0024780307
TRAIN_07568,0.005511315
TRAIN_07569,0.03325291
TRAIN_07570,0.010041794
TRAIN_07571,0.020207822
TRAIN_07572,0.009137106
TRAIN_07573,0.029832201
TRAIN_07574,0.002347504
TRAIN_07575,0.0013400887
TRAIN_07576,0.008191634
TRAIN_07577,0.034198273
TRAIN_07578,0.005014255
TRAIN_07579,0.003971586
TRAIN_07580,0.0040163095
TRAIN_07581,0.07676098
TRAIN_07582,0.0031325172
TRAIN_07583,0.028584192
TRAIN_07584,0.040372442
TRAIN_07585,0.008104311
TRAIN_07586,0.0028316674
TRAIN_07587,0.0130907195
TRAIN_07588,0.0057067606
TRAIN_07589,0.004135775
TRAIN_07590,0.022197481
TRAIN_07591,0.00546364
TRAIN_07592,0.009454509
TRAIN_07593,0.011857318
TRAIN_07594,0.0068481276
TRAIN_07595,0.0015251184
TRAIN_07596,0.0033046314
TRAIN_07597,0.0038725561
TRAIN_07598,0.013099397
TRAIN_07599,0.011801614
TRAIN_07600,0.005085705
TRAIN_07601,0.004272478
TRAIN_07602,0.0064815325
TRAIN_07603,0.025132809
TRAIN_07604,0.011011382
TRAIN_07605,0.05469835
TRAIN_07606,0.0141568845
TRAIN_07607,0.007469615
TRAIN_07608,0.008894173
TRAIN_07609,0.015412055
TRAIN_07610,0.011103214
TRAIN_07611,0.0022863615
TRAIN_07612,0.0033318864
TRAIN_07613,0.0077549866
TRAIN_07614,0.0030831166
TRAIN_07615,0.007467828
TRAIN_07616,0.013526951
TRAIN_07617,0.0024205875
TRAIN_07618,0.08779417
TRAIN_07619,0.012308134
TRAIN_07620,0.0037400683
TRAIN_07621,0.006200786
TRAIN_07622,0.03564911
TRAIN_07623,0.0026772334
TRAIN_07624,0.0015678344
TRAIN_07625,0.024537973
TRAIN_07626,0.024983067
TRAIN_07627,0.005083513
TRAIN_07628,0.0035868664
TRAIN_07629,0.009055399
TRAIN_07630,0.013939824
TRAIN_07631,0.0021227943
TRAIN_07632,0.0038457618
TRAIN_07633,0.0018364284
TRAIN_07634,0.031501338
TRAIN_07635,0.0050465562
TRAIN_07636,0.008417022
TRAIN_07637,0.011874612
TRAIN_07638,0.011020029
TRAIN_07639,0.013378141
TRAIN_07640,0.0036145558
TRAIN_07641,0.012794552
TRAIN_07642,0.048728164
TRAIN_07643,0.010988196
TRAIN_07644,0.012614986
TRAIN_07645,0.015164181
TRAIN_07646,0.010563925
TRAIN_07647,0.0012240343
TRAIN_07648,0.005291455
TRAIN_07649,0.0052553676
TRAIN_07650,0.0076639876
TRAIN_07651,0.012471415
TRAIN_07652,0.010667424
TRAIN_07653,0.005776061
TRAIN_07654,0.0059377383
TRAIN_07655,0.0046333517
TRAIN_07656,0.01176415
TRAIN_07657,0.013380613
TRAIN_07658,0.013772227
TRAIN_07659,0.0124760475
TRAIN_07660,0.007998263
TRAIN_07661,0.043874994
TRAIN_07662,0.002214073
TRAIN_07663,0.060032748
TRAIN_07664,0.020456348
TRAIN_07665,0.011241409
TRAIN_07666,0.0022075598
TRAIN_07667,0.0057446016
TRAIN_07668,0.0026561224
TRAIN_07669,0.0011570784
TRAIN_07670,0.00057379977
TRAIN_07671,0.006101985
TRAIN_07672,0.011402669
TRAIN_07673,0.014190325
TRAIN_07674,0.008683255
TRAIN_07675,0.003501886
TRAIN_07676,0.0112445615
TRAIN_07677,0.003371874
TRAIN_07678,0.030345118
TRAIN_07679,0.010583525
TRAIN_07680,0.071780175
TRAIN_07681,0.0034037244
TRAIN_07682,0.0032734263
TRAIN_07683,0.007886001
TRAIN_07684,0.006816036
TRAIN_07685,0.0035184766
TRAIN_07686,0.013022245
TRAIN_07687,0.017580276
TRAIN_07688,0.0076266616
TRAIN_07689,0.0019071572
TRAIN_07690,0.0116459355
TRAIN_07691,0.010403702
TRAIN_07692,0.0043940353
TRAIN_07693,0.001822625
TRAIN_07694,0.012194874
TRAIN_07695,0.013573281
TRAIN_07696,0.01751005
TRAIN_07697,0.0022394652
TRAIN_07698,0.043015644
TRAIN_07699,0.004294976
TRAIN_07700,0.011164668
TRAIN_07701,0.013003531
TRAIN_07702,0.04574321
TRAIN_07703,0.0142741045
TRAIN_07704,0.008603485
TRAIN_07705,0.001574393
TRAIN_07706,0.001799367
TRAIN_07707,0.016418032
TRAIN_07708,0.0045482586
TRAIN_07709,0.005700453
TRAIN_07710,0.0038858377
TRAIN_07711,0.011666242
TRAIN_07712,0.0016043118
TRAIN_07713,0.019842941
TRAIN_07714,0.011873356
TRAIN_07715,0.0049898652
TRAIN_07716,0.0068271235
TRAIN_07717,0.011385162
TRAIN_07718,0.021111444
TRAIN_07719,0.01090049
TRAIN_07720,0.003197992
TRAIN_07721,0.024172947
TRAIN_07722,0.014119831
TRAIN_07723,0.0060550696
TRAIN_07724,0.032794457
TRAIN_07725,0.011843055
TRAIN_07726,0.005679838
TRAIN_07727,0.02479998
TRAIN_07728,0.0010569975
TRAIN_07729,0.07686059
TRAIN_07730,0.011159141
TRAIN_07731,0.013886118
TRAIN_07732,0.03433792
TRAIN_07733,0.0072247284
TRAIN_07734,0.0085474225
TRAIN_07735,0.014329834
TRAIN_07736,0.0144907795
TRAIN_07737,0.004626252
TRAIN_07738,0.018503794
TRAIN_07739,0.012778619
TRAIN_07740,0.006776732
TRAIN_07741,0.0077301995
TRAIN_07742,0.0083402535
TRAIN_07743,0.0023306939
TRAIN_07744,0.0601524
TRAIN_07745,0.02195179
TRAIN_07746,0.0077099744
TRAIN_07747,0.026850255
TRAIN_07748,0.0033287401
TRAIN_07749,0.003997192
TRAIN_07750,0.0012905042
TRAIN_07751,0.01603266
TRAIN_07752,0.013973558
TRAIN_07753,0.010473254
TRAIN_07754,0.010551842
TRAIN_07755,0.009094752
TRAIN_07756,0.0056687277
TRAIN_07757,0.008374193
TRAIN_07758,0.007439929
TRAIN_07759,0.018417787
TRAIN_07760,0.0025026521
TRAIN_07761,0.013932804
TRAIN_07762,0.004792776
TRAIN_07763,0.003451924
TRAIN_07764,0.1145249
TRAIN_07765,0.025737893
TRAIN_07766,0.0053252648
TRAIN_07767,0.0017924746
TRAIN_07768,0.0047252337
TRAIN_07769,0.05239696
TRAIN_07770,0.008806617
TRAIN_07771,0.013729829
TRAIN_07772,0.015104438
TRAIN_07773,0.033367433
TRAIN_07774,0.010165609
TRAIN_07775,0.011350859
TRAIN_07776,0.007549145
TRAIN_07777,0.0060507185
TRAIN_07778,0.00040817293
TRAIN_07779,0.012351867
TRAIN_07780,0.0077709425
TRAIN_07781,0.0067660515
TRAIN_07782,0.0113301445
TRAIN_07783,0.0043113288
TRAIN_07784,0.0062174965
TRAIN_07785,0.064103276
TRAIN_07786,0.0057931105
TRAIN_07787,0.023646755
TRAIN_07788,0.0057948874
TRAIN_07789,0.0054821083
TRAIN_07790,0.024727628
TRAIN_07791,0.004883909
TRAIN_07792,0.010882071
TRAIN_07793,0.014918986
TRAIN_07794,0.0016672814
TRAIN_07795,0.0007076534
TRAIN_07796,0.013103202
TRAIN_07797,0.005881155
TRAIN_07798,0.0038798552
TRAIN_07799,0.016040655
TRAIN_07800,0.0024834755
TRAIN_07801,0.0071932795
TRAIN_07802,0.001064309
TRAIN_07803,0.0049208184
TRAIN_07804,0.00421718
TRAIN_07805,0.035003718
TRAIN_07806,0.01792984
TRAIN_07807,0.0016446181
TRAIN_07808,0.007426753
TRAIN_07809,0.044264883
TRAIN_07810,0.09369718
TRAIN_07811,0.015060384
TRAIN_07812,0.004138091
TRAIN_07813,0.004547935
TRAIN_07814,0.0025747449
TRAIN_07815,0.022923118
TRAIN_07816,0.0057329945
TRAIN_07817,0.014164235
TRAIN_07818,0.01620267
TRAIN_07819,0.004992377
TRAIN_07820,0.012933876
TRAIN_07821,0.04515244
TRAIN_07822,0.0020208077
TRAIN_07823,0.113637336
TRAIN_07824,0.006001892
TRAIN_07825,0.09205508
TRAIN_07826,0.009889908
TRAIN_07827,0.0028482745
TRAIN_07828,0.006326166
TRAIN_07829,0.0063229394
TRAIN_07830,0.006059404
TRAIN_07831,0.007975335
TRAIN_07832,0.0033328976
TRAIN_07833,0.0369467
TRAIN_07834,0.0038489553
TRAIN_07835,0.002737514
TRAIN_07836,0.010020622
TRAIN_07837,0.012261089
TRAIN_07838,0.025741482
TRAIN_07839,0.0024561803
TRAIN_07840,0.0028869626
TRAIN_07841,0.015159352
TRAIN_07842,0.017273098
TRAIN_07843,0.01224616
TRAIN_07844,0.011153553
TRAIN_07845,0.011182875
TRAIN_07846,0.0014933726
TRAIN_07847,0.0029019737
TRAIN_07848,0.075443506
TRAIN_07849,0.009076948
TRAIN_07850,0.011900099
TRAIN_07851,0.00034909017
TRAIN_07852,0.0113208825
TRAIN_07853,0.0044074263
TRAIN_07854,0.0036046598
TRAIN_07855,0.008895021
TRAIN_07856,0.013453547
TRAIN_07857,0.011332632
TRAIN_07858,0.0022467216
TRAIN_07859,0.008550783
TRAIN_07860,0.013385439
TRAIN_07861,0.003424125
TRAIN_07862,0.009845675
TRAIN_07863,0.116013356
TRAIN_07864,0.012274993
TRAIN_07865,0.0020980788
TRAIN_07866,0.008026086
TRAIN_07867,0.00330536
TRAIN_07868,0.004985919
TRAIN_07869,0.003723392
TRAIN_07870,0.011745965
TRAIN_07871,0.027941559
TRAIN_07872,0.044125736
TRAIN_07873,0.0032161688
TRAIN_07874,0.005411139
TRAIN_07875,0.0013297561
TRAIN_07876,0.0058245463
TRAIN_07877,0.003908052
TRAIN_07878,0.054889318
TRAIN_07879,0.010050656
TRAIN_07880,0.018906575
TRAIN_07881,0.02161303
TRAIN_07882,0.012212098
TRAIN_07883,0.051786583
TRAIN_07884,0.007638223
TRAIN_07885,0.008294318
TRAIN_07886,0.008170805
TRAIN_07887,0.010455983
TRAIN_07888,0.014046373
TRAIN_07889,0.03159085
TRAIN_07890,0.005732848
TRAIN_07891,0.0043929094
TRAIN_07892,0.03065789
TRAIN_07893,0.01997222
TRAIN_07894,0.00740097
TRAIN_07895,0.0033367043
TRAIN_07896,0.020099934
TRAIN_07897,0.0026091298
TRAIN_07898,0.0073530795
TRAIN_07899,0.11170973
TRAIN_07900,0.005781255
TRAIN_07901,0.030116212
TRAIN_07902,0.0135788545
TRAIN_07903,0.010651809
TRAIN_07904,0.0018807715
TRAIN_07905,0.025757158
TRAIN_07906,0.006584722
TRAIN_07907,0.004901403
TRAIN_07908,0.008129506
TRAIN_07909,0.0100137815
TRAIN_07910,0.0033883688
TRAIN_07911,0.01103615
TRAIN_07912,0.014503918
TRAIN_07913,0.02624882
TRAIN_07914,0.0038152803
TRAIN_07915,0.0035684532
TRAIN_07916,0.017799558
TRAIN_07917,0.0072500375
TRAIN_07918,0.017254852
TRAIN_07919,0.0028866238
TRAIN_07920,0.0056061414
TRAIN_07921,0.008615785
TRAIN_07922,0.01419597
TRAIN_07923,0.008267776
TRAIN_07924,0.0059030103
TRAIN_07925,0.0026108276
TRAIN_07926,0.006923071
TRAIN_07927,0.0025126738
TRAIN_07928,0.012226028
TRAIN_07929,0.008233177
TRAIN_07930,0.0068299626
TRAIN_07931,0.004104655
TRAIN_07932,0.0018182683
TRAIN_07933,0.0058499626
TRAIN_07934,0.002183874
TRAIN_07935,0.016960274
TRAIN_07936,0.002215487
TRAIN_07937,0.0011288348
TRAIN_07938,0.010582285
TRAIN_07939,0.0020894
TRAIN_07940,0.0015769025
TRAIN_07941,0.009149621
TRAIN_07942,0.011545538
TRAIN_07943,0.010206952
TRAIN_07944,0.0032852862
TRAIN_07945,0.007846151
TRAIN_07946,0.009335892
TRAIN_07947,0.001515997
TRAIN_07948,0.011234212
TRAIN_07949,0.0029353488
TRAIN_07950,0.0054895743
TRAIN_07951,0.0022024994
TRAIN_07952,0.01304131
TRAIN_07953,0.014377355
TRAIN_07954,0.018542396
TRAIN_07955,0.0006009787
TRAIN_07956,0.0012530329
TRAIN_07957,0.004546088
TRAIN_07958,0.008455534
TRAIN_07959,0.0068087894
TRAIN_07960,0.05763027
TRAIN_07961,0.01925775
TRAIN_07962,0.019630317
TRAIN_07963,0.010483548
TRAIN_07964,0.005906102
TRAIN_07965,0.010476071
TRAIN_07966,0.005913155
TRAIN_07967,0.004413714
TRAIN_07968,0.0019620163
TRAIN_07969,0.006298495
TRAIN_07970,0.010530199
TRAIN_07971,0.008499451
TRAIN_07972,0.0076673366
TRAIN_07973,0.0022867853
TRAIN_07974,0.00799153
TRAIN_07975,0.007702427
TRAIN_07976,0.0076055527
TRAIN_07977,0.013375398
TRAIN_07978,0.008686704
TRAIN_07979,0.0015188864
TRAIN_07980,0.023788242
TRAIN_07981,0.011313166
TRAIN_07982,0.012887353
TRAIN_07983,0.012669762
TRAIN_07984,0.015243924
TRAIN_07985,0.0105455285
TRAIN_07986,0.0049328245
TRAIN_07987,0.00477782
TRAIN_07988,0.0037345334
TRAIN_07989,0.016628716
TRAIN_07990,0.004238908
TRAIN_07991,0.0119600445
TRAIN_07992,0.0099126045
TRAIN_07993,0.012422043
TRAIN_07994,0.009937961
TRAIN_07995,0.0043438077
TRAIN_07996,0.003956358
TRAIN_07997,0.037319575
TRAIN_07998,0.010230566
TRAIN_07999,0.007125524
TRAIN_08000,0.017765548
TRAIN_08001,0.002370822
TRAIN_08002,0.008212369
TRAIN_08003,0.012928749
TRAIN_08004,0.012605327
TRAIN_08005,0.013094517
TRAIN_08006,0.012032912
TRAIN_08007,0.009717558
TRAIN_08008,0.02211176
TRAIN_08009,0.008309512
TRAIN_08010,0.056762613
TRAIN_08011,0.0028440303
TRAIN_08012,0.0033277445
TRAIN_08013,0.004695457
TRAIN_08014,0.0032599112
TRAIN_08015,0.11321904
TRAIN_08016,0.02114098
TRAIN_08017,0.021633925
TRAIN_08018,0.023450747
TRAIN_08019,0.01921015
TRAIN_08020,0.015503704
TRAIN_08021,0.0112468
TRAIN_08022,0.00620111
TRAIN_08023,0.013495472
TRAIN_08024,0.0012281532
TRAIN_08025,0.0021609776
TRAIN_08026,0.016209194
TRAIN_08027,0.00022760876
TRAIN_08028,0.028241653
TRAIN_08029,0.01183965
TRAIN_08030,0.0060660657
TRAIN_08031,0.009640585
TRAIN_08032,0.0016400409
TRAIN_08033,0.01310921
TRAIN_08034,0.021297397
TRAIN_08035,0.02756777
TRAIN_08036,0.0019605828
TRAIN_08037,0.0062024114
TRAIN_08038,0.0075306725
TRAIN_08039,0.0135496585
TRAIN_08040,0.0150586665
TRAIN_08041,0.01040605
TRAIN_08042,0.0030184092
TRAIN_08043,0.04013403
TRAIN_08044,0.005248123
TRAIN_08045,0.012513627
TRAIN_08046,0.0022946307
TRAIN_08047,0.005511251
TRAIN_08048,0.0025678577
TRAIN_08049,0.008517396
TRAIN_08050,0.00448811
TRAIN_08051,0.0043129916
TRAIN_08052,0.009211378
TRAIN_08053,0.00570149
TRAIN_08054,0.005693588
TRAIN_08055,0.008081757
TRAIN_08056,0.0090917675
TRAIN_08057,0.022797244
TRAIN_08058,0.0052731535
TRAIN_08059,0.01161418
TRAIN_08060,0.057341382
TRAIN_08061,0.04922568
TRAIN_08062,0.011079927
TRAIN_08063,0.0042596594
TRAIN_08064,0.013856973
TRAIN_08065,0.03236445
TRAIN_08066,0.0016503733
TRAIN_08067,0.030228404
TRAIN_08068,0.014161432
TRAIN_08069,0.006576798
TRAIN_08070,0.013681874
TRAIN_08071,0.010724291
TRAIN_08072,0.009983145
TRAIN_08073,0.015567466
TRAIN_08074,0.027295468
TRAIN_08075,0.0035663943
TRAIN_08076,0.010814618
TRAIN_08077,0.0032209666
TRAIN_08078,0.0070012314
TRAIN_08079,0.0062690726
TRAIN_08080,0.028066762
TRAIN_08081,0.013259874
TRAIN_08082,0.0038779522
TRAIN_08083,0.00067728234
TRAIN_08084,0.015623859
TRAIN_08085,0.019521266
TRAIN_08086,0.009817741
TRAIN_08087,0.0092791235
TRAIN_08088,0.06382259
TRAIN_08089,0.008154175
TRAIN_08090,0.07314875
TRAIN_08091,0.009204621
TRAIN_08092,0.009489241
TRAIN_08093,0.009001004
TRAIN_08094,0.014897106
TRAIN_08095,0.0075848456
TRAIN_08096,0.014255754
TRAIN_08097,0.014266944
TRAIN_08098,0.00672584
TRAIN_08099,0.010605162
TRAIN_08100,0.014074949
TRAIN_08101,0.002196092
TRAIN_08102,0.08033465
TRAIN_08103,0.011728999
TRAIN_08104,0.012917355
TRAIN_08105,0.010436531
TRAIN_08106,0.011816851
TRAIN_08107,0.0052912333
TRAIN_08108,0.0023204016
TRAIN_08109,0.039799526
TRAIN_08110,0.0053155436
TRAIN_08111,0.0041090013
TRAIN_08112,0.025334882
TRAIN_08113,0.011448787
TRAIN_08114,0.00592657
TRAIN_08115,0.0064542834
TRAIN_08116,0.0037554002
TRAIN_08117,0.0034027414
TRAIN_08118,0.009305419
TRAIN_08119,0.011157902
TRAIN_08120,0.015545187
TRAIN_08121,0.01338776
TRAIN_08122,0.012216492
TRAIN_08123,0.014145729
TRAIN_08124,0.010275813
TRAIN_08125,0.0730367
TRAIN_08126,0.0047029513
TRAIN_08127,0.0016834156
TRAIN_08128,0.009356843
TRAIN_08129,0.020268105
TRAIN_08130,0.016275857
TRAIN_08131,0.013214656
TRAIN_08132,0.011068783
TRAIN_08133,0.107292235
TRAIN_08134,0.014350083
TRAIN_08135,0.014386201
TRAIN_08136,0.0067458404
TRAIN_08137,0.0044243685
TRAIN_08138,0.0018511831
TRAIN_08139,0.0036376996
TRAIN_08140,0.008178775
TRAIN_08141,0.0011490859
TRAIN_08142,0.028458923
TRAIN_08143,0.0050575226
TRAIN_08144,0.0016242261
TRAIN_08145,0.0032846779
TRAIN_08146,0.0005339211
TRAIN_08147,0.005913813
TRAIN_08148,0.01592167
TRAIN_08149,0.015527758
TRAIN_08150,0.004612586
TRAIN_08151,0.00800055
TRAIN_08152,0.017416712
TRAIN_08153,0.0050921845
TRAIN_08154,0.010308289
TRAIN_08155,0.0045596524
TRAIN_08156,0.004695825
TRAIN_08157,0.022331191
TRAIN_08158,0.0016536277
TRAIN_08159,0.007609979
TRAIN_08160,0.0020217376
TRAIN_08161,0.0102168415
TRAIN_08162,0.0014384406
TRAIN_08163,0.0030403214
TRAIN_08164,0.024763381
TRAIN_08165,0.013887827
TRAIN_08166,0.0077627087
TRAIN_08167,0.016075708
TRAIN_08168,0.010252077
TRAIN_08169,0.05344225
TRAIN_08170,0.010672746
TRAIN_08171,0.0038010085
TRAIN_08172,0.0011520368
TRAIN_08173,0.0019259735
TRAIN_08174,0.010558294
TRAIN_08175,0.049709316
TRAIN_08176,0.013774289
TRAIN_08177,0.0073452867
TRAIN_08178,0.019593278
TRAIN_08179,0.010870833
TRAIN_08180,0.0034862305
TRAIN_08181,0.0070626005
TRAIN_08182,0.012211748
TRAIN_08183,0.00965801
TRAIN_08184,0.0128989
TRAIN_08185,0.0005107965
TRAIN_08186,0.01036798
TRAIN_08187,0.008887457
TRAIN_08188,0.013940707
TRAIN_08189,0.050224926
TRAIN_08190,0.010720317
TRAIN_08191,0.02148109
TRAIN_08192,0.012101383
TRAIN_08193,0.012767681
TRAIN_08194,0.0041350415
TRAIN_08195,0.00198077
TRAIN_08196,0.020852286
TRAIN_08197,0.0037642014
TRAIN_08198,0.0042860294
TRAIN_08199,0.0077237124
TRAIN_08200,0.001287249
TRAIN_08201,0.007152427
TRAIN_08202,0.011733387
TRAIN_08203,0.0032247822
TRAIN_08204,0.008670955
TRAIN_08205,0.0031544245
TRAIN_08206,0.005592095
TRAIN_08207,0.0059226654
TRAIN_08208,0.010048093
TRAIN_08209,0.005897212
TRAIN_08210,0.010632555
TRAIN_08211,0.0066870297
TRAIN_08212,0.01506287
TRAIN_08213,0.010618918
TRAIN_08214,0.0054333964
TRAIN_08215,0.0031570552
TRAIN_08216,0.02003403
TRAIN_08217,0.006572438
TRAIN_08218,0.011833871
TRAIN_08219,0.010362915
TRAIN_08220,0.010010412
TRAIN_08221,0.012378488
TRAIN_08222,0.009976007
TRAIN_08223,0.002827982
TRAIN_08224,0.00060415413
TRAIN_08225,0.0047898507
TRAIN_08226,0.018319078
TRAIN_08227,0.0040535056
TRAIN_08228,0.0031811444
TRAIN_08229,0.016092855
TRAIN_08230,0.045972478
TRAIN_08231,0.003384957
TRAIN_08232,0.00618876
TRAIN_08233,0.0035068945
TRAIN_08234,0.010887098
TRAIN_08235,0.0012855228
TRAIN_08236,0.01778908
TRAIN_08237,0.011884358
TRAIN_08238,0.0072205523
TRAIN_08239,0.012900683
TRAIN_08240,0.016195243
TRAIN_08241,0.012141476
TRAIN_08242,0.002605781
TRAIN_08243,0.019158116
TRAIN_08244,0.017331526
TRAIN_08245,0.0017318726
TRAIN_08246,0.0017540175
TRAIN_08247,0.010822033
TRAIN_08248,0.006260418
TRAIN_08249,0.010323914
TRAIN_08250,0.013252651
TRAIN_08251,0.001593728
TRAIN_08252,0.013247696
TRAIN_08253,0.008355643
TRAIN_08254,0.0030689302
TRAIN_08255,0.046194684
TRAIN_08256,0.0077127395
TRAIN_08257,0.003931441
TRAIN_08258,0.012368067
TRAIN_08259,0.01328671
TRAIN_08260,0.004864416
TRAIN_08261,0.011346071
TRAIN_08262,0.010609246
TRAIN_08263,0.012409294
TRAIN_08264,0.012901052
TRAIN_08265,0.0038294857
TRAIN_08266,0.014603176
TRAIN_08267,0.0063919513
TRAIN_08268,0.0060239024
TRAIN_08269,0.016861621
TRAIN_08270,0.032966293
TRAIN_08271,0.030421639
TRAIN_08272,0.02698209
TRAIN_08273,0.005566545
TRAIN_08274,0.0048768846
TRAIN_08275,0.0023845998
TRAIN_08276,0.004032276
TRAIN_08277,0.016763913
TRAIN_08278,0.0024240597
TRAIN_08279,0.010192014
TRAIN_08280,0.0044011883
TRAIN_08281,0.04234087
TRAIN_08282,0.012073481
TRAIN_08283,0.009073238
TRAIN_08284,0.03456094
TRAIN_08285,0.07067962
TRAIN_08286,0.0026552696
TRAIN_08287,0.0037382687
TRAIN_08288,0.13055344
TRAIN_08289,0.0126915295
TRAIN_08290,0.001952921
TRAIN_08291,0.013300421
TRAIN_08292,0.0077142557
TRAIN_08293,0.0036316097
TRAIN_08294,0.031772267
TRAIN_08295,0.010227985
TRAIN_08296,0.020020729
TRAIN_08297,0.011640643
TRAIN_08298,0.013476933
TRAIN_08299,0.021619666
TRAIN_08300,0.021726038
TRAIN_08301,0.023168275
TRAIN_08302,0.010312177
TRAIN_08303,0.0016233266
TRAIN_08304,0.009794312
TRAIN_08305,0.040490616
TRAIN_08306,0.008520624
TRAIN_08307,0.006451569
TRAIN_08308,0.004979056
TRAIN_08309,0.044670947
TRAIN_08310,0.007632862
TRAIN_08311,0.0095128
TRAIN_08312,0.011346912
TRAIN_08313,0.0026549418
TRAIN_08314,0.0022756746
TRAIN_08315,0.005338501
TRAIN_08316,0.006464663
TRAIN_08317,0.012011687
TRAIN_08318,0.005652239
TRAIN_08319,0.011569401
TRAIN_08320,0.012849419
TRAIN_08321,0.010440902
TRAIN_08322,0.0026483317
TRAIN_08323,0.0012562025
TRAIN_08324,0.011015312
TRAIN_08325,0.008943661
TRAIN_08326,0.0122209955
TRAIN_08327,0.0038667617
TRAIN_08328,0.0040376303
TRAIN_08329,0.0037813354
TRAIN_08330,0.011224358
TRAIN_08331,0.0063981586
TRAIN_08332,0.0046079545
TRAIN_08333,0.028257225
TRAIN_08334,0.0034470726
TRAIN_08335,0.06417572
TRAIN_08336,0.013255989
TRAIN_08337,0.0029862614
TRAIN_08338,0.078943685
TRAIN_08339,0.004581372
TRAIN_08340,0.07518529
TRAIN_08341,0.0069178264
TRAIN_08342,0.005647659
TRAIN_08343,0.0102120945
TRAIN_08344,0.0019947109
TRAIN_08345,0.0016826503
TRAIN_08346,0.002760013
TRAIN_08347,0.0196028
TRAIN_08348,0.0014670279
TRAIN_08349,0.0013684989
TRAIN_08350,0.009205464
TRAIN_08351,0.0063264193
TRAIN_08352,0.010000392
TRAIN_08353,0.0020631407
TRAIN_08354,0.004568778
TRAIN_08355,0.0078022433
TRAIN_08356,0.0057876417
TRAIN_08357,0.0055270204
TRAIN_08358,0.004775668
TRAIN_08359,0.016406573
TRAIN_08360,0.004812009
TRAIN_08361,0.011800436
TRAIN_08362,0.0020916737
TRAIN_08363,0.008383941
TRAIN_08364,0.0050136247
TRAIN_08365,0.0139069455
TRAIN_08366,0.011559712
TRAIN_08367,0.013314722
TRAIN_08368,0.009843436
TRAIN_08369,0.0099785365
TRAIN_08370,0.0035709885
TRAIN_08371,0.0054783346
TRAIN_08372,0.0043905713
TRAIN_08373,0.002942052
TRAIN_08374,0.0063742027
TRAIN_08375,0.008700519
TRAIN_08376,0.0122497035
TRAIN_08377,0.006119015
TRAIN_08378,0.011267066
TRAIN_08379,0.013309528
TRAIN_08380,0.006193322
TRAIN_08381,0.104230724
TRAIN_08382,0.0064971442
TRAIN_08383,0.006655781
TRAIN_08384,0.007458901
TRAIN_08385,0.012203373
TRAIN_08386,0.011375837
TRAIN_08387,0.0034805064
TRAIN_08388,0.012172271
TRAIN_08389,0.001871076
TRAIN_08390,0.006535663
TRAIN_08391,0.0014384441
TRAIN_08392,0.0035909484
TRAIN_08393,0.0065101516
TRAIN_08394,0.009742356
TRAIN_08395,0.011298795
TRAIN_08396,0.0053491755
TRAIN_08397,0.009379378
TRAIN_08398,0.0038677822
TRAIN_08399,0.034564126
TRAIN_08400,0.0008268614
TRAIN_08401,0.012617679
TRAIN_08402,0.0011928714
TRAIN_08403,0.0121524725
TRAIN_08404,0.01663737
TRAIN_08405,0.003262388
TRAIN_08406,0.013287934
TRAIN_08407,0.0031689396
TRAIN_08408,0.010084727
TRAIN_08409,0.04123081
TRAIN_08410,0.008922048
TRAIN_08411,0.006213392
TRAIN_08412,0.0015391423
TRAIN_08413,0.0023071205
TRAIN_08414,0.011027018
TRAIN_08415,0.0039607137
TRAIN_08416,0.0011909083
TRAIN_08417,0.00058414135
TRAIN_08418,0.017770387
TRAIN_08419,0.0031580802
TRAIN_08420,0.01623731
TRAIN_08421,0.0036294844
TRAIN_08422,0.006935666
TRAIN_08423,0.004559148
TRAIN_08424,0.0034462223
TRAIN_08425,0.012288638
TRAIN_08426,0.012322296
TRAIN_08427,0.016877692
TRAIN_08428,0.016011182
TRAIN_08429,0.008163338
TRAIN_08430,0.035138384
TRAIN_08431,0.032700427
TRAIN_08432,0.005044157
TRAIN_08433,0.0138972
TRAIN_08434,0.026753658
TRAIN_08435,0.002551566
TRAIN_08436,0.041711904
TRAIN_08437,0.011505947
TRAIN_08438,0.021031857
TRAIN_08439,0.004471218
TRAIN_08440,0.01445322
TRAIN_08441,0.0017216834
TRAIN_08442,0.017167049
TRAIN_08443,0.012438383
TRAIN_08444,0.005636585
TRAIN_08445,0.02365234
TRAIN_08446,0.007982853
TRAIN_08447,0.008329175
TRAIN_08448,0.009359533
TRAIN_08449,0.0062626074
TRAIN_08450,0.027276155
TRAIN_08451,0.00022765095
TRAIN_08452,0.0069388514
TRAIN_08453,0.0042162132
TRAIN_08454,0.040693108
TRAIN_08455,0.0018952737
TRAIN_08456,0.011511613
TRAIN_08457,0.006187172
TRAIN_08458,0.0247339
TRAIN_08459,0.0050824615
TRAIN_08460,0.0014879431
TRAIN_08461,0.02751791
TRAIN_08462,0.011529096
TRAIN_08463,0.0033198004
TRAIN_08464,0.0071632704
TRAIN_08465,0.014523698
TRAIN_08466,0.0047122333
TRAIN_08467,0.02505384
TRAIN_08468,0.006347214
TRAIN_08469,0.005547927
TRAIN_08470,0.0019903022
TRAIN_08471,0.008321703
TRAIN_08472,0.00571122
TRAIN_08473,0.012874534
TRAIN_08474,0.011771529
TRAIN_08475,0.05790841
TRAIN_08476,0.004451543
TRAIN_08477,0.0035954919
TRAIN_08478,0.012006031
TRAIN_08479,0.010428985
TRAIN_08480,0.0015727544
TRAIN_08481,0.010508871
TRAIN_08482,0.0107760485
TRAIN_08483,0.0016217985
TRAIN_08484,0.011560214
TRAIN_08485,0.004499209
TRAIN_08486,0.0029949364
TRAIN_08487,0.009176054
TRAIN_08488,0.0010626386
TRAIN_08489,0.02651918
TRAIN_08490,0.04086997
TRAIN_08491,0.0024717445
TRAIN_08492,0.037951376
TRAIN_08493,0.0067587476
TRAIN_08494,0.00278562
TRAIN_08495,0.0036346596
TRAIN_08496,0.004683887
TRAIN_08497,0.01792867
TRAIN_08498,0.0019716327
TRAIN_08499,0.0021743348
TRAIN_08500,0.0018841925
TRAIN_08501,0.02079677
TRAIN_08502,0.0044887597
TRAIN_08503,0.007186738
TRAIN_08504,0.008988701
TRAIN_08505,0.043603294
TRAIN_08506,0.017206809
TRAIN_08507,0.017901473
TRAIN_08508,0.0026158446
TRAIN_08509,0.010575629
TRAIN_08510,0.009463211
TRAIN_08511,0.073320135
TRAIN_08512,0.0027590655
TRAIN_08513,0.0030852687
TRAIN_08514,0.0009924099
TRAIN_08515,0.0009930643
TRAIN_08516,0.0051859617
TRAIN_08517,0.024691904
TRAIN_08518,0.018605812
TRAIN_08519,0.026370518
TRAIN_08520,0.0043007135
TRAIN_08521,0.05761423
TRAIN_08522,0.0046838582
TRAIN_08523,0.011811914
TRAIN_08524,0.004961777
TRAIN_08525,0.0148784965
TRAIN_08526,0.008866285
TRAIN_08527,0.010142325
TRAIN_08528,0.0013139958
TRAIN_08529,0.0037266565
TRAIN_08530,0.0042743776
TRAIN_08531,0.009151042
TRAIN_08532,0.0041035684
TRAIN_08533,0.0031761774
TRAIN_08534,0.0063642412
TRAIN_08535,0.011165101
TRAIN_08536,0.0094856825
TRAIN_08537,0.00091261195
TRAIN_08538,0.012678531
TRAIN_08539,0.006956104
TRAIN_08540,0.0026557136
TRAIN_08541,0.016832002
TRAIN_08542,0.002077435
TRAIN_08543,0.008137856
TRAIN_08544,0.013204039
TRAIN_08545,0.021744173
TRAIN_08546,0.010774894
TRAIN_08547,0.009064658
TRAIN_08548,0.0019874137
TRAIN_08549,0.0024688444
TRAIN_08550,0.010651334
TRAIN_08551,0.008117672
TRAIN_08552,0.0050422046
TRAIN_08553,0.013354093
TRAIN_08554,0.01156388
TRAIN_08555,0.018539656
TRAIN_08556,0.006229632
TRAIN_08557,0.006184964
TRAIN_08558,0.0017415086
TRAIN_08559,0.0025843102
TRAIN_08560,0.0014435095
TRAIN_08561,0.007846647
TRAIN_08562,0.006996198
TRAIN_08563,0.004252655
TRAIN_08564,0.0024296297
TRAIN_08565,0.00765585
TRAIN_08566,0.06585647
TRAIN_08567,0.010176549
TRAIN_08568,0.017166518
TRAIN_08569,0.010887828
TRAIN_08570,0.06012123
TRAIN_08571,0.04764313
TRAIN_08572,0.021807773
TRAIN_08573,0.0065715956
TRAIN_08574,0.007675032
TRAIN_08575,0.03480307
TRAIN_08576,0.0035961668
TRAIN_08577,0.012850948
TRAIN_08578,0.0010938242
TRAIN_08579,0.010676609
TRAIN_08580,0.012953847
TRAIN_08581,0.009437682
TRAIN_08582,0.00544963
TRAIN_08583,0.015770521
TRAIN_08584,0.011699799
TRAIN_08585,0.0033626892
TRAIN_08586,0.09357426
TRAIN_08587,0.0010510031
TRAIN_08588,0.0102169365
TRAIN_08589,0.07724743
TRAIN_08590,0.01136792
TRAIN_08591,0.007875048
TRAIN_08592,0.0013831849
TRAIN_08593,0.0030734958
TRAIN_08594,0.006523339
TRAIN_08595,0.0020023072
TRAIN_08596,0.0111739375
TRAIN_08597,0.031423226
TRAIN_08598,0.0039337683
TRAIN_08599,0.0016598562
TRAIN_08600,0.013475516
TRAIN_08601,0.022942139
TRAIN_08602,0.008754933
TRAIN_08603,0.0065881247
TRAIN_08604,0.0097619835
TRAIN_08605,0.0066026277
TRAIN_08606,0.009252228
TRAIN_08607,0.013503033
TRAIN_08608,0.0059380694
TRAIN_08609,0.008235987
TRAIN_08610,0.017095266
TRAIN_08611,0.0119742695
TRAIN_08612,0.004721727
TRAIN_08613,0.009493781
TRAIN_08614,0.01566041
TRAIN_08615,0.0013357387
TRAIN_08616,0.0028398756
TRAIN_08617,0.0034293218
TRAIN_08618,0.0130693
TRAIN_08619,0.016124884
TRAIN_08620,0.021299124
TRAIN_08621,0.096566975
TRAIN_08622,0.025933377
TRAIN_08623,0.0024841735
TRAIN_08624,0.0030697172
TRAIN_08625,0.018957086
TRAIN_08626,0.011948882
TRAIN_08627,0.003961465
TRAIN_08628,0.0032010283
TRAIN_08629,0.010626704
TRAIN_08630,0.005981283
TRAIN_08631,0.013594003
TRAIN_08632,0.024033003
TRAIN_08633,0.01532859
TRAIN_08634,0.0055847233
TRAIN_08635,0.002960579
TRAIN_08636,0.051773317
TRAIN_08637,0.017084759
TRAIN_08638,0.11086006
TRAIN_08639,0.004631987
TRAIN_08640,0.002776877
TRAIN_08641,0.027978241
TRAIN_08642,0.014974255
TRAIN_08643,0.0025773202
TRAIN_08644,0.011147819
TRAIN_08645,0.0016056957
TRAIN_08646,0.015692856
TRAIN_08647,0.002768638
TRAIN_08648,0.0027530428
TRAIN_08649,0.003212849
TRAIN_08650,0.013964656
TRAIN_08651,0.0071097715
TRAIN_08652,0.013025821
TRAIN_08653,0.0017421963
TRAIN_08654,0.02196532
TRAIN_08655,0.0101602385
TRAIN_08656,0.0006115696
TRAIN_08657,0.016199565
TRAIN_08658,0.024458908
TRAIN_08659,0.0044341222
TRAIN_08660,0.004629988
TRAIN_08661,0.005207561
TRAIN_08662,0.017921405
TRAIN_08663,0.008752313
TRAIN_08664,0.009300651
TRAIN_08665,0.017024105
TRAIN_08666,0.02797082
TRAIN_08667,0.0077188686
TRAIN_08668,0.010842891
TRAIN_08669,0.012426891
TRAIN_08670,0.013190887
TRAIN_08671,0.005682199
TRAIN_08672,0.011836715
TRAIN_08673,0.0046428605
TRAIN_08674,0.016196689
TRAIN_08675,0.013110218
TRAIN_08676,0.013757668
TRAIN_08677,0.018414192
TRAIN_08678,0.0051893527
TRAIN_08679,0.0034995594
TRAIN_08680,0.013278858
TRAIN_08681,0.012041525
TRAIN_08682,0.0036143013
TRAIN_08683,0.0063382224
TRAIN_08684,0.008033421
TRAIN_08685,0.0783691
TRAIN_08686,0.013755466
TRAIN_08687,0.0028298132
TRAIN_08688,0.026430437
TRAIN_08689,0.0017701286
TRAIN_08690,0.0077431793
TRAIN_08691,0.0064293775
TRAIN_08692,0.0037702932
TRAIN_08693,0.0068107247
TRAIN_08694,0.013127402
TRAIN_08695,0.0028040279
TRAIN_08696,0.0013283177
TRAIN_08697,0.0030637872
TRAIN_08698,0.054391205
TRAIN_08699,0.011867675
TRAIN_08700,0.072541706
TRAIN_08701,0.006740919
TRAIN_08702,0.0078277495
TRAIN_08703,0.0008577027
TRAIN_08704,0.012038816
TRAIN_08705,0.06201086
TRAIN_08706,0.00637672
TRAIN_08707,0.013984543
TRAIN_08708,0.0014002353
TRAIN_08709,0.013568244
TRAIN_08710,0.007345303
TRAIN_08711,0.009786508
TRAIN_08712,0.006831146
TRAIN_08713,0.0029477465
TRAIN_08714,0.009225587
TRAIN_08715,0.007826915
TRAIN_08716,0.0061150254
TRAIN_08717,0.0035569263
TRAIN_08718,0.012015538
TRAIN_08719,0.0056125554
TRAIN_08720,0.003608951
TRAIN_08721,0.010406443
TRAIN_08722,0.00886263
TRAIN_08723,0.008420518
TRAIN_08724,0.02209824
TRAIN_08725,0.005006539
TRAIN_08726,0.0071745957
TRAIN_08727,0.0151476795
TRAIN_08728,0.0116924085
TRAIN_08729,0.011529217
TRAIN_08730,0.003553338
TRAIN_08731,0.023626657
TRAIN_08732,0.0015801803
TRAIN_08733,0.011883703
TRAIN_08734,0.005280133
TRAIN_08735,0.0009766764
TRAIN_08736,0.016897373
TRAIN_08737,0.009401953
TRAIN_08738,0.00265771
TRAIN_08739,0.012368905
TRAIN_08740,0.0031240038
TRAIN_08741,0.0009398118
TRAIN_08742,0.010034328
TRAIN_08743,0.05623532
TRAIN_08744,0.0017620883
TRAIN_08745,0.0028308781
TRAIN_08746,0.008120001
TRAIN_08747,0.0065960116
TRAIN_08748,0.010291191
TRAIN_08749,0.0042380854
TRAIN_08750,0.020070309
TRAIN_08751,0.010838813
TRAIN_08752,0.008563517
TRAIN_08753,0.020243889
TRAIN_08754,0.0033466846
TRAIN_08755,0.01279347
TRAIN_08756,0.013090776
TRAIN_08757,0.004284905
TRAIN_08758,0.005953631
TRAIN_08759,0.011511285
TRAIN_08760,0.009923165
TRAIN_08761,0.00590303
TRAIN_08762,0.026716683
TRAIN_08763,0.003984068
TRAIN_08764,0.015685568
TRAIN_08765,0.007573052
TRAIN_08766,0.010864787
TRAIN_08767,0.0023321032
TRAIN_08768,0.016788363
TRAIN_08769,0.002441727
TRAIN_08770,0.0023910576
TRAIN_08771,0.0037096045
TRAIN_08772,0.045605596
TRAIN_08773,0.004670649
TRAIN_08774,0.0016732172
TRAIN_08775,0.0022797578
TRAIN_08776,0.01579317
TRAIN_08777,0.014416822
TRAIN_08778,0.004061383
TRAIN_08779,0.012431185
TRAIN_08780,0.0068617915
TRAIN_08781,0.0064136777
TRAIN_08782,0.001138598
TRAIN_08783,0.021338893
TRAIN_08784,0.009536125
TRAIN_08785,0.016573545
TRAIN_08786,0.008257596
TRAIN_08787,0.010923447
TRAIN_08788,0.002307262
TRAIN_08789,0.0012991272
TRAIN_08790,0.0024433827
TRAIN_08791,0.029542418
TRAIN_08792,0.012651572
TRAIN_08793,0.0053121843
TRAIN_08794,0.006800427
TRAIN_08795,0.012941665
TRAIN_08796,0.012854981
TRAIN_08797,0.006821164
TRAIN_08798,0.028170874
TRAIN_08799,0.008081446
TRAIN_08800,0.010110245
TRAIN_08801,0.010262134
TRAIN_08802,0.0042790207
TRAIN_08803,0.0041725165
TRAIN_08804,0.00061503786
TRAIN_08805,0.0022193976
TRAIN_08806,0.009684647
TRAIN_08807,0.0046887994
TRAIN_08808,0.011947298
TRAIN_08809,0.002049687
TRAIN_08810,0.0034326578
TRAIN_08811,0.010419729
TRAIN_08812,0.006802794
TRAIN_08813,0.004753994
TRAIN_08814,0.0015883261
TRAIN_08815,0.010910016
TRAIN_08816,0.0032314078
TRAIN_08817,0.043585945
TRAIN_08818,0.03043438
TRAIN_08819,0.02680357
TRAIN_08820,0.010615466
TRAIN_08821,0.0027949752
TRAIN_08822,0.010428954
TRAIN_08823,0.0069819908
TRAIN_08824,0.013471907
TRAIN_08825,0.0046119257
TRAIN_08826,0.0107550295
TRAIN_08827,0.0043099546
TRAIN_08828,0.012196451
TRAIN_08829,0.027858507
TRAIN_08830,0.0065985504
TRAIN_08831,0.061547123
TRAIN_08832,0.0128650945
TRAIN_08833,0.0019694453
TRAIN_08834,0.0032452655
TRAIN_08835,0.0069243563
TRAIN_08836,0.0091867
TRAIN_08837,0.0066459104
TRAIN_08838,0.0018513037
TRAIN_08839,0.010662769
TRAIN_08840,0.0043274593
TRAIN_08841,0.004879854
TRAIN_08842,0.0074213296
TRAIN_08843,0.004437785
TRAIN_08844,0.008238602
TRAIN_08845,0.011197802
TRAIN_08846,0.008307917
TRAIN_08847,0.005770946
TRAIN_08848,0.013999342
TRAIN_08849,0.0038896082
TRAIN_08850,0.0032668752
TRAIN_08851,0.004984835
TRAIN_08852,0.008007111
TRAIN_08853,0.028167583
TRAIN_08854,0.0048156264
TRAIN_08855,0.005285954
TRAIN_08856,0.008014192
TRAIN_08857,0.011243042
TRAIN_08858,0.0014004188
TRAIN_08859,0.014179717
TRAIN_08860,0.047317293
TRAIN_08861,0.008163173
TRAIN_08862,0.0037569138
TRAIN_08863,0.010986207
TRAIN_08864,0.0024207952
TRAIN_08865,0.016643532
TRAIN_08866,0.0062614875
TRAIN_08867,0.0035436351
TRAIN_08868,0.00076912064
TRAIN_08869,0.003196531
TRAIN_08870,0.005618454
TRAIN_08871,0.05399358
TRAIN_08872,0.06929089
TRAIN_08873,0.0013772508
TRAIN_08874,0.0017445093
TRAIN_08875,0.08459641
TRAIN_08876,0.005718812
TRAIN_08877,0.021095691
TRAIN_08878,0.008333821
TRAIN_08879,0.014302632
TRAIN_08880,0.0033951767
TRAIN_08881,0.030642752
TRAIN_08882,0.0025149942
TRAIN_08883,0.010435973
TRAIN_08884,0.009915805
TRAIN_08885,0.002909828
TRAIN_08886,0.015739664
TRAIN_08887,0.0077299653
TRAIN_08888,0.015839892
TRAIN_08889,0.008492703
TRAIN_08890,0.014059403
TRAIN_08891,0.015712336
TRAIN_08892,0.0026620647
TRAIN_08893,0.005900812
TRAIN_08894,0.013678798
TRAIN_08895,0.0041256435
TRAIN_08896,0.013363704
TRAIN_08897,0.0112459175
TRAIN_08898,0.0010127329
TRAIN_08899,0.01282286
TRAIN_08900,0.0049191397
TRAIN_08901,0.009461868
TRAIN_08902,0.0033721766
TRAIN_08903,0.0010966305
TRAIN_08904,0.00063726964
TRAIN_08905,0.0018413624
TRAIN_08906,0.00309493
TRAIN_08907,0.0032095641
TRAIN_08908,0.0039119553
TRAIN_08909,0.012897459
TRAIN_08910,0.086904146
TRAIN_08911,0.033515643
TRAIN_08912,0.06008894
TRAIN_08913,0.006547989
TRAIN_08914,0.014640489
TRAIN_08915,0.0024286779
TRAIN_08916,0.009645356
TRAIN_08917,0.0061414586
TRAIN_08918,0.016001433
TRAIN_08919,0.008699966
TRAIN_08920,0.005917762
TRAIN_08921,0.0047642756
TRAIN_08922,0.0059845527
TRAIN_08923,0.0074517597
TRAIN_08924,0.044799667
TRAIN_08925,0.004292626
TRAIN_08926,0.02152275
TRAIN_08927,0.0046158982
TRAIN_08928,0.0055946484
TRAIN_08929,0.055566866
TRAIN_08930,0.0020134354
TRAIN_08931,0.0084285205
TRAIN_08932,0.014823508
TRAIN_08933,0.009812814
TRAIN_08934,0.013575475
TRAIN_08935,0.003179444
TRAIN_08936,0.0075525506
TRAIN_08937,0.021685787
TRAIN_08938,0.12212976
TRAIN_08939,0.012441751
TRAIN_08940,0.010288961
TRAIN_08941,0.1109089
TRAIN_08942,0.0322048
TRAIN_08943,0.048439212
TRAIN_08944,0.011736825
TRAIN_08945,0.009097377
TRAIN_08946,0.08338688
TRAIN_08947,0.008266664
TRAIN_08948,0.0012262856
TRAIN_08949,0.011255578
TRAIN_08950,0.03618093
TRAIN_08951,0.0053525683
TRAIN_08952,0.020611016
TRAIN_08953,0.13425735
TRAIN_08954,0.010408785
TRAIN_08955,0.0016355023
TRAIN_08956,0.004675467
TRAIN_08957,0.03214209
TRAIN_08958,0.011384602
TRAIN_08959,0.002541904
TRAIN_08960,0.025246648
TRAIN_08961,0.100833185
TRAIN_08962,0.0047779786
TRAIN_08963,0.010317226
TRAIN_08964,0.008072586
TRAIN_08965,0.0046841055
TRAIN_08966,0.015629312
TRAIN_08967,0.008536013
TRAIN_08968,0.048580363
TRAIN_08969,0.0063468637
TRAIN_08970,0.013529633
TRAIN_08971,0.0029237482
TRAIN_08972,0.02182614
TRAIN_08973,0.008141818
TRAIN_08974,0.010804679
TRAIN_08975,0.005013528
TRAIN_08976,0.054361545
TRAIN_08977,0.004370874
TRAIN_08978,0.0052527958
TRAIN_08979,0.009689269
TRAIN_08980,0.0048389155
TRAIN_08981,0.0012656862
TRAIN_08982,0.05159312
TRAIN_08983,0.022426752
TRAIN_08984,0.0077798143
TRAIN_08985,0.008379332
TRAIN_08986,0.015223392
TRAIN_08987,0.00715278
TRAIN_08988,0.0053694765
TRAIN_08989,0.0058428235
TRAIN_08990,0.0048080618
TRAIN_08991,0.013492413
TRAIN_08992,0.00089218194
TRAIN_08993,0.0029023928
TRAIN_08994,0.028160706
TRAIN_08995,0.011234548
TRAIN_08996,0.008727246
TRAIN_08997,0.017211318
TRAIN_08998,0.009203193
TRAIN_08999,0.011018492
TRAIN_09000,0.011596027
TRAIN_09001,0.005362751
TRAIN_09002,0.007309945
TRAIN_09003,0.010450502
TRAIN_09004,0.014289795
TRAIN_09005,0.011062331
TRAIN_09006,0.01026467
TRAIN_09007,0.083970316
TRAIN_09008,0.0027171774
TRAIN_09009,0.012634061
TRAIN_09010,0.0015645263
TRAIN_09011,0.010959131
TRAIN_09012,0.021919793
TRAIN_09013,0.00807156
TRAIN_09014,0.007403318
TRAIN_09015,0.005098754
TRAIN_09016,0.009362675
TRAIN_09017,0.0034503245
TRAIN_09018,0.028842183
TRAIN_09019,0.0008509263
TRAIN_09020,0.06542312
TRAIN_09021,0.031989507
TRAIN_09022,0.0030112723
TRAIN_09023,0.0054794853
TRAIN_09024,0.013555364
TRAIN_09025,0.012572081
TRAIN_09026,0.003963442
TRAIN_09027,0.027654884
TRAIN_09028,0.0035118738
TRAIN_09029,0.005415888
TRAIN_09030,0.011748256
TRAIN_09031,0.004563746
TRAIN_09032,0.012661944
TRAIN_09033,0.002821698
TRAIN_09034,0.00035475954
TRAIN_09035,0.004280366
TRAIN_09036,0.009089131
TRAIN_09037,0.0067069116
TRAIN_09038,0.0024829153
TRAIN_09039,0.0023383496
TRAIN_09040,0.012786621
TRAIN_09041,0.0014960975
TRAIN_09042,0.017603757
TRAIN_09043,0.0050241165
TRAIN_09044,0.012330615
TRAIN_09045,0.014912717
TRAIN_09046,0.00772106
TRAIN_09047,0.015366792
TRAIN_09048,0.0063883215
TRAIN_09049,0.02271053
TRAIN_09050,0.005087482
TRAIN_09051,0.0083131045
TRAIN_09052,0.013651476
TRAIN_09053,0.0059730704
TRAIN_09054,0.0023061333
TRAIN_09055,0.04036786
TRAIN_09056,0.0012424999
TRAIN_09057,0.005487679
TRAIN_09058,0.010161798
TRAIN_09059,0.011110104
TRAIN_09060,0.0024383815
TRAIN_09061,0.0043967273
TRAIN_09062,0.0065031713
TRAIN_09063,0.01036983
TRAIN_09064,0.0050828294
TRAIN_09065,0.00427022
TRAIN_09066,0.005261514
TRAIN_09067,0.025128156
TRAIN_09068,0.010753669
TRAIN_09069,0.012546139
TRAIN_09070,0.008611978
TRAIN_09071,0.011873592
TRAIN_09072,0.0054853465
TRAIN_09073,0.0111132795
TRAIN_09074,0.02077994
TRAIN_09075,0.019620342
TRAIN_09076,0.0038517115
TRAIN_09077,0.035578553
TRAIN_09078,0.0044954093
TRAIN_09079,0.0087862285
TRAIN_09080,0.0039118472
TRAIN_09081,0.007389884
TRAIN_09082,0.009093471
TRAIN_09083,0.008902179
TRAIN_09084,0.0012737638
TRAIN_09085,0.01058602
TRAIN_09086,0.012099957
TRAIN_09087,0.005365325
TRAIN_09088,0.006495881
TRAIN_09089,0.07430391
TRAIN_09090,0.0106924465
TRAIN_09091,0.0032876297
TRAIN_09092,0.10070281
TRAIN_09093,0.0014519262
TRAIN_09094,0.004760238
TRAIN_09095,0.002765076
TRAIN_09096,0.008173505
TRAIN_09097,0.0054151267
TRAIN_09098,0.009241091
TRAIN_09099,0.0052091815
TRAIN_09100,0.0442672
TRAIN_09101,0.017457861
TRAIN_09102,0.0081920205
TRAIN_09103,0.0053237258
TRAIN_09104,0.027233468
TRAIN_09105,0.007581299
TRAIN_09106,0.007669572
TRAIN_09107,0.0050166007
TRAIN_09108,0.007246651
TRAIN_09109,0.009869667
TRAIN_09110,0.0034256242
TRAIN_09111,0.00031714703
TRAIN_09112,0.004336331
TRAIN_09113,0.002642828
TRAIN_09114,0.00960846
TRAIN_09115,0.019725246
TRAIN_09116,0.014229997
TRAIN_09117,0.0072244443
TRAIN_09118,0.0031556024
TRAIN_09119,0.004976946
TRAIN_09120,0.0023588478
TRAIN_09121,0.011588927
TRAIN_09122,0.0012814377
TRAIN_09123,0.07749095
TRAIN_09124,0.0032611086
TRAIN_09125,0.0043459637
TRAIN_09126,0.020212557
TRAIN_09127,0.013984313
TRAIN_09128,0.0111966
TRAIN_09129,0.0027132544
TRAIN_09130,0.010649399
TRAIN_09131,0.0064323773
TRAIN_09132,0.01264102
TRAIN_09133,0.01342423
TRAIN_09134,0.0035907244
TRAIN_09135,0.0029680284
TRAIN_09136,0.005869666
TRAIN_09137,0.007157017
TRAIN_09138,0.0029159118
TRAIN_09139,0.0055487915
TRAIN_09140,0.0055832895
TRAIN_09141,0.009406334
TRAIN_09142,0.01147807
TRAIN_09143,0.0085288035
TRAIN_09144,0.011520363
TRAIN_09145,0.001730297
TRAIN_09146,0.015785856
TRAIN_09147,0.0013841762
TRAIN_09148,0.0066970894
TRAIN_09149,0.03634588
TRAIN_09150,0.015198719
TRAIN_09151,0.009240932
TRAIN_09152,0.004096531
TRAIN_09153,0.01324771
TRAIN_09154,0.006015761
TRAIN_09155,0.012864597
TRAIN_09156,0.011768134
TRAIN_09157,0.029056268
TRAIN_09158,0.011861082
TRAIN_09159,0.011520747
TRAIN_09160,0.0060347985
TRAIN_09161,0.036286723
TRAIN_09162,0.012350802
TRAIN_09163,0.0020746272
TRAIN_09164,0.009370818
TRAIN_09165,0.018449066
TRAIN_09166,0.024353193
TRAIN_09167,0.0061479774
TRAIN_09168,0.008119859
TRAIN_09169,0.004348213
TRAIN_09170,0.013988739
TRAIN_09171,0.0076667625
TRAIN_09172,0.0024190508
TRAIN_09173,0.0036802297
TRAIN_09174,0.020506196
TRAIN_09175,0.013052076
TRAIN_09176,0.0028478228
TRAIN_09177,0.023167012
TRAIN_09178,0.010353236
TRAIN_09179,0.007168935
TRAIN_09180,0.02120437
TRAIN_09181,0.032132737
TRAIN_09182,0.092655234
TRAIN_09183,0.015142514
TRAIN_09184,0.018827833
TRAIN_09185,0.0052742166
TRAIN_09186,0.0007577087
TRAIN_09187,0.0023090937
TRAIN_09188,0.006692635
TRAIN_09189,0.0043821326
TRAIN_09190,0.01829005
TRAIN_09191,0.0033622987
TRAIN_09192,0.008450166
TRAIN_09193,0.055728793
TRAIN_09194,0.030532055
TRAIN_09195,0.027791789
TRAIN_09196,0.003919828
TRAIN_09197,0.019571833
TRAIN_09198,0.009311254
TRAIN_09199,0.036071602
TRAIN_09200,0.008070837
TRAIN_09201,0.13561764
TRAIN_09202,0.0060924822
TRAIN_09203,0.0948313
TRAIN_09204,0.011304478
TRAIN_09205,0.050736766
TRAIN_09206,0.0033802493
TRAIN_09207,0.015393161
TRAIN_09208,0.010162089
TRAIN_09209,0.011384627
TRAIN_09210,0.0059101097
TRAIN_09211,0.0037355511
TRAIN_09212,0.0027921684
TRAIN_09213,0.012428241
TRAIN_09214,0.0058280565
TRAIN_09215,0.010927148
TRAIN_09216,0.0069260844
TRAIN_09217,0.0013330305
TRAIN_09218,0.012025306
TRAIN_09219,0.0037920862
TRAIN_09220,0.0010063604
TRAIN_09221,0.015594941
TRAIN_09222,0.008577885
TRAIN_09223,0.005106431
TRAIN_09224,0.01556825
TRAIN_09225,0.01665037
TRAIN_09226,0.011431115
TRAIN_09227,0.0015091283
TRAIN_09228,0.008045121
TRAIN_09229,0.004107369
TRAIN_09230,0.014558706
TRAIN_09231,0.024305288
TRAIN_09232,0.01775252
TRAIN_09233,0.00231823
TRAIN_09234,0.01194027
TRAIN_09235,0.0077884234
TRAIN_09236,0.057956565
TRAIN_09237,0.055631712
TRAIN_09238,0.009507927
TRAIN_09239,0.0054737055
TRAIN_09240,0.0015354871
TRAIN_09241,0.010648093
TRAIN_09242,0.0058370554
TRAIN_09243,0.018281585
TRAIN_09244,0.0018677891
TRAIN_09245,0.011920724
TRAIN_09246,0.0040903594
TRAIN_09247,0.013617976
TRAIN_09248,0.006209325
TRAIN_09249,0.0012542438
TRAIN_09250,0.001858106
TRAIN_09251,0.0038534228
TRAIN_09252,0.030157898
TRAIN_09253,0.0018749398
TRAIN_09254,0.0053492
TRAIN_09255,0.008714199
TRAIN_09256,0.0059449654
TRAIN_09257,0.002659688
TRAIN_09258,0.0022196358
TRAIN_09259,0.0010081172
TRAIN_09260,0.01148116
TRAIN_09261,0.021983301
TRAIN_09262,0.011942675
TRAIN_09263,0.0024449916
TRAIN_09264,0.002831281
TRAIN_09265,0.039588623
TRAIN_09266,0.008479707
TRAIN_09267,0.0068108332
TRAIN_09268,0.0038087703
TRAIN_09269,0.01020439
TRAIN_09270,0.0066228653
TRAIN_09271,0.0041392585
TRAIN_09272,0.006458293
TRAIN_09273,0.014272969
TRAIN_09274,0.011554994
TRAIN_09275,0.0041147135
TRAIN_09276,0.0044413945
TRAIN_09277,0.0014216752
TRAIN_09278,0.009212202
TRAIN_09279,0.023536948
TRAIN_09280,0.013897107
TRAIN_09281,0.009706759
TRAIN_09282,0.0052949614
TRAIN_09283,0.020139454
TRAIN_09284,0.00408642
TRAIN_09285,0.0050742463
TRAIN_09286,0.005201149
TRAIN_09287,0.010847067
TRAIN_09288,0.1662925
TRAIN_09289,0.00473998
TRAIN_09290,0.0032673914
TRAIN_09291,0.0044677905
TRAIN_09292,0.0037688971
TRAIN_09293,0.012117091
TRAIN_09294,0.010322646
TRAIN_09295,0.014768243
TRAIN_09296,0.013279842
TRAIN_09297,0.004644417
TRAIN_09298,0.0052852877
TRAIN_09299,0.0011828664
TRAIN_09300,0.0068510813
TRAIN_09301,0.00877856
TRAIN_09302,0.004218053
TRAIN_09303,0.037592553
TRAIN_09304,0.008938345
TRAIN_09305,0.001715704
TRAIN_09306,0.033270124
TRAIN_09307,0.00870634
TRAIN_09308,0.028310193
TRAIN_09309,0.00809713
TRAIN_09310,0.00895746
TRAIN_09311,0.007349301
TRAIN_09312,0.008715345
TRAIN_09313,0.00149283
TRAIN_09314,0.013996699
TRAIN_09315,0.010608264
TRAIN_09316,0.104797006
TRAIN_09317,0.01105252
TRAIN_09318,0.011430112
TRAIN_09319,0.017676849
TRAIN_09320,0.0036242201
TRAIN_09321,0.0025702168
TRAIN_09322,0.013799782
TRAIN_09323,0.012296927
TRAIN_09324,0.016743371
TRAIN_09325,0.0035505737
TRAIN_09326,0.011589899
TRAIN_09327,0.006682116
TRAIN_09328,0.0026802195
TRAIN_09329,0.0108285295
TRAIN_09330,0.0023028222
TRAIN_09331,0.010832208
TRAIN_09332,0.0025888826
TRAIN_09333,0.056530587
TRAIN_09334,0.005205971
TRAIN_09335,0.0066414084
TRAIN_09336,0.0176441
TRAIN_09337,0.0070554847
TRAIN_09338,0.011019378
TRAIN_09339,0.008984483
TRAIN_09340,0.00092217413
TRAIN_09341,0.08931313
TRAIN_09342,0.005204297
TRAIN_09343,0.03289468
TRAIN_09344,0.0064608213
TRAIN_09345,0.002798502
TRAIN_09346,0.021741103
TRAIN_09347,0.0128067285
TRAIN_09348,0.0034975135
TRAIN_09349,0.0013592143
TRAIN_09350,0.0056582415
TRAIN_09351,0.01321309
TRAIN_09352,0.031149551
TRAIN_09353,0.0120112775
TRAIN_09354,0.005676457
TRAIN_09355,0.013009719
TRAIN_09356,0.00723605
TRAIN_09357,0.010654914
TRAIN_09358,0.0070660417
TRAIN_09359,0.0044987313
TRAIN_09360,0.0027156675
TRAIN_09361,0.008892697
TRAIN_09362,0.006424363
TRAIN_09363,0.006147455
TRAIN_09364,0.0097554615
TRAIN_09365,0.00066740805
TRAIN_09366,0.1379912
TRAIN_09367,0.009188156
TRAIN_09368,0.03611902
TRAIN_09369,0.00628126
TRAIN_09370,0.0036737851
TRAIN_09371,0.011380882
TRAIN_09372,0.007819443
TRAIN_09373,0.010873042
TRAIN_09374,0.0036098543
TRAIN_09375,0.013149184
TRAIN_09376,0.011956928
TRAIN_09377,0.0031567898
TRAIN_09378,0.0071923104
TRAIN_09379,0.0048279283
TRAIN_09380,0.007890707
TRAIN_09381,0.038427074
TRAIN_09382,0.0037795345
TRAIN_09383,0.0127845155
TRAIN_09384,0.0016635662
TRAIN_09385,0.0014241826
TRAIN_09386,0.012876806
TRAIN_09387,0.0035014455
TRAIN_09388,0.0091373725
TRAIN_09389,0.012903782
TRAIN_09390,0.014891673
TRAIN_09391,0.07079572
TRAIN_09392,0.0039008674
TRAIN_09393,0.008612661
TRAIN_09394,0.0028379753
TRAIN_09395,0.004099623
TRAIN_09396,0.008527162
TRAIN_09397,0.050668966
TRAIN_09398,0.007997716
TRAIN_09399,0.013856355
TRAIN_09400,0.023872234
TRAIN_09401,0.006446711
TRAIN_09402,0.07880455
TRAIN_09403,0.009964968
TRAIN_09404,0.02019595
TRAIN_09405,0.0054095616
TRAIN_09406,0.016858706
TRAIN_09407,0.0053113336
TRAIN_09408,0.011756797
TRAIN_09409,0.003004301
TRAIN_09410,0.04524869
TRAIN_09411,0.010149135
TRAIN_09412,0.0130612245
TRAIN_09413,0.012195365
TRAIN_09414,0.010682217
TRAIN_09415,0.0034374576
TRAIN_09416,0.028767869
TRAIN_09417,0.0029540136
TRAIN_09418,0.008792809
TRAIN_09419,0.012179251
TRAIN_09420,0.012262148
TRAIN_09421,0.012936707
TRAIN_09422,0.008949097
TRAIN_09423,0.011166408
TRAIN_09424,0.012609055
TRAIN_09425,0.036323253
TRAIN_09426,0.010090878
TRAIN_09427,0.008061721
TRAIN_09428,0.00196784
TRAIN_09429,0.009526031
TRAIN_09430,0.010674843
TRAIN_09431,0.0051792264
TRAIN_09432,0.0056046997
TRAIN_09433,0.00208013
TRAIN_09434,0.11527589
TRAIN_09435,0.011438141
TRAIN_09436,0.008274837
TRAIN_09437,0.02003172
TRAIN_09438,0.006295121
TRAIN_09439,0.0055463617
TRAIN_09440,0.0038317987
TRAIN_09441,0.0030794179
TRAIN_09442,0.019177727
TRAIN_09443,0.0055684103
TRAIN_09444,0.004884236
TRAIN_09445,0.010965208
TRAIN_09446,0.017834598
TRAIN_09447,0.011813479
TRAIN_09448,0.005227504
TRAIN_09449,0.0040217405
TRAIN_09450,0.037301697
TRAIN_09451,0.008364807
TRAIN_09452,0.007930684
TRAIN_09453,0.012772622
TRAIN_09454,0.008772156
TRAIN_09455,0.0110264225
TRAIN_09456,0.004483886
TRAIN_09457,0.012883548
TRAIN_09458,0.0039299414
TRAIN_09459,0.007466447
TRAIN_09460,0.009238782
TRAIN_09461,0.003221821
TRAIN_09462,0.006335398
TRAIN_09463,0.0046069734
TRAIN_09464,0.04291774
TRAIN_09465,0.017524922
TRAIN_09466,0.05532328
TRAIN_09467,0.0062637515
TRAIN_09468,0.0069069522
TRAIN_09469,0.061308835
TRAIN_09470,0.015283193
TRAIN_09471,0.0111371605
TRAIN_09472,0.008622218
TRAIN_09473,0.017060176
TRAIN_09474,0.0010287394
TRAIN_09475,0.0023632138
TRAIN_09476,0.018231036
TRAIN_09477,0.0062747165
TRAIN_09478,0.0017991661
TRAIN_09479,0.013011896
TRAIN_09480,0.0007434508
TRAIN_09481,0.012025742
TRAIN_09482,0.0052674296
TRAIN_09483,0.0647434
TRAIN_09484,0.006966349
TRAIN_09485,0.0076158736
TRAIN_09486,0.008083128
TRAIN_09487,0.012093097
TRAIN_09488,0.013125076
TRAIN_09489,0.0057325917
TRAIN_09490,0.0032160382
TRAIN_09491,0.008774244
TRAIN_09492,0.0052908054
TRAIN_09493,0.004578217
TRAIN_09494,0.009838412
TRAIN_09495,0.0024170387
TRAIN_09496,0.010636342
TRAIN_09497,0.008848071
TRAIN_09498,0.008282167
TRAIN_09499,0.08029005
TRAIN_09500,0.0028877396
TRAIN_09501,0.011259943
TRAIN_09502,0.01389291
TRAIN_09503,0.016364913
TRAIN_09504,0.038084757
TRAIN_09505,0.008121531
TRAIN_09506,0.014204021
TRAIN_09507,0.008274755
TRAIN_09508,0.0029035697
TRAIN_09509,0.00036658027
TRAIN_09510,0.03578802
TRAIN_09511,0.002885169
TRAIN_09512,0.014776964
TRAIN_09513,0.0012804333
TRAIN_09514,0.003765854
TRAIN_09515,0.007751004
TRAIN_09516,0.009423746
TRAIN_09517,0.014787799
TRAIN_09518,0.007941034
TRAIN_09519,0.019585669
TRAIN_09520,0.0062708375
TRAIN_09521,0.013217881
TRAIN_09522,0.0031503825
TRAIN_09523,0.016236627
TRAIN_09524,0.006249601
TRAIN_09525,0.0010163805
TRAIN_09526,0.012053093
TRAIN_09527,0.012681752
TRAIN_09528,0.01784842
TRAIN_09529,0.0022717023
TRAIN_09530,0.006507001
TRAIN_09531,0.002844243
TRAIN_09532,0.0013715989
TRAIN_09533,0.0072534573
TRAIN_09534,0.016695559
TRAIN_09535,0.0062346924
TRAIN_09536,0.017100312
TRAIN_09537,0.0057324828
TRAIN_09538,0.06347324
TRAIN_09539,0.001328092
TRAIN_09540,0.0120642735
TRAIN_09541,0.014366032
TRAIN_09542,0.01165302
TRAIN_09543,0.018255444
TRAIN_09544,0.00063828815
TRAIN_09545,0.0026631807
TRAIN_09546,0.02199991
TRAIN_09547,0.023006719
TRAIN_09548,0.0030948438
TRAIN_09549,0.009836879
TRAIN_09550,0.009785087
TRAIN_09551,0.12741803
TRAIN_09552,0.009166149
TRAIN_09553,0.0014561756
TRAIN_09554,0.025315264
TRAIN_09555,0.028894823
TRAIN_09556,0.011258069
TRAIN_09557,0.009374939
TRAIN_09558,0.0017007813
TRAIN_09559,0.0074861906
TRAIN_09560,0.027941748
TRAIN_09561,0.008533325
TRAIN_09562,0.022221055
TRAIN_09563,0.004986212
TRAIN_09564,0.0038710323
TRAIN_09565,0.0067555574
TRAIN_09566,0.004155442
TRAIN_09567,0.0027531802
TRAIN_09568,0.008849548
TRAIN_09569,0.008111846
TRAIN_09570,0.003580489
TRAIN_09571,0.0035272466
TRAIN_09572,0.013622026
TRAIN_09573,0.017052928
TRAIN_09574,0.010677574
TRAIN_09575,0.034447234
TRAIN_09576,0.0016676933
TRAIN_09577,0.043756712
TRAIN_09578,0.0043416293
TRAIN_09579,0.024161853
TRAIN_09580,0.011123138
TRAIN_09581,0.0134095615
TRAIN_09582,0.00263592
TRAIN_09583,0.013131925
TRAIN_09584,0.009990148
TRAIN_09585,0.08549639
TRAIN_09586,0.010078846
TRAIN_09587,0.010027438
TRAIN_09588,0.05338222
TRAIN_09589,0.0016130329
TRAIN_09590,0.0013914502
TRAIN_09591,0.0018168729
TRAIN_09592,0.00853882
TRAIN_09593,0.035519175
TRAIN_09594,0.009516527
TRAIN_09595,0.013858782
TRAIN_09596,0.011254504
TRAIN_09597,0.011441563
TRAIN_09598,0.0050543626
TRAIN_09599,0.0072855167
TRAIN_09600,0.0044302167
TRAIN_09601,0.012112186
TRAIN_09602,0.0010274457
TRAIN_09603,0.0022424238
TRAIN_09604,0.012475512
TRAIN_09605,0.010757859
TRAIN_09606,0.08133346
TRAIN_09607,0.010016023
TRAIN_09608,0.0064380392
TRAIN_09609,0.0010271599
TRAIN_09610,0.008520621
TRAIN_09611,0.0012791192
TRAIN_09612,0.014621949
TRAIN_09613,0.004908366
TRAIN_09614,0.012344366
TRAIN_09615,0.013546261
TRAIN_09616,0.010231732
TRAIN_09617,0.002554079
TRAIN_09618,0.003323064
TRAIN_09619,0.011556704
TRAIN_09620,0.0059182546
TRAIN_09621,0.031413265
TRAIN_09622,0.0076078176
TRAIN_09623,0.0025282009
TRAIN_09624,0.0063699735
TRAIN_09625,0.010382564
TRAIN_09626,0.0023410388
TRAIN_09627,0.006017949
TRAIN_09628,0.004897519
TRAIN_09629,0.003369844
TRAIN_09630,0.0021627152
TRAIN_09631,0.01881136
TRAIN_09632,0.0011033404
TRAIN_09633,0.012005707
TRAIN_09634,0.0019387183
TRAIN_09635,0.0021192455
TRAIN_09636,0.006495481
TRAIN_09637,0.022401223
TRAIN_09638,0.008025894
TRAIN_09639,0.017231746
TRAIN_09640,0.021501072
TRAIN_09641,0.0023523166
TRAIN_09642,0.009231713
TRAIN_09643,0.0020181064
TRAIN_09644,0.015512783
TRAIN_09645,0.0025089965
TRAIN_09646,0.0064497744
TRAIN_09647,0.005556186
TRAIN_09648,0.011674701
TRAIN_09649,0.010494455
TRAIN_09650,0.0033609597
TRAIN_09651,0.0059256335
TRAIN_09652,0.0025797982
TRAIN_09653,0.011572192
TRAIN_09654,0.011263821
TRAIN_09655,0.0043802797
TRAIN_09656,0.013958579
TRAIN_09657,0.003376867
TRAIN_09658,0.0033417025
TRAIN_09659,0.01409026
TRAIN_09660,0.04620269
TRAIN_09661,0.005328446
TRAIN_09662,0.032366786
TRAIN_09663,0.007969436
TRAIN_09664,0.010611928
TRAIN_09665,0.01339049
TRAIN_09666,0.0016947248
TRAIN_09667,0.006274209
TRAIN_09668,0.004858672
TRAIN_09669,0.0018028371
TRAIN_09670,0.0052751875
TRAIN_09671,0.0033262195
TRAIN_09672,0.008672418
TRAIN_09673,0.0024960542
TRAIN_09674,0.0065752557
TRAIN_09675,0.006536666
TRAIN_09676,0.0043581286
TRAIN_09677,0.0034233404
TRAIN_09678,0.0030153126
TRAIN_09679,0.0066257017
TRAIN_09680,0.013711901
TRAIN_09681,0.015045829
TRAIN_09682,0.018004227
TRAIN_09683,0.008356357
TRAIN_09684,0.035069667
TRAIN_09685,0.042496055
TRAIN_09686,0.0037505687
TRAIN_09687,0.014857709
TRAIN_09688,0.0007280357
TRAIN_09689,0.0018035347
TRAIN_09690,0.008836574
TRAIN_09691,0.0017819272
TRAIN_09692,0.001965006
TRAIN_09693,0.12012503
TRAIN_09694,0.009169208
TRAIN_09695,0.026638832
TRAIN_09696,0.005967082
TRAIN_09697,0.01805254
TRAIN_09698,0.0044146823
TRAIN_09699,0.013654306
TRAIN_09700,0.0072138957
TRAIN_09701,0.0046165683
TRAIN_09702,0.0017302943
TRAIN_09703,0.011064329
TRAIN_09704,0.020175764
TRAIN_09705,0.0036706342
TRAIN_09706,0.008570868
TRAIN_09707,0.0030287348
TRAIN_09708,0.008093989
TRAIN_09709,0.0069618053
TRAIN_09710,0.036855057
TRAIN_09711,0.012513158
TRAIN_09712,0.004524718
TRAIN_09713,0.007240132
TRAIN_09714,0.0472802
TRAIN_09715,0.008222395
TRAIN_09716,0.0047083767
TRAIN_09717,0.002987054
TRAIN_09718,0.040440843
TRAIN_09719,0.002527714
TRAIN_09720,0.0120592285
TRAIN_09721,0.0045372793
TRAIN_09722,0.0067851874
TRAIN_09723,0.04835398
TRAIN_09724,0.0043231524
TRAIN_09725,0.0052815233
TRAIN_09726,0.004260517
TRAIN_09727,0.012999326
TRAIN_09728,0.004372407
TRAIN_09729,0.0076837796
TRAIN_09730,0.013645281
TRAIN_09731,0.0062954687
TRAIN_09732,0.003338789
TRAIN_09733,0.001123874
TRAIN_09734,0.013092299
TRAIN_09735,0.004389555
TRAIN_09736,0.009138773
TRAIN_09737,0.01301302
TRAIN_09738,0.008527781
TRAIN_09739,0.098551616
TRAIN_09740,0.006396713
TRAIN_09741,0.007628179
TRAIN_09742,0.017389199
TRAIN_09743,0.0061055846
TRAIN_09744,0.006114337
TRAIN_09745,0.013981756
TRAIN_09746,0.0029937124
TRAIN_09747,0.008432187
TRAIN_09748,0.0040630545
TRAIN_09749,0.007887724
TRAIN_09750,0.0014962062
TRAIN_09751,0.045610256
TRAIN_09752,0.010662167
TRAIN_09753,0.0059798337
TRAIN_09754,0.016317781
TRAIN_09755,0.025112685
TRAIN_09756,0.0069737374
TRAIN_09757,0.005650073
TRAIN_09758,0.004634755
TRAIN_09759,0.002511984
TRAIN_09760,0.0016680264
TRAIN_09761,0.013562947
TRAIN_09762,0.011897985
TRAIN_09763,0.013964271
TRAIN_09764,0.0020216675
TRAIN_09765,0.030720579
TRAIN_09766,0.010106523
TRAIN_09767,0.01262611
TRAIN_09768,0.025150834
TRAIN_09769,0.0012382813
TRAIN_09770,0.009364515
TRAIN_09771,0.0054180305
TRAIN_09772,0.014367691
TRAIN_09773,0.00435904
TRAIN_09774,0.017345324
TRAIN_09775,0.008053927
TRAIN_09776,0.0060463846
TRAIN_09777,0.0033618568
TRAIN_09778,0.0026488188
TRAIN_09779,0.0023969493
TRAIN_09780,0.011269311
TRAIN_09781,0.006774072
TRAIN_09782,0.013381202
TRAIN_09783,0.012032765
TRAIN_09784,0.011994749
TRAIN_09785,0.0029361595
TRAIN_09786,0.01124915
TRAIN_09787,0.0068588215
TRAIN_09788,0.082792185
TRAIN_09789,0.0663097
TRAIN_09790,0.00544466
TRAIN_09791,0.0059619015
TRAIN_09792,0.011421918
TRAIN_09793,0.005457125
TRAIN_09794,0.004234577
TRAIN_09795,0.0010679305
TRAIN_09796,0.008426741
TRAIN_09797,0.1788468
TRAIN_09798,0.006748949
TRAIN_09799,0.014000386
TRAIN_09800,0.0043650814
TRAIN_09801,0.040634625
TRAIN_09802,0.004594273
TRAIN_09803,0.010339749
TRAIN_09804,0.01486292
TRAIN_09805,0.01860642
TRAIN_09806,0.0037142811
TRAIN_09807,0.0028476957
TRAIN_09808,0.008534899
TRAIN_09809,0.0011588896
TRAIN_09810,0.0025371262
TRAIN_09811,0.022415549
TRAIN_09812,0.0009391047
TRAIN_09813,0.002041029
TRAIN_09814,0.0041893804
TRAIN_09815,0.0017857436
TRAIN_09816,0.01877711
TRAIN_09817,0.006750873
TRAIN_09818,0.0028257284
TRAIN_09819,0.009488439
TRAIN_09820,0.0103336265
TRAIN_09821,0.034847602
TRAIN_09822,0.0034775618
TRAIN_09823,0.0077550225
TRAIN_09824,0.01030006
TRAIN_09825,0.010080647
TRAIN_09826,0.030487895
TRAIN_09827,0.001348855
TRAIN_09828,0.010608556
TRAIN_09829,0.009281081
TRAIN_09830,0.0075617814
TRAIN_09831,0.019579362
TRAIN_09832,0.013943903
TRAIN_09833,0.012694869
TRAIN_09834,0.05054473
TRAIN_09835,0.0114383
TRAIN_09836,0.002446922
TRAIN_09837,0.012240114
TRAIN_09838,0.0155586535
TRAIN_09839,0.013892471
TRAIN_09840,0.009725476
TRAIN_09841,0.06560053
TRAIN_09842,0.010497877
TRAIN_09843,0.010182164
TRAIN_09844,0.03125668
TRAIN_09845,0.0051450324
TRAIN_09846,0.0075293933
TRAIN_09847,0.019367626
TRAIN_09848,0.004463345
TRAIN_09849,0.009321202
TRAIN_09850,0.0021388552
TRAIN_09851,0.0038255022
TRAIN_09852,0.005755766
TRAIN_09853,0.014238612
TRAIN_09854,0.014246227
TRAIN_09855,0.008622547
TRAIN_09856,0.02897304
TRAIN_09857,0.003978612
TRAIN_09858,0.0102621745
TRAIN_09859,0.0037050683
TRAIN_09860,0.012051891
TRAIN_09861,0.0013873982
TRAIN_09862,0.0009102924
TRAIN_09863,0.0133427605
TRAIN_09864,0.011258787
TRAIN_09865,0.0029655364
TRAIN_09866,0.105355985
TRAIN_09867,0.0006996437
TRAIN_09868,0.0072091697
TRAIN_09869,0.007173579
TRAIN_09870,0.010590406
TRAIN_09871,0.006374199
TRAIN_09872,0.005936709
TRAIN_09873,0.0041054767
TRAIN_09874,0.003138711
TRAIN_09875,0.006557004
TRAIN_09876,0.03072911
TRAIN_09877,0.008711271
TRAIN_09878,0.011068647
TRAIN_09879,0.011650689
TRAIN_09880,0.009081857
TRAIN_09881,0.000287404
TRAIN_09882,0.0018910546
TRAIN_09883,0.022105781
TRAIN_09884,0.07603353
TRAIN_09885,0.007951853
TRAIN_09886,0.0102776615
TRAIN_09887,0.0107426485
TRAIN_09888,0.007655781
TRAIN_09889,0.004744636
TRAIN_09890,0.0073936693
TRAIN_09891,0.002241971
TRAIN_09892,0.0010866732
TRAIN_09893,0.0053042215
TRAIN_09894,0.027406
TRAIN_09895,0.0038205208
TRAIN_09896,0.010522452
TRAIN_09897,0.0103722755
TRAIN_09898,0.0064854203
TRAIN_09899,0.00263674
TRAIN_09900,0.0035608208
TRAIN_09901,0.01898497
TRAIN_09902,0.0067745647
TRAIN_09903,0.0023684416
TRAIN_09904,0.015136663
TRAIN_09905,0.007846321
TRAIN_09906,0.007202439
TRAIN_09907,0.0043849177
TRAIN_09908,0.014123197
TRAIN_09909,0.041778494
TRAIN_09910,0.0014044086
TRAIN_09911,0.0036244066
TRAIN_09912,0.015684325
TRAIN_09913,0.007854631
TRAIN_09914,0.0045810677
TRAIN_09915,0.056225326
TRAIN_09916,0.0042088204
TRAIN_09917,0.01130943
TRAIN_09918,0.0061240485
TRAIN_09919,0.005011414
TRAIN_09920,0.012249071
TRAIN_09921,0.035601143
TRAIN_09922,0.006820093
TRAIN_09923,0.009719388
TRAIN_09924,0.0032141928
TRAIN_09925,0.0027604692
TRAIN_09926,0.051265113
TRAIN_09927,0.05295041
TRAIN_09928,0.0064190757
TRAIN_09929,0.005378278
TRAIN_09930,0.008962796
TRAIN_09931,0.009124875
TRAIN_09932,0.002842006
TRAIN_09933,0.0024411376
TRAIN_09934,0.009559509
TRAIN_09935,0.010661468
TRAIN_09936,0.01443042
TRAIN_09937,0.008247701
TRAIN_09938,0.01044517
TRAIN_09939,0.020245135
TRAIN_09940,0.010479957
TRAIN_09941,0.0036214895
TRAIN_09942,0.011689816
TRAIN_09943,0.0046828287
TRAIN_09944,0.007919723
TRAIN_09945,0.0022932445
TRAIN_09946,0.0017286069
TRAIN_09947,0.0022282198
TRAIN_09948,0.00096582214
TRAIN_09949,0.001597747
TRAIN_09950,0.05069919
TRAIN_09951,0.027936898
TRAIN_09952,0.0027403985
TRAIN_09953,0.0062732194
TRAIN_09954,0.0023246072
TRAIN_09955,0.014201325
TRAIN_09956,0.008090294
TRAIN_09957,0.012327907
TRAIN_09958,0.004522112
TRAIN_09959,0.0118398
TRAIN_09960,0.0023618226
TRAIN_09961,0.015531951
TRAIN_09962,0.0032751304
TRAIN_09963,0.011377135
TRAIN_09964,0.005365854
TRAIN_09965,0.02918303
TRAIN_09966,0.014781158
TRAIN_09967,0.0048119198
TRAIN_09968,0.0030200512
TRAIN_09969,0.00752626
TRAIN_09970,0.0074747056
TRAIN_09971,0.05469144
TRAIN_09972,0.0061635314
TRAIN_09973,0.0015981686
TRAIN_09974,0.005621189
TRAIN_09975,0.004578028
TRAIN_09976,0.013614987
TRAIN_09977,0.009642937
TRAIN_09978,0.0060459054
TRAIN_09979,0.010144796
TRAIN_09980,0.0030600263
TRAIN_09981,0.05161529
TRAIN_09982,0.026228162
TRAIN_09983,0.003665753
TRAIN_09984,0.009242179
TRAIN_09985,0.0037502565
TRAIN_09986,0.009022887
TRAIN_09987,0.00954378
TRAIN_09988,0.003393063
TRAIN_09989,0.0060821823
TRAIN_09990,0.0019934291
TRAIN_09991,0.0046264846
TRAIN_09992,0.012742272
TRAIN_09993,0.012058615
TRAIN_09994,0.010264519
TRAIN_09995,0.010999875
TRAIN_09996,0.016049813
TRAIN_09997,0.014518224
TRAIN_09998,0.010177497
TRAIN_09999,0.0032067695
TRAIN_10000,0.0019986855
