id,x,y,z
TEST_00001,3.989764,-1.0528435,0.045541193
TEST_00002,1.9304852,0.6169886,0.79752195
TEST_00003,0.80670756,-0.1902037,0.14717953
TEST_00004,3.5283997,-1.6468103,-0.94191945
TEST_00005,2.3023558,0.015843924,-0.039188296
TEST_00006,4.9974074,-0.7911514,0.497207
TEST_00007,2.8997762,1.0025469,0.8353614
TEST_00008,1.4863003,-0.41726568,0.41200972
TEST_00009,1.4553602,0.4856767,0.14884154
TEST_00010,2.257552,-0.40972403,0.16994634
TEST_00011,2.3288052,-0.46268827,0.022854788
TEST_00012,4.0202394,1.5029199,0.89799154
TEST_00013,2.549393,0.58298904,-0.3129869
TEST_00014,2.158211,1.491938,-0.21186337
TEST_00015,3.0023034,-0.68680173,0.86674577
TEST_00016,3.2868943,0.50326073,-0.53396785
TEST_00017,4.0056005,0.86131305,1.1594278
TEST_00018,3.0719795,0.26276276,-0.48565525
TEST_00019,1.4133866,0.08540717,0.2902854
TEST_00020,1.8788701,0.06507629,0.030521888
TEST_00021,3.510296,-0.37042597,-0.14349727
TEST_00022,1.4026802,0.29722854,-0.27447557
TEST_00023,2.1411097,0.3997773,0.6791132
TEST_00024,3.7612133,-0.58500916,0.8166796
TEST_00025,4.925749,1.6165748,1.2147838
TEST_00026,1.790009,-0.595481,-0.5097371
TEST_00027,3.4515345,0.181363,-0.33856836
TEST_00028,3.4256637,0.4817886,-0.059196003
TEST_00029,2.1763546,-1.1453471,1.3400347
TEST_00030,3.5354478,-0.19079651,1.2239436
TEST_00031,1.3718119,-0.9169476,-0.0909429
TEST_00032,2.497476,-0.8099219,-0.020057246
TEST_00033,2.162087,-0.59237975,0.47537494
TEST_00034,1.9935968,-0.1507686,0.39723617
TEST_00035,2.040968,-0.1095639,-0.24429874
TEST_00036,3.5253127,-1.4054974,-0.5472096
TEST_00037,2.838307,-1.5761242,0.18642284
TEST_00038,0.9649617,0.39859775,-0.32396916
TEST_00039,5.1553054,0.7729775,-1.1260928
TEST_00040,2.3710551,0.31908503,-0.26255044
TEST_00041,3.2227836,-0.41223186,0.69348997
TEST_00042,3.348983,-1.5036643,-0.5064964
TEST_00043,4.0901184,1.6755333,0.8976753
TEST_00044,2.415076,-0.75673383,-0.22747733
TEST_00045,1.5674605,0.41239384,-0.12250615
TEST_00046,4.445951,-0.16686472,0.60228145
TEST_00047,1.481874,-0.26458082,-0.22904694
TEST_00048,4.150522,-0.94143176,0.4911257
TEST_00049,2.2170687,0.2874168,0.29927963
TEST_00050,1.0740644,0.5472403,-0.24124764
TEST_00051,3.2207668,-0.36034954,-1.0528748
TEST_00052,4.3899508,0.5738039,1.5024744
TEST_00053,2.7875993,0.063349314,0.1628431
TEST_00054,2.5466654,0.218668,0.9938481
TEST_00055,1.5473887,0.08536033,0.3605905
TEST_00056,3.3770373,-0.76875263,-1.1115227
TEST_00057,1.3441322,0.21784675,-0.17956384
TEST_00058,3.5333307,-0.615053,-0.27093154
TEST_00059,3.189799,-0.45017928,-0.13821954
TEST_00060,2.0203905,-0.93456006,-0.6405507
TEST_00061,1.9248229,0.015360488,0.3413228
TEST_00062,2.1793296,0.044767868,0.7922226
TEST_00063,2.7111373,-0.013048984,-0.74166906
TEST_00064,1.8527,-0.23940745,0.5405502
TEST_00065,2.8618805,-1.3792859,-0.74497426
TEST_00066,2.3025203,0.52449447,-0.33076832
TEST_00067,3.651252,0.13303687,0.18853563
TEST_00068,3.1253831,-0.21338,0.036936298
TEST_00069,3.0598807,-0.41761926,-0.27260554
TEST_00070,1.3576994,0.52058905,0.5223667
TEST_00071,2.6890736,-0.7882243,0.6600628
TEST_00072,2.2565591,1.0324836,0.7765267
TEST_00073,3.1237352,-1.1802075,0.9200748
TEST_00074,1.3455787,0.53843176,0.2217419
TEST_00075,0.9278333,0.33192393,-0.26320675
TEST_00076,3.9653149,0.19574413,1.0461621
TEST_00077,3.3510454,-1.3260247,-1.0878321
TEST_00078,1.2660328,-0.4726951,0.19271415
TEST_00079,4.742363,-1.392173,1.3076309
TEST_00080,1.4374586,0.4863577,0.41209394
TEST_00081,3.6243334,-1.1677641,1.246149
TEST_00082,2.2159302,0.20686913,0.4007137
TEST_00083,2.9914305,0.65145034,0.5680237
TEST_00084,2.602335,0.30357444,-0.18724582
TEST_00085,1.9787469,-0.4314404,0.026761293
TEST_00086,2.11262,1.2893146,0.20360273
TEST_00087,3.9218798,-0.8822783,0.6142528
TEST_00088,5.2375417,-2.1839318,1.3132383
TEST_00089,3.3170981,-0.0020926893,0.14630023
TEST_00090,3.0230584,0.6241262,0.47745055
TEST_00091,1.2365941,-0.31625813,0.21166988
TEST_00092,2.0035408,-0.46553102,-0.5263237
TEST_00093,2.4440339,0.49513403,-0.36834592
TEST_00094,1.7691404,0.5804849,0.27150464
TEST_00095,3.8391452,-0.21568698,-0.86839694
TEST_00096,2.094772,0.8220052,-0.4312502
TEST_00097,2.818415,-0.08869904,0.2414868
TEST_00098,4.8084216,-1.0781344,-0.11931679
TEST_00099,3.6605315,0.82048357,0.72767437
TEST_00100,1.0377957,0.29543775,0.36931235
TEST_00101,1.5988084,-0.34715512,-0.10376699
TEST_00102,1.8427495,0.4976205,0.41895616
TEST_00103,3.7203832,0.07940696,0.793725
TEST_00104,2.0061343,0.07534722,-0.2664184
TEST_00105,1.2639703,0.5200378,0.3900267
TEST_00106,3.1643877,-0.08302097,-1.1019224
TEST_00107,4.172921,-0.38547197,1.0750397
TEST_00108,3.0021913,-1.0615147,-0.49840787
TEST_00109,1.0186303,-0.17130658,-0.12106585
TEST_00110,2.5435936,-1.6597763,0.4281376
TEST_00111,2.9952567,-0.42626405,-0.64115834
TEST_00112,3.5213554,0.4816777,-0.585869
TEST_00113,3.053274,-0.15358311,0.4794854
TEST_00114,2.8375611,-0.44104943,1.1882324
TEST_00115,1.2131331,-0.18112618,0.38707882
TEST_00116,3.692328,-0.8492749,-0.7118748
TEST_00117,3.1325133,0.46085098,0.7432352
TEST_00118,1.6760249,0.61394906,0.49600464
TEST_00119,4.8520465,-0.027982716,-0.359297
TEST_00120,2.7257771,-0.9988613,0.49871844
TEST_00121,4.852722,-1.033482,1.3191166
TEST_00122,4.268211,0.5135862,0.5599024
TEST_00123,1.7100273,0.9243189,-0.104243845
TEST_00124,1.7428426,0.19779778,-0.18844414
TEST_00125,2.1252694,-0.7793768,0.74070764
TEST_00126,1.531129,-0.35150313,-0.30867445
TEST_00127,1.9110407,0.3310497,0.1345257
TEST_00128,3.3324862,1.9562193,0.5241965
TEST_00129,3.5472293,0.4495596,0.4686974
TEST_00130,2.7122028,-0.12276681,-0.012128533
TEST_00131,1.5870669,0.1099436,0.29673052
TEST_00132,4.509976,0.59387344,0.60632765
TEST_00133,2.3377156,0.633383,0.4942015
TEST_00134,1.4236852,0.7913338,0.41047874
TEST_00135,2.0434108,0.92779326,0.3440476
TEST_00136,3.3627462,-0.119846135,-1.0082294
TEST_00137,1.8374693,0.8509975,-0.71874213
TEST_00138,3.1639774,0.5581338,-0.8096395
TEST_00139,1.7886192,-0.7772412,-0.5042184
TEST_00140,0.8922894,0.51289576,0.28553703
TEST_00141,1.9497133,-0.5705683,0.13631245
TEST_00142,1.1593256,-0.050039597,0.2278457
TEST_00143,4.200095,0.16268699,0.9525574
TEST_00144,2.1367834,-0.19384463,-0.07923997
TEST_00145,5.174729,0.010125484,-0.54948324
TEST_00146,3.0684507,-0.21874943,-1.2814964
TEST_00147,2.1995108,-0.08622158,0.7359382
TEST_00148,2.7977438,1.003529,-0.57972044
TEST_00149,3.3609343,1.190739,0.54212683
TEST_00150,4.7346344,1.0736195,0.80362844
TEST_00151,2.3130958,0.09922637,-0.13486022
TEST_00152,2.4560044,0.8152337,0.42048025
TEST_00153,3.7436109,-0.37633854,-0.576054
TEST_00154,2.9444945,0.22831841,-0.21180171
TEST_00155,1.9800949,0.18050033,-0.58858
TEST_00156,1.9523072,-0.473403,0.39768663
TEST_00157,2.3921576,-0.5609102,0.61384064
TEST_00158,2.6696415,-1.4307119,1.0757738
TEST_00159,3.8425012,-1.2370013,2.1102157
TEST_00160,1.5108513,-0.019192338,-0.07965695
TEST_00161,1.1290287,0.5985895,0.026744144
TEST_00162,1.3214438,0.93354917,-0.08114039
TEST_00163,3.7181082,0.20957586,0.056876883
TEST_00164,2.509156,0.07683166,1.0396588
TEST_00165,1.9014688,0.45706707,0.50376534
TEST_00166,2.938616,-0.5669135,-0.17681967
TEST_00167,3.7815151,-0.056323294,0.26719427
TEST_00168,5.4896536,0.30981624,0.09978974
TEST_00169,2.6304653,-0.46765465,-0.18252383
TEST_00170,0.90291446,0.39927527,0.27820784
TEST_00171,3.4651477,-0.123892486,-0.01991741
TEST_00172,4.9772897,0.7833727,-0.8777071
TEST_00173,1.295679,0.17618027,-0.07766963
TEST_00174,3.1296966,1.9351511,-0.18226515
TEST_00175,3.3969054,0.57670605,0.5187247
TEST_00176,0.981386,-0.60878414,-0.1760227
TEST_00177,1.5503745,0.76706207,-0.2147412
TEST_00178,5.2268224,0.5661743,-0.12813912
TEST_00179,3.8248389,1.4284576,0.12529518
TEST_00180,3.1366081,0.3915428,0.267165
TEST_00181,2.8894744,0.16509148,0.019529011
TEST_00182,1.4777305,-0.4217358,-0.3220269
TEST_00183,2.0707483,-0.1861222,0.36579517
TEST_00184,3.0856273,-0.0952113,-0.2545734
TEST_00185,3.0242379,0.8417347,-0.43995598
TEST_00186,2.4547808,-0.10568515,-0.3853618
TEST_00187,3.612818,-0.65483016,0.33911613
TEST_00188,2.5189157,-0.35361254,-0.008487131
TEST_00189,1.4283016,0.7373495,0.30173644
TEST_00190,3.0153215,-1.8803533,1.1530933
TEST_00191,2.7828233,0.41773853,0.35422653
TEST_00192,2.3574598,-0.69193393,1.101411
TEST_00193,2.90575,-1.117376,1.1039876
TEST_00194,1.3771609,0.17002827,0.09460114
TEST_00195,2.2175486,0.6487586,0.5340878
TEST_00196,3.3164825,-0.2777619,0.52770483
TEST_00197,1.9898378,-0.035359286,0.08730157
TEST_00198,3.7239668,-0.2000858,0.7363891
TEST_00199,3.2943413,-0.5767358,-1.1062934
TEST_00200,4.747092,0.2855245,-0.1953191
TEST_00201,1.816701,1.0942574,-0.19633852
TEST_00202,1.7716707,0.41459423,-0.4823357
TEST_00203,3.1089845,-0.4131563,0.071888305
TEST_00204,3.2135775,0.9800867,-0.010006684
TEST_00205,1.2835953,0.48916292,0.24505652
TEST_00206,4.1534014,0.4139018,0.54390657
TEST_00207,3.815748,0.7550044,-0.15114436
TEST_00208,4.5839624,-0.34333155,0.829879
TEST_00209,2.238384,0.66716474,0.17124386
TEST_00210,2.47108,-0.17042747,0.20926504
TEST_00211,4.0852733,0.26861328,0.1781975
TEST_00212,4.0737567,1.0396752,0.039896794
TEST_00213,2.2574482,0.6995657,-0.26502913
TEST_00214,3.0729659,0.07346722,0.41016436
TEST_00215,2.81594,0.29026416,0.277385
TEST_00216,2.7983472,-0.5206842,1.558324
TEST_00217,1.5045091,0.16975836,0.72625047
TEST_00218,5.290032,0.22307326,-1.222783
TEST_00219,1.3673189,-0.29401898,-0.22188258
TEST_00220,3.2231462,-0.20835827,-0.78199476
TEST_00221,2.987159,0.26879454,-0.107785426
TEST_00222,1.3846052,0.485034,0.28224236
TEST_00223,3.749739,-0.40695855,0.26859546
TEST_00224,1.2950253,0.57992953,0.08925539
TEST_00225,4.939244,-1.728001,-0.4147131
TEST_00226,3.0187948,-0.26843098,-1.1105736
TEST_00227,4.507351,0.039212644,0.61821324
TEST_00228,2.2595713,-0.422495,0.21121201
TEST_00229,3.9487598,1.7087312,-0.57115126
TEST_00230,2.3057148,0.19464917,0.58140963
TEST_00231,2.731022,0.8112082,0.12023963
TEST_00232,3.4309254,1.7392336,0.06320812
TEST_00233,3.3174443,1.0409038,-0.8414958
TEST_00234,1.9633586,0.67193335,-0.05187884
TEST_00235,1.9942913,0.062127315,0.20175609
TEST_00236,3.4556396,-1.7273448,1.3443167
TEST_00237,2.1007006,0.93641496,0.19711685
TEST_00238,1.7524018,-0.24283628,-0.6492579
TEST_00239,6.3223424,-0.5677613,-0.8351951
TEST_00240,2.5629156,1.6311795,0.59848905
TEST_00241,4.7112527,0.878895,1.3296617
TEST_00242,1.3114061,0.4075812,-0.3934203
TEST_00243,2.0258577,0.83349544,-0.88117075
TEST_00244,3.3548126,0.20965959,0.058879696
TEST_00245,2.2550197,0.96547395,-0.2701531
TEST_00246,4.02376,-0.26926464,0.16122048
TEST_00247,4.4842787,-1.0381416,0.31205678
TEST_00248,1.2307214,0.57140845,-0.104200885
TEST_00249,3.7898629,0.2662495,-0.44247755
TEST_00250,2.0528815,-0.006031882,-0.004772233
TEST_00251,3.6691732,-0.066212036,-0.094775155
TEST_00252,3.074857,0.22477694,-0.5782687
TEST_00253,2.7750635,-0.31070358,-0.22652243
TEST_00254,1.601535,-0.65537834,-0.021306366
TEST_00255,1.8844768,0.019799229,0.0266722
TEST_00256,1.0775079,0.35727203,0.63747877
TEST_00257,1.7938255,0.15441567,0.09103048
TEST_00258,2.515942,0.77547127,0.4544448
TEST_00259,3.2544837,0.29929045,0.9948974
TEST_00260,2.4063592,0.87395597,0.20309864
TEST_00261,1.6551168,0.1174115,0.44942996
TEST_00262,1.0553226,-0.022846373,0.21907999
TEST_00263,2.1274097,0.33622652,0.66254693
TEST_00264,3.4669242,-0.06050252,-0.40681368
TEST_00265,1.2034411,0.4893362,0.5777281
TEST_00266,2.7912664,0.41016257,-0.016179394
TEST_00267,1.2712711,0.54466254,-0.30634922
TEST_00268,3.255213,0.29887047,-1.02569
TEST_00269,2.7788079,-1.300972,0.4068084
TEST_00270,2.7883258,-0.49346113,-0.43985927
TEST_00271,3.0345075,0.906127,0.28097
TEST_00272,2.6868653,0.2683582,-0.3017524
TEST_00273,1.7907939,0.12704748,-0.35531905
TEST_00274,1.5696398,0.7023949,0.1314078
TEST_00275,2.1123004,-0.30458236,0.3507078
TEST_00276,3.9456,-0.5097091,0.6790138
TEST_00277,3.3177114,-1.2392234,0.9469282
TEST_00278,3.923581,-1.1224306,-0.59151626
TEST_00279,5.3832216,-1.4728738,-0.9983779
TEST_00280,3.1141531,1.5751159,-0.91557825
TEST_00281,2.083257,1.5670785,-0.5596921
TEST_00282,1.4636866,-0.71885586,0.89234245
TEST_00283,1.3225477,0.5845066,0.47117034
TEST_00284,2.7226095,0.010424111,0.2644846
TEST_00285,1.5479637,0.33541456,-0.3510167
TEST_00286,2.0271685,0.24366727,0.25518128
TEST_00287,2.4159515,-1.0688612,-0.5118764
TEST_00288,5.434982,2.3219573,0.6095565
TEST_00289,4.348361,0.3782503,0.83175826
TEST_00290,1.9816364,-0.32536528,-0.006898228
TEST_00291,0.8999407,0.28651428,-0.074339576
TEST_00292,4.11841,0.9860611,1.8949977
TEST_00293,1.6549157,0.21026284,0.2534947
TEST_00294,1.8244499,-1.1513714,0.2392217
TEST_00295,3.4563308,-0.13656883,0.5285
TEST_00296,3.0045583,-0.7943435,-0.5768659
TEST_00297,1.5958513,-0.7066233,-0.34068602
TEST_00298,3.5122445,0.94450563,-1.3285819
TEST_00299,4.3643327,0.79501885,-0.5869705
TEST_00300,2.112619,0.8730079,-0.5706804
TEST_00301,1.6549058,0.18616782,-0.28006375
TEST_00302,1.6611222,-0.0791053,0.28420472
TEST_00303,3.1918926,0.5141857,-0.03409024
TEST_00304,1.8670384,-0.1629065,-0.45838562
TEST_00305,4.011411,0.60002995,0.82274806
TEST_00306,1.0308167,-0.36398336,0.05141115
TEST_00307,4.157994,0.013975797,-0.8134761
TEST_00308,2.8668535,-0.5305744,0.07636596
TEST_00309,3.6958854,-0.8174817,0.61182094
TEST_00310,5.128094,-1.3375734,1.5986327
TEST_00311,2.9466624,-0.84872067,-0.074854724
TEST_00312,1.2094885,0.30194807,-0.17908715
TEST_00313,1.7534792,-0.06084823,0.3453493
TEST_00314,2.2350898,0.20688505,0.043627486
TEST_00315,1.6482788,-0.38716087,-0.4498184
TEST_00316,3.5775235,-0.329138,1.2630312
TEST_00317,3.411947,1.8599385,0.1826196
TEST_00318,1.4695263,0.257683,-0.07554222
TEST_00319,5.3074017,-0.07001845,-0.38134477
TEST_00320,1.3011645,-0.19759843,-0.17151052
TEST_00321,5.3574696,0.5346129,0.64304
TEST_00322,3.9577267,0.33150283,-0.47829556
TEST_00323,3.8433146,0.9133645,0.8120778
TEST_00324,2.722317,-0.64393145,-0.26368782
TEST_00325,0.89812696,0.20667632,0.25197542
TEST_00326,4.797338,0.43388656,-0.22219452
TEST_00327,2.0491467,0.17883483,0.17918518
TEST_00328,3.3715885,-0.24450952,-0.30223596
TEST_00329,2.915178,0.452961,0.05896581
TEST_00330,1.5543616,0.61773646,0.03156492
TEST_00331,0.81384933,0.16881597,-0.056005847
TEST_00332,2.7959034,0.41266438,1.0725969
TEST_00333,2.6768708,-0.7838664,-0.36219317
TEST_00334,1.3790288,0.953391,-0.1690262
TEST_00335,3.7003078,0.12349447,-0.049414624
TEST_00336,2.9545789,-0.34285456,0.22375572
TEST_00337,1.8115093,0.24534099,0.18342777
TEST_00338,5.4737453,0.0062341336,-0.8520326
TEST_00339,3.6909957,0.091725454,-0.021817058
TEST_00340,2.2997065,0.95870703,0.52303976
TEST_00341,3.601867,0.13650018,0.0716454
TEST_00342,1.8639054,-0.55616814,-0.77649575
TEST_00343,1.5915453,-0.6636471,-0.3163522
TEST_00344,1.5295436,-0.14335024,-0.045344662
TEST_00345,1.6632214,-0.10572341,-0.15710025
TEST_00346,2.5753517,0.435348,0.5565806
TEST_00347,3.8795857,0.34757718,-0.697482
TEST_00348,1.9755251,0.5377719,0.0034211315
TEST_00349,2.079935,-0.98696315,0.103221655
TEST_00350,3.3675783,-1.5553445,-0.31825638
TEST_00351,2.347928,-0.76909983,-0.5662766
TEST_00352,3.387458,-1.1010183,1.2138208
TEST_00353,3.532604,1.1985528,-0.59980553
TEST_00354,2.7613742,0.2931413,-0.0657087
TEST_00355,1.8960484,-0.06395343,0.081886426
TEST_00356,2.3083947,0.46859542,0.12099716
TEST_00357,2.857389,-0.7448805,0.1997068
TEST_00358,1.3814908,0.11547038,0.09962083
TEST_00359,2.9049287,1.3882326,0.20925263
TEST_00360,3.130209,1.9617419,1.3702276
TEST_00361,4.6531734,0.25058985,0.4441557
TEST_00362,2.5604348,-0.5196115,0.176841
TEST_00363,3.0019095,0.10434077,-1.2558992
TEST_00364,3.7450476,-1.5114006,0.10452378
TEST_00365,2.921303,0.6747096,0.8747026
TEST_00366,5.173336,-0.43978062,-0.18759935
TEST_00367,1.8768848,-0.46715423,-0.46340698
TEST_00368,1.0580974,0.18660925,-0.32728484
TEST_00369,4.31245,0.4281904,-0.49899727
TEST_00370,1.4436761,0.77130777,0.16748635
TEST_00371,1.8782051,0.37243474,0.2225893
TEST_00372,1.645824,0.47109306,0.6476282
TEST_00373,2.98157,0.37676,0.20787127
TEST_00374,1.0847185,-0.30930603,-0.26161495
TEST_00375,3.4469547,0.95308775,-0.23074527
TEST_00376,1.1002339,-0.69909215,-0.12751001
TEST_00377,2.234483,-0.1619339,0.402824
TEST_00378,1.6307628,-0.6652426,-0.098775655
TEST_00379,1.8009111,-0.9114253,-0.46886963
TEST_00380,2.7958517,-0.666308,0.32217318
TEST_00381,3.486682,0.019313347,0.32434833
TEST_00382,2.1673012,0.32025853,0.47823116
TEST_00383,4.0388875,-0.42081502,-0.40920538
TEST_00384,2.1611917,-0.45187235,-0.5248276
TEST_00385,3.565739,-1.4721302,-0.08955254
TEST_00386,3.019242,-0.03695604,-0.17139526
TEST_00387,2.1881213,0.028543875,-0.038154423
TEST_00388,1.6659617,-0.11290525,0.18970059
TEST_00389,2.4176514,0.46429178,1.4422323
TEST_00390,4.4285774,0.28427944,-0.6493175
TEST_00391,1.613409,-0.54353946,-0.057799757
TEST_00392,3.0663557,1.5997107,1.5319244
TEST_00393,1.9288503,-0.18309298,0.55691564
TEST_00394,2.8786445,-0.5966211,0.5703473
TEST_00395,1.0251396,0.11219718,-0.22437882
TEST_00396,3.8278196,0.76536494,0.32460895
TEST_00397,3.3622189,0.8267647,-0.84128875
TEST_00398,1.1771221,-0.12183949,0.2783466
TEST_00399,5.764243,1.0388355,0.27423626
TEST_00400,3.919315,-0.13469608,0.24306221
TEST_00401,1.8351161,-1.1815473,-0.18301338
TEST_00402,3.7210708,1.275948,0.3352821
TEST_00403,3.019242,-2.3578372,0.40463752
TEST_00404,3.130745,-0.24781157,-0.4854105
TEST_00405,2.2162333,1.0856118,0.71966183
TEST_00406,2.9667037,-0.36653695,0.8349554
TEST_00407,1.3083819,0.8484985,-0.13678844
TEST_00408,4.5304413,1.4847038,1.0831809
TEST_00409,3.1910994,0.34569132,0.25309357
TEST_00410,1.6023685,0.45095077,0.39950895
TEST_00411,3.5892293,0.24260342,-0.32891253
TEST_00412,2.096185,-0.44654563,0.553206
TEST_00413,2.3265033,-0.3507031,-0.0918999
TEST_00414,1.7214906,0.40762404,-0.12004051
TEST_00415,3.961994,1.0071218,-0.58657664
TEST_00416,1.618742,0.27448285,-0.20840266
TEST_00417,3.6115994,-1.4327943,1.1987798
TEST_00418,1.8502457,0.2625387,0.23672767
TEST_00419,4.0025177,0.4064256,0.4808101
TEST_00420,1.3520551,0.1309382,0.050422966
TEST_00421,2.941504,-0.4487632,-1.0065687
TEST_00422,1.6401861,-0.1058309,-0.665204
TEST_00423,2.6125362,-0.72827935,-0.85755366
TEST_00424,1.1203752,-0.52860904,0.34188214
TEST_00425,2.5716348,0.81896204,0.2941233
TEST_00426,3.1038747,0.2543416,-0.74032855
TEST_00427,2.9561582,-0.28681573,-0.52924186
TEST_00428,1.765428,0.014085855,0.22213289
TEST_00429,4.1514196,0.04099298,0.07708177
TEST_00430,1.1409975,0.23506376,-0.3228098
TEST_00431,2.1855493,0.41179517,-0.05511978
TEST_00432,2.7757766,0.46075356,0.52021563
TEST_00433,2.6152542,1.1242033,-0.064219765
TEST_00434,1.2338008,-0.36013,0.043239962
TEST_00435,1.8702695,0.7522697,-0.34168306
TEST_00436,2.1684806,0.5175579,-0.02095028
TEST_00437,3.0698574,-1.0206664,0.43407276
TEST_00438,2.8005438,1.5577902,0.05281899
TEST_00439,2.464541,1.4356843,1.5505632
TEST_00440,2.9578426,0.44583866,0.6304212
TEST_00441,2.2674437,1.0750283,-0.90229636
TEST_00442,2.7709339,0.38911468,-0.23826139
TEST_00443,3.545786,1.0074036,0.072657645
TEST_00444,2.6682768,0.6069592,0.45370254
TEST_00445,2.4711678,0.44520518,0.62613237
TEST_00446,1.9140961,0.4496982,0.029952211
TEST_00447,2.510164,-0.38465402,-0.6035627
TEST_00448,5.051097,-0.3634443,-0.5599963
TEST_00449,4.7705455,0.71766865,0.16456202
TEST_00450,3.252965,0.4327242,1.08696
TEST_00451,3.291011,0.10774421,0.33942434
TEST_00452,4.2673254,-0.3750172,-1.0927044
TEST_00453,2.8722093,0.05961941,-0.2738006
TEST_00454,2.7794402,-0.35158908,0.6610656
TEST_00455,3.2563384,0.24951594,-0.42534092
TEST_00456,1.9460264,0.4276047,0.72705567
TEST_00457,3.791045,1.1022027,-0.697412
TEST_00458,4.397548,0.059046824,-0.288164
TEST_00459,4.4803686,1.4957031,-0.9965394
TEST_00460,1.8787436,0.47114033,0.3381908
TEST_00461,3.5740407,0.41839373,1.2302482
TEST_00462,2.3375356,-0.070833236,0.8937768
TEST_00463,1.2660505,0.42381573,-0.19440445
TEST_00464,4.003775,0.614061,-0.5299558
TEST_00465,2.8533676,0.090378985,0.05088931
TEST_00466,1.3163866,-0.6538014,0.21305671
TEST_00467,4.1742325,-0.12689818,0.53208524
TEST_00468,2.0796835,0.11592446,-0.025436223
TEST_00469,2.3489995,-0.32172272,-1.5505477
TEST_00470,2.6917841,-0.15453845,-0.41279987
TEST_00471,1.322246,-0.58341616,0.13912965
TEST_00472,1.2894057,-0.71333706,0.5435693
TEST_00473,3.0429451,0.8565743,0.68758607
TEST_00474,2.8036602,0.3863132,-0.2884752
TEST_00475,1.5846775,0.022121668,0.7105794
TEST_00476,4.4502506,1.3597825,0.5755151
TEST_00477,1.7843289,0.30454308,0.21952231
TEST_00478,1.3476053,0.6952407,0.569533
TEST_00479,3.6197324,-0.2958608,1.6325117
TEST_00480,3.8290699,-0.5507107,0.058129936
TEST_00481,4.037307,0.00858466,1.0237341
TEST_00482,2.4628625,-0.3218038,0.20844828
TEST_00483,0.9786695,-0.4751554,-0.15794319
TEST_00484,2.1444557,0.0515474,0.52110356
TEST_00485,1.6304947,0.5865067,0.046183024
TEST_00486,1.185978,-0.42449477,0.28312346
TEST_00487,1.089029,-0.027937986,0.36572456
TEST_00488,2.3039522,1.1053545,-0.24485429
TEST_00489,3.2035608,0.28316098,-0.2314113
TEST_00490,2.0075498,0.8551178,0.37706974
TEST_00491,3.5993752,0.1899465,1.1407689
TEST_00492,4.1986766,0.8909146,1.5462489
TEST_00493,2.5361626,-0.118337914,0.31979176
TEST_00494,1.9102263,1.0537045,0.002882061
TEST_00495,1.7778556,-0.366449,-0.059286684
TEST_00496,2.1762078,0.7091974,0.3763931
TEST_00497,1.988502,-0.6805292,0.04694167
TEST_00498,5.372883,-0.8240184,1.7869563
TEST_00499,4.1123915,0.30149522,0.24230328
TEST_00500,1.9654473,0.6741664,0.4693882
TEST_00501,2.95837,0.232527,1.3222086
TEST_00502,1.8897213,0.4354908,0.1497996
TEST_00503,1.7940192,0.3493296,0.05934711
TEST_00504,1.9872884,0.09810579,-0.4895154
TEST_00505,3.5424383,1.5459355,-0.24759035
TEST_00506,1.8902782,0.31874514,0.4797743
TEST_00507,1.3881688,-0.0045525283,-0.24721068
TEST_00508,2.2716916,-0.9699823,0.3827793
TEST_00509,1.3166107,-0.43146655,0.67106926
TEST_00510,2.0278192,-1.5559994,0.5994576
TEST_00511,2.6713643,-1.0175285,-0.45481443
TEST_00512,2.6230676,1.15294,-0.53654164
TEST_00513,2.5392244,0.63920355,-0.59984446
TEST_00514,1.9090923,0.4986506,-0.22626297
TEST_00515,1.3290061,0.31885162,-0.105426304
TEST_00516,4.027347,-0.3741424,1.024164
TEST_00517,1.6401857,-0.38295788,-0.17572677
TEST_00518,3.8345704,0.4925886,-0.04545597
TEST_00519,3.5918932,-0.8184797,-0.9641734
TEST_00520,5.060466,-0.57617927,0.48044467
TEST_00521,2.188313,-0.8448595,-0.087403215
TEST_00522,3.6261249,1.3109156,-0.09171439
TEST_00523,2.1694891,-1.3565791,-0.27340275
TEST_00524,3.0841248,0.29382852,-0.3777841
TEST_00525,1.5826992,0.7095762,-0.20680465
TEST_00526,2.8016932,-0.7962981,-0.7553019
TEST_00527,1.7794079,1.0440063,0.23267008
TEST_00528,5.8085423,-0.6370672,-0.63160616
TEST_00529,3.4783032,0.24309777,-0.12618253
TEST_00530,2.933263,-0.068847135,-0.80691487
TEST_00531,3.8678324,-0.27147636,-1.0473877
TEST_00532,2.488692,-0.94897497,0.26012167
TEST_00533,2.675959,0.22544456,-0.23366466
TEST_00534,1.6618257,0.98050857,0.7512907
TEST_00535,1.8883075,-0.6773622,-0.07942105
TEST_00536,3.0209615,0.26005977,1.6459385
TEST_00537,4.0306544,-0.6926413,-0.62091017
TEST_00538,3.5151908,-0.065730765,-0.57272923
TEST_00539,2.4130979,0.93426037,-0.32252076
TEST_00540,1.0806783,-0.045355193,-0.1671536
TEST_00541,3.8258438,-0.40146747,0.33895788
TEST_00542,1.771249,0.7809789,-0.107959785
TEST_00543,1.5216981,0.47009456,0.16483073
TEST_00544,3.7217255,-0.3947906,-0.54844517
TEST_00545,2.8249822,0.07912588,1.5230529
TEST_00546,1.1832901,-0.3205406,-0.18741283
TEST_00547,3.1176355,0.37044963,-0.46980274
TEST_00548,2.9277182,1.1833563,-0.39248845
TEST_00549,3.2646031,0.09918969,-1.0515827
TEST_00550,3.8782036,1.2194179,0.0011475217
TEST_00551,2.8210952,-0.30822998,-0.25605446
TEST_00552,2.2937188,-1.2503912,0.44956055
TEST_00553,3.1925628,-0.22224973,0.5709469
TEST_00554,1.7493086,0.17867792,0.1170433
TEST_00555,2.0751257,-0.78563666,0.123290926
TEST_00556,3.0256357,-1.2307802,0.83128893
TEST_00557,2.5101624,-0.3455581,-0.13357879
TEST_00558,2.9582677,-0.40453425,-0.44653836
TEST_00559,3.8084815,-0.7243329,1.4341906
TEST_00560,3.4421003,-0.4332823,0.9681874
TEST_00561,5.017037,-1.9260708,1.2385914
TEST_00562,1.9291209,-1.5824766,0.97899127
TEST_00563,1.0753818,-0.92781246,-0.11360328
TEST_00564,1.8332628,-0.11818662,0.22181788
TEST_00565,2.1727474,0.23370345,0.60517687
TEST_00566,3.0973005,-0.4954049,0.46281484
TEST_00567,3.2762072,-0.59530884,0.33588475
TEST_00568,3.3015668,0.87784326,-0.82998955
TEST_00569,3.562628,-0.09375916,0.75984687
TEST_00570,2.2176964,0.21391557,0.37803075
TEST_00571,3.0941918,-0.39301315,0.013941257
TEST_00572,1.5391867,0.15980893,-0.30083328
TEST_00573,0.9649414,-0.3609927,-0.10159091
TEST_00574,1.6170526,0.29889065,0.59218866
TEST_00575,3.1432729,0.1517587,0.15473498
TEST_00576,2.03226,0.74984056,0.6303377
TEST_00577,2.3569913,0.9946969,0.33680865
TEST_00578,3.8957088,0.23562208,0.62124497
TEST_00579,2.5889764,0.07158557,-0.15292567
TEST_00580,1.6689357,-0.5918359,0.63032514
TEST_00581,2.852374,0.40008292,0.67965466
TEST_00582,1.3700601,-0.12566638,-0.34546548
TEST_00583,3.730115,0.05040945,-0.68046004
TEST_00584,4.0749693,-0.30864754,0.085435696
TEST_00585,4.490316,-0.3949038,-0.47034222
TEST_00586,1.3490591,-0.14987746,-0.336729
TEST_00587,2.016111,-0.05281069,-0.12238499
TEST_00588,2.6088295,-0.78256,0.47213688
TEST_00589,1.0182534,-0.0125017185,0.45294008
TEST_00590,4.024685,-0.70880336,0.70911086
TEST_00591,3.0432608,0.062158182,-0.05662421
TEST_00592,1.792564,-0.6789232,-0.14109409
TEST_00593,3.324657,0.7609011,1.1803156
TEST_00594,2.3895168,0.43256488,0.44735366
TEST_00595,1.1283867,0.119732544,-0.16868587
TEST_00596,4.560294,1.1381438,-0.78291994
TEST_00597,2.8514047,-0.35413066,0.5695874
TEST_00598,2.3087995,0.1125987,0.7319793
TEST_00599,4.4767222,-1.8808877,2.2353017
TEST_00600,2.9312177,1.1590683,1.0543549
TEST_00601,2.768706,1.1130668,-0.47285014
TEST_00602,1.1654794,0.6335621,-0.10605829
TEST_00603,1.3437552,0.3666704,0.0148913255
TEST_00604,3.5162628,-0.0050629564,0.1927974
TEST_00605,1.1352249,0.5521498,-0.019225672
TEST_00606,4.7315755,0.74259317,0.9881691
TEST_00607,1.6763246,1.1980305,0.53354853
TEST_00608,2.0035737,1.5509921,0.3514161
TEST_00609,2.5352623,0.07514047,-0.58368707
TEST_00610,2.0780857,0.5937046,-0.13097817
TEST_00611,3.7423718,0.025443397,0.88036263
TEST_00612,3.494275,-0.9827587,0.030299496
TEST_00613,2.7166781,-0.044600606,-0.38443297
TEST_00614,1.5425382,-0.2680592,0.33773577
TEST_00615,1.1931001,0.024676453,-0.14796284
TEST_00616,2.113001,-0.4439818,-0.5828684
TEST_00617,2.9399524,-0.2673095,0.94729537
TEST_00618,2.3755379,0.7823479,0.64224786
TEST_00619,3.3145518,1.0633724,0.8755169
TEST_00620,2.2246923,0.030246494,0.48252937
TEST_00621,3.0340974,-0.46272683,0.431233
TEST_00622,1.8775029,0.18321106,0.18363266
TEST_00623,3.9953194,0.5046862,-0.044389248
TEST_00624,3.1046011,-0.09776582,-0.2534237
TEST_00625,2.9664354,1.0261234,-0.09112082
TEST_00626,3.1966953,-0.56854063,-0.83584464
TEST_00627,2.7292175,-0.18959804,0.15460286
TEST_00628,2.153564,0.04680794,-0.15824002
TEST_00629,3.97851,-1.061429,-0.24587741
TEST_00630,3.3795462,-0.8705532,-0.76119214
TEST_00631,3.0537274,-0.7327126,-0.102211356
TEST_00632,2.9694257,0.61261624,0.56619716
TEST_00633,2.701961,-0.8163671,0.77797824
TEST_00634,1.6709018,-0.2500055,0.20718838
TEST_00635,2.637533,0.91482663,0.8423224
TEST_00636,1.4069773,-0.4999946,-0.3395748
TEST_00637,3.106174,0.16127132,1.0201001
TEST_00638,2.7537138,0.14485672,-0.063011855
TEST_00639,4.8128066,0.7435856,-1.196821
TEST_00640,4.6170588,0.4630857,-1.047581
TEST_00641,4.672315,-2.208022,1.2091073
TEST_00642,1.6904132,1.0567595,0.83640903
TEST_00643,1.924974,1.124616,0.29002115
TEST_00644,1.7074533,0.35433626,-0.2956546
TEST_00645,1.2953237,0.009470905,0.021155605
TEST_00646,2.4023743,-0.8849666,0.54912543
TEST_00647,2.398703,-0.73470503,0.47446597
TEST_00648,3.396811,-0.2955915,0.39069897
TEST_00649,1.7414705,0.68617237,0.29305932
TEST_00650,2.2139802,-0.1112412,-0.15825664
TEST_00651,2.1012754,0.62783957,0.23293762
TEST_00652,1.2964321,-0.84793377,0.09118352
TEST_00653,2.5118613,-0.57249737,0.19879022
TEST_00654,2.1817625,-0.47613776,0.32309252
TEST_00655,2.7950437,-0.32174575,0.025177337
TEST_00656,1.4298813,0.7133012,0.23007001
TEST_00657,2.0314872,0.54792917,-0.5474233
TEST_00658,1.7646092,1.0363977,-0.5560047
TEST_00659,2.7304785,-1.6291566,0.38786522
TEST_00660,2.8963556,0.4178988,-0.027102755
TEST_00661,1.4149047,-0.63828444,-0.2208475
TEST_00662,1.3515859,0.04491341,0.08421263
TEST_00663,3.2084634,0.55456066,0.21908017
TEST_00664,3.4420295,-0.2603989,-0.20744687
TEST_00665,3.5632248,0.08691874,0.80234647
TEST_00666,2.8335066,0.21338902,-0.12577614
TEST_00667,4.1750007,-0.53131235,0.4441478
TEST_00668,2.899427,-0.8863365,0.048820708
TEST_00669,2.6436338,0.9471548,1.1905489
TEST_00670,3.0381875,-0.23737876,-0.59464103
TEST_00671,2.406888,0.25085765,-0.011312965
TEST_00672,2.9142568,1.0032699,0.95990914
TEST_00673,2.870553,-0.7592056,0.44981053
TEST_00674,2.0910428,-0.4363497,0.5891424
TEST_00675,1.801566,-0.0460297,-0.5081034
TEST_00676,1.9737589,0.68529576,0.035049655
TEST_00677,3.205932,2.1203198,0.5500883
TEST_00678,2.2210524,0.54967386,0.59176815
TEST_00679,5.8576207,0.6786683,-0.7215812
TEST_00680,3.0262134,1.59688,0.21726188
TEST_00681,3.2382061,-1.3881371,1.0886914
TEST_00682,3.6600087,0.17567676,0.2760732
TEST_00683,2.5231879,0.2637476,0.9134892
TEST_00684,2.3395817,-0.16715336,0.6359877
TEST_00685,2.3511746,0.6717113,0.11021718
TEST_00686,1.5227991,-0.063894,0.19129077
TEST_00687,5.021826,1.3318048,-0.9209454
TEST_00688,4.0713363,-2.0956674,1.4571278
TEST_00689,3.3394473,0.016156923,0.7093139
TEST_00690,2.7257056,0.42631716,-0.6726377
TEST_00691,2.2544768,-0.053197376,0.6967737
TEST_00692,1.9629114,-0.43224823,0.60778666
TEST_00693,2.3149853,0.5505463,0.1034209
TEST_00694,2.8814726,1.6712465,0.79825765
TEST_00695,0.9458183,0.5557338,-0.033614248
TEST_00696,2.6865659,0.43029425,-0.5797317
TEST_00697,2.4668632,-0.37524316,0.3924492
TEST_00698,5.2957177,-1.6415584,-0.6341772
TEST_00699,1.2083569,-0.023882862,0.053134717
TEST_00700,1.0978131,0.059986576,0.37721756
TEST_00701,2.7234645,0.3554236,0.25885272
TEST_00702,1.4317963,-0.5638852,-0.2727269
TEST_00703,2.2424684,0.15879396,-0.028185934
TEST_00704,2.203652,-0.70610964,-0.3800043
TEST_00705,2.6155093,1.3475714,-0.314754
TEST_00706,2.7001882,-0.23278254,-0.1102594
TEST_00707,4.401592,-0.2051029,-0.34123835
TEST_00708,2.0962422,0.14281237,-0.16111383
TEST_00709,4.192507,-1.721327,1.5052121
TEST_00710,2.4953356,-1.7063918,0.7676684
TEST_00711,1.4838519,0.19957584,0.08462963
TEST_00712,2.625706,0.15859905,0.93090636
TEST_00713,2.2274365,0.8238075,-0.60922056
TEST_00714,2.9322634,-0.15771846,0.047089547
TEST_00715,1.06918,0.073805496,-0.071994096
TEST_00716,2.2048497,0.05811461,-0.6662215
TEST_00717,2.2239327,0.22585356,0.28309292
TEST_00718,3.127444,-0.6364082,0.93314844
TEST_00719,3.151705,-1.2640421,-1.4968677
TEST_00720,2.9935136,2.346085,0.4357936
TEST_00721,1.7847836,-0.7131511,-0.054421812
TEST_00722,4.111968,0.33189029,0.4354295
TEST_00723,2.2129977,-0.31451744,0.7527826
TEST_00724,2.0595713,-0.29702717,-0.35830826
TEST_00725,0.8474093,-0.033016097,-0.18843384
TEST_00726,3.243457,-1.026852,-0.061050337
TEST_00727,3.4487522,-0.8951549,-0.60447884
TEST_00728,5.7887754,-0.48243088,-0.39978743
TEST_00729,3.9430037,0.46149266,0.4395611
TEST_00730,2.8742592,0.63055766,-0.009043355
TEST_00731,2.2440913,0.5113501,0.15068567
TEST_00732,1.4394925,0.10347465,0.028475545
TEST_00733,2.832295,0.3478828,0.14138487
TEST_00734,1.4381855,-0.6179658,-0.11036891
TEST_00735,1.2081728,-0.017510694,0.36135054
TEST_00736,2.2234344,0.62766606,-0.3128442
TEST_00737,3.0441709,-1.4076507,0.7049331
TEST_00738,4.874821,0.9022086,-1.2872479
TEST_00739,4.070281,1.5093747,1.2735765
TEST_00740,2.6068158,-0.47114122,-0.07492135
TEST_00741,1.1912042,-0.42719346,0.41861504
TEST_00742,1.9403906,0.039077953,0.60264444
TEST_00743,3.6430585,-0.46245047,0.2291284
TEST_00744,2.2584636,-0.41591758,0.4583668
TEST_00745,2.598754,0.37544078,1.0804062
TEST_00746,1.6434588,0.30400527,0.02916526
TEST_00747,3.6016023,-0.57931584,-0.77118593
TEST_00748,1.7315801,0.025136542,0.10860069
TEST_00749,3.7137222,-0.31290182,1.2112359
TEST_00750,1.3578252,0.7214588,-0.31111604
TEST_00751,2.858436,-0.30217534,-0.31095257
TEST_00752,3.406772,0.2909416,0.6611095
TEST_00753,3.1540234,-1.376402,0.8451969
TEST_00754,2.8162289,0.055265807,0.41191423
TEST_00755,1.8185338,0.09142293,-0.21100858
TEST_00756,4.0639467,-0.7972565,0.3208523
TEST_00757,1.6621814,0.38850948,-0.08800343
TEST_00758,2.5385592,1.0680549,-0.3968181
TEST_00759,4.936908,1.2237735,0.10522668
TEST_00760,4.7495275,-0.08366118,-1.4640445
TEST_00761,1.0074096,0.022606945,-0.056777015
TEST_00762,2.6996682,0.093418986,-0.07853855
TEST_00763,3.3203313,0.8613613,0.31344575
TEST_00764,2.434853,0.2469118,-0.027545657
TEST_00765,1.5919993,0.42737526,-0.016645692
TEST_00766,2.1141183,-0.76767707,-0.35981107
TEST_00767,2.8817582,0.84102666,0.9440122
TEST_00768,2.5130498,0.2961965,-1.099464
TEST_00769,2.1034684,0.8540008,0.034063928
TEST_00770,3.3796566,0.34831756,1.1026244
TEST_00771,1.6456386,-0.35833618,0.33182293
TEST_00772,1.3881809,-0.19380891,-0.15570089
TEST_00773,1.945877,-0.11438006,0.24149624
TEST_00774,2.175279,1.2866507,-0.8059263
TEST_00775,4.1251554,1.0676925,-1.1012723
TEST_00776,2.8706558,0.22630009,0.7698125
TEST_00777,3.1926794,-0.8924216,0.18309735
TEST_00778,4.891026,0.42313212,-0.32069024
TEST_00779,4.777312,-1.3908578,-1.40446
TEST_00780,1.9701318,0.66838026,0.4804136
TEST_00781,3.1935766,-0.09032912,-0.1842517
TEST_00782,1.9139907,-0.46494183,0.49924916
TEST_00783,3.919149,0.7904469,-0.0057821455
TEST_00784,2.3225467,-0.18118829,0.4678028
TEST_00785,2.8096683,0.44435313,1.5257667
TEST_00786,2.7914243,-0.27688354,0.09250823
TEST_00787,2.500032,0.67695415,0.90712774
TEST_00788,2.2790642,-0.48945543,0.38492042
TEST_00789,2.7307546,-0.9549185,-1.2845737
TEST_00790,4.101667,0.0806824,0.5847234
TEST_00791,2.380779,-0.3115361,0.2926521
TEST_00792,2.2186742,0.98505,-0.14528994
TEST_00793,2.942945,0.557125,-0.05004695
TEST_00794,2.4894993,-0.5855746,0.41241178
TEST_00795,1.7865025,0.34439144,0.42533258
TEST_00796,4.6002727,-0.5008171,0.13249305
TEST_00797,2.8544939,-1.5007687,0.9958352
TEST_00798,3.3374019,1.4383206,1.0097113
TEST_00799,3.6561854,-0.64261013,-1.2770985
TEST_00800,3.4998517,1.5868032,0.29347077
TEST_00801,3.635168,1.3978723,-0.2438723
TEST_00802,4.495501,-1.4310141,-0.11748724
TEST_00803,3.229605,-0.107635,0.065554656
TEST_00804,2.087417,-0.53122234,-0.76039696
TEST_00805,2.0831087,1.07133,-0.63365877
TEST_00806,4.2228875,-0.19710305,0.3344904
TEST_00807,1.1358045,0.4100855,0.16493073
TEST_00808,5.6057405,0.37305528,0.14673932
TEST_00809,2.418725,0.7002793,-0.06409339
TEST_00810,1.5351269,0.24211453,-0.22155246
TEST_00811,0.7877927,0.41516176,-0.033764765
TEST_00812,2.4836657,0.5729271,-0.31407294
TEST_00813,2.3812413,-0.11334435,0.038242556
TEST_00814,3.7085032,1.6840221,-0.8090146
TEST_00815,2.3650913,0.88690317,-0.21128127
TEST_00816,2.5912914,-1.1397085,-0.20533869
TEST_00817,3.7326162,-1.9384141,1.7394264
TEST_00818,5.4458723,0.45967454,-1.1666657
TEST_00819,1.6658094,0.49838737,0.30878064
TEST_00820,1.4634207,0.29718506,-0.02220741
TEST_00821,2.6579592,-0.4018439,0.6490569
TEST_00822,2.0848489,0.6720371,0.16064855
TEST_00823,2.4024062,-0.56935406,-0.45649123
TEST_00824,1.6768064,-0.33183318,-0.25754383
TEST_00825,1.4090421,0.4960516,-0.68513656
TEST_00826,1.608419,0.45372778,-0.31174436
TEST_00827,1.114098,0.403682,0.061837852
TEST_00828,2.393458,0.92869943,-0.64823747
TEST_00829,1.2746572,-0.086703755,-0.29595858
TEST_00830,4.747424,-1.3102655,1.8364378
TEST_00831,2.202492,-0.41500187,0.16520676
TEST_00832,1.4440492,0.6193571,0.2871106
TEST_00833,3.207438,-0.9568627,1.50063
TEST_00834,2.0559084,0.15544903,0.23429854
TEST_00835,1.9089979,0.6796775,0.10558206
TEST_00836,1.4145846,-0.9177825,0.0030465676
TEST_00837,1.369604,-0.17762102,0.0043758266
TEST_00838,2.4125435,-0.34444052,-0.15313202
TEST_00839,5.786985,0.44847327,-0.073156424
TEST_00840,1.5022197,-0.082991175,-0.24724634
TEST_00841,3.9909966,1.4924337,1.4679049
TEST_00842,3.0638697,0.5705258,1.5546283
TEST_00843,2.4344432,0.67128336,0.060128007
TEST_00844,3.4912353,0.31525242,0.7098503
TEST_00845,2.5132926,0.1396376,-0.056797527
TEST_00846,4.590159,-0.4131863,0.7740285
TEST_00847,3.6564913,0.35240623,0.1344162
TEST_00848,3.87386,1.0650922,0.004469935
TEST_00849,3.576975,-0.0778657,-0.055384137
TEST_00850,3.103783,-0.3203637,-0.31128716
TEST_00851,4.2642365,0.13874334,-0.13722236
TEST_00852,3.2223973,-0.70159125,0.48396176
TEST_00853,1.6533917,-0.6944398,-0.15346485
TEST_00854,3.11446,1.3392549,-1.0868686
TEST_00855,1.075835,0.08859034,-0.27214977
TEST_00856,3.2703424,-0.22845143,1.5029114
TEST_00857,3.7391713,-1.949374,0.33124432
TEST_00858,4.274742,-0.16793975,-0.5657359
TEST_00859,1.2975494,0.28247648,-0.39503664
TEST_00860,2.1549168,0.3010327,-0.13574383
TEST_00861,3.3578422,0.028725168,0.23703162
TEST_00862,1.5946037,0.29996705,-0.21008259
TEST_00863,3.4627182,-0.015851194,1.0339489
TEST_00864,4.059601,0.13112941,0.8402153
TEST_00865,4.9079633,0.34581307,0.13162291
TEST_00866,1.3845434,0.44056806,-0.044009548
TEST_00867,1.8360324,0.4914905,0.18517396
TEST_00868,2.4254625,-0.76790255,0.23098323
TEST_00869,4.377198,-0.5495583,-0.10896337
TEST_00870,0.97965294,0.4221703,0.0024123034
TEST_00871,1.4874431,-0.37840548,-0.084459804
TEST_00872,3.3602057,0.98526585,0.13808754
TEST_00873,3.5401385,0.25952992,0.570279
TEST_00874,1.6560781,0.1473738,-0.046730552
TEST_00875,1.0669698,0.3078481,0.09441024
TEST_00876,3.45749,-0.29441163,0.3573596
TEST_00877,2.6179638,0.82638735,0.19137554
TEST_00878,2.2793176,0.71204925,-0.29123923
TEST_00879,3.6109836,-1.0347815,1.9684925
TEST_00880,4.228764,-1.5183357,0.31768847
TEST_00881,4.6433067,1.3728842,0.8982722
TEST_00882,2.0374846,-1.0425284,1.269703
TEST_00883,4.151784,0.12941077,-1.1225004
TEST_00884,1.8824546,-0.20281781,0.20816797
TEST_00885,2.696034,0.3388997,0.6017463
TEST_00886,2.0756352,-0.33541912,0.2620674
TEST_00887,3.8708057,-0.081445694,0.1398417
TEST_00888,4.2916045,-2.204897,0.93446463
TEST_00889,3.520518,0.05630079,0.075869866
TEST_00890,1.586409,0.30372378,0.16803622
TEST_00891,4.0780144,0.30720136,-1.1409719
TEST_00892,4.4428663,-1.1031032,0.7314212
TEST_00893,1.2827137,-0.02944972,-0.032113124
TEST_00894,1.6789738,0.63639146,0.7492918
TEST_00895,2.857596,0.3267445,0.30922583
TEST_00896,2.3879058,-0.1779089,0.52206546
TEST_00897,3.679914,-1.0765907,1.7015418
TEST_00898,1.9513005,-0.48579472,0.5516144
TEST_00899,3.2232907,-0.9454647,-0.3380095
TEST_00900,3.0950785,0.4844757,0.9243647
TEST_00901,3.2436259,0.42929834,-1.130996
TEST_00902,2.5035136,-0.21428353,0.16373695
TEST_00903,2.7675328,-0.34343433,-0.41122514
TEST_00904,3.828087,-0.018885557,0.8182978
TEST_00905,4.105526,-0.35924298,0.7428585
TEST_00906,1.9770294,-0.06019041,-0.06745916
TEST_00907,4.1329355,0.40891907,-0.48465475
TEST_00908,3.0957894,-0.8155905,-0.57439953
TEST_00909,4.2155175,0.019777585,0.44153398
TEST_00910,1.997804,-0.8865685,0.5526241
TEST_00911,1.8022373,0.04691943,0.2631372
TEST_00912,3.1890702,-0.69794154,0.5863513
TEST_00913,3.2757025,0.9117643,0.4953889
TEST_00914,2.404179,-0.2890321,0.24813166
TEST_00915,1.5972986,-0.8297605,-0.30749062
TEST_00916,4.3573294,-0.02786664,0.15218179
TEST_00917,3.0553057,-2.275244,-0.84807026
TEST_00918,1.6004695,-0.4673438,-0.5013774
TEST_00919,1.1712189,0.09515917,-0.13171172
TEST_00920,2.811725,-1.6653205,-0.7000548
TEST_00921,2.0189717,1.2359993,-0.31660256
TEST_00922,4.2911034,-0.78180945,0.4989719
TEST_00923,2.348543,0.53597605,0.63286984
TEST_00924,3.2983463,1.0816381,-0.04890731
TEST_00925,0.88033223,-0.12763983,-0.31694093
TEST_00926,4.5920873,-0.8276684,-0.6012059
TEST_00927,5.06253,-0.4694297,1.198607
TEST_00928,4.424526,1.4929395,-0.10776726
TEST_00929,2.1094522,0.27883843,0.2579713
TEST_00930,2.7248127,-0.04425901,-0.6335847
TEST_00931,3.1575966,-0.42502782,-1.2158031
TEST_00932,3.418597,-0.97410756,0.44084442
TEST_00933,1.2319754,-0.36428937,0.04117688
TEST_00934,2.4840448,-0.64614075,-0.4228953
TEST_00935,1.262917,0.4904739,0.23417
TEST_00936,1.7943399,-1.104752,-0.60778445
TEST_00937,2.1080534,0.7949868,0.38854444
TEST_00938,2.434949,-0.70159554,-0.78541374
TEST_00939,2.3841443,0.60665625,-0.09306824
TEST_00940,2.9182315,-0.2713232,-0.14093208
TEST_00941,3.6200998,-0.44280007,-0.6956443
TEST_00942,1.7982055,-0.41534168,0.057744406
TEST_00943,3.9889286,0.47370625,0.94582725
TEST_00944,3.7006533,-0.29505458,-0.58036065
TEST_00945,2.1918147,1.7453731,1.0740609
TEST_00946,2.0465481,0.08090748,-0.18113066
TEST_00947,2.2889414,-0.14954746,0.08326118
TEST_00948,2.0258849,0.4305232,-0.1973813
TEST_00949,1.2334806,0.18544462,0.5553633
TEST_00950,2.303144,-0.15441027,0.26776746
TEST_00951,1.7820635,0.8098699,0.3161768
TEST_00952,2.127793,0.18180776,-0.47376037
TEST_00953,3.1145878,-1.5691321,0.84955794
TEST_00954,2.794487,0.061195955,-0.6392409
TEST_00955,2.0827518,-0.054422673,-0.47929174
TEST_00956,1.4013379,0.04761719,-0.57678103
TEST_00957,2.0624292,0.20011795,0.015085923
TEST_00958,3.2908826,-1.6182052,-0.45639068
TEST_00959,5.496178,1.7161762,0.29571617
TEST_00960,3.9303255,-0.33567655,0.2712547
TEST_00961,4.1332164,1.0377436,0.7637565
TEST_00962,3.372873,0.6086668,-0.5432467
TEST_00963,3.3232064,1.6858844,0.089278035
TEST_00964,2.5877557,-0.13133216,-0.5926215
TEST_00965,2.3279026,-0.58983487,0.60582995
TEST_00966,4.8498616,1.0750508,0.49156672
TEST_00967,4.7956758,-1.2688308,0.58659995
TEST_00968,1.6994612,0.17662564,-0.025465705
TEST_00969,2.0363057,-0.13498642,0.027861396
TEST_00970,2.2718453,0.2571005,-0.114316344
TEST_00971,3.2945175,0.09841287,-0.35187352
TEST_00972,2.9521155,-0.08114085,-0.36526334
TEST_00973,1.0275007,-0.020595016,0.07038068
TEST_00974,2.8689582,1.3194264,-0.44125894
TEST_00975,2.3017716,-0.7533647,-0.094273835
TEST_00976,1.8513639,1.0214192,1.1080556
TEST_00977,3.3478706,0.16168483,-0.29675335
TEST_00978,2.0146153,-1.6116866,0.3572857
TEST_00979,4.4685116,-0.66803426,-1.297102
TEST_00980,1.1753123,-0.34485546,-0.09626952
TEST_00981,2.961223,-0.09824073,0.071420714
TEST_00982,1.6768639,0.41355416,0.026226426
TEST_00983,1.2824675,0.3037491,-0.12907828
TEST_00984,1.81265,-0.1049868,-0.17443424
TEST_00985,1.5050722,0.5310656,0.6435965
TEST_00986,3.215307,-0.10894815,-1.3691714
TEST_00987,2.949611,-0.29806796,0.0915944
TEST_00988,2.5926423,-0.043838218,-0.072117224
TEST_00989,1.8729446,-0.115064606,0.77654785
TEST_00990,2.48045,1.6055456,0.61132574
TEST_00991,1.7182256,-0.87653047,0.092482634
TEST_00992,1.5825431,0.9164488,0.45685303
TEST_00993,3.9992874,0.1357243,1.071666
TEST_00994,1.3537997,0.14192626,-0.09643075
TEST_00995,0.75698394,0.02534908,-0.009774033
TEST_00996,2.7884634,-1.6107692,-0.26609522
TEST_00997,2.2549498,-0.19284059,0.17365268
TEST_00998,1.4198023,0.58268875,0.07442234
TEST_00999,1.3719565,-0.6248413,-0.6934703
TEST_01000,2.7650325,0.87609607,-0.83425564
TEST_01001,3.3565652,-0.95211244,1.0733106
TEST_01002,3.5559003,0.94422495,-0.4263739
TEST_01003,3.669604,-0.9609246,-0.5113553
TEST_01004,2.196781,0.8366239,-0.09027298
TEST_01005,1.3182263,0.71667403,-0.08066768
TEST_01006,3.7804425,0.7970205,1.2544652
TEST_01007,3.2864032,-1.4130362,-0.6380977
TEST_01008,4.9820867,-0.13146684,1.4668381
TEST_01009,2.4418633,0.16954112,0.18664664
TEST_01010,2.2665393,-0.10281613,-0.39530677
TEST_01011,2.5055335,-0.016356764,0.0981828
TEST_01012,4.836485,0.58746153,0.3926366
TEST_01013,2.6577573,0.16425145,0.3951782
TEST_01014,2.5448637,1.2892511,0.9990666
TEST_01015,3.0982375,-0.26762396,-0.14654751
TEST_01016,1.9255862,-0.8328913,1.0683514
TEST_01017,3.2987993,-1.0908091,-0.7862777
TEST_01018,3.0581007,1.4167703,-1.1935552
TEST_01019,3.8335965,0.70058626,-0.19455376
TEST_01020,1.5572692,0.27793112,0.64085567
TEST_01021,1.6821748,0.44061163,0.44884312
TEST_01022,1.7877938,0.08205809,0.0985437
TEST_01023,3.7073271,-1.047053,0.5883855
TEST_01024,2.6140084,0.37762138,-0.23486623
TEST_01025,2.4865832,-0.46269882,-0.5371948
TEST_01026,1.5227747,0.38730258,0.33593225
TEST_01027,2.9488134,-0.040110543,-0.47518107
TEST_01028,2.5879924,-0.50295556,0.33318174
TEST_01029,1.0636212,-0.49398708,-0.60941076
TEST_01030,1.1488388,-0.21467435,0.14684168
TEST_01031,1.8724629,-0.23133846,0.18872592
TEST_01032,1.6442003,0.5273008,0.6629666
TEST_01033,2.2513597,0.2814905,0.59227234
TEST_01034,2.8262537,-0.024535323,-0.59112656
TEST_01035,1.3572865,0.3586898,0.62753195
TEST_01036,0.97896534,-0.30363047,-0.41923127
TEST_01037,3.252047,-1.9448639,0.9401358
TEST_01038,2.451968,0.7891751,-0.72957534
TEST_01039,5.32526,-1.6024635,1.8608356
TEST_01040,3.5688815,0.03272539,0.2269874
TEST_01041,3.4607449,0.20552728,-0.3137917
TEST_01042,1.5197496,-0.33192313,-0.14998509
TEST_01043,3.843293,-1.9477805,0.9589191
TEST_01044,2.4469943,-0.86620265,0.19138598
TEST_01045,1.3820266,-0.04889406,0.067247845
TEST_01046,2.039528,0.19201696,0.21568502
TEST_01047,1.5957074,0.73445094,0.6027615
TEST_01048,3.4069607,-2.2809615,-0.3711182
TEST_01049,3.7200842,0.20670024,0.38451144
TEST_01050,1.386347,0.028733997,0.372676
TEST_01051,1.4287715,-0.15713349,-0.03746407
TEST_01052,1.4189881,-0.0477735,0.13147196
TEST_01053,2.2653193,-0.7302873,0.51647085
TEST_01054,3.6763968,-1.078944,-0.29831904
TEST_01055,1.9124701,-0.160002,0.3659227
TEST_01056,2.1744854,-0.012100545,0.9633998
TEST_01057,3.4526825,-0.8187997,1.1676409
TEST_01058,4.6908736,-0.97568756,-0.40644395
TEST_01059,4.071674,-0.56246847,-1.076195
TEST_01060,1.741934,0.5261051,-0.17159098
TEST_01061,3.03236,-0.33395332,0.7398744
TEST_01062,1.9485444,0.72010785,0.18027958
TEST_01063,3.31849,-0.4741367,-0.4265349
TEST_01064,2.238218,-0.31995285,0.9393339
TEST_01065,3.5232441,1.107691,1.6693609
TEST_01066,2.5632143,0.14020517,-0.003505556
TEST_01067,4.631166,-0.15452251,0.36583304
TEST_01068,3.140078,1.2229705,-1.0657156
TEST_01069,3.483787,0.85175973,0.45967308
TEST_01070,4.558071,-0.55229366,1.0414946
TEST_01071,1.3706169,0.22279501,-0.15083794
TEST_01072,1.515476,-0.052421607,0.7117868
TEST_01073,3.1676953,0.5573359,0.47198758
TEST_01074,2.7963636,0.039569117,0.18007377
TEST_01075,1.5643264,-0.78235716,0.567519
TEST_01076,2.9538248,0.50037026,1.1095097
TEST_01077,3.497991,1.4875196,-0.5105314
TEST_01078,2.419031,-1.0226623,-0.39077723
TEST_01079,5.3668303,-0.83240485,0.7482625
TEST_01080,3.602329,1.5590675,0.28809524
TEST_01081,2.2762284,0.80239874,0.577945
TEST_01082,1.5647101,0.46948075,0.03441468
TEST_01083,2.1267743,-2.0096602,-0.54977757
TEST_01084,2.2470307,0.62056917,-0.21147679
TEST_01085,2.2417188,-0.17315567,-0.03966274
TEST_01086,2.226052,0.87519705,-0.31186104
TEST_01087,4.8451285,-0.16882715,-0.4245358
TEST_01088,4.9829235,-2.0572274,0.15698352
TEST_01089,3.5083294,-0.11965846,0.09979747
TEST_01090,2.7214048,0.267633,0.11485895
TEST_01091,4.146216,0.29150873,0.30424106
TEST_01092,5.043585,-0.9675446,1.2173306
TEST_01093,2.1232107,0.4955154,-0.18605253
TEST_01094,2.045135,1.2625953,0.84388757
TEST_01095,3.3843353,0.92514944,-0.61653674
TEST_01096,1.9972072,0.49230585,-0.23556297
TEST_01097,3.8983905,1.567089,0.88378286
TEST_01098,1.7968205,-1.170953,-0.7625275
TEST_01099,1.2508839,-0.5697135,-0.27493593
TEST_01100,2.530425,0.47411463,-0.75873315
TEST_01101,1.055993,0.26774213,-0.40430266
TEST_01102,1.473221,0.19890545,0.24765275
TEST_01103,3.3975325,0.018583752,0.5655192
TEST_01104,1.2630072,-0.48947367,-0.1943167
TEST_01105,1.7277809,-0.76103973,0.042142127
TEST_01106,3.5070484,0.15002052,-0.40069216
TEST_01107,1.6699066,-0.19801167,0.51046777
TEST_01108,2.6793396,-0.049014352,-0.10809358
TEST_01109,3.4512343,-1.4098353,-1.0481648
TEST_01110,1.072992,-0.30712515,0.010410841
TEST_01111,3.1609485,0.10835915,-0.31221837
TEST_01112,1.5335444,0.14689563,-0.0548053
TEST_01113,3.5914733,-0.7799685,-0.16642778
TEST_01114,3.1270394,-0.10233342,0.7601719
TEST_01115,2.1141982,-0.224908,-0.54822195
TEST_01116,1.8202959,-1.0533835,-0.36381704
TEST_01117,2.3830812,-1.2396431,-0.32494935
TEST_01118,3.751334,-1.5353787,-1.1202374
TEST_01119,1.878393,0.08811146,-0.3664577
TEST_01120,4.6587157,-1.119017,0.24779911
TEST_01121,3.08114,1.50924,0.81793326
TEST_01122,2.107038,-1.0308444,-0.19165635
TEST_01123,2.824038,-0.7895297,-0.47335145
TEST_01124,1.1147232,-0.17142524,0.39838892
TEST_01125,1.4972067,0.57663876,0.055395525
TEST_01126,4.3786683,0.35213464,1.0793278
TEST_01127,2.9681098,0.043319162,0.8752473
TEST_01128,3.7786894,0.6023881,0.96905005
TEST_01129,3.194629,0.0018115193,0.6474077
TEST_01130,2.599789,0.018937256,-0.52925766
TEST_01131,2.2696183,-0.18608958,-0.041478254
TEST_01132,3.2186596,-0.28501618,0.6590931
TEST_01133,1.4025182,0.26107982,0.09420251
TEST_01134,3.0581744,0.5508689,-0.93909633
TEST_01135,1.8538848,0.7566823,0.34704784
TEST_01136,2.759519,-0.022711072,-0.46205556
TEST_01137,0.8014086,0.046946436,0.26124465
TEST_01138,3.2873275,1.4795692,0.88166213
TEST_01139,2.2244105,-1.2682303,-0.33657372
TEST_01140,2.5239975,-1.0013604,-0.92941594
TEST_01141,2.8021286,0.037166245,-1.09896
TEST_01142,1.7886058,-0.5108488,0.062159773
TEST_01143,2.107685,-0.44535896,-0.2127887
TEST_01144,3.157607,0.15603226,0.08997756
TEST_01145,1.0947568,-0.12776466,-0.08078006
TEST_01146,2.9154973,0.59368026,-0.014762449
TEST_01147,4.3837547,-0.11503163,-1.0522301
TEST_01148,2.1023107,0.19557911,-0.075642206
TEST_01149,3.3081517,0.4013485,-0.5953891
TEST_01150,0.9021854,-0.4527447,0.026948428
TEST_01151,2.8945928,-0.41589993,-0.38567534
TEST_01152,1.4735063,0.029776564,0.54944605
TEST_01153,3.7029915,-1.7535703,-0.59643114
TEST_01154,1.5298731,0.10889016,-0.1306915
TEST_01155,2.2274013,0.07755674,0.7208102
TEST_01156,4.7811346,0.15600671,0.3870793
TEST_01157,1.9821086,-0.30388236,0.28592303
TEST_01158,3.5131907,0.77980995,-0.30865872
TEST_01159,4.70144,-0.56030095,1.8433187
TEST_01160,4.403393,1.8550206,0.05694473
TEST_01161,2.016862,1.3608688,-0.30689532
TEST_01162,2.300709,-1.2687474,0.4796767
TEST_01163,3.4980183,0.9046911,-0.8142416
TEST_01164,2.0617101,-0.09351877,0.4804455
TEST_01165,1.4722171,0.019797353,-0.3352713
TEST_01166,2.7831073,0.42044896,-0.0882187
TEST_01167,2.4198327,-0.22266266,0.9894089
TEST_01168,1.0942413,0.6297321,0.025818355
TEST_01169,3.524645,-0.110263094,0.08115414
TEST_01170,1.9365462,0.31856754,-0.5747414
TEST_01171,1.894904,-0.038881063,0.22286311
TEST_01172,4.8527803,-0.28689444,0.9347699
TEST_01173,2.825868,0.4675947,0.5214206
TEST_01174,3.4371316,0.34581566,1.081013
TEST_01175,1.9262685,-0.22109298,0.23921964
TEST_01176,1.6707987,0.6510393,0.8209229
TEST_01177,3.399244,0.48806006,-0.5021211
TEST_01178,5.172811,0.26334754,0.44412854
TEST_01179,3.4153657,0.38574138,-0.83708906
TEST_01180,1.3162715,0.37043363,0.056955293
TEST_01181,1.6329589,-0.13753147,0.56955534
TEST_01182,1.5627751,0.70462704,0.48850438
TEST_01183,1.9939184,0.06398896,-0.19103564
TEST_01184,2.569959,-0.19379923,-0.7913064
TEST_01185,3.0913277,-0.57777256,1.1755555
TEST_01186,2.7122247,-0.29023808,-0.070474036
TEST_01187,4.058545,0.6136657,-1.0037423
TEST_01188,2.2757554,-0.06528047,-0.20907313
TEST_01189,2.4644887,1.3806185,-1.0161126
TEST_01190,1.6706911,0.82692707,0.5711667
TEST_01191,1.4027075,0.51432437,0.19986178
TEST_01192,2.625866,-1.7984929,-0.8806085
TEST_01193,3.614682,0.9134555,0.6440366
TEST_01194,2.3952546,0.6122371,0.40121236
TEST_01195,2.1866028,-0.41865402,0.1782034
TEST_01196,3.1864069,-1.5922594,0.70524013
TEST_01197,2.9376695,-1.7846355,0.3384887
TEST_01198,3.1559298,1.3162082,0.5821273
TEST_01199,5.402284,-1.5052339,2.0086174
TEST_01200,1.8348997,0.8615727,0.09296279
TEST_01201,2.6207955,-0.14182134,-0.46775234
TEST_01202,1.8576533,-1.0413508,0.8702588
TEST_01203,1.421165,0.27820012,0.40603787
TEST_01204,3.3467443,-0.6551001,0.0684034
TEST_01205,2.4188468,0.04917424,0.12943645
TEST_01206,4.145621,-0.161466,-0.018646222
TEST_01207,4.6958385,-0.44089648,-0.5947412
TEST_01208,3.119021,-1.1016259,-1.1094804
TEST_01209,3.5644703,-0.08793887,-0.7944561
TEST_01210,2.1858056,0.33760914,0.097888395
TEST_01211,4.326046,0.5342099,0.46781424
TEST_01212,2.6894,-0.7040759,1.123312
TEST_01213,1.6516286,0.41303998,0.3146598
TEST_01214,3.1879282,0.6611347,1.5922663
TEST_01215,2.7033074,-0.59793895,-0.11949029
TEST_01216,2.3569689,0.4433063,-0.07295282
TEST_01217,1.932839,-0.12251515,0.5519026
TEST_01218,1.2338588,0.6206734,0.09337821
TEST_01219,3.747314,0.41570565,0.2583467
TEST_01220,2.7085762,0.75885457,-0.01918313
TEST_01221,3.6282918,-0.51457465,-0.23978086
TEST_01222,2.1787677,0.28869945,-0.7989752
TEST_01223,2.5829387,-0.7580179,0.21876666
TEST_01224,4.1896634,0.11369807,1.0821242
TEST_01225,1.9340612,-0.87887,0.59666276
TEST_01226,2.2422101,0.01712139,-0.0065829344
TEST_01227,1.3264743,-0.19044396,-0.39554837
TEST_01228,2.2933998,0.21221499,-0.040910374
TEST_01229,3.679818,-0.6708054,0.62617207
TEST_01230,1.1087778,-0.6498628,0.16642727
TEST_01231,3.0103848,0.3935227,0.06758047
TEST_01232,2.078541,0.29742575,-0.12592337
TEST_01233,2.6500003,0.18311305,0.30344445
TEST_01234,2.2406745,-0.038638204,0.37248868
TEST_01235,1.3000584,-0.4311108,-0.058531158
TEST_01236,3.475672,-0.14632766,-0.26275143
TEST_01237,3.0721714,-0.80968344,0.17461546
TEST_01238,2.3249905,0.58364457,0.05434376
TEST_01239,4.904868,-1.5196487,0.9204611
TEST_01240,3.0134058,-2.1538475,-1.071042
TEST_01241,4.129869,-0.6886404,1.0505894
TEST_01242,2.9024682,-0.05579366,-0.63432425
TEST_01243,3.0717814,0.7979171,-0.46902692
TEST_01244,3.801572,-0.8673478,1.357876
TEST_01245,2.4458032,-0.85569036,0.40077028
TEST_01246,2.6422734,0.10290161,-0.16222662
TEST_01247,2.964614,-0.33683205,1.0258306
TEST_01248,3.1907394,0.6005433,0.9583843
TEST_01249,2.7660851,0.5309717,0.4236129
TEST_01250,2.1663964,0.3535339,0.4587119
TEST_01251,3.0494773,0.25216496,0.09716408
TEST_01252,3.6014483,0.3912015,-0.87771994
TEST_01253,2.3064885,0.22110009,-0.39236078
TEST_01254,2.520222,-0.5010637,0.2941993
TEST_01255,1.8842607,1.2119501,0.17372039
TEST_01256,3.2563396,-0.3591272,0.77817994
TEST_01257,3.3868039,-1.8974066,1.5820469
TEST_01258,1.896118,1.43391,-0.025603607
TEST_01259,3.162443,1.4480832,-0.36032772
TEST_01260,1.2426819,-0.013794495,-0.4946614
TEST_01261,1.9452585,-0.44999588,-0.2922571
TEST_01262,2.0077431,-0.49301764,0.5141381
TEST_01263,4.1307263,-0.67876023,1.2947351
TEST_01264,3.7522979,-0.17621826,-0.07828185
TEST_01265,1.1891792,0.4454793,0.312171
TEST_01266,3.0113015,0.09717471,-0.15985753
TEST_01267,3.4775796,-0.37006822,-0.22739553
TEST_01268,2.4799736,-0.09996511,0.21946761
TEST_01269,4.384488,1.7792131,0.81588215
TEST_01270,4.1493096,-0.6124514,1.0707535
TEST_01271,2.8413224,0.4944624,0.07638434
TEST_01272,2.0228982,-0.85019153,0.8315684
TEST_01273,2.0270698,-0.14586416,0.2412577
TEST_01274,2.7084806,0.19687511,0.081798494
TEST_01275,1.2374783,-0.32037586,-0.11766577
TEST_01276,3.8674858,0.09629217,0.06749398
TEST_01277,1.4847108,0.014361741,-0.16263436
TEST_01278,3.1634767,-1.2129706,-0.98776793
TEST_01279,4.8891287,0.08110496,0.31465685
TEST_01280,3.539859,-0.6884601,-0.51516074
TEST_01281,4.2545886,0.5760046,0.067845
TEST_01282,3.6833224,-1.4209898,0.30082232
TEST_01283,2.7442575,-1.6010404,-1.116656
TEST_01284,1.6864334,0.25366187,-0.23320039
TEST_01285,1.5229601,-0.035633966,0.56677
TEST_01286,2.090577,0.1899034,0.2643457
TEST_01287,1.9632763,0.77777416,-0.020099938
TEST_01288,5.215106,-2.1137018,0.8510281
TEST_01289,3.6728816,-0.05722595,0.35184294
TEST_01290,1.6732512,0.64197576,-0.22757086
TEST_01291,1.7885381,0.08818133,0.11550805
TEST_01292,4.3756847,1.2800182,1.4103432
TEST_01293,3.0344417,0.276026,0.20605505
TEST_01294,1.6880343,-0.52283263,-0.65463567
TEST_01295,3.777245,1.1611124,0.38419482
TEST_01296,1.240322,-0.258565,0.079575606
TEST_01297,3.304299,1.3357576,1.3915393
TEST_01298,1.9045599,0.092702195,-0.4602856
TEST_01299,3.0792952,-0.19284266,-0.27570277
TEST_01300,2.6421926,-0.42185718,-0.27454963
TEST_01301,2.3903406,-0.16499431,-0.23664178
TEST_01302,1.5016999,-0.44589233,0.2450823
TEST_01303,2.9769785,0.0710671,0.07668841
TEST_01304,1.8441767,-0.047804303,-0.4916374
TEST_01305,5.4893193,0.8667406,1.1436278
TEST_01306,2.932545,0.5160868,-0.39798376
TEST_01307,2.0360508,-0.6526943,0.25315914
TEST_01308,2.208171,0.34460232,0.4857328
TEST_01309,2.8475819,-1.4072564,0.6135971
TEST_01310,4.1448245,0.3451977,0.59621274
TEST_01311,2.644307,1.0017517,-0.1589637
TEST_01312,1.5072895,-0.31420738,0.040464006
TEST_01313,3.2390873,-1.4727161,-0.36857745
TEST_01314,2.1565557,-0.6890409,0.11566694
TEST_01315,0.85811013,-0.06392361,-0.18298367
TEST_01316,1.8638669,-0.5145783,-0.06633011
TEST_01317,3.5091107,-2.2149231,1.13716
TEST_01318,3.0425546,-0.6044657,0.45925063
TEST_01319,5.4898205,-0.25447947,0.34193772
TEST_01320,1.4335548,0.60447043,-0.44308248
TEST_01321,4.8513217,0.56058073,0.12989013
TEST_01322,4.721642,-1.5256219,-0.8061793
TEST_01323,4.2152777,-1.6612643,-0.17352079
TEST_01324,1.0177019,-0.15166354,-0.20822857
TEST_01325,1.9840119,0.29497305,0.351977
TEST_01326,4.1678286,-0.8055294,-0.032143988
TEST_01327,1.9495618,0.9502867,0.44668895
TEST_01328,5.3887115,-1.3480483,1.5159327
TEST_01329,3.3946223,0.2916306,0.21872011
TEST_01330,2.8150914,0.62924415,-0.7321453
TEST_01331,3.1022785,0.10657574,-0.074571766
TEST_01332,3.0956378,-0.08935315,-0.1447968
TEST_01333,2.464384,0.096529834,-0.14574057
TEST_01334,3.1837537,0.23602797,0.20474248
TEST_01335,3.767216,-0.2584021,-0.10409703
TEST_01336,1.6478509,0.3718116,0.3494854
TEST_01337,3.076717,2.0014992,1.9316012
TEST_01338,1.2835696,0.7549133,-0.19036135
TEST_01339,1.303205,-0.19214393,-0.027281
TEST_01340,1.9243324,-0.24868925,-0.34017006
TEST_01341,3.4420943,-0.28078437,1.1308417
TEST_01342,1.6898669,-0.97500646,0.2901911
TEST_01343,3.4429555,0.22868243,0.8356685
TEST_01344,3.8604686,-0.7059218,0.9947247
TEST_01345,1.3866146,-0.48115444,0.025610864
TEST_01346,2.2768135,-0.5935747,0.22476408
TEST_01347,2.2641551,-0.6709783,0.45901534
TEST_01348,2.7123392,-0.011878361,-0.16717921
TEST_01349,1.893178,0.43104255,-0.37912053
TEST_01350,3.338807,-1.1997712,0.9846172
TEST_01351,2.2841287,1.0460391,0.1554721
TEST_01352,3.3085568,-0.04387252,1.676228
TEST_01353,1.641708,0.05296638,-0.0030474588
TEST_01354,1.8542337,0.6276042,0.30139908
TEST_01355,2.277279,0.14496633,-0.057489265
TEST_01356,3.4719665,1.7603624,-0.31415927
TEST_01357,3.205448,0.07325596,0.82756174
TEST_01358,3.6843245,0.079962805,0.7778697
TEST_01359,5.568989,1.6520618,0.22570491
TEST_01360,4.4296126,0.9774325,0.9097377
TEST_01361,2.701828,1.537614,-0.16414428
TEST_01362,2.4213283,0.43382227,0.67835385
TEST_01363,3.0861144,-2.083707,-1.1505922
TEST_01364,3.698368,0.6916577,1.0881641
TEST_01365,1.4967599,0.47832513,-0.07539669
TEST_01366,2.4106197,-0.41795015,0.39388198
TEST_01367,2.5090573,-0.19501375,-0.22238928
TEST_01368,2.814827,-1.0076672,1.2067138
TEST_01369,2.1998284,0.3220516,0.261616
TEST_01370,1.5782936,0.77515984,0.0009656064
TEST_01371,2.1721075,0.042156223,-0.44883534
TEST_01372,3.8698547,0.5808645,-1.0014834
TEST_01373,2.3856833,-0.6258542,-0.09266853
TEST_01374,1.2640458,-0.28531355,0.28124106
TEST_01375,3.159137,-0.5077348,-0.0127421105
TEST_01376,2.6702545,0.4070924,1.0161709
TEST_01377,1.5560627,0.6876246,0.028466048
TEST_01378,2.6666996,0.68978643,-0.7219468
TEST_01379,4.371964,1.1626909,-1.3204874
TEST_01380,2.2089908,-0.6911813,-0.27140188
TEST_01381,2.7100317,-0.5404628,-0.32438618
TEST_01382,1.5586447,0.18643185,0.08572928
TEST_01383,2.344756,0.58410716,-0.0108228065
TEST_01384,2.4597278,-0.068829,0.05947589
TEST_01385,2.563898,0.28303954,0.40874124
TEST_01386,2.469021,-0.20579787,0.35536116
TEST_01387,3.5473642,-0.10111035,0.049927354
TEST_01388,2.3552663,0.16278158,0.28312033
TEST_01389,3.880581,0.30089048,-0.31386232
TEST_01390,0.986954,-0.1255855,0.07180416
TEST_01391,1.2435306,-0.060641456,-0.052847415
TEST_01392,2.669389,0.6159103,-0.48884946
TEST_01393,2.1959078,-0.17145222,0.538928
TEST_01394,2.7789216,0.008595793,0.079763494
TEST_01395,2.0283365,-0.4385789,-0.13719594
TEST_01396,2.6188443,1.1672703,-0.6474868
TEST_01397,2.1987617,0.5893996,0.65136576
TEST_01398,1.7062925,-0.2756671,-0.048846617
TEST_01399,5.8657455,1.4088176,-0.4238918
TEST_01400,4.682313,2.2252817,-0.494866
TEST_01401,4.3620176,1.4953325,0.7319641
TEST_01402,2.4950986,-1.2739928,1.1281464
TEST_01403,1.8156794,-1.7073333,-0.60435796
TEST_01404,1.7798159,0.9368478,0.2869208
TEST_01405,2.8584437,0.4336049,-0.31356665
TEST_01406,3.8041253,-0.32254484,-0.21981277
TEST_01407,1.3840272,-0.88099074,-0.07837742
TEST_01408,4.377697,-0.71450484,0.91240746
TEST_01409,2.4573967,-0.34357858,-0.4618363
TEST_01410,2.129695,0.28204465,0.2181535
TEST_01411,0.81561553,0.33357814,-0.047493927
TEST_01412,2.5742235,-0.3749854,-0.19044375
TEST_01413,1.1917936,-0.11402954,0.31844953
TEST_01414,1.6819263,-0.32472065,0.021843735
TEST_01415,4.033689,0.83787984,-0.831546
TEST_01416,3.2193036,1.0657831,-0.58676434
TEST_01417,2.8563805,1.2245882,0.34597215
TEST_01418,5.2852783,-0.701482,0.594596
TEST_01419,1.8507361,0.6224159,-0.20667325
TEST_01420,2.4651186,0.9070863,-0.7996099
TEST_01421,2.5466788,-0.3496884,0.21473461
TEST_01422,2.0897486,-0.07641718,-0.21494715
TEST_01423,2.8916924,-0.4730207,0.12089759
TEST_01424,2.6501322,0.13819556,-0.04484405
TEST_01425,2.2140148,0.65882796,-0.5658789
TEST_01426,1.0771172,0.20582834,0.26523367
TEST_01427,3.9072828,0.76666623,0.9116367
TEST_01428,2.153192,-0.11967409,-0.15213649
TEST_01429,3.6517248,1.0404211,0.4310266
TEST_01430,3.006136,-0.58581245,0.7490559
TEST_01431,1.5252751,-0.93233144,-0.35604343
TEST_01432,2.84244,1.3459749,0.37281933
TEST_01433,1.9351083,-0.39415157,-0.20033146
TEST_01434,1.8073996,-0.0047725383,-0.11227545
TEST_01435,2.0516684,-0.7183695,-0.69127166
TEST_01436,1.7847058,-0.050885797,-0.14012422
TEST_01437,1.662094,-0.54171073,0.14599444
TEST_01438,3.4249928,1.6693778,-0.5642123
TEST_01439,5.6309075,1.025709,0.37098855
TEST_01440,4.401394,-0.7775717,-0.807743
TEST_01441,3.100953,2.143874,-0.18793462
TEST_01442,1.6476938,-1.5987463,-0.67890006
TEST_01443,3.4250965,0.42071036,0.55127585
TEST_01444,1.8207946,0.3287254,0.5188597
TEST_01445,1.0316483,-0.13598922,0.19243626
TEST_01446,1.7063462,0.14456294,0.054166917
TEST_01447,5.1171174,-1.0259115,1.2870162
TEST_01448,4.0575247,1.1355094,1.2077693
TEST_01449,3.8542528,-0.2936273,0.8682755
TEST_01450,1.9594582,0.65707386,-0.11909508
TEST_01451,2.4867601,-0.31985977,0.37804234
TEST_01452,3.855713,0.5835586,1.643356
TEST_01453,1.0962431,0.12430555,0.12329231
TEST_01454,1.707714,0.98714083,-0.5983932
TEST_01455,0.8832912,0.37901846,0.12774253
TEST_01456,2.0626166,0.5011282,0.043181874
TEST_01457,3.772417,-1.7830414,-0.43573532
TEST_01458,2.5844414,0.9399233,-0.7722909
TEST_01459,3.460272,0.27495643,0.24963449
TEST_01460,1.7595583,-0.13384478,-0.3127547
TEST_01461,3.2336538,-0.022130894,0.5900328
TEST_01462,1.9468746,-0.45715776,0.21122639
TEST_01463,1.97276,0.55970436,-0.6735448
TEST_01464,1.6820753,-0.60716295,0.11218843
TEST_01465,3.6067798,-0.23946634,0.55950606
TEST_01466,3.1925402,-0.04732372,0.21115851
TEST_01467,4.0261445,0.7894744,-0.8214367
TEST_01468,2.532564,-0.4643438,0.09949826
TEST_01469,3.2669199,-1.2284838,-0.40010482
TEST_01470,3.662173,-1.3741043,-0.31041765
TEST_01471,2.026462,0.05955575,-0.044923402
TEST_01472,3.7191439,0.73788077,1.2260044
TEST_01473,3.6146178,-1.063945,-0.1453874
TEST_01474,1.8378111,0.13053878,0.46151394
TEST_01475,1.7607993,0.43351573,-0.11808798
TEST_01476,2.230743,0.25792396,-0.5487212
TEST_01477,2.4230623,-0.037661698,-0.35019693
TEST_01478,1.2920386,-0.38328353,0.5212253
TEST_01479,5.6106524,0.77440196,0.768661
TEST_01480,3.4073923,-0.600168,-0.59685177
TEST_01481,2.71358,-1.9599186,-0.45280647
TEST_01482,1.3130944,-0.8052829,-0.6742223
TEST_01483,2.6721783,-2.106986,-0.046280608
TEST_01484,1.8663322,0.3534477,0.41347897
TEST_01485,2.0843835,1.0050437,-0.47205257
TEST_01486,2.4915113,-0.43086416,-0.39660794
TEST_01487,3.9095678,0.7049597,-0.45361832
TEST_01488,2.92765,1.5607882,1.1109728
TEST_01489,3.3642066,0.14832962,-0.40467736
TEST_01490,2.891811,0.07435304,-0.12554784
TEST_01491,2.7230866,-0.05077167,-0.90430105
TEST_01492,2.5629709,-1.5675377,-1.1397015
TEST_01493,2.2718093,0.2986645,-0.25414544
TEST_01494,2.843707,-0.032170154,0.6221917
TEST_01495,3.3608797,0.18555424,-0.2680974
TEST_01496,2.5918663,0.5800266,1.2849933
TEST_01497,2.1739998,1.0658268,-0.24237359
TEST_01498,3.3497179,-0.778473,1.3793122
TEST_01499,3.6941848,-1.0969529,0.1983003
TEST_01500,2.1916547,0.5799215,0.2055951
TEST_01501,2.0464723,-0.1851814,-0.6463397
TEST_01502,1.7574843,-0.916157,0.654282
TEST_01503,4.329441,0.7147512,0.25931546
TEST_01504,3.471593,0.12509434,0.44289097
TEST_01505,3.4272373,-1.1423666,1.7564081
TEST_01506,1.5660851,0.06552094,-0.08089632
TEST_01507,2.7316833,-0.3017276,0.28786552
TEST_01508,2.9843822,-0.5449996,-0.20933245
TEST_01509,2.2599971,-0.021325342,-0.43702224
TEST_01510,3.3960242,-1.3050563,0.80404454
TEST_01511,1.9158725,-0.38126624,0.09271287
TEST_01512,1.2648621,0.47946596,0.19409601
TEST_01513,2.9831789,-0.5665939,0.587141
TEST_01514,1.4864928,-0.14230224,0.26550996
TEST_01515,1.013873,-0.48488885,0.2571068
TEST_01516,2.3352015,-0.081159264,0.74595314
TEST_01517,3.0538325,0.13170543,-0.8277776
TEST_01518,2.3854072,-1.0396019,-0.8241074
TEST_01519,4.9109387,1.0795357,2.3248396
TEST_01520,4.098113,-0.33286825,0.3560711
TEST_01521,1.1646185,0.46815282,0.34974283
TEST_01522,4.248388,0.18972921,0.05968535
TEST_01523,1.5329678,0.5779942,-0.4548607
TEST_01524,3.2991045,0.030984187,1.1386347
TEST_01525,1.8446841,0.32445845,-0.21589367
TEST_01526,4.786632,0.8175513,0.8412854
TEST_01527,2.343533,0.32496396,0.52613604
TEST_01528,1.3755906,-0.16265155,-0.16989523
TEST_01529,1.7723632,-0.014370296,0.062044237
TEST_01530,2.2437277,0.106668815,0.5438363
TEST_01531,2.3628519,0.0017386088,-0.36101827
TEST_01532,4.8843107,1.0247729,1.8311886
TEST_01533,2.2393816,0.011085263,-0.21213254
TEST_01534,3.135267,0.5705344,0.67513883
TEST_01535,3.0586295,0.4704668,0.71904546
TEST_01536,2.633502,-0.95839024,1.332884
TEST_01537,1.7130444,0.63209236,0.7579219
TEST_01538,3.897245,-0.65518457,1.5531567
TEST_01539,2.8573265,-0.4810567,-0.07775299
TEST_01540,2.1779385,0.76682276,-0.44394854
TEST_01541,1.3251604,-0.61169076,0.05787585
TEST_01542,1.295225,0.20751598,0.21238233
TEST_01543,1.2917317,0.03797251,-0.31919515
TEST_01544,4.1516376,-0.09063307,-0.4365832
TEST_01545,2.867156,0.25632408,-0.7302632
TEST_01546,2.8874848,0.22106953,0.12310489
TEST_01547,1.6615309,0.14396417,0.09626665
TEST_01548,2.883103,1.2962414,-0.8882939
TEST_01549,3.994911,-0.6129299,0.8121046
TEST_01550,1.6293013,1.0932521,0.008086043
TEST_01551,1.809477,-0.52365685,0.08587417
TEST_01552,2.46702,-1.112583,0.46901548
TEST_01553,2.6731615,0.6660889,-0.27576545
TEST_01554,2.1808343,-0.35000107,-0.3536793
TEST_01555,1.669527,-0.22167195,0.12112692
TEST_01556,3.7509892,0.037792973,0.66617715
TEST_01557,3.6599045,1.2080165,1.0503737
TEST_01558,3.5199058,1.112494,0.6243326
TEST_01559,5.1413198,1.4631052,-0.8451846
TEST_01560,4.4932623,0.30375278,1.1562443
TEST_01561,4.0888247,-0.8705288,1.202158
TEST_01562,1.739789,1.2407193,-0.79860497
TEST_01563,3.8926697,1.501978,1.293082
TEST_01564,3.253054,0.14797735,-0.32037178
TEST_01565,2.0002813,-0.52319914,0.4638282
TEST_01566,2.575427,-0.50209856,0.1425934
TEST_01567,3.231828,0.57458204,0.32855144
TEST_01568,3.2408586,-1.8635212,-0.26408333
TEST_01569,3.450403,-0.17498267,-0.35424045
TEST_01570,2.6461926,0.22120954,-0.49078396
TEST_01571,3.9185593,0.3144202,-0.41016948
TEST_01572,3.8545794,-1.455644,-0.8253024
TEST_01573,2.628777,0.15554991,0.07530867
TEST_01574,2.0480082,1.1519299,0.023535427
TEST_01575,2.0716915,-0.56174564,0.5794612
TEST_01576,1.3176594,0.44371748,0.73662966
TEST_01577,2.7328737,0.7721407,0.714936
TEST_01578,4.568849,0.23320073,0.33937302
TEST_01579,1.6164454,-0.58018005,0.35501295
TEST_01580,1.691179,0.51214397,0.62300116
TEST_01581,1.9535977,0.13254784,-0.91964966
TEST_01582,1.5339957,-0.5381356,-0.25760573
TEST_01583,4.3175983,-0.787952,0.9195857
TEST_01584,2.4561632,-0.13192382,-0.03533989
TEST_01585,0.9276853,-0.53643423,0.31356648
TEST_01586,2.8123336,0.31383052,-0.5020999
TEST_01587,2.7367854,0.6277364,-0.49036112
TEST_01588,2.643789,0.5348017,-0.065439805
TEST_01589,4.5672126,1.213116,0.9315287
TEST_01590,1.3677076,0.9520455,0.03411324
TEST_01591,2.419763,-0.41551527,0.17046678
TEST_01592,1.3674042,0.13559756,0.27127478
TEST_01593,2.7185376,0.76915795,-0.76534015
TEST_01594,1.5827041,-0.17394795,-0.06478254
TEST_01595,1.0653287,-0.33076552,0.12782031
TEST_01596,3.2921078,-0.26752412,0.8915235
TEST_01597,0.96236223,-0.16502279,-0.07840522
TEST_01598,2.565067,1.1904355,1.0464967
TEST_01599,5.2787995,-0.5434408,0.26836115
TEST_01600,4.6352577,2.036542,1.1758851
TEST_01601,4.3285985,0.13198537,-0.7619276
TEST_01602,3.4419618,-1.2333168,0.22247052
TEST_01603,4.0204787,-1.4812715,-0.61052966
TEST_01604,2.5193224,0.68563104,-0.07365892
TEST_01605,1.9214553,-0.26395273,-0.070649095
TEST_01606,4.057912,-0.2801188,0.15995213
TEST_01607,4.505674,-1.1832908,-0.33123285
TEST_01608,3.5614903,-0.9403252,1.2872521
TEST_01609,2.9641879,0.471015,-0.12257059
TEST_01610,1.975801,-0.4600301,0.38599303
TEST_01611,3.5499825,-0.26292065,-0.03438414
TEST_01612,2.99904,0.9561807,0.18923345
TEST_01613,1.8066177,0.04897421,0.17090449
TEST_01614,1.6915728,-0.8599612,0.8583656
TEST_01615,2.5782683,-0.22936393,-0.60511696
TEST_01616,2.7847178,-1.27169,-0.31720942
TEST_01617,1.9614654,-0.71304834,-0.20618936
TEST_01618,1.3054446,0.06662891,0.40071574
TEST_01619,2.0074885,0.4382616,0.25384554
TEST_01620,2.315003,-0.88559544,0.11919883
TEST_01621,3.3038974,0.13095152,0.11697156
TEST_01622,1.8931048,-0.41118965,0.29953146
TEST_01623,2.4621277,-0.6679834,-0.57000977
TEST_01624,4.148122,0.22488934,-0.8210472
TEST_01625,4.612328,-1.6954392,1.0343984
TEST_01626,1.8031645,0.1016941,0.44002202
TEST_01627,3.5629454,-0.24110949,-0.27216682
TEST_01628,2.8693883,-1.154489,-0.329717
TEST_01629,3.6234431,-0.27096072,0.860354
TEST_01630,1.2124186,0.48263013,0.32796827
TEST_01631,3.132956,-0.7864958,-0.5581301
TEST_01632,3.4939435,1.4510072,-1.0376347
TEST_01633,3.4402232,0.8654878,0.7678602
TEST_01634,3.7137246,-0.45007095,-0.65081537
TEST_01635,1.5504234,-0.27396762,-0.18244687
TEST_01636,2.555659,-1.4949507,1.0636504
TEST_01637,3.0132983,-0.29511568,-0.1060635
TEST_01638,2.8469238,0.5068236,0.1689269
TEST_01639,4.1082015,0.9979745,1.8115174
TEST_01640,3.6022105,1.1012613,-0.6475847
TEST_01641,3.4217756,-0.07474615,1.1058512
TEST_01642,2.918577,1.5966172,-0.6397087
TEST_01643,2.877569,-1.177616,0.33723366
TEST_01644,1.8133489,-0.20062795,-0.1916713
TEST_01645,2.0955532,0.56071806,-0.14187719
TEST_01646,4.7053304,-0.15345062,1.2308097
TEST_01647,4.9383407,-0.90151703,0.26569468
TEST_01648,5.1310897,1.2427012,-0.33476585
TEST_01649,2.7810762,-0.20760174,-0.27563635
TEST_01650,1.7415092,0.14931786,-0.112094894
TEST_01651,1.7663769,0.0008918848,0.20533615
TEST_01652,3.563091,1.3831805,-0.3235529
TEST_01653,1.5107397,-0.23244238,0.34374058
TEST_01654,3.2522216,0.7327859,-0.6211187
TEST_01655,1.3000212,-0.8323225,-0.2136901
TEST_01656,2.6638217,-1.2716966,1.0643303
TEST_01657,3.8857832,0.5288495,0.5824014
TEST_01658,1.486335,-0.33509248,0.20833689
TEST_01659,3.7507763,-1.4790474,-0.61863077
TEST_01660,2.1148252,0.88562673,0.7768278
TEST_01661,2.1317995,0.2552863,-0.4966999
TEST_01662,1.562803,0.17176738,0.1869925
TEST_01663,1.6671962,0.65942526,-0.56967765
TEST_01664,2.8715696,-0.4826242,0.28094485
TEST_01665,4.596144,1.3294756,-0.93358386
TEST_01666,1.8006668,0.14843003,-0.4814202
TEST_01667,1.1793542,-0.24955213,-0.27596226
TEST_01668,2.666478,-0.4577623,0.65953356
TEST_01669,4.6359963,-1.2148877,1.2804682
TEST_01670,2.5273938,0.33840406,0.6862462
TEST_01671,1.140857,-0.26517758,0.051319942
TEST_01672,1.7433504,-0.5908559,0.46672404
TEST_01673,2.5982134,-0.6850272,0.59532523
TEST_01674,3.1690278,-0.53503835,0.08140879
TEST_01675,1.909641,0.54773587,-0.2634135
TEST_01676,3.7479377,-1.9503047,1.0240006
TEST_01677,2.6265075,-0.65928406,0.41556665
TEST_01678,1.7925144,-0.051355764,-0.4444385
TEST_01679,5.412415,-1.9436029,1.3363507
TEST_01680,3.2837918,1.4222289,-0.3175413
TEST_01681,4.149603,-0.027924178,-0.6780996
TEST_01682,2.2910647,-0.26135948,0.8286761
TEST_01683,3.3390143,0.4787502,0.467508
TEST_01684,2.0267563,-0.33031455,0.22543138
TEST_01685,1.6414127,-0.826673,0.5810146
TEST_01686,4.386404,0.77524364,-0.08936593
TEST_01687,2.080994,-1.069655,-0.22840384
TEST_01688,0.96491563,-0.7815458,0.30871263
TEST_01689,2.971899,0.24797997,0.3331917
TEST_01690,1.9116732,-0.08794298,-0.0360902
TEST_01691,3.41162,0.019557036,0.12994382
TEST_01692,4.67652,-0.1179803,1.432288
TEST_01693,2.9541008,0.23852405,0.58623695
TEST_01694,3.8201559,-0.15999615,-0.22803625
TEST_01695,2.563591,-0.3418043,0.031624164
TEST_01696,2.7057538,0.11353585,-0.4227816
TEST_01697,2.729646,-1.456105,0.5157558
TEST_01698,1.2234704,1.027561,0.4492181
TEST_01699,4.6475263,-1.1098157,-0.6231011
TEST_01700,1.0523401,-0.37211275,-0.11943627
TEST_01701,1.4754043,-0.26991343,-0.48067504
TEST_01702,1.8812056,0.8301651,-0.47777703
TEST_01703,1.3743361,0.67992985,0.3462621
TEST_01704,1.8031144,-0.051039636,0.08415318
TEST_01705,5.006397,1.392994,1.1732761
TEST_01706,1.0927697,0.44343677,0.5830408
TEST_01707,1.3338596,-0.032697044,-0.23322286
TEST_01708,2.7218134,-0.06169891,0.037748113
TEST_01709,3.385867,0.16522217,-0.13468623
TEST_01710,4.5208974,1.0319039,1.5347171
TEST_01711,2.0832574,0.26446968,0.13377196
TEST_01712,2.0128314,-0.810513,-0.22335806
TEST_01713,2.2772906,-1.1337527,0.31603962
TEST_01714,1.5866435,0.13678998,-0.02141571
TEST_01715,1.8848555,-1.1865761,-0.62484527
TEST_01716,3.269583,1.4263378,0.91471595
TEST_01717,3.7425597,0.59663665,0.68601066
TEST_01718,1.4671028,-0.24779171,0.35712093
TEST_01719,2.3149235,-1.167054,-0.13462247
TEST_01720,3.2757583,2.339619,0.9826578
TEST_01721,3.7183113,-2.389159,-0.7553868
TEST_01722,4.224023,0.14778243,1.5242162
TEST_01723,1.1597297,0.6080303,-0.33647573
TEST_01724,2.272645,0.97679955,-0.20528062
TEST_01725,2.469494,-0.024575796,-0.074149564
TEST_01726,4.6503158,1.2296085,0.0812635
TEST_01727,3.0256872,1.0317208,-0.17441373
TEST_01728,4.6831756,0.15742013,-0.37358
TEST_01729,3.054047,-0.00085336715,0.37813
TEST_01730,1.467026,0.58781564,0.05436709
TEST_01731,1.0124313,0.28921184,-0.3082745
TEST_01732,3.562874,-1.0370027,0.17271985
TEST_01733,1.154457,-0.4482545,0.17281227
TEST_01734,1.8112395,-1.0467535,1.1840422
TEST_01735,1.4108671,-0.52429706,0.5214651
TEST_01736,2.634565,-0.21833783,-0.5358418
TEST_01737,3.7218463,2.1728559,2.0292587
TEST_01738,5.4277544,-1.1163354,1.6794807
TEST_01739,1.3091506,0.27780235,0.05386667
TEST_01740,2.1518717,-0.7001606,-0.13856907
TEST_01741,1.1760256,-0.44426084,-0.21086112
TEST_01742,1.9845897,0.9004669,0.6177123
TEST_01743,3.2718384,0.60507745,1.1430929
TEST_01744,2.851441,-0.350965,0.20808187
TEST_01745,1.4853508,-0.49530545,-0.17573263
TEST_01746,1.2948968,-0.81188464,-0.5509316
TEST_01747,4.1177855,0.34169322,-0.8339958
TEST_01748,1.7559606,-0.23816189,0.10409915
TEST_01749,4.4551687,-0.77235943,0.73985296
TEST_01750,2.3957627,1.4450504,0.0132958265
TEST_01751,1.5669591,0.11167115,0.120970786
TEST_01752,2.7679453,1.6014686,0.38689753
TEST_01753,3.0588157,-0.693111,0.62022704
TEST_01754,1.6006007,-0.15873997,0.19720496
TEST_01755,1.7861822,0.18410848,-0.52289575
TEST_01756,3.3787186,1.3810172,0.5544956
TEST_01757,2.7080624,-0.028865606,0.59459275
TEST_01758,1.6526984,-0.49101222,0.035586007
TEST_01759,5.899572,0.26474917,0.38474572
TEST_01760,4.746015,-1.1192045,-1.4987593
TEST_01761,4.349999,-1.847529,1.1436781
TEST_01762,1.8788315,1.6582881,-0.5553061
TEST_01763,1.2786784,-0.17785257,-0.49718112
TEST_01764,3.1962917,1.1802661,-0.0371316
TEST_01765,1.0962125,0.24418296,-0.10939562
TEST_01766,3.3326159,0.13994789,-0.74478304
TEST_01767,3.5236495,0.027451098,-0.60821384
TEST_01768,0.8440579,-0.14715874,0.274158
TEST_01769,3.5015972,-0.055977922,-0.3185115
TEST_01770,3.6041186,0.36054698,0.26134676
TEST_01771,2.6268222,-0.22866292,-0.07432216
TEST_01772,1.9917336,-0.09635937,0.4368469
TEST_01773,2.7735455,-0.3278575,0.23172775
TEST_01774,2.7629106,0.23563014,-0.44967306
TEST_01775,1.0679156,0.41786787,-0.31031507
TEST_01776,2.9461915,0.26809257,1.3146302
TEST_01777,2.2154758,0.1121238,-0.5772921
TEST_01778,1.6204771,0.035150718,0.17874934
TEST_01779,3.6526408,1.2074274,-0.4403051
TEST_01780,1.8869704,-0.48129326,-0.6126898
TEST_01781,3.3015788,-0.16790617,0.564427
TEST_01782,1.911183,-0.38932705,0.42187133
TEST_01783,2.3848646,-0.31178126,0.5396577
TEST_01784,3.136537,-0.5343569,0.79517496
TEST_01785,1.9268264,0.07752854,-1.0067079
TEST_01786,2.8558905,-0.020878538,-0.020369742
TEST_01787,2.323637,-0.19285783,-0.40047622
TEST_01788,1.9299825,-0.346568,0.2395
TEST_01789,4.973971,0.8671239,0.110972814
TEST_01790,5.3503785,-1.18203,1.290648
TEST_01791,1.9229752,-0.27232972,0.08262711
TEST_01792,1.5171537,0.2735384,0.37025207
TEST_01793,3.2737112,1.2326311,1.6587404
TEST_01794,1.8938534,0.5319945,-0.011464581
TEST_01795,1.6528974,0.3013617,0.35287544
TEST_01796,1.2520976,0.3627363,0.49085623
TEST_01797,2.9977407,-0.5304058,0.044123095
TEST_01798,2.5225255,0.25630692,0.37975213
TEST_01799,1.789073,-0.88415724,0.44676608
TEST_01800,1.4214896,1.0004909,0.2944752
TEST_01801,3.1145508,-0.2066195,0.61997294
TEST_01802,1.5067586,0.5849688,0.73960394
TEST_01803,1.1776379,-0.5629557,-0.0039312486
TEST_01804,1.9439541,0.7552523,-0.11993417
TEST_01805,1.6732984,0.3597657,-0.35272157
TEST_01806,4.2093487,0.3306558,0.7125043
TEST_01807,3.4229643,-1.3103521,0.61037225
TEST_01808,3.8288212,1.4791068,-0.3561925
TEST_01809,2.0379767,-0.11296548,-0.16949242
TEST_01810,1.686216,0.24382752,0.4360211
TEST_01811,2.2130225,0.06991764,-0.1653455
TEST_01812,1.6061544,-1.1766951,0.09216241
TEST_01813,2.632083,-0.3841402,-0.6145061
TEST_01814,1.5116371,0.44917288,0.12576918
TEST_01815,1.0314654,0.019114288,-0.18667832
TEST_01816,2.045047,0.8432582,-0.8977455
TEST_01817,3.756053,-0.18122782,0.54995906
TEST_01818,1.0440814,-0.1108281,0.011999349
TEST_01819,1.8010802,-0.97103614,-0.03612791
TEST_01820,2.1334713,0.06837739,0.56574965
TEST_01821,3.221365,0.21583533,-0.21166588
TEST_01822,1.939442,0.7428121,0.39054912
TEST_01823,4.086505,0.28676987,0.6786713
TEST_01824,3.7334692,-0.6869922,-0.22730468
TEST_01825,3.2265987,1.4764372,0.54074997
TEST_01826,2.492827,-0.115329474,-0.16994736
TEST_01827,4.254259,0.1626862,0.8614484
TEST_01828,3.1230772,1.0532696,-0.6432315
TEST_01829,2.7055569,1.787454,-0.46760088
TEST_01830,3.6345732,1.6965604,0.48044607
TEST_01831,1.9485416,-0.042916846,-0.17019014
TEST_01832,3.4210765,-0.96754503,1.0000832
TEST_01833,3.0330298,0.7621122,-0.09545131
TEST_01834,2.02167,-0.29200718,-0.06400181
TEST_01835,2.0949826,-0.3889208,-0.5567944
TEST_01836,1.7245367,0.5643405,-0.5127975
TEST_01837,1.9733989,-0.29688293,0.2757921
TEST_01838,2.9574625,-1.6064655,-0.2815313
TEST_01839,3.2781572,-0.4596721,1.1285557
TEST_01840,4.8466024,-0.1352129,-0.83626324
TEST_01841,4.5275617,-0.22381526,-0.54477143
TEST_01842,2.0904825,-1.2158527,-0.71623194
TEST_01843,2.3895383,-1.1902565,-0.048573177
TEST_01844,2.1122255,0.29155856,-0.5601541
TEST_01845,2.1685061,-0.15443827,-0.45191577
TEST_01846,2.2709947,0.33626485,-0.55580616
TEST_01847,4.843317,-1.2801352,0.63982517
TEST_01848,5.689217,-0.9955914,0.3850655
TEST_01849,4.398805,0.5611659,0.017412765
TEST_01850,2.437942,-0.13254689,0.6517283
TEST_01851,2.762852,0.032254655,-0.47786507
TEST_01852,1.756511,-0.3039273,-0.61549187
TEST_01853,2.0497599,-0.20886478,-0.006173677
TEST_01854,2.9522102,0.012542485,0.53893006
TEST_01855,3.062181,0.7606259,0.22416632
TEST_01856,1.2520621,0.5070027,0.3182949
TEST_01857,2.4966915,-0.7882191,1.1537328
TEST_01858,2.9092777,0.8165279,0.35342646
TEST_01859,1.9346365,-0.9125594,0.20219444
TEST_01860,2.385623,-0.46590105,-0.8590249
TEST_01861,1.6799724,0.53321856,0.48869666
TEST_01862,1.8949926,0.68182695,-0.15802881
TEST_01863,2.4313421,-0.08331179,0.32347286
TEST_01864,2.4235845,0.008340748,0.11459427
TEST_01865,3.8105323,0.084142506,0.8520134
TEST_01866,3.093049,0.6619744,0.33771327
TEST_01867,2.4503899,-0.5600058,0.24770182
TEST_01868,3.1015902,-0.39134,-0.05146282
TEST_01869,4.345023,-0.7700991,0.27325255
TEST_01870,3.7471306,0.72035044,0.6574789
TEST_01871,1.3297843,0.27643389,0.12649462
TEST_01872,2.4341927,0.6386297,0.7293801
TEST_01873,1.8198879,0.27242452,-0.2788797
TEST_01874,2.1507988,0.603898,0.3091186
TEST_01875,1.8728908,0.058677036,0.5254558
TEST_01876,4.091954,-1.3902913,0.3828721
TEST_01877,3.1049602,1.2369238,-0.5589498
TEST_01878,2.811499,-1.2354082,0.29544082
TEST_01879,5.1453757,-0.38908526,0.95275784
TEST_01880,4.706106,-0.20394361,-0.5148954
TEST_01881,5.2905893,-0.9915674,1.2628937
TEST_01882,3.9251451,0.579124,0.83696187
TEST_01883,2.3205678,-1.5286173,0.28375402
TEST_01884,2.104362,0.7809045,0.24959692
TEST_01885,1.1197952,-0.14499147,-0.26194376
TEST_01886,1.544007,0.9807405,-0.4534032
TEST_01887,3.8010104,-1.3311464,-0.8726206
TEST_01888,4.439054,1.9052719,0.18148932
TEST_01889,1.2793292,-0.38759625,-0.16528074
TEST_01890,1.3997535,0.09128434,-0.13340703
TEST_01891,2.1031928,-0.081234984,-0.8178765
TEST_01892,5.131793,-1.1921071,-0.85152227
TEST_01893,1.4473587,-0.26748684,0.20083418
TEST_01894,3.0925846,0.24982755,-1.2060642
TEST_01895,2.5039098,0.6318342,0.09986892
TEST_01896,2.6992273,-0.23056257,0.7730528
TEST_01897,1.6487232,0.50301665,-0.38639838
TEST_01898,5.146197,-0.9800175,0.005205958
TEST_01899,1.9990023,1.3095179,0.32527983
TEST_01900,2.7648957,-0.23979026,0.3553231
TEST_01901,1.8476499,0.08660413,0.08774759
TEST_01902,2.259374,0.27312875,-0.852348
TEST_01903,1.328146,0.36389074,0.3652138
TEST_01904,3.5290058,-0.32509065,-0.079273574
TEST_01905,1.2965586,-0.28551745,-0.3729468
TEST_01906,2.491144,0.38695917,0.44845775
TEST_01907,3.6215675,-0.4718025,-0.108997114
TEST_01908,2.8624806,-0.07528713,0.07043074
TEST_01909,3.720478,-0.10802213,1.0702132
TEST_01910,2.3086689,-0.66732913,0.3145044
TEST_01911,3.0208213,-0.7134108,-0.0037664622
TEST_01912,1.1809462,0.034878008,-0.20012814
TEST_01913,1.8426493,0.7096882,-0.73973376
TEST_01914,3.3775177,0.5386359,0.86290556
TEST_01915,1.7313772,-0.8304497,0.4434376
TEST_01916,2.3795583,0.22164848,-0.07881281
TEST_01917,3.0478103,-0.57143986,0.3281273
TEST_01918,2.6072123,0.3786603,0.030062556
TEST_01919,4.8981323,1.0459177,-1.0688934
TEST_01920,4.3551054,-0.88157517,0.5064473
TEST_01921,2.802152,0.24765141,0.6369775
TEST_01922,3.437279,0.64403135,0.88226956
TEST_01923,2.481767,-0.9721623,-0.98174053
TEST_01924,2.9053738,-0.50084984,0.14655618
TEST_01925,2.337208,0.35503155,0.1743311
TEST_01926,4.2787886,-0.13802417,0.16102834
TEST_01927,3.1099153,-1.3705384,0.070255965
TEST_01928,1.3449013,0.47266746,0.5878891
TEST_01929,3.6656613,-0.006337527,0.3742512
TEST_01930,1.1808096,-0.16608438,-0.14254431
TEST_01931,4.3098636,0.47239694,-0.20896338
TEST_01932,3.6405013,-0.28995946,-0.24840632
TEST_01933,1.6599334,-0.26656726,-0.2736968
TEST_01934,1.740094,0.12728581,-0.5229936
TEST_01935,2.9132683,0.59539825,-0.8123028
TEST_01936,1.138369,0.19208312,-0.059987914
TEST_01937,2.688025,0.34444046,0.28924617
TEST_01938,5.3135443,0.5397226,0.3760756
TEST_01939,3.3861828,-1.0158911,0.25938493
TEST_01940,2.7340195,0.7910185,-0.08722821
TEST_01941,2.1267383,0.4464254,-0.699699
TEST_01942,1.6948851,0.30509531,0.28671885
TEST_01943,1.422232,0.23133895,-0.19210549
TEST_01944,1.3125601,0.24317032,0.26738548
TEST_01945,2.0399032,0.15899973,1.1017264
TEST_01946,1.9175265,-0.00923368,0.4347065
TEST_01947,3.944519,0.13348,0.005229602
TEST_01948,1.9611791,-0.5772876,0.32244432
TEST_01949,3.2328804,-0.84166497,0.25873238
TEST_01950,4.004925,-0.21397689,-0.76451004
TEST_01951,2.8127577,0.55030715,-0.569977
TEST_01952,2.6856241,1.425917,-0.47246557
TEST_01953,1.6989356,-0.2441678,0.19181065
TEST_01954,2.6671355,-0.1955253,0.10661298
TEST_01955,1.9472951,-0.21215436,0.21982366
TEST_01956,1.6349415,0.64870375,0.43002588
TEST_01957,2.0868804,-0.04046358,0.42852196
TEST_01958,2.657965,-0.5565811,-0.4013718
TEST_01959,3.9562893,-1.3559761,2.396444
TEST_01960,4.576039,0.46150863,0.95464545
TEST_01961,3.6354904,1.9850781,-0.61695755
TEST_01962,2.2631147,0.33927238,1.033711
TEST_01963,1.7720488,0.39416087,-0.5411864
TEST_01964,3.314983,0.64726794,-0.8477497
TEST_01965,2.021328,1.1114126,-0.67488664
TEST_01966,1.30672,0.7721896,-0.17468894
TEST_01967,4.0943866,-0.3088377,0.16091092
TEST_01968,3.945673,-0.394128,0.72247875
TEST_01969,4.3705144,-0.07702528,-0.980358
TEST_01970,2.382491,0.44513857,0.6289174
TEST_01971,3.2010965,-0.047937527,0.62400585
TEST_01972,4.880983,-0.008434592,-0.98901814
TEST_01973,1.0378671,0.16789946,0.21246009
TEST_01974,3.2893927,-0.6203638,1.0462445
TEST_01975,1.198027,-0.18357444,0.41274822
TEST_01976,2.6729777,-0.80633473,-0.65224606
TEST_01977,3.6806107,2.240014,-0.14166154
TEST_01978,5.6536655,0.5228056,0.72180176
TEST_01979,4.64561,1.3797295,0.033468258
TEST_01980,2.0856888,-0.8103845,-0.26435655
TEST_01981,3.110168,-0.20157772,0.076343924
TEST_01982,1.9806297,-0.7650307,0.6945309
TEST_01983,2.6012337,0.40670574,0.5063792
TEST_01984,1.5752447,-0.40821272,-0.32551515
TEST_01985,4.8685956,-0.16518563,-0.047863763
TEST_01986,2.716847,-0.3362224,0.45628935
TEST_01987,4.67185,0.39403382,0.332668
TEST_01988,2.3891652,0.53229797,-0.3291607
TEST_01989,3.0951195,1.3894866,-0.7651987
TEST_01990,4.910618,0.76095736,1.5821642
TEST_01991,3.1807706,0.4772311,0.46281698
TEST_01992,2.0182874,0.64310205,0.47260723
TEST_01993,2.7861247,0.10758728,0.19380352
TEST_01994,2.3398376,0.4346966,0.11555783
TEST_01995,1.7303355,-0.60415196,-0.09806507
TEST_01996,1.8848968,0.19857268,0.4640685
TEST_01997,2.0790286,0.23032498,-0.17974226
TEST_01998,2.7163334,1.5251733,1.0179363
TEST_01999,3.1635656,1.8958944,-0.8140484
TEST_02000,3.9330847,-0.1088116,-0.6055364
TEST_02001,3.4906032,0.29059565,0.0051608086
TEST_02002,1.787664,-1.4473554,0.49104768
TEST_02003,3.4546897,-0.7157504,0.009256208
TEST_02004,4.027971,-0.6578756,-0.17407122
TEST_02005,2.2301707,-0.081707045,-0.39674973
TEST_02006,4.3014417,1.1206968,0.6038391
TEST_02007,3.0440502,-0.9632106,-0.022209272
TEST_02008,5.076556,1.673673,0.008591517
TEST_02009,2.7915368,0.3716432,0.4726283
TEST_02010,2.0127392,0.06258936,0.0885177
TEST_02011,2.4522905,-0.349034,-0.18729524
TEST_02012,3.0375128,-0.81108785,0.11355862
TEST_02013,2.8078134,0.21137251,-0.010260172
TEST_02014,3.339011,0.063693255,1.2666324
TEST_02015,2.7226486,0.4793185,-0.1999134
TEST_02016,3.02315,0.38078517,-0.5157601
TEST_02017,3.640047,-1.7700497,-0.44352722
TEST_02018,3.414744,-0.18868792,-1.0438633
TEST_02019,3.6202364,0.923042,0.9877588
TEST_02020,2.6918213,0.9371181,0.8794068
TEST_02021,1.5013962,-0.22643203,-0.15104863
TEST_02022,1.1495043,-0.26860717,0.44924536
TEST_02023,3.5588036,-0.12697218,0.18448989
TEST_02024,2.4615808,-0.22746348,-0.34475237
TEST_02025,1.3051146,0.3570859,-0.09737839
TEST_02026,1.6610997,-0.48869988,-0.37306577
TEST_02027,2.9476254,-0.24067736,0.9237706
TEST_02028,1.9758111,-0.13824794,0.21590127
TEST_02029,4.6804996,1.0922495,0.49257705
TEST_02030,1.9642134,-0.78569496,0.7501602
TEST_02031,2.352015,-0.1405286,-0.4293919
TEST_02032,3.8014982,-0.33682188,1.9646955
TEST_02033,3.3310142,0.19069877,0.312828
TEST_02034,2.1489103,-0.058308303,-0.105278365
TEST_02035,2.3550735,0.6486403,0.55182374
TEST_02036,4.160032,1.7737409,0.32346702
TEST_02037,1.5912715,0.34304768,0.22777005
TEST_02038,2.3536696,0.98013604,0.9599224
TEST_02039,2.6589725,0.60673404,1.4006168
TEST_02040,4.2466645,1.0131897,1.5775629
TEST_02041,3.2190273,-2.6061325,-0.0127897095
TEST_02042,4.73376,0.42728513,-0.5903366
TEST_02043,3.7530372,0.38216922,0.11993311
TEST_02044,3.398048,-1.681668,1.3649291
TEST_02045,1.4450526,-0.476519,-0.013876359
TEST_02046,4.5011344,-0.78960586,1.175484
TEST_02047,4.989256,-1.1537839,-0.085524246
TEST_02048,2.8407044,-0.8977776,-0.9228612
TEST_02049,2.8412375,0.29117945,0.46925867
TEST_02050,2.97103,0.39743477,0.14798957
TEST_02051,3.3755352,-0.06609486,0.09348206
TEST_02052,2.1289399,1.0950176,-0.7278205
TEST_02053,3.1192448,0.3167484,0.22335409
TEST_02054,2.8646061,-0.17995335,0.79528874
TEST_02055,1.8790003,-0.61326325,0.30470714
TEST_02056,3.5741835,0.6310405,-0.43559444
TEST_02057,3.6975427,0.49498856,1.1587378
TEST_02058,2.9433515,1.5306377,1.1093302
TEST_02059,2.7323835,-1.551097,-0.8289942
TEST_02060,1.1088891,-0.30134755,0.11451102
TEST_02061,3.0693064,0.46070528,0.88951075
TEST_02062,1.6205328,0.1323463,-0.09347063
TEST_02063,2.8323252,-0.66267264,0.45935664
TEST_02064,1.5184699,-0.050335724,0.23699902
TEST_02065,2.622993,-0.16812803,0.2675764
TEST_02066,2.4010012,0.3839094,0.21729387
TEST_02067,3.9492116,0.45515063,0.50790626
TEST_02068,2.7948983,0.1286907,0.14327143
TEST_02069,3.2152462,1.2066231,0.51546997
TEST_02070,1.8235214,-0.6839272,-0.35840094
TEST_02071,2.5352347,0.9933954,-0.6683619
TEST_02072,2.8027718,1.5662112,0.11910335
TEST_02073,2.946445,-1.2767762,0.75351334
TEST_02074,2.7862518,0.06403792,0.14394154
TEST_02075,1.8198999,0.36041585,0.32078993
TEST_02076,2.216791,0.9038483,-0.47213927
TEST_02077,3.0992417,-1.1801322,0.019904211
TEST_02078,3.4455168,1.7323645,0.8502219
TEST_02079,5.1442027,1.4023273,1.8699291
TEST_02080,2.723678,1.425333,0.5980478
TEST_02081,2.0660672,0.3531707,-0.613118
TEST_02082,4.4686065,0.37761414,-0.5337766
TEST_02083,2.2275734,-0.23259276,0.628065
TEST_02084,1.4465411,-0.079297476,0.18947954
TEST_02085,2.742379,0.42809504,-0.12575819
TEST_02086,3.3592355,-0.0021675485,0.9628214
TEST_02087,4.4461946,-0.5859439,-0.16223252
TEST_02088,1.2697799,-0.047929626,-0.2847699
TEST_02089,2.4461234,-0.06513969,0.07917421
TEST_02090,2.6319559,0.5539547,0.085019305
TEST_02091,3.1990793,-0.14621718,0.5584624
TEST_02092,2.1675825,-0.9813876,-0.24055709
TEST_02093,2.4248965,-0.16775791,-0.06963983
TEST_02094,2.7171493,1.0508112,-1.0235692
TEST_02095,2.8323076,0.013937071,0.037132777
TEST_02096,1.6365163,0.6785887,0.8799117
TEST_02097,4.2828317,1.061518,2.2204766
TEST_02098,4.867907,-0.56175774,-0.17711562
TEST_02099,3.8752313,-0.5658605,-0.4363598
TEST_02100,2.7270267,0.004526168,-0.7705451
TEST_02101,3.4395566,0.007972358,-0.62959844
TEST_02102,1.8543156,0.33164376,-0.3499819
TEST_02103,4.348683,0.17450932,0.6245412
TEST_02104,2.6312487,-0.17810316,0.37836176
TEST_02105,3.7314186,-0.9469317,1.3170753
TEST_02106,1.7406263,-0.65905225,-0.48415732
TEST_02107,2.330267,-0.35285094,-0.42279276
TEST_02108,2.7746475,1.2821227,0.8690028
TEST_02109,1.7461627,-0.7039935,-0.31592593
TEST_02110,4.9174523,-1.1088097,0.98509884
TEST_02111,3.4586987,-0.5726037,-0.2746864
TEST_02112,3.3744485,0.5915478,0.44863278
TEST_02113,2.7924042,-1.0184876,0.6652876
TEST_02114,1.9599935,-0.39277786,-0.027772307
TEST_02115,1.7962147,0.25805876,-0.20974612
TEST_02116,1.504515,-0.3106579,-0.12601252
TEST_02117,1.9010319,0.056714825,-0.17650424
TEST_02118,2.9539902,-0.7666554,0.7806327
TEST_02119,4.064511,1.1120892,0.6395682
TEST_02120,3.181786,1.6528032,1.0382355
TEST_02121,1.3334768,0.8854085,0.07682589
TEST_02122,2.9316134,-0.75616205,1.3779881
TEST_02123,1.7543643,0.47614464,-0.28015438
TEST_02124,2.6898873,0.13129303,0.22932762
TEST_02125,2.2087197,-0.5346366,0.7495306
TEST_02126,1.7528027,0.90709907,0.26044866
TEST_02127,3.4594688,-0.12955178,1.2676941
TEST_02128,5.6564374,-1.5212208,-0.6899849
TEST_02129,2.7824237,0.69096404,-0.16506463
TEST_02130,1.9274449,0.38926262,-0.3326062
TEST_02131,2.6209986,-0.3264941,0.2865111
TEST_02132,3.619998,1.3906289,1.1823182
TEST_02133,3.1460755,0.27767867,-0.110954635
TEST_02134,3.0710936,-1.2115301,0.054359082
TEST_02135,2.058816,-0.10075862,0.061752032
TEST_02136,2.2556188,-0.16447903,-0.30463135
TEST_02137,3.492611,0.12033951,1.9554057
TEST_02138,4.0978575,0.98107487,-0.7748867
TEST_02139,1.1806777,-0.6610716,-0.16741566
TEST_02140,2.471171,0.01785051,-0.018159771
TEST_02141,1.9499542,-0.17489949,-0.6143446
TEST_02142,1.748938,0.01177459,0.46757406
TEST_02143,2.6575856,0.2772881,-0.020492084
TEST_02144,2.6915653,-0.28887954,0.8418602
TEST_02145,1.6436377,0.09267428,0.012864886
TEST_02146,1.145734,0.10948199,0.33342817
TEST_02147,2.5540714,-0.64470917,0.96208966
TEST_02148,2.4867406,-0.03920204,-0.08862141
TEST_02149,1.7789192,-0.2152541,-0.7461267
TEST_02150,1.1863439,-0.17719996,0.24403234
TEST_02151,1.8528857,0.24670334,0.40779036
TEST_02152,3.3775597,1.5423188,0.5476566
TEST_02153,2.9926264,1.375978,-0.46849662
TEST_02154,2.7502322,0.16649197,-0.25590557
TEST_02155,1.8318893,-0.035551645,-0.536068
TEST_02156,4.201867,0.5406308,-0.24639383
TEST_02157,2.5712736,0.56139684,-0.46052474
TEST_02158,3.668007,-1.339046,0.36837465
TEST_02159,4.1217575,1.6870172,-1.3393792
TEST_02160,3.113649,1.3355278,-0.52672255
TEST_02161,4.9255342,2.3271086,0.00060403347
TEST_02162,2.8147964,1.4849312,0.0061860364
TEST_02163,3.4912603,-1.3484823,-0.0029403633
TEST_02164,3.0585341,1.3261155,-0.114280984
TEST_02165,2.6609495,0.81629807,0.43242308
TEST_02166,4.586303,-0.5623932,1.0608437
TEST_02167,1.7209704,0.011316352,-0.48015264
TEST_02168,5.268575,0.7659122,1.3294199
TEST_02169,4.0605326,0.0054949597,-0.21053346
TEST_02170,3.1372452,-0.01426244,0.6469537
TEST_02171,2.1004162,-0.3766811,-0.43944234
TEST_02172,3.5019991,1.207547,-1.0848068
TEST_02173,1.6734811,-0.5147836,0.08838695
TEST_02174,3.5246313,1.2827117,1.3053912
TEST_02175,2.415134,0.09989948,0.4390232
TEST_02176,0.91947633,-0.26093063,0.17908087
TEST_02177,2.4514143,-0.82240194,1.434304
TEST_02178,4.541377,1.550379,1.1173352
TEST_02179,3.9133835,0.8437736,0.9509507
TEST_02180,1.6200956,-0.31196907,0.74454314
TEST_02181,2.6308374,-0.17438766,-0.820089
TEST_02182,1.8698577,0.34403214,0.07149765
TEST_02183,4.339672,-0.36188194,-0.6268104
TEST_02184,1.9537067,-0.17699525,0.47661388
TEST_02185,1.1838732,-0.6308769,0.24349885
TEST_02186,1.1689298,-0.06311648,0.39200422
TEST_02187,3.598407,-0.42865685,-0.03394758
TEST_02188,3.1569445,-0.59845906,0.8530942
TEST_02189,3.7800457,-1.5049077,0.25241095
TEST_02190,2.792583,-0.14615205,0.2538284
TEST_02191,2.0599868,-0.7704692,-0.22393255
TEST_02192,1.348831,-0.20232831,0.27640048
TEST_02193,2.1853724,-0.6085466,-0.16761729
TEST_02194,2.0445855,-0.14176951,-0.009222141
TEST_02195,1.1107187,0.24396683,-0.1564878
TEST_02196,1.3749291,-0.39830777,0.22057329
TEST_02197,2.0599873,-0.81923974,-0.057330146
TEST_02198,3.5662038,0.55285263,1.279495
TEST_02199,5.8590903,-1.2227241,0.5141012
TEST_02200,4.1080155,-0.10312196,0.13155268
TEST_02201,3.4494874,-0.5686413,0.5448129
TEST_02202,1.3136674,0.8294585,0.0948261
TEST_02203,3.542412,0.956261,-1.1472946
TEST_02204,1.3819828,-0.5133772,0.13424298
TEST_02205,2.7710369,-0.9712986,-0.8624359
TEST_02206,3.5109658,0.25085762,0.12149492
TEST_02207,1.9612432,-0.28700787,0.13400011
TEST_02208,5.3036313,0.9403467,0.07936326
TEST_02209,2.6914425,0.29644588,0.12363273
TEST_02210,2.6533897,0.33529657,-0.7646719
TEST_02211,4.377319,0.28066534,0.09014631
TEST_02212,1.3523599,0.007729321,0.3886863
TEST_02213,2.5343993,-0.19955748,0.19603615
TEST_02214,2.800293,0.010313614,0.9658463
TEST_02215,2.0029986,0.10682302,0.55878997
TEST_02216,2.596569,0.14234397,0.842126
TEST_02217,2.2082562,-0.03779416,0.8538925
TEST_02218,3.0144644,1.0731966,1.5618104
TEST_02219,3.992454,1.0400732,-0.65671027
TEST_02220,2.4829428,-0.886991,-0.6115414
TEST_02221,1.2279631,0.3777194,0.51009667
TEST_02222,1.9595544,-0.38895306,0.36362523
TEST_02223,3.802057,0.5887422,0.9282382
TEST_02224,3.0750592,-0.03547662,-0.122641474
TEST_02225,1.6818432,0.9885177,0.24468435
TEST_02226,1.3925178,0.39778882,0.24853177
TEST_02227,3.3359294,0.47435734,0.38407165
TEST_02228,2.9366765,0.79895115,-0.39108592
TEST_02229,1.5207201,-0.58893055,0.98395634
TEST_02230,4.0231857,-1.471407,0.22666632
TEST_02231,2.0957434,-0.35523307,0.12364693
TEST_02232,3.1169739,0.56253487,-0.08652297
TEST_02233,3.7837253,1.3531717,1.0253558
TEST_02234,3.5096123,0.31734425,1.3361846
TEST_02235,2.2361057,-0.3860426,-0.04339623
TEST_02236,1.5168079,0.095759824,0.20502268
TEST_02237,3.4124868,-0.61806566,-1.1076263
TEST_02238,1.0908613,0.17679073,-0.21420698
TEST_02239,3.2799573,1.4884367,-0.7416725
TEST_02240,4.271957,-1.8757666,0.8699562
TEST_02241,5.137925,-1.009356,0.687177
TEST_02242,1.1392031,-0.46022964,-0.54952776
TEST_02243,2.5769231,0.6305615,-0.040729016
TEST_02244,2.1522934,0.7925031,-0.026619084
TEST_02245,1.4806489,-0.2067633,-0.5479503
TEST_02246,2.3947725,-0.19904408,-0.13477328
TEST_02247,4.668504,0.33440915,-0.18564822
TEST_02248,1.8537554,1.1838943,-0.6847707
TEST_02249,2.017306,0.124480955,-0.36246648
TEST_02250,2.8996706,0.30372652,-0.72519416
TEST_02251,2.3840683,-0.28940195,0.29917747
TEST_02252,4.1500306,-1.4448984,1.2310677
TEST_02253,1.523209,0.030915624,0.14155315
TEST_02254,2.7746525,0.78347826,0.37868243
TEST_02255,3.4298916,0.34505582,0.27079168
TEST_02256,3.4212997,0.3679645,1.0040503
TEST_02257,3.154041,0.85539836,-0.22792318
TEST_02258,2.3403249,0.29411837,0.007186688
TEST_02259,4.1170754,1.0239186,0.16048895
TEST_02260,2.866756,-0.022541445,0.07688984
TEST_02261,3.1221213,-0.14955157,0.105480224
TEST_02262,2.328974,0.071807474,-0.3122202
TEST_02263,3.9789524,0.40737158,-0.064178325
TEST_02264,3.9461548,0.039221026,0.15374194
TEST_02265,3.6527777,0.4123369,1.6752968
TEST_02266,1.3090793,0.08813251,0.31347233
TEST_02267,3.2449293,-0.14151055,-0.376527
TEST_02268,2.0472794,0.40474433,0.30467653
TEST_02269,4.8388143,-1.4127449,0.808694
TEST_02270,3.2093172,-1.4057612,0.46747553
TEST_02271,2.9973726,0.94878787,-0.64521986
TEST_02272,2.7080233,0.47934532,0.5761071
TEST_02273,1.629,-0.82122797,0.18941711
TEST_02274,3.4898696,0.019908618,-0.67254066
TEST_02275,0.98012376,-0.31321332,0.2718072
TEST_02276,3.725868,-1.1092324,1.0097502
TEST_02277,3.8146188,1.0467184,-0.20175432
TEST_02278,1.3171289,-0.19474639,0.5150584
TEST_02279,4.4922023,1.1308249,-1.1952857
TEST_02280,3.967863,0.7655581,-0.45455128
TEST_02281,3.2066584,-0.2682657,0.8831625
TEST_02282,4.2207694,-0.49783367,-0.53687876
TEST_02283,2.243843,0.40994424,0.08858856
TEST_02284,1.7359275,-0.41510826,0.29558322
TEST_02285,2.6576364,-1.0279151,0.2887522
TEST_02286,4.612238,0.1905102,0.2819413
TEST_02287,3.840371,0.87840563,-0.4136569
TEST_02288,1.1686257,-0.34257615,-0.103487924
TEST_02289,3.5770912,-0.12963314,-0.34721452
TEST_02290,2.2002513,-0.13696465,-0.24546397
TEST_02291,2.1991575,0.41469076,0.72456884
TEST_02292,1.3359123,-0.55841357,-0.15723167
TEST_02293,2.6749024,0.4964079,-0.29124358
TEST_02294,1.326843,-0.7973527,-0.5270805
TEST_02295,2.6845012,0.5232721,-0.029642615
TEST_02296,2.4876647,-1.7985259,-0.18309847
TEST_02297,1.7947288,0.4203218,0.6210064
TEST_02298,2.2363474,-0.9615574,0.41940755
TEST_02299,2.8146312,1.1854248,0.16208711
TEST_02300,2.301834,-0.6955096,0.24217351
TEST_02301,2.1413946,-0.17852414,-0.30311972
TEST_02302,2.0358448,-0.35316443,-0.040433366
TEST_02303,1.583175,0.08383963,0.10551783
TEST_02304,1.9963759,0.27194655,0.101285584
TEST_02305,2.5782673,-0.72369754,0.5768187
TEST_02306,2.7705216,0.4507553,0.13064796
TEST_02307,2.6119707,-0.5685538,0.47196406
TEST_02308,2.1252234,-0.5558259,0.456368
TEST_02309,2.83329,-0.14775218,-0.36962515
TEST_02310,3.278159,0.65072167,-0.36724466
TEST_02311,1.7483412,-1.0162582,-0.20856404
TEST_02312,2.2541785,-0.1968554,-0.11849187
TEST_02313,3.0777667,0.6543629,0.018339148
TEST_02314,2.7303734,-0.0049163923,0.13206355
TEST_02315,2.3712225,-0.77992857,-0.9446644
TEST_02316,4.0783124,0.6534337,0.38426316
TEST_02317,2.346842,1.1732792,0.5802519
TEST_02318,3.099093,-1.4712664,0.15293406
TEST_02319,5.745945,-1.0343037,0.36379364
TEST_02320,4.709647,-0.4897314,1.1376127
TEST_02321,2.7529726,0.55543226,-0.12045817
TEST_02322,4.595418,-0.14705178,-0.6354164
TEST_02323,2.4730172,-0.4094045,0.31067678
TEST_02324,2.5267475,-1.0002769,-0.8458121
TEST_02325,2.5322888,-0.16444865,0.34269553
TEST_02326,4.788218,-0.38575038,-0.14371152
TEST_02327,3.9939933,0.9892713,-0.521115
TEST_02328,5.2323456,-0.39846057,0.35243562
TEST_02329,4.234431,-0.5909907,-0.22531904
TEST_02330,1.1718943,-0.15742087,0.095402084
TEST_02331,1.509385,-0.19178826,-0.20761016
TEST_02332,4.2907414,-1.4786285,1.9530212
TEST_02333,0.7094929,0.24344108,-0.19492707
TEST_02334,2.8649852,-0.8074123,0.6983504
TEST_02335,3.1267624,-0.7720016,-0.45888683
TEST_02336,2.6673522,-1.427238,-1.0202398
TEST_02337,3.0427852,0.24180335,0.7365801
TEST_02338,3.3924956,-1.1286682,-0.7280875
TEST_02339,2.984394,0.7579421,0.57821375
TEST_02340,1.3499013,0.2332387,0.41782504
TEST_02341,1.6675812,-0.36180794,0.6801478
TEST_02342,1.839394,0.12332781,-0.15689065
TEST_02343,4.289192,-0.4879875,0.25587192
TEST_02344,3.447873,0.26531562,0.21827814
TEST_02345,4.942761,1.5666672,1.8245488
TEST_02346,1.5455807,0.73552746,-0.13004659
TEST_02347,2.85537,0.42050877,0.2549414
TEST_02348,2.8820436,-1.1167129,-0.99915236
TEST_02349,2.6401284,1.8305321,1.4064347
TEST_02350,2.605874,-0.63220084,0.73970896
TEST_02351,2.1685147,-0.78023297,-0.22840881
TEST_02352,2.42422,-1.5640976,0.3834155
TEST_02353,2.1224966,-0.6554538,-0.2718842
TEST_02354,2.2542768,-0.4050746,0.42132187
TEST_02355,1.1387773,-0.032464236,0.22986175
TEST_02356,3.8047812,1.7933543,1.4694104
TEST_02357,2.1125517,-0.391034,0.5683913
TEST_02358,3.4221365,-1.02312,-0.7690719
TEST_02359,5.0183673,-0.94298244,-0.17999184
TEST_02360,2.1219933,0.6669569,-0.21313119
TEST_02361,1.926723,1.3239316,-0.014739042
TEST_02362,3.9473605,0.7200644,0.02864566
TEST_02363,2.1623025,-0.081933975,-0.6877802
TEST_02364,1.5669856,-0.10488034,0.20521322
TEST_02365,1.9228698,0.20079342,-0.0744428
TEST_02366,4.0768523,0.11265612,-0.39690927
TEST_02367,3.227028,0.6887677,-0.21933867
TEST_02368,3.4645364,0.38503072,-0.89227235
TEST_02369,3.383611,-0.20550537,-0.3013428
TEST_02370,1.8600528,-0.22615409,0.39712134
TEST_02371,2.6030304,0.010811137,-0.31374365
TEST_02372,2.4178255,-0.39638352,-0.11733044
TEST_02373,2.8722079,-0.30788988,-0.5234663
TEST_02374,2.5446882,-0.94030064,1.1213629
TEST_02375,3.6057045,0.27327517,-0.07574312
TEST_02376,2.636657,0.096484765,0.85092354
TEST_02377,2.8950055,-0.25119716,1.1510932
TEST_02378,2.0925415,0.33413535,-0.36842006
TEST_02379,1.7193624,-0.9993993,0.58543664
TEST_02380,1.9249399,0.6569355,0.10766835
TEST_02381,1.6071883,-0.42071608,-0.409913
TEST_02382,1.6092929,0.35732946,0.31045988
TEST_02383,1.4576206,-0.19669059,0.31747073
TEST_02384,3.687847,-0.294596,0.81381273
TEST_02385,2.3484972,-1.8988633,-0.17668453
TEST_02386,1.7600485,0.041204542,0.16731356
TEST_02387,2.6086771,0.27295017,0.30425376
TEST_02388,2.866603,0.6812346,-0.7231647
TEST_02389,4.613361,0.019955128,0.9764109
TEST_02390,5.261928,-0.16614959,1.0734603
TEST_02391,2.7173023,0.3318663,0.6145873
TEST_02392,2.100919,0.62248546,0.26820794
TEST_02393,2.7240224,1.4874147,0.80240446
TEST_02394,3.0796034,-0.07027393,0.45117188
TEST_02395,1.4633563,0.6351406,0.35126325
TEST_02396,2.235623,0.7225164,0.0044421013
TEST_02397,3.9872897,-0.9965975,0.43590558
TEST_02398,1.8299477,-0.34301555,-0.5378997
TEST_02399,3.3600118,1.0909544,1.4799725
TEST_02400,3.1269348,1.1893984,0.3063356
TEST_02401,3.5198503,-0.26726797,-0.8224032
TEST_02402,3.9868338,-0.8462268,-0.76519287
TEST_02403,1.9108075,0.5450491,0.48510438
TEST_02404,3.0964563,0.91117865,-0.75783116
TEST_02405,1.6251103,0.06835604,-0.011314614
TEST_02406,2.708801,0.6335218,0.14443879
TEST_02407,2.0109909,-0.86676437,0.07128985
TEST_02408,2.1705835,1.6464022,-0.5160886
TEST_02409,2.8526344,0.38609523,-0.5213164
TEST_02410,2.4169676,-0.09679914,0.01252955
TEST_02411,1.6548251,0.31080127,-0.42878816
TEST_02412,1.5632163,-0.53082067,-0.39344785
TEST_02413,1.7871674,-0.42282134,0.28398263
TEST_02414,3.4973764,0.52841514,1.8640491
TEST_02415,2.0488305,-0.08253233,0.1922594
TEST_02416,1.513904,-1.2570306,-0.22302978
TEST_02417,2.5485718,-1.2982866,0.22321415
TEST_02418,5.1243925,0.3724131,1.3991752
TEST_02419,3.0322566,1.5856662,-0.09129079
TEST_02420,2.7162554,0.29222625,0.34792125
TEST_02421,3.4592242,-0.11388866,0.35945404
TEST_02422,1.7593356,0.18354124,0.22882
TEST_02423,2.1932526,0.8514209,-0.31746343
TEST_02424,3.243577,-0.07943607,0.12232125
TEST_02425,2.203735,0.037102986,1.13855
TEST_02426,3.3678515,-0.7521302,-0.4196223
TEST_02427,1.9359962,0.013866352,0.64764
TEST_02428,2.1309268,0.46170557,0.1911211
TEST_02429,3.5109282,0.52910143,0.08813387
TEST_02430,2.0515015,0.36257604,0.10939245
TEST_02431,2.5349243,0.5755273,0.029194005
TEST_02432,2.273314,0.13735358,-0.42089725
TEST_02433,3.6723895,-0.11916025,0.5643372
TEST_02434,1.5545594,-0.04608365,0.036909908
TEST_02435,1.2488133,0.43878978,0.20280503
TEST_02436,2.0063665,-0.24015829,0.60527617
TEST_02437,2.1314304,-1.1947317,0.08199993
TEST_02438,2.7794976,0.9991912,-0.21882388
TEST_02439,2.0617185,1.4726287,-0.6300108
TEST_02440,2.8547397,1.8118298,-0.66248935
TEST_02441,2.3714879,1.8363503,-0.8589999
TEST_02442,1.2176191,-0.5840044,0.400503
TEST_02443,2.0188158,1.9847233,0.85997826
TEST_02444,3.1738694,0.011322597,0.21703053
TEST_02445,1.9265093,0.41457674,-0.17356052
TEST_02446,1.1715344,-0.29292443,-0.16369084
TEST_02447,1.7428688,0.12125905,-0.3872463
TEST_02448,3.5169406,-1.1824157,0.0557802
TEST_02449,2.1558256,0.47604945,0.13402697
TEST_02450,2.1481717,0.35336837,-0.062005375
TEST_02451,3.2742279,-0.063292235,-0.068602294
TEST_02452,4.6826,1.4320711,0.66012967
TEST_02453,3.1047082,-0.21086968,0.3579171
TEST_02454,3.5698433,1.2568985,-1.1825242
TEST_02455,3.5386646,-1.1700981,1.1093613
TEST_02456,2.9569337,1.1549165,0.28580698
TEST_02457,2.2309453,0.08003612,0.062352955
TEST_02458,4.485412,-1.3938612,-0.5214205
TEST_02459,3.0248094,0.32323414,-0.66539276
TEST_02460,2.2587116,-0.059074055,0.6443667
TEST_02461,3.4465933,-0.26320454,1.044907
TEST_02462,2.395056,-0.3286578,0.3536784
TEST_02463,2.8825083,0.13769418,0.5601258
TEST_02464,3.7332537,-0.07938265,0.29575482
TEST_02465,3.6611037,-0.39589158,0.47629094
TEST_02466,1.8840691,-0.54127854,0.6531054
TEST_02467,2.913746,0.20736797,-0.6287471
TEST_02468,2.4871466,-0.90660655,-0.55071926
TEST_02469,2.8157675,0.7467401,-1.1201711
TEST_02470,2.467188,-0.30072865,0.5766131
TEST_02471,3.1143336,-1.1807425,0.5658871
TEST_02472,2.084033,-0.83231795,0.020167693
TEST_02473,3.3920665,-0.2726759,0.27833295
TEST_02474,2.050773,-0.09973128,-0.00596819
TEST_02475,2.4161992,0.61850137,-0.37427312
TEST_02476,4.648142,-1.5474523,-0.7646604
TEST_02477,3.1597083,-1.1819559,0.061837994
TEST_02478,3.65771,-0.09975743,0.9373399
TEST_02479,4.8005214,0.3972038,-0.16545966
TEST_02480,4.021236,-0.72183233,-1.1391193
TEST_02481,4.639538,0.045872144,-0.52608687
TEST_02482,2.3141637,0.47164392,-0.3510822
TEST_02483,2.0456736,1.0671003,0.32837456
TEST_02484,3.4321964,-0.05052855,-0.5057909
TEST_02485,1.8682588,0.7672675,-0.47633326
TEST_02486,2.7105737,-0.46944642,-0.8992942
TEST_02487,2.749965,-0.8417071,-0.26935312
TEST_02488,5.4325542,-0.3020671,1.2063799
TEST_02489,2.0940406,-0.110398374,-0.047699682
TEST_02490,1.1025629,-0.16573745,0.093081325
TEST_02491,3.4964416,0.38750374,-0.64280134
TEST_02492,3.0516472,1.0747607,0.26395595
TEST_02493,2.5308251,0.34002876,0.24639362
TEST_02494,1.675657,1.0342504,0.47125193
TEST_02495,3.439545,-1.2740687,1.1806916
TEST_02496,2.779811,-0.8426007,1.3399295
TEST_02497,3.2281587,1.5369443,-0.4798519
TEST_02498,1.4175771,0.50711197,-0.44976556
TEST_02499,2.5310216,-1.1739514,-0.1817832
TEST_02500,2.5203412,-0.6318727,0.08498102
TEST_02501,3.1052098,0.34776047,-0.46326536
TEST_02502,1.4679757,0.43235055,0.23771046
TEST_02503,2.1122086,0.2963655,-0.59006476
TEST_02504,2.106279,-0.60484374,1.0231392
TEST_02505,1.9868962,0.89806455,0.33585012
TEST_02506,2.4819918,-0.3477447,0.45165974
TEST_02507,1.1760663,0.45987824,-0.15939894
TEST_02508,2.1863148,-0.5041267,0.100883015
TEST_02509,4.300945,0.8408911,-0.39805192
TEST_02510,5.2044053,-1.6333381,1.8170851
TEST_02511,1.3790619,-0.3207005,-0.0355602
TEST_02512,3.0349796,0.1702922,0.14351754
TEST_02513,3.756565,-1.6408414,-0.5120055
TEST_02514,2.0581036,0.44555196,0.012248348
TEST_02515,1.6744466,-0.095242776,-0.2566511
TEST_02516,3.1098633,-1.0464488,1.1338043
TEST_02517,3.2909882,0.23009762,0.3954953
TEST_02518,0.99663013,0.31727532,0.33371192
TEST_02519,3.3141994,-0.3554753,0.91976273
TEST_02520,1.6735363,0.9011235,0.20764163
TEST_02521,1.2552197,-0.40403455,-0.28049055
TEST_02522,3.0519025,-1.2003688,1.1320955
TEST_02523,4.1508183,0.3699958,-1.0708152
TEST_02524,2.3531897,-0.94108796,-0.5320131
TEST_02525,2.611441,-0.041910924,-0.6348014
TEST_02526,3.9271233,-0.8964752,-0.9024235
TEST_02527,1.331497,0.627403,-0.15704939
TEST_02528,2.023149,0.98356193,0.41252133
TEST_02529,2.1270618,0.05952118,0.32562762
TEST_02530,3.1635745,-0.51400906,-0.6432074
TEST_02531,3.1681037,-0.056804106,0.017453805
TEST_02532,1.7591891,0.36543143,0.10475993
TEST_02533,2.106538,0.22371797,0.37496945
TEST_02534,1.9127967,1.350007,-0.16488717
TEST_02535,2.3176117,-1.0776151,0.2767193
TEST_02536,2.3916724,0.7384396,0.6222395
TEST_02537,3.331927,1.6869808,1.4018348
TEST_02538,4.325706,0.43492624,1.3914858
TEST_02539,0.9140301,0.34882563,-0.09265944
TEST_02540,3.4056666,0.032249574,0.9210329
TEST_02541,2.8303568,0.20719808,0.26662222
TEST_02542,1.4272534,0.07928709,0.11917853
TEST_02543,3.7156198,0.24656148,-0.2678294
TEST_02544,2.7365358,-0.2866443,1.1343795
TEST_02545,4.5473657,0.953444,1.0339358
TEST_02546,1.6643463,-0.20430925,0.3682155
TEST_02547,2.9318466,-0.033169877,0.6196839
TEST_02548,3.1001778,-0.0640572,0.5885632
TEST_02549,4.4503818,-0.0015079305,-0.82234186
TEST_02550,1.7134714,-0.9446696,-0.6949631
TEST_02551,2.9439511,0.028369289,-0.11538767
TEST_02552,2.3903658,-0.8084087,0.38007972
TEST_02553,3.04402,-0.08697023,0.40323213
TEST_02554,2.1863658,0.12798665,0.2760117
TEST_02555,2.3760986,0.3948144,-0.057938818
TEST_02556,1.833,0.77923787,-0.2966774
TEST_02557,1.8587508,0.09867194,0.49401933
TEST_02558,2.2521787,-0.5158702,-0.846712
TEST_02559,4.964203,-0.39084235,0.7713581
TEST_02560,4.1035666,1.0764383,0.15656328
TEST_02561,4.3681545,0.8630628,-0.727901
TEST_02562,3.4104245,0.32604477,0.12447318
TEST_02563,3.7621293,-0.35303727,0.62877
TEST_02564,2.7967753,0.5708648,0.15298282
TEST_02565,2.3428278,0.23308112,-0.9470039
TEST_02566,1.0943309,-0.68730736,-0.38603935
TEST_02567,4.7825317,0.117769554,0.57372993
TEST_02568,4.395087,1.0378398,-0.7103166
TEST_02569,3.454651,-0.41216102,-0.595457
TEST_02570,2.4428933,-0.035332315,0.1284603
TEST_02571,1.3830332,-0.15849383,0.05726479
TEST_02572,2.6672068,0.7462406,-0.92895985
TEST_02573,3.0001538,-0.3780474,0.5509391
TEST_02574,2.5761209,-0.7138962,1.087644
TEST_02575,0.9952381,0.1599196,-0.07096896
TEST_02576,2.4425302,-0.33805096,0.61168784
TEST_02577,3.6045299,2.1151385,0.06614387
TEST_02578,5.6213074,0.11587639,1.1581144
TEST_02579,2.7398694,0.73485863,-0.22586851
TEST_02580,2.6142707,-0.58018297,-0.23547825
TEST_02581,1.0486695,-0.34661785,-0.2803121
TEST_02582,1.5631889,0.4907288,0.12296287
TEST_02583,4.4748483,-0.51594204,-0.7101977
TEST_02584,3.8114042,0.091914296,0.17285077
TEST_02585,4.8698397,-1.7705164,0.083502665
TEST_02586,2.3928235,-0.45956013,0.35668382
TEST_02587,2.8431988,-0.43907255,0.40511754
TEST_02588,2.6294577,-0.23286614,0.19916247
TEST_02589,2.1117818,-1.412062,1.0600659
TEST_02590,2.7007563,-1.3602769,-0.06650618
TEST_02591,2.8505046,0.044760037,-0.6113139
TEST_02592,2.1390843,0.7083692,0.6188469
TEST_02593,1.5219417,-0.44573784,0.53022075
TEST_02594,2.0817046,0.3687244,0.04053393
TEST_02595,1.6252481,-0.14111136,-0.105440855
TEST_02596,1.9026268,0.0011164285,-0.012872478
TEST_02597,1.6485287,-0.06573404,0.2709988
TEST_02598,2.7375705,-0.3249528,0.22385341
TEST_02599,5.9270024,1.3734441,0.82193136
TEST_02600,1.9604219,0.6684768,0.24653308
TEST_02601,4.865254,1.430667,0.22578871
TEST_02602,2.9643996,0.8159503,0.4810859
TEST_02603,3.1187706,1.2378325,0.82963437
TEST_02604,2.5809968,-0.32459134,0.10480951
TEST_02605,1.0661455,-0.07330794,-0.2582154
TEST_02606,4.647329,0.19347046,0.46509007
TEST_02607,1.1324953,0.55516255,-0.36166137
TEST_02608,3.0584457,-1.0503603,0.31585878
TEST_02609,4.289307,-0.010975991,1.0122032
TEST_02610,1.3394833,-0.037287306,-0.009266723
TEST_02611,2.6099086,-0.20284851,-0.22658265
TEST_02612,2.2176566,0.35516375,-0.22199579
TEST_02613,1.2410415,0.33402658,0.15977104
TEST_02614,2.649527,0.035466187,-0.5855399
TEST_02615,0.9654032,0.45290145,-0.055467393
TEST_02616,2.3321304,-0.4005233,-1.0076888
TEST_02617,3.5020802,-1.8789846,0.9814739
TEST_02618,4.2381396,1.2059902,0.9877313
TEST_02619,1.597525,-0.18731658,-0.5135051
TEST_02620,2.0931718,-0.76805615,0.077723734
TEST_02621,2.9015949,-0.05397603,-0.36582598
TEST_02622,1.9140406,0.7285838,-0.051902823
TEST_02623,3.723053,-0.33357158,-0.2987225
TEST_02624,4.0606265,0.23771468,0.41045123
TEST_02625,3.1899326,-1.1545382,-0.49732134
TEST_02626,0.88645697,0.06632991,-0.3046689
TEST_02627,4.172607,0.14304048,0.23991941
TEST_02628,1.6237726,-0.74506396,0.3734786
TEST_02629,3.910255,0.6630668,-0.09010404
TEST_02630,4.0598664,-0.9087332,-0.40547282
TEST_02631,3.2651012,-0.442803,0.7189141
TEST_02632,1.5720588,0.58069754,0.4400624
TEST_02633,2.0142772,0.14915949,0.54107934
TEST_02634,2.7371373,0.14570427,-0.4187715
TEST_02635,1.1379006,0.36375156,-0.06404273
TEST_02636,4.6220183,-1.1317474,1.0021096
TEST_02637,1.1777772,-0.29140002,0.28200933
TEST_02638,3.4172125,-1.56375,-0.8354838
TEST_02639,5.301065,-0.56450593,0.15738405
TEST_02640,2.9893458,0.25133705,1.1054746
TEST_02641,1.1210656,-0.88178355,0.16447224
TEST_02642,2.269452,-0.57170856,0.27561036
TEST_02643,1.3203387,0.5193249,0.13796793
TEST_02644,3.1229553,-0.8131888,-0.8550711
TEST_02645,2.2316444,-1.078696,-0.78217185
TEST_02646,4.507008,0.7206316,0.19244461
TEST_02647,1.9539237,0.6552101,0.8228905
TEST_02648,3.8777938,2.036509,0.010562303
TEST_02649,2.5155294,0.120244175,-0.036722623
TEST_02650,1.949514,0.08069107,0.5379288
TEST_02651,2.7730427,0.10053312,-0.0371279
TEST_02652,1.6233777,-0.9337568,-0.6150012
TEST_02653,3.1121278,-0.05332487,-0.40926373
TEST_02654,1.1174906,-0.3816316,-0.2724307
TEST_02655,1.371938,0.42053288,0.19249108
TEST_02656,2.9388022,-1.0340027,0.7198362
TEST_02657,2.7632575,-0.8828162,0.2829701
TEST_02658,4.5827966,-0.13412735,1.004052
TEST_02659,2.1755104,0.76730174,0.25062275
TEST_02660,1.6430175,0.040723436,-0.6174244
TEST_02661,3.4691052,0.12444685,0.8251793
TEST_02662,1.923767,0.20635924,0.0324955
TEST_02663,3.09636,-1.0268152,1.1054142
TEST_02664,1.9254384,-0.36506388,-0.34615514
TEST_02665,5.3601384,1.2950637,0.463269
TEST_02666,2.9010854,-0.28722987,-0.343184
TEST_02667,3.3354816,0.38989076,0.19406943
TEST_02668,3.3330631,0.044351343,-0.26923335
TEST_02669,3.7435722,0.2908588,0.52402914
TEST_02670,4.295404,0.7096834,-0.8348868
TEST_02671,2.6889386,-0.109809734,0.0020377138
TEST_02672,2.327887,-0.13956514,0.5276076
TEST_02673,1.9355124,-0.6860572,0.05223199
TEST_02674,1.7809827,-0.12267698,0.2816632
TEST_02675,2.5041962,-0.5161325,0.4672251
TEST_02676,3.0302365,1.032002,0.32823122
TEST_02677,2.1322808,-0.22934932,0.3241024
TEST_02678,1.2382661,0.15626396,-0.08890079
TEST_02679,3.100995,1.7295194,0.96583986
TEST_02680,2.2772717,-0.9925284,0.17019764
TEST_02681,1.5221128,-1.4747034,-0.35552266
TEST_02682,1.4710999,0.6188802,-0.664684
TEST_02683,1.170695,0.06287575,0.15286875
TEST_02684,2.4608312,1.3783352,-0.59555244
TEST_02685,2.180501,0.34734926,-0.45129302
TEST_02686,1.955123,0.7596922,0.38253245
TEST_02687,4.219304,-0.48860833,0.18169872
TEST_02688,4.818266,-0.6275817,1.1592183
TEST_02689,3.787091,-0.16293044,-0.66519904
TEST_02690,1.4084934,0.32934684,-0.41570726
TEST_02691,2.0276177,0.32091478,0.4069316
TEST_02692,2.1800616,-0.68577564,0.7062651
TEST_02693,2.4168358,-0.18146394,0.2881012
TEST_02694,2.3859603,0.85739267,0.7053615
TEST_02695,2.9557753,0.0054852637,-0.044591043
TEST_02696,2.8672051,0.76588356,1.1002408
TEST_02697,2.3147547,-0.43970332,1.038064
TEST_02698,1.3313018,1.0339756,-0.695063
TEST_02699,3.765091,-1.382561,1.2044395
TEST_02700,2.189076,-0.28494743,0.8119538
TEST_02701,2.1324353,0.1810345,0.6358828
TEST_02702,1.3307976,0.23033908,0.10746487
TEST_02703,3.2272089,-0.6951144,-0.03447726
TEST_02704,2.578576,-0.20613295,-0.2780915
TEST_02705,3.3499742,-1.08071,-0.85043174
TEST_02706,1.2868176,0.17896453,-0.30162102
TEST_02707,2.1127145,-0.18163875,-0.6072311
TEST_02708,2.2608526,0.9874736,0.3024066
TEST_02709,3.23944,1.8604898,0.8301907
TEST_02710,1.5428059,-0.5149893,-0.43868005
TEST_02711,1.9261801,0.97647774,-0.40870243
TEST_02712,1.2322286,-0.19595063,0.07134299
TEST_02713,3.7784333,1.2403715,-1.0450463
TEST_02714,1.228279,0.13467175,-0.0050515365
TEST_02715,1.7539525,-0.14616747,-0.034483112
TEST_02716,4.0980253,1.3016038,0.4110368
TEST_02717,3.1913373,-0.8091322,-0.50879604
TEST_02718,3.501685,-1.7815969,-0.27619618
TEST_02719,3.575378,-0.30281806,-1.4943484
TEST_02720,2.4866815,-0.86733496,-0.4876021
TEST_02721,5.292503,0.6799613,0.7099083
TEST_02722,2.241546,1.1679449,1.0622634
TEST_02723,3.1978972,-0.71497166,0.52940583
TEST_02724,2.6965725,0.42246115,-0.27676964
TEST_02725,1.5903819,-0.53983456,-0.013498089
TEST_02726,2.06641,0.33234966,0.5306973
TEST_02727,1.4658539,-0.51190954,0.38655737
TEST_02728,5.6518054,0.7005766,-0.20448972
TEST_02729,2.354665,-0.22220695,0.52863026
TEST_02730,2.8887677,-0.44911423,0.40727115
TEST_02731,0.9657111,-0.22215024,-0.10792371
TEST_02732,4.8456955,-1.1786406,0.9396994
TEST_02733,2.516578,0.17688306,-0.015734607
TEST_02734,3.0917904,-0.35767335,-1.0351317
TEST_02735,2.4788995,-0.20113832,-0.015909042
TEST_02736,1.3041558,-0.17311022,0.45445916
TEST_02737,2.665397,-0.7017027,-0.100224026
TEST_02738,1.2944902,-0.73156536,0.24866831
TEST_02739,1.7178416,-0.90131354,0.1002282
TEST_02740,1.4004039,-0.3487172,-0.58699965
TEST_02741,1.217047,-0.12682182,-0.28072518
TEST_02742,1.269887,0.44771588,-0.18966226
TEST_02743,3.8653343,0.12140719,-0.46178
TEST_02744,1.3398091,-0.37861007,-0.35898212
TEST_02745,4.2142897,0.8052532,0.103508376
TEST_02746,2.0673592,0.44596505,0.506584
TEST_02747,3.6900995,-0.41811153,0.684962
TEST_02748,1.8897246,-0.011899624,0.081242196
TEST_02749,4.5369687,0.7045517,0.87650126
TEST_02750,3.1271293,1.1844366,-0.3740537
TEST_02751,1.4762007,-0.7276518,-0.096228
TEST_02752,0.799665,0.031813964,-0.123542756
TEST_02753,1.9051231,-0.43904468,-0.005963575
TEST_02754,3.5776331,0.4346009,-0.9822837
TEST_02755,1.9687971,-0.8291208,-0.21198608
TEST_02756,3.9984152,-1.2427955,-0.33837968
TEST_02757,1.5223377,-0.20327388,0.08194386
TEST_02758,2.1224518,0.43017575,-0.66174585
TEST_02759,2.4680588,-1.1666361,-0.88387656
TEST_02760,2.5962589,1.4370766,0.5516808
TEST_02761,3.7663224,1.7110499,0.86650044
TEST_02762,1.5453748,-0.86320406,0.73303837
TEST_02763,2.0337493,-0.069977716,0.56223553
TEST_02764,2.9361033,0.94070405,0.11529191
TEST_02765,1.8038837,0.192521,-0.5396275
TEST_02766,4.0937123,0.76753336,0.1682506
TEST_02767,1.6929307,0.18995483,0.26198223
TEST_02768,2.7703924,-0.07973715,-0.16960248
TEST_02769,2.5685112,-0.033306953,0.013815834
TEST_02770,2.0159366,-0.5460225,0.2805447
TEST_02771,1.9873166,0.10633395,0.26484895
TEST_02772,4.9550734,0.0071027614,0.9735364
TEST_02773,2.5921311,-0.19520481,0.20543098
TEST_02774,3.1616695,-0.92043215,-0.7643518
TEST_02775,1.8182122,-0.26553056,0.054771274
TEST_02776,1.5018278,-0.25890395,0.38193554
TEST_02777,3.7339294,1.9016747,1.8283633
TEST_02778,1.7326236,-0.12904525,0.56475365
TEST_02779,4.3387384,-0.39723927,-0.2043651
TEST_02780,2.647676,0.56078565,-0.8970133
TEST_02781,2.8176594,-0.36322507,-0.5936447
TEST_02782,1.2633734,0.21088985,-0.041371554
TEST_02783,3.2419345,-0.59794694,-0.29813236
TEST_02784,4.20862,-0.8062271,-0.5737819
TEST_02785,5.388582,-0.14348623,0.6357882
TEST_02786,2.7410903,-0.07846743,-0.05499074
TEST_02787,1.1654515,0.0253722,0.22216116
TEST_02788,2.2001395,0.46483627,-0.09123127
TEST_02789,4.407934,1.5861257,-0.33176276
TEST_02790,5.049702,-0.4823789,0.6096052
TEST_02791,1.920126,0.12924632,0.19978423
TEST_02792,1.343526,0.2241457,0.3382477
TEST_02793,2.1177213,-0.18665485,0.25757208
TEST_02794,2.5341525,-0.32814458,0.40176073
TEST_02795,1.9998806,0.33745682,0.30949783
TEST_02796,3.270896,-0.53448915,0.07277349
TEST_02797,1.8069036,-0.8552123,0.06854446
TEST_02798,1.8229567,-1.0906597,-0.8523986
TEST_02799,3.3158875,1.0020747,-0.7905041
TEST_02800,3.306898,0.49940616,0.033854775
TEST_02801,1.559524,-0.13491394,-0.1516555
TEST_02802,3.271237,-1.7338572,1.2470653
TEST_02803,1.0931233,-0.6122637,0.37660047
TEST_02804,2.9433885,-0.75493073,0.07955223
TEST_02805,2.7016091,0.07560326,-0.19444053
TEST_02806,5.0216413,-0.13533776,0.33939502
TEST_02807,3.5716586,0.013877607,-0.7905309
TEST_02808,4.913976,0.2754339,-0.057260633
TEST_02809,2.4911532,0.2524894,-0.23112278
TEST_02810,3.4710293,0.55614114,1.1635419
TEST_02811,1.9524567,0.42805058,0.39302996
TEST_02812,2.4125664,-0.1519082,-0.3847521
TEST_02813,1.9533474,0.10900229,0.13857283
TEST_02814,2.1974616,-0.39773297,-0.41185942
TEST_02815,3.0488138,0.16274917,0.3621788
TEST_02816,2.6829157,0.088651404,1.374288
TEST_02817,3.6530182,-1.8722273,0.13433541
TEST_02818,3.4857793,-0.3031547,0.89408535
TEST_02819,1.7738618,-0.55547583,-0.077485144
TEST_02820,2.8534293,0.5814429,-0.12513387
TEST_02821,2.5732174,0.1357807,-0.4907133
TEST_02822,1.5705937,0.3743991,-0.46178493
TEST_02823,1.9907612,-0.5673532,0.7446074
TEST_02824,1.8366839,0.039356153,-0.7484617
TEST_02825,3.7100527,-0.109538525,0.46634236
TEST_02826,2.652763,0.23395419,-0.10119507
TEST_02827,2.2322414,-0.40289646,0.39312857
TEST_02828,2.8918004,-0.17034036,0.44179264
TEST_02829,4.587293,1.1325005,0.9170315
TEST_02830,1.8307668,1.2474873,0.5615361
TEST_02831,3.1044793,0.8853963,-0.4608181
TEST_02832,1.2507281,-0.33897635,-0.1760437
TEST_02833,3.5333738,1.251548,1.2815541
TEST_02834,2.954118,0.1782393,-0.1636602
TEST_02835,2.4420314,0.45643407,-0.0007475186
TEST_02836,2.2267447,-0.1732669,-0.44103196
TEST_02837,2.1961217,0.27663943,0.75180966
TEST_02838,1.387711,0.22922952,-0.40664658
TEST_02839,3.6630166,1.2910482,-1.0487034
TEST_02840,3.4288244,-0.91261923,-0.015753787
TEST_02841,4.5192347,1.2677935,1.4756217
TEST_02842,3.5121174,-0.69517446,0.87092453
TEST_02843,3.3915076,1.8623325,-0.7753048
TEST_02844,3.3901145,-0.1756739,-0.30524468
TEST_02845,1.6808374,0.7749189,-0.36114204
TEST_02846,4.556872,0.95520157,-0.5753658
TEST_02847,2.619795,-0.16609365,0.0080547845
TEST_02848,1.4173367,-1.2882968,0.027743
TEST_02849,3.7376592,0.19678354,0.70865303
TEST_02850,2.1844525,0.31899863,0.33473313
TEST_02851,4.130372,0.19267139,0.9742967
TEST_02852,3.862756,-0.68767697,1.0234292
TEST_02853,1.0282145,-0.32059422,0.2276412
TEST_02854,0.9839783,-0.76486987,0.1425563
TEST_02855,1.8027725,0.07864234,-0.3410996
TEST_02856,1.6302727,-0.053386375,0.45731673
TEST_02857,2.304707,0.45086968,0.48475552
TEST_02858,2.0632145,-1.036318,0.5299967
TEST_02859,3.9360514,0.8871261,-0.55876225
TEST_02860,0.7045666,-0.39554843,0.3605355
TEST_02861,2.900116,0.14017361,0.41452828
TEST_02862,1.9358523,-0.15523076,0.16292027
TEST_02863,3.5445938,-0.5244245,0.9241315
TEST_02864,4.073543,0.6098321,0.83058596
TEST_02865,3.4364843,-0.21196014,-0.3392965
TEST_02866,2.6644626,-0.25384885,0.46875286
TEST_02867,3.1694796,0.031433538,-0.97585934
TEST_02868,3.0515192,-0.1505458,0.07009205
TEST_02869,1.6726393,-0.233456,0.85276914
TEST_02870,4.586025,-0.056482654,0.75124234
TEST_02871,0.98153317,-0.6909111,-0.2138127
TEST_02872,2.9713373,1.1936946,-0.7732562
TEST_02873,2.4072258,0.4377709,0.2267766
TEST_02874,2.3981152,-0.24873987,-0.028215002
TEST_02875,0.87943685,0.11138445,0.2744249
TEST_02876,1.5069133,0.435776,0.44362712
TEST_02877,3.101141,-1.3958899,0.5891975
TEST_02878,1.8447638,0.028585121,-0.49819016
TEST_02879,2.4606757,1.2410008,0.411348
TEST_02880,2.8121321,1.4849856,-0.7393199
TEST_02881,4.9046235,-1.8326638,0.39421007
TEST_02882,4.041566,0.09460223,-0.70692563
TEST_02883,2.3087437,0.2349453,0.13139047
TEST_02884,2.6045792,0.114475995,0.29549724
TEST_02885,2.0823624,0.23221232,0.350458
TEST_02886,2.907579,-1.0448396,-0.6890553
TEST_02887,4.284409,-0.029201757,-0.6774271
TEST_02888,5.849457,-0.09897213,0.9265263
TEST_02889,3.8675432,0.46971837,0.09179284
TEST_02890,3.2236369,0.25147933,-0.08467887
TEST_02891,1.4921764,-0.014784578,0.027211193
TEST_02892,2.414992,0.87637144,0.8736376
TEST_02893,2.8422728,-0.24877356,0.09684205
TEST_02894,1.9862736,0.0152917495,0.06509304
TEST_02895,1.7335786,-0.32599527,-0.19581547
TEST_02896,2.4517756,-0.545206,1.0493505
TEST_02897,3.054868,0.74213016,-0.17523135
TEST_02898,4.4475956,-0.5434539,-0.17536497
TEST_02899,3.3298402,-0.4481711,-0.05364627
TEST_02900,2.8509233,0.52302015,0.3045927
TEST_02901,3.6601923,-0.42829812,0.04045716
TEST_02902,1.4714768,-0.36822864,0.28991497
TEST_02903,1.0757594,-0.3006652,0.23753132
TEST_02904,1.8832344,-0.3153422,-0.2687733
TEST_02905,1.5740287,-0.041481767,0.9187944
TEST_02906,2.431701,-0.18291786,0.34127676
TEST_02907,4.499386,-0.04222984,0.64474005
TEST_02908,2.6076138,-0.16158763,0.10356414
TEST_02909,4.0517282,0.34640005,0.4601037
TEST_02910,3.5844011,1.796141,-0.15009454
TEST_02911,1.6585423,0.4614218,-0.20743112
TEST_02912,3.8110015,-1.5832584,1.832747
TEST_02913,2.8387046,0.24969876,0.5941291
TEST_02914,2.4375374,0.1578637,0.03160257
TEST_02915,1.8950956,-0.109619245,-0.40945882
TEST_02916,3.722441,-1.0928339,-0.043119468
TEST_02917,2.7484655,-1.4720298,0.6069297
TEST_02918,2.9042776,-0.55717415,-0.7472217
TEST_02919,4.3717175,1.4138682,1.8107772
TEST_02920,4.239665,-1.4314039,0.80349284
TEST_02921,4.6091056,0.20916434,0.32027805
TEST_02922,2.3544831,1.7145245,0.32937318
TEST_02923,3.5871828,0.30266067,0.10185484
TEST_02924,1.4413245,-0.039754733,0.48844087
TEST_02925,1.1161587,0.24261293,0.07095861
TEST_02926,2.2574341,-0.84045184,-0.30194157
TEST_02927,4.9084387,-1.1526468,0.22586833
TEST_02928,1.5300611,0.2603767,-0.29397964
TEST_02929,3.7212682,-0.1295394,-0.4438148
TEST_02930,2.1836193,-0.0104357,0.14935106
TEST_02931,1.8316399,-0.33606654,-0.14762568
TEST_02932,1.5992169,-0.12463463,-0.026577812
TEST_02933,2.6933079,-0.185913,0.26039776
TEST_02934,3.4164867,1.5370682,1.2925084
TEST_02935,0.7926873,0.024569266,-0.2748527
TEST_02936,2.0096958,0.9955145,0.24490808
TEST_02937,1.4738333,-0.54459953,0.112885565
TEST_02938,4.0341225,-0.19579923,1.0993719
TEST_02939,3.1284604,-1.4447275,1.0799661
TEST_02940,2.466427,0.19344991,-0.05073657
TEST_02941,2.290814,-0.26223797,0.11469512
TEST_02942,2.2536519,-0.76138806,-0.7916014
TEST_02943,3.9860654,0.64109576,-0.933435
TEST_02944,0.96544796,0.32569963,-0.20566313
TEST_02945,4.9519906,1.4403182,-0.8651079
TEST_02946,2.5476716,0.19391035,-0.03972944
TEST_02947,1.9975555,0.32355914,0.36114407
TEST_02948,1.7053355,-0.6135251,0.24164724
TEST_02949,3.521428,-0.6325722,0.82417315
TEST_02950,0.9659359,0.38124847,0.27069682
TEST_02951,2.3252378,0.4386136,-0.24580191
TEST_02952,2.5686615,0.35512763,-0.064099
TEST_02953,4.0623174,1.4055976,0.7633086
TEST_02954,1.5413301,0.2417555,-0.053296402
TEST_02955,2.387557,-1.0339313,0.07649076
TEST_02956,3.7008705,1.17497,0.8606539
TEST_02957,2.762463,0.94090784,0.26930362
TEST_02958,1.28229,0.49395746,0.20199484
TEST_02959,5.333097,-0.4972025,-0.38513005
TEST_02960,3.9658916,1.4587085,-1.1561291
TEST_02961,2.8647509,1.1040775,0.20696265
TEST_02962,1.9418151,-1.0965091,-0.6571764
TEST_02963,3.6791608,1.2537363,0.8722114
TEST_02964,3.3915489,1.0061071,-0.05558625
TEST_02965,2.641041,-0.71327126,0.5770452
TEST_02966,4.32864,0.40837917,0.00053330767
TEST_02967,2.2884676,-1.0726997,0.53259265
TEST_02968,3.5113764,-2.0693033,0.5265615
TEST_02969,1.8892299,-0.46760857,0.09724492
TEST_02970,2.9952943,-0.10141875,1.0731525
TEST_02971,0.9196085,0.15825815,-0.2865713
TEST_02972,1.6862363,-0.58590823,-0.81095177
TEST_02973,1.5358516,0.2306773,-0.038196757
TEST_02974,2.8843026,0.1025872,0.27558997
TEST_02975,2.6955037,-0.43867174,-0.56667495
TEST_02976,1.0019114,-0.7963429,0.35546106
TEST_02977,3.2003033,0.57590604,-0.6229921
TEST_02978,2.3145194,-1.058899,0.11213552
TEST_02979,1.6200964,0.27506208,0.011293646
TEST_02980,1.5385934,0.36178437,0.032912437
TEST_02981,2.4650931,0.123790115,0.44744986
TEST_02982,1.519313,0.5289082,-0.011769979
TEST_02983,3.1064925,0.5538389,-0.12457497
TEST_02984,3.403824,-0.116363354,0.2333682
TEST_02985,3.733315,-0.5794395,-0.39646274
TEST_02986,2.9407406,0.5585092,-0.18906027
TEST_02987,3.9138508,-0.38046795,-1.1339178
TEST_02988,1.5990518,0.34355637,0.22412214
TEST_02989,4.460641,0.073427856,-0.9218558
TEST_02990,2.40168,-0.6595188,1.0252388
TEST_02991,2.6374736,-0.30601063,0.027235385
TEST_02992,2.940958,0.91285336,0.43008107
TEST_02993,2.3188956,-0.60133564,0.4995272
TEST_02994,1.5895987,-0.54798716,0.2854093
TEST_02995,2.0735633,-0.34393662,-0.39960223
TEST_02996,4.405854,-1.3333989,-0.77473545
TEST_02997,3.0399375,1.9556795,1.039515
TEST_02998,1.5427755,-0.90937805,0.14169759
TEST_02999,3.4004424,-0.34620664,-1.4209615
TEST_03000,3.9365952,0.3278079,0.46802586
TEST_03001,3.1882427,1.3597602,0.2849376
TEST_03002,1.8314569,-1.2577891,-0.73916
TEST_03003,4.192145,-0.5396504,1.3475525
TEST_03004,3.183476,0.9087274,-0.76020133
TEST_03005,1.3423487,0.47470123,-0.05161523
TEST_03006,4.9205446,0.42393398,-0.3168731
TEST_03007,4.355722,-1.4921991,1.2016273
TEST_03008,4.043259,1.4693375,-0.46375677
TEST_03009,4.325074,0.18806437,-1.0015166
TEST_03010,2.6669364,0.016222917,0.19667095
TEST_03011,1.6978774,-0.4258629,0.29074305
TEST_03012,2.9014797,-0.0044621928,-1.2077366
TEST_03013,1.2284496,-0.05017809,0.054695312
TEST_03014,3.1011798,-0.055529144,0.19337255
TEST_03015,1.4255954,-0.02112497,0.040537845
TEST_03016,2.5121055,-0.045788966,-0.8819406
TEST_03017,3.6565933,-0.5670233,1.130107
TEST_03018,2.3552637,-0.42047682,1.2232565
TEST_03019,2.3654375,-0.06587304,0.73933893
TEST_03020,1.1126065,-0.5643911,0.076928124
TEST_03021,2.1443007,-0.6246104,-0.25394014
TEST_03022,1.3104725,-0.32356364,0.11709687
TEST_03023,1.3603944,-0.21847682,0.44903925
TEST_03024,3.3492126,-0.3949353,1.238039
TEST_03025,3.6752722,-1.2571324,0.79032415
TEST_03026,3.168104,0.09581779,0.37498873
TEST_03027,2.712222,0.046125367,-0.07332371
TEST_03028,1.9520203,-0.270893,0.19422986
TEST_03029,3.3558743,-0.74753,0.9810319
TEST_03030,0.9081391,-0.482968,0.2522568
TEST_03031,2.6762633,0.76902956,0.54959756
TEST_03032,1.9687088,0.12162911,-0.032336943
TEST_03033,2.7023265,0.18250406,0.08038229
TEST_03034,1.5636387,0.07308733,-0.054273963
TEST_03035,2.0446835,0.68482953,0.037464608
TEST_03036,2.1508007,-0.2619081,0.625
TEST_03037,3.529031,0.9715396,-0.22954188
TEST_03038,1.3663614,-0.003510831,-0.27370423
TEST_03039,5.230172,-0.91909,1.739425
TEST_03040,4.6247554,0.3109191,0.13585433
TEST_03041,4.4391694,-0.7119112,-0.007186561
TEST_03042,3.8670197,0.1053427,0.1943518
TEST_03043,2.8265574,-0.7196647,1.0721139
TEST_03044,2.7058706,-0.55374104,0.81382734
TEST_03045,1.1244721,0.5949594,-0.18344137
TEST_03046,1.3682579,0.42396206,0.26503152
TEST_03047,1.8526256,-0.74000335,0.11436893
TEST_03048,4.9437385,2.1013079,1.035
TEST_03049,1.7469789,-0.5212161,-0.024996366
TEST_03050,2.6579442,-0.4268575,-0.93863124
TEST_03051,1.9433308,0.36184514,-0.32914498
TEST_03052,3.5482483,0.01500854,0.97938734
TEST_03053,2.6261191,-0.64989245,0.651493
TEST_03054,2.040262,1.06246,0.40993905
TEST_03055,1.6741683,-0.24165152,0.11890637
TEST_03056,2.3043013,0.8429722,-0.78415793
TEST_03057,2.5960188,0.5191601,0.6593668
TEST_03058,2.9574165,-0.74636453,-1.0036182
TEST_03059,4.299721,0.70799416,-0.056814898
TEST_03060,2.544976,-0.35298204,0.6413931
TEST_03061,0.7846188,0.10659775,0.26687154
TEST_03062,1.79599,0.95777404,-0.32375282
TEST_03063,3.234715,0.36547035,1.1463319
TEST_03064,3.1496446,-0.34567186,-0.23081009
TEST_03065,4.325328,0.4174124,1.7309302
TEST_03066,3.2622466,-0.3683315,-0.105260275
TEST_03067,2.636667,0.70381707,-0.56749374
TEST_03068,1.5364951,-0.511641,0.4294407
TEST_03069,3.3419833,0.9428502,1.1044991
TEST_03070,2.3193567,1.6923674,-0.60882276
TEST_03071,1.2466986,-0.22850989,0.3315972
TEST_03072,2.184038,1.3060333,0.7118481
TEST_03073,3.083472,-1.2229742,1.2455888
TEST_03074,3.0452907,0.089858815,0.870201
TEST_03075,1.3398855,-0.1521236,-0.22084193
TEST_03076,1.518688,-0.1184924,0.03891655
TEST_03077,2.1461306,-0.2711812,0.43190724
TEST_03078,3.6249366,-1.094517,0.5888046
TEST_03079,4.9813805,-1.6404071,-0.6150406
TEST_03080,4.8228245,1.0415733,-0.6309787
TEST_03081,3.9433417,1.6680816,1.3707545
TEST_03082,1.2568624,0.16518289,-0.035913292
TEST_03083,3.7692919,-1.6665237,0.3286044
TEST_03084,2.3116698,0.7205631,-0.20222898
TEST_03085,1.0124737,0.18514991,-0.33752432
TEST_03086,3.0113134,0.64996564,0.25102058
TEST_03087,3.5812893,-0.51615065,0.661973
TEST_03088,1.1310683,-0.7811584,-0.3053081
TEST_03089,4.1712646,-0.13753071,-0.2065122
TEST_03090,1.7850165,0.43768826,-0.54879534
TEST_03091,4.322361,-0.30028918,0.3345085
TEST_03092,4.80887,1.3305088,-0.5684482
TEST_03093,2.1643822,0.39530212,-0.13212523
TEST_03094,1.8364953,-0.63100094,-0.30334413
TEST_03095,2.4997911,-0.28686804,0.15418494
TEST_03096,0.99842197,-0.27757645,0.32586074
TEST_03097,2.9874036,-1.1319401,0.7537115
TEST_03098,3.8554416,-0.16316608,0.23354593
TEST_03099,3.754815,0.25540534,0.6617828
TEST_03100,2.1654353,0.4330451,1.0211803
TEST_03101,1.4750266,0.31657556,0.342105
TEST_03102,1.911471,-0.071293615,0.21103108
TEST_03103,1.9890118,-0.048451424,0.38609046
TEST_03104,2.4911397,-0.11063425,0.56282705
TEST_03105,1.6190114,0.090881854,0.22576042
TEST_03106,1.8546152,-0.0879199,-0.44726744
TEST_03107,3.6032596,0.041525275,0.55983526
TEST_03108,2.8790193,0.031017262,-0.5064676
TEST_03109,1.6442336,-0.235805,-0.16347198
TEST_03110,4.518552,-0.3926899,-0.2451646
TEST_03111,1.6447549,-0.6890124,0.25509402
TEST_03112,1.4615062,0.7873595,0.23177011
TEST_03113,2.4909227,-0.9385716,0.08688892
TEST_03114,1.7881235,0.09898251,0.10654604
TEST_03115,0.8691755,-0.20175043,0.27159616
TEST_03116,2.1850479,1.0027624,-0.46571437
TEST_03117,2.9275396,-0.23773286,0.03261473
TEST_03118,3.2074869,0.36215994,1.2993202
TEST_03119,4.726439,0.9932052,2.0459228
TEST_03120,1.4586982,-0.045956492,-0.2395269
TEST_03121,2.6703343,0.9858598,0.45685434
TEST_03122,1.5145248,-0.47749287,-0.7407419
TEST_03123,2.4639547,-2.2410953,-1.1649032
TEST_03124,1.5190893,-0.07466505,-0.030169748
TEST_03125,2.736589,1.0361582,0.586829
TEST_03126,4.3065166,0.09313148,-0.58535343
TEST_03127,3.019021,-0.48098308,-0.84260017
TEST_03128,4.620705,-1.0399237,1.0646632
TEST_03129,2.7980688,0.520314,-0.33915257
TEST_03130,1.7911776,-0.45011103,0.34912542
TEST_03131,4.361851,-0.5814298,-1.0569552
TEST_03132,1.2722181,0.5622157,-0.2789675
TEST_03133,3.385937,0.34921154,-0.47483933
TEST_03134,2.576068,1.3077425,1.1404219
TEST_03135,2.1584444,1.0282855,0.43905365
TEST_03136,1.9821769,-0.5567438,-1.0055826
TEST_03137,1.6301395,-0.10766603,0.21776277
TEST_03138,2.2595363,0.6926771,1.253998
TEST_03139,1.4454455,0.13957688,0.15262587
TEST_03140,2.9943233,-0.20591718,-0.4997238
TEST_03141,3.277767,-0.11308052,0.4151104
TEST_03142,1.3406426,0.39815113,0.011363602
TEST_03143,3.0771358,-0.99318826,0.52954274
TEST_03144,3.621012,-0.009556297,0.5807025
TEST_03145,5.208861,0.7395651,0.30619857
TEST_03146,2.7243114,0.17938358,0.7050144
TEST_03147,4.371425,-0.56795037,0.961694
TEST_03148,3.2999022,-0.71650517,0.7413664
TEST_03149,4.3507595,-0.83272713,1.2361693
TEST_03150,4.205661,-0.08222067,0.58574426
TEST_03151,1.2318248,-0.12921916,0.19237536
TEST_03152,3.3198326,0.014521035,-0.3121111
TEST_03153,2.581403,-1.4919505,-0.45840567
TEST_03154,3.0586274,0.4189841,0.32217738
TEST_03155,2.688986,-1.02268,0.69639003
TEST_03156,2.7931104,1.2613913,0.3178369
TEST_03157,1.7616992,-0.30766743,0.38599062
TEST_03158,1.3928301,0.8759044,-0.44454983
TEST_03159,4.6622286,-1.6144159,-0.93942696
TEST_03160,2.66128,0.26304737,0.35598686
TEST_03161,4.598102,1.2541898,1.1162812
TEST_03162,3.6331375,-0.31293693,0.063488334
TEST_03163,2.7767577,-1.6047345,1.242071
TEST_03164,2.1218987,0.07827547,0.9730511
TEST_03165,1.8306735,0.9851075,-0.123319395
TEST_03166,1.9482857,0.074366376,-0.44319823
TEST_03167,2.4866955,0.37464148,-0.6099901
TEST_03168,0.7865203,0.32358533,0.065749414
TEST_03169,4.5057154,0.39927962,-0.08738336
TEST_03170,2.8512006,-0.56902546,-0.46762627
TEST_03171,2.8603506,0.5028669,0.7222835
TEST_03172,3.7852442,0.41195092,1.2384034
TEST_03173,1.2046202,0.38373038,0.0001047831
TEST_03174,1.7938516,0.96904624,-0.41115803
TEST_03175,2.4999442,-0.22715567,-0.50474656
TEST_03176,2.5006845,0.6784075,0.05965275
TEST_03177,3.8821042,0.8953878,0.47336644
TEST_03178,4.417786,-1.0780911,-1.0723187
TEST_03179,3.7875302,0.5670975,-0.39759713
TEST_03180,2.4574914,-0.50950724,-0.3815581
TEST_03181,3.098306,0.0450646,0.51477563
TEST_03182,2.2503672,0.5263865,0.5275654
TEST_03183,1.5200214,-0.8286604,0.29633138
TEST_03184,3.4326885,0.3606482,-0.36452073
TEST_03185,1.8167332,0.31448808,-0.07808027
TEST_03186,2.489955,-0.536239,-0.4922078
TEST_03187,3.3288593,0.41390568,-1.1046926
TEST_03188,2.5880373,-0.81780815,-0.11049916
TEST_03189,3.8187814,-1.1909839,-0.6952113
TEST_03190,2.724324,0.9383774,-0.30960998
TEST_03191,2.9158628,-0.90442514,-0.3272724
TEST_03192,2.3544111,1.2296048,-0.47787958
TEST_03193,1.3839927,-0.41928917,0.26005274
TEST_03194,3.2542598,-0.28815955,0.96205294
TEST_03195,2.2408702,0.42845765,0.40496364
TEST_03196,3.2685583,1.0085357,-0.3310367
TEST_03197,2.6002264,-1.0901605,-0.52262485
TEST_03198,1.712127,0.3398274,-0.55926526
TEST_03199,4.6082044,-1.732293,2.0686283
TEST_03200,1.2949125,-0.18443573,-0.3695261
TEST_03201,4.971468,-0.64294684,0.7570916
TEST_03202,4.679452,-0.89873576,-0.57449025
TEST_03203,3.7256367,-1.625386,0.29917222
TEST_03204,2.6760437,-0.21973252,0.065258265
TEST_03205,1.3020377,0.0452291,0.07096173
TEST_03206,4.2561913,-0.9070249,0.061930906
TEST_03207,3.0490084,1.0488142,-0.15709586
TEST_03208,6.4033318,-1.4395059,1.6099048
TEST_03209,2.9109979,0.026443845,0.2524182
TEST_03210,1.7024956,-0.4648362,-0.017054137
TEST_03211,4.086597,-0.34182322,0.73367417
TEST_03212,4.1910315,0.51406264,1.1280947
TEST_03213,1.4792699,0.15473603,0.26662233
TEST_03214,2.1482482,0.14436756,1.1164984
TEST_03215,0.9270037,0.094163835,0.16881089
TEST_03216,2.4123416,0.67942345,1.0343325
TEST_03217,1.4369521,-0.08958416,-0.015390813
TEST_03218,3.4502513,-1.0349629,0.4643067
TEST_03219,2.0582473,0.96296847,0.25659552
TEST_03220,1.2055473,-0.12722562,-0.14184873
TEST_03221,3.1405191,-0.1938648,-0.10011842
TEST_03222,1.4342388,0.28899956,0.26102355
TEST_03223,2.7365217,-0.57606035,-0.0075704716
TEST_03224,1.9811418,0.62016827,-0.32547146
TEST_03225,3.5925922,1.5069569,1.5850028
TEST_03226,2.1133296,-0.062460013,0.05841051
TEST_03227,4.161985,-0.68711007,0.64338356
TEST_03228,2.989983,-0.5161362,0.037413463
TEST_03229,3.6323342,0.38883018,0.5110573
TEST_03230,2.69408,0.53443104,-0.071558766
TEST_03231,3.261261,-0.34161726,-0.13519298
TEST_03232,3.219583,-1.4301122,-0.12863915
TEST_03233,2.3359194,0.03312353,0.49032167
TEST_03234,2.4765003,0.2967208,0.0872712
TEST_03235,1.090171,0.34539378,0.0045584096
TEST_03236,2.632673,-0.5170483,0.6422843
TEST_03237,2.430174,-0.24152248,0.5313811
TEST_03238,3.2694104,-0.7561177,0.8610481
TEST_03239,4.549446,0.61095095,0.46736708
TEST_03240,1.6615571,0.7168465,0.19154103
TEST_03241,4.982309,-0.69044733,0.90825576
TEST_03242,3.620418,0.60773665,1.1071792
TEST_03243,1.5451142,-0.30896968,0.010642149
TEST_03244,2.8767831,-0.81408966,-0.2399496
TEST_03245,2.613238,1.1700785,0.9518554
TEST_03246,4.4662786,1.3727689,0.049718693
TEST_03247,2.343307,-0.2537241,0.5014119
TEST_03248,0.87107915,-0.9001191,0.20844442
TEST_03249,2.8742242,-0.1192271,-0.37079373
TEST_03250,2.3273816,0.6147449,0.058057636
TEST_03251,3.062775,-0.072870106,0.19799978
TEST_03252,4.22556,0.8732933,-0.9600885
TEST_03253,1.6101713,-0.31145826,-0.19138068
TEST_03254,1.7550665,0.9880738,-0.5561751
TEST_03255,1.8280873,0.6431316,0.24693027
TEST_03256,2.7506373,-1.0209346,-0.81891924
TEST_03257,2.8790288,0.49767718,0.73523587
TEST_03258,2.4360013,0.18051866,0.89790267
TEST_03259,2.6327133,-0.74957424,0.18370463
TEST_03260,2.4146545,0.13966824,0.82246995
TEST_03261,1.7004138,-0.12229959,-0.037312087
TEST_03262,2.1207502,-0.40254486,-0.58319014
TEST_03263,3.8296986,0.18410975,-0.77083796
TEST_03264,2.6586444,-0.18863407,1.0002776
TEST_03265,4.9219837,-0.8224697,1.6229457
TEST_03266,3.3549278,-0.4902098,0.6624424
TEST_03267,3.4559076,-0.23469414,0.11604503
TEST_03268,2.7045286,1.0945227,0.7498687
TEST_03269,3.2181134,0.00634538,0.095680505
TEST_03270,2.6783748,1.0742615,0.3252757
TEST_03271,1.3191693,-0.28631353,-0.06056568
TEST_03272,2.826332,-1.0353754,0.13147461
TEST_03273,2.8775375,-1.0642935,0.59423196
TEST_03274,2.4603946,-0.0023361128,-0.19724923
TEST_03275,2.5624585,0.8097649,0.1925399
TEST_03276,2.440086,-0.23844974,0.5698656
TEST_03277,1.6242049,-0.7070412,0.1975549
TEST_03278,1.4635485,-0.31150588,0.110719316
TEST_03279,3.9873695,0.40610668,1.6688346
TEST_03280,4.9567246,1.3967285,0.67175466
TEST_03281,1.8931638,0.9544075,-0.49243948
TEST_03282,3.023717,0.8206669,1.0969132
TEST_03283,2.9029574,0.5859726,0.4034176
TEST_03284,3.1954427,0.62575835,-0.4398886
TEST_03285,2.0573878,0.939076,-0.11870933
TEST_03286,4.190817,-0.74823767,-0.26289925
TEST_03287,2.5027256,-1.3008362,1.1731756
TEST_03288,1.8801112,0.6206866,0.26098776
TEST_03289,4.3985476,0.24190713,-0.1940166
TEST_03290,2.0834372,0.23309068,0.22390449
TEST_03291,3.327413,0.16084467,0.7590751
TEST_03292,1.5823803,-0.27499402,-0.015506652
TEST_03293,1.5710825,-0.52187943,0.19089562
TEST_03294,1.32702,0.91721225,0.30192506
TEST_03295,0.9205932,-0.27608323,0.19359952
TEST_03296,2.7729986,-1.1553563,-0.062387545
TEST_03297,1.921024,0.43377057,0.42288557
TEST_03298,4.073058,-0.49512878,0.84495556
TEST_03299,1.8928268,-0.6808924,0.33637178
TEST_03300,2.735344,0.23408361,0.7035272
TEST_03301,1.8570906,-0.46184948,-0.25921783
TEST_03302,1.6887673,-0.19920406,0.21686514
TEST_03303,2.5876608,-0.74153453,0.55315375
TEST_03304,1.8946035,0.18522425,-0.34697378
TEST_03305,4.889012,-1.7214333,0.40849233
TEST_03306,2.3843944,0.31975773,0.72850424
TEST_03307,3.0282485,-0.09487236,0.6001087
TEST_03308,3.1321943,0.15156761,0.16319469
TEST_03309,1.8734967,0.48333097,0.10508018
TEST_03310,3.6436248,1.055043,0.53487253
TEST_03311,2.6113815,0.15103118,-0.09487947
TEST_03312,3.498157,0.4070556,0.70727265
TEST_03313,3.1990654,1.3508179,0.23004878
TEST_03314,1.3112912,0.11453323,0.12335199
TEST_03315,2.0089662,-0.65838593,-0.690362
TEST_03316,1.8940446,-0.47184348,0.24512649
TEST_03317,3.5756896,0.034147236,0.27953234
TEST_03318,1.4736134,-0.36641395,-0.19495712
TEST_03319,4.539236,0.6710238,-0.22865008
TEST_03320,2.343017,0.7297745,-0.101640195
TEST_03321,3.4523969,1.9298034,1.2094195
TEST_03322,4.495213,1.4244326,-0.28992206
TEST_03323,1.4536257,-0.7375795,-0.23674515
TEST_03324,1.4635984,-0.15308788,0.14993414
TEST_03325,2.3434737,-0.67951244,-0.2989769
TEST_03326,2.863439,-0.6993308,0.2200902
TEST_03327,4.4335833,0.7075868,-0.4429821
TEST_03328,4.9818697,-1.8702322,-0.6528064
TEST_03329,2.4979298,-0.031652097,-0.6447588
TEST_03330,2.2827954,-0.2042658,-0.56327057
TEST_03331,1.6431433,-0.3220252,-0.21214156
TEST_03332,2.227317,0.11370093,-0.2882793
TEST_03333,1.2121289,0.41365138,-0.0041420236
TEST_03334,2.8965492,-1.7645383,-0.8957362
TEST_03335,3.889119,0.27499774,1.2476919
TEST_03336,1.1586769,0.3360573,0.09456498
TEST_03337,2.039601,0.2460469,-0.035682667
TEST_03338,3.8896472,1.2739899,-1.1849107
TEST_03339,3.8810935,-1.0882496,0.28972954
TEST_03340,1.7992327,-0.029957468,-0.33245865
TEST_03341,2.4651685,-0.40081507,0.82580805
TEST_03342,2.0849662,-0.2842162,0.13022758
TEST_03343,3.1981382,0.441902,-0.5694491
TEST_03344,1.3905292,0.42993817,0.6192265
TEST_03345,1.7487785,1.2386067,0.6497743
TEST_03346,1.5131396,-0.29765195,0.484332
TEST_03347,1.3278507,-0.20656347,0.12744218
TEST_03348,2.7794087,-0.6574113,0.5817538
TEST_03349,1.4114323,0.4681596,0.22427885
TEST_03350,2.6285453,0.835346,0.5684866
TEST_03351,1.9743711,1.1264899,-0.34871432
TEST_03352,2.8180864,-1.2865833,-0.79070836
TEST_03353,1.5804913,-0.36436188,0.014277479
TEST_03354,2.501586,0.40064505,0.2427944
TEST_03355,1.8056114,0.2149727,-0.32657853
TEST_03356,2.7491248,1.7543801,-0.60046655
TEST_03357,3.2410665,1.0513117,0.41844434
TEST_03358,1.3194453,-0.62229854,-0.511757
TEST_03359,2.4908674,-1.54845,-1.4765427
TEST_03360,1.2861952,0.8898062,-0.07877963
TEST_03361,4.237344,1.4393613,1.0122426
TEST_03362,1.4807383,-0.51457447,0.13188739
TEST_03363,2.907674,1.4808655,-0.31776783
TEST_03364,2.5378737,0.55570215,0.8603887
TEST_03365,2.1112647,0.08792961,0.087872505
TEST_03366,1.8742832,-0.16764534,-0.31119153
TEST_03367,4.1058555,0.08513731,0.15669541
TEST_03368,1.4063079,-0.09528983,0.7038035
TEST_03369,2.3642874,-0.12882495,-0.09290258
TEST_03370,2.0291348,-0.26583004,-0.059281472
TEST_03371,3.0634112,0.25880876,0.04614423
TEST_03372,4.0131216,0.48309368,-0.2250557
TEST_03373,2.3834891,0.13907543,-0.27648798
TEST_03374,3.2014267,-0.44719183,0.69610447
TEST_03375,1.226079,0.07897873,-0.117929384
TEST_03376,3.107077,-0.7176241,1.6994207
TEST_03377,4.0034547,-0.86692953,-0.06783499
TEST_03378,2.8995268,0.744745,-1.3217783
TEST_03379,4.157417,1.810084,1.3449632
TEST_03380,1.3192341,0.07289366,-0.18805173
TEST_03381,2.6433306,-0.31774694,0.19436674
TEST_03382,2.094496,-0.12126352,-0.32429984
TEST_03383,1.6856117,0.07488169,0.5889932
TEST_03384,4.028623,-0.2137613,0.14379695
TEST_03385,5.6136465,-0.9991812,1.8124347
TEST_03386,2.2383707,0.19465096,0.89038503
TEST_03387,4.084976,-0.60560554,-0.5620998
TEST_03388,2.462122,1.341192,0.25056383
TEST_03389,3.1968536,-1.7856361,1.1785779
TEST_03390,5.2742777,-1.7442459,1.12779
TEST_03391,2.4524672,0.38054097,-0.19098479
TEST_03392,2.5463219,0.9987311,0.80202436
TEST_03393,3.2936585,-1.8424919,1.1069734
TEST_03394,2.3244236,-0.65379053,0.40766153
TEST_03395,2.324084,-0.7636137,0.65129244
TEST_03396,4.001564,1.4410222,0.07478691
TEST_03397,2.454861,-0.8555838,0.14177135
TEST_03398,2.9811819,0.017120102,0.7735187
TEST_03399,4.813282,-1.0727563,1.6763536
TEST_03400,4.5352945,-0.5628773,0.59240556
TEST_03401,3.2717726,-0.63017756,0.5176912
TEST_03402,3.0742095,-0.19572844,-0.6447897
TEST_03403,2.3161128,0.7027893,0.99200886
TEST_03404,3.2096198,0.8922945,0.059058614
TEST_03405,2.4722984,-0.7874925,-0.3409258
TEST_03406,3.3624036,-0.15776214,0.8536824
TEST_03407,2.413655,-0.36496228,0.27806684
TEST_03408,5.6422477,-2.357957,0.72163326
TEST_03409,3.3752065,0.22176687,-0.19813743
TEST_03410,1.8410357,-0.21239227,-0.23185828
TEST_03411,1.0222454,-0.011990861,-0.17942072
TEST_03412,3.7175674,0.6283937,0.38837433
TEST_03413,1.0633409,-0.33741072,0.14110312
TEST_03414,3.66889,-0.48547393,1.7989367
TEST_03415,1.0158488,-0.41517287,0.07341084
TEST_03416,1.360143,0.34182453,-0.16850387
TEST_03417,2.8279696,1.2708306,-0.24273993
TEST_03418,1.0792094,-0.20041265,-0.2711187
TEST_03419,3.0254636,1.4017137,0.16796727
TEST_03420,2.4608526,-0.5802457,-0.20698792
TEST_03421,3.309915,0.17773944,-0.27776533
TEST_03422,2.3540092,-0.10595573,0.20279899
TEST_03423,1.8258315,0.7871859,0.54014784
TEST_03424,3.1166415,-0.071079925,-0.44606996
TEST_03425,3.8565123,1.1355358,-0.26704225
TEST_03426,2.8957736,-0.22035731,0.51258665
TEST_03427,1.9468913,0.26771772,-0.36798802
TEST_03428,3.2251334,-0.32903546,-0.2587295
TEST_03429,4.1940584,-0.07727658,0.09388816
TEST_03430,1.9013854,1.0054033,0.04894968
TEST_03431,2.8162923,-0.90786296,0.55478287
TEST_03432,1.7019898,0.7225801,-0.0735406
TEST_03433,2.8832357,0.45485997,-0.59828347
TEST_03434,1.2664443,-0.4030548,0.030998765
TEST_03435,2.2635536,0.06727094,-0.19625811
TEST_03436,4.434156,-0.18291941,-0.033070095
TEST_03437,1.2148689,0.3216126,0.32665867
TEST_03438,2.7150671,1.3279587,-0.32643536
TEST_03439,5.8501506,0.8658995,1.2340624
TEST_03440,3.6976905,-2.0035052,-0.8922696
TEST_03441,4.2085605,0.24334663,1.3438519
TEST_03442,4.407302,0.02227892,0.56540024
TEST_03443,0.9802076,0.41981906,0.3516467
TEST_03444,1.9419332,0.32386333,-0.29249445
TEST_03445,2.163954,-0.4850724,-0.27435255
TEST_03446,4.809607,-0.60422295,0.94635534
TEST_03447,1.8737048,-0.973789,-0.24727678
TEST_03448,5.2959733,-2.5104969,-0.9381302
TEST_03449,2.1857164,0.48722267,0.067956164
TEST_03450,1.0187192,0.44554463,0.26581714
TEST_03451,4.222393,0.51147515,0.24578932
TEST_03452,3.2082112,1.2669725,0.3826311
TEST_03453,2.2000756,0.5363915,0.08085152
TEST_03454,2.9228754,-0.21604495,-0.279344
TEST_03455,3.668987,0.79488033,-0.45079944
TEST_03456,2.079254,1.2322977,-0.9395027
TEST_03457,3.3396146,1.0687973,0.16446562
TEST_03458,5.4538555,-0.36590084,0.13971728
TEST_03459,1.6635883,0.20634952,-0.1513708
TEST_03460,2.9266677,0.7405966,-0.075898886
TEST_03461,1.4504036,0.04183047,0.026506815
TEST_03462,1.9621049,-0.14099753,-0.43566287
TEST_03463,3.2785,-0.24448463,0.09799494
TEST_03464,1.404742,0.4474269,0.58724976
TEST_03465,5.9405656,-1.7926921,1.7312168
TEST_03466,2.7863133,-0.3765639,0.7918041
TEST_03467,1.8003223,0.42435437,-0.30444217
TEST_03468,2.96122,-1.1442552,0.8843821
TEST_03469,2.2286088,-0.2574777,0.58364576
TEST_03470,4.730378,0.6156542,1.6550628
TEST_03471,2.0807285,0.4804264,0.026850773
TEST_03472,2.2457826,-0.17935854,-0.6243547
TEST_03473,2.7374594,-0.70144695,0.049946014
TEST_03474,2.7048373,-0.087776914,0.06358804
TEST_03475,0.91525054,0.16901271,0.093341224
TEST_03476,3.4254322,-0.7702428,0.42902154
TEST_03477,1.9615333,-0.46558222,0.1341517
TEST_03478,2.939459,-0.50592875,-0.35507846
TEST_03479,4.8570232,-0.6251088,-0.27364606
TEST_03480,1.6592284,-0.18194012,-0.18355012
TEST_03481,1.20877,-0.94708866,0.066463456
TEST_03482,4.5462365,-1.5893488,-0.323094
TEST_03483,4.17259,-0.38961235,0.002813006
TEST_03484,1.711429,0.3104585,0.31001794
TEST_03485,1.1038412,-0.18706617,0.23829716
TEST_03486,3.6496153,-0.8444558,-0.6154547
TEST_03487,1.596553,0.17369682,0.7295668
TEST_03488,5.156845,0.91133565,-0.1814844
TEST_03489,2.1238477,-0.10357199,0.19158067
TEST_03490,2.7029228,0.12591887,0.11605121
TEST_03491,2.533176,0.21227598,-0.42761514
TEST_03492,5.0529895,-0.9939322,-0.56033224
TEST_03493,0.9813259,-0.3345742,0.05966094
TEST_03494,1.45671,-0.48877898,0.22954373
TEST_03495,1.5004165,0.2895084,0.096644044
TEST_03496,3.0994008,-1.2320458,0.30919093
TEST_03497,3.7526064,-0.3608008,0.117954254
TEST_03498,1.0768378,-0.6609973,0.4862923
TEST_03499,4.0144134,0.4185774,0.33895177
TEST_03500,2.524625,-0.56403863,-0.789325
TEST_03501,3.541389,-0.46261317,-0.61072916
TEST_03502,1.871956,0.5780215,-0.42589015
TEST_03503,3.0793777,-0.4388442,-0.2352863
TEST_03504,2.7004304,0.23703706,0.19596618
TEST_03505,6.059689,0.58391804,0.9694401
TEST_03506,2.361385,0.17784642,0.6185394
TEST_03507,2.5289984,-0.11465619,-1.047688
TEST_03508,1.7450646,-0.57845056,0.26026464
TEST_03509,4.482855,0.7824581,1.077508
TEST_03510,5.1839495,1.1342179,-0.88971555
TEST_03511,3.5337543,-0.774188,0.2747496
TEST_03512,2.3071837,0.3370075,-0.31175414
TEST_03513,3.2114832,0.18416914,-0.5743853
TEST_03514,2.9725416,0.23566574,-0.75003177
TEST_03515,2.0992727,0.4041899,-0.74513733
TEST_03516,4.464212,-1.0592196,1.1792039
TEST_03517,2.7749407,1.3841631,0.20748158
TEST_03518,2.5582619,-0.5935632,-0.4112033
TEST_03519,3.049971,0.022517212,-0.70963603
TEST_03520,2.3356845,-0.06677356,0.45874283
TEST_03521,3.3392003,-1.7458763,0.50439
TEST_03522,2.8352537,1.0218111,0.64626837
TEST_03523,1.8566352,-0.9516988,0.2150169
TEST_03524,2.843872,-0.94214284,1.0919698
TEST_03525,1.0522579,0.039130967,0.0313172
TEST_03526,3.495817,-1.0349866,0.54963166
TEST_03527,1.079452,-0.19164164,0.31753343
TEST_03528,4.780148,-0.8329639,-0.9150707
TEST_03529,2.8164482,0.4580289,-0.2729081
TEST_03530,2.8425894,0.119481154,0.39983407
TEST_03531,2.7882702,0.27154812,0.715751
TEST_03532,2.750442,-1.1189108,0.9158558
TEST_03533,2.6400545,0.014992886,0.15501699
TEST_03534,1.3508022,0.14207596,0.34388652
TEST_03535,1.6359131,0.11019367,0.12887229
TEST_03536,1.9149996,-0.26908177,0.25731656
TEST_03537,2.2763612,1.0007159,1.2123225
TEST_03538,3.7828984,1.5976222,-1.3620342
TEST_03539,1.7569015,-0.72757316,0.17292626
TEST_03540,2.2912447,-0.052086696,0.1997636
TEST_03541,1.5202656,-0.67412305,0.09453206
TEST_03542,1.5362833,0.2458088,0.2208051
TEST_03543,1.7845995,-0.07386069,-0.5891998
TEST_03544,4.0019097,-0.92866755,0.21487328
TEST_03545,1.2335826,0.22123964,-0.21473576
TEST_03546,3.0099044,-0.6996429,1.090542
TEST_03547,2.6822584,0.46374312,-0.6168449
TEST_03548,3.472576,0.33209968,0.25374764
TEST_03549,2.9813976,-1.5326679,-1.0947851
TEST_03550,4.840127,0.23437575,1.4132929
TEST_03551,1.8457829,0.11723198,0.34416303
TEST_03552,3.4298325,-0.4904836,-0.1541733
TEST_03553,2.3567681,-0.711248,0.37153393
TEST_03554,2.3853354,0.30826005,0.0043656975
TEST_03555,1.1753716,-0.44037443,-0.123762526
TEST_03556,4.515219,-0.95954776,-0.03298547
TEST_03557,3.4244833,0.29722324,1.0081642
TEST_03558,3.6095448,-0.09027605,0.69245386
TEST_03559,3.6446352,-0.08031276,0.16114429
TEST_03560,2.3478024,1.4921888,-0.6631657
TEST_03561,5.000053,-1.8515058,-0.2375659
TEST_03562,4.5513144,-0.42816165,-0.1631384
TEST_03563,1.2455144,-0.5035847,-0.27487087
TEST_03564,2.6314316,-0.025841312,-0.36753622
TEST_03565,1.3185257,-0.110073626,-0.2571432
TEST_03566,1.3230486,-0.052479677,0.2414188
TEST_03567,2.2998483,-0.04279136,0.28842315
TEST_03568,2.2126102,-0.49603426,0.16704178
TEST_03569,1.2007794,-0.04266125,0.11757519
TEST_03570,2.0312178,0.41755104,0.0579921
TEST_03571,2.2211065,-0.15051532,0.29463413
TEST_03572,2.693254,-1.3749892,-0.567708
TEST_03573,2.598883,0.61109513,0.43948466
TEST_03574,3.0470536,-0.8610931,-0.25492537
TEST_03575,2.3635027,0.65857327,0.43169987
TEST_03576,1.1776972,0.4640104,0.16154182
TEST_03577,3.2879589,-1.947406,2.1385162
TEST_03578,3.994521,1.2135934,1.6011161
TEST_03579,2.1586592,1.0708506,-0.33805212
TEST_03580,2.9994307,0.032637775,-0.95114744
TEST_03581,1.1765338,-0.5896592,0.27674332
TEST_03582,1.2696666,0.233766,-0.14925346
TEST_03583,1.893293,-1.0640689,-0.43181872
TEST_03584,3.8452501,-0.6014651,-0.1267944
TEST_03585,4.176676,1.5762125,1.3187112
TEST_03586,1.9205507,-0.40356985,0.1286083
TEST_03587,3.2397788,-0.54855955,-0.40418822
TEST_03588,1.8136287,0.116212524,0.2110397
TEST_03589,2.9589462,1.7190034,-0.7859829
TEST_03590,1.7091839,-0.38143256,0.0015164679
TEST_03591,3.09714,1.0241675,-0.5669339
TEST_03592,3.2068262,-0.8913619,1.7773
TEST_03593,2.6261501,-0.86984617,-0.2807561
TEST_03594,1.484077,-0.12909104,0.17992394
TEST_03595,1.4571912,-0.4532378,0.4146074
TEST_03596,3.5850503,0.95013076,0.75436175
TEST_03597,3.2050798,1.1341624,0.30342522
TEST_03598,1.8516083,-0.46364585,-0.6940247
TEST_03599,4.282984,-1.6364342,0.7409906
TEST_03600,4.06193,-1.0837642,1.1145829
TEST_03601,2.3877015,-0.1188499,-0.7016118
TEST_03602,4.0581594,1.717681,-0.8900641
TEST_03603,3.5182202,1.009438,0.81553227
TEST_03604,1.7961745,0.013740703,0.23343402
TEST_03605,2.4495122,-0.8208852,0.48152602
TEST_03606,3.2154295,0.034911346,0.31865
TEST_03607,0.80666476,-0.3501175,-0.18773602
TEST_03608,6.2865214,1.0509061,-1.1490941
TEST_03609,3.6479974,0.5157626,0.22105333
TEST_03610,3.0024354,0.56864893,1.1802672
TEST_03611,3.4607065,-0.06513754,-0.02822714
TEST_03612,4.793088,0.5029108,-0.05498781
TEST_03613,2.4506166,-0.24667399,0.082603104
TEST_03614,1.6405826,1.2054882,0.8090553
TEST_03615,2.5868754,0.8127181,0.49664035
TEST_03616,2.7413354,0.24361601,-0.18363476
TEST_03617,3.9206333,-1.6332583,0.4546138
TEST_03618,1.0678741,-0.27393356,-0.39061213
TEST_03619,2.7498646,-0.2953665,0.06848918
TEST_03620,1.6222545,-0.7458629,0.27339673
TEST_03621,1.7453414,-0.6923986,0.3595346
TEST_03622,1.6659869,0.21699674,0.3094408
TEST_03623,1.1937867,-0.42926046,-0.45937914
TEST_03624,1.878938,-0.2545577,0.6261617
TEST_03625,4.8797917,0.14313067,0.23226565
TEST_03626,1.6468474,-0.30085647,-0.2598991
TEST_03627,4.564468,0.32414788,-1.266619
TEST_03628,2.8011193,0.7039968,0.37005007
TEST_03629,4.5042176,0.63785726,0.4722885
TEST_03630,4.713063,-1.8291905,-0.9924284
TEST_03631,2.391878,0.020998755,-0.19764501
TEST_03632,1.7429584,-0.06771484,-0.6884186
TEST_03633,2.4458318,-1.009345,0.68169236
TEST_03634,3.049479,0.61076665,-0.91875476
TEST_03635,2.437206,-1.0001441,-0.5376871
TEST_03636,1.1446625,0.67683846,-0.39783058
TEST_03637,2.0908473,1.3501515,0.28818014
TEST_03638,3.4486387,-1.6101066,0.5786693
TEST_03639,4.8753414,-0.20673105,-0.9015575
TEST_03640,4.8410697,-0.80869293,-0.867532
TEST_03641,1.9483529,-0.4959452,0.10131486
TEST_03642,4.7111125,0.051564045,1.6230233
TEST_03643,1.3297734,-0.17040418,0.2876093
TEST_03644,1.4878254,0.47442228,-0.24200699
TEST_03645,2.7251213,0.6961029,0.9125102
TEST_03646,4.870578,-0.37972,-0.6031357
TEST_03647,4.1135664,-0.26685858,0.43115205
TEST_03648,3.0129147,0.72061545,0.1250013
TEST_03649,1.9122751,-0.35268942,0.2460035
TEST_03650,2.3676841,-0.1356056,-0.037565466
TEST_03651,3.666331,-0.30296156,-0.4105153
TEST_03652,2.4960701,-0.32208514,0.5190483
TEST_03653,0.78883636,0.19439109,0.1785996
TEST_03654,2.50734,0.5287864,0.925743
TEST_03655,1.4724904,-0.42450204,0.3853698
TEST_03656,2.8134606,0.3865438,1.1233301
TEST_03657,3.0801759,-0.69879156,1.5444936
TEST_03658,4.6730733,-1.0337745,-1.2011026
TEST_03659,1.8366054,-1.0924507,-0.501358
TEST_03660,1.1914403,-0.073966175,0.23202187
TEST_03661,2.6440358,-0.31646597,-0.06081689
TEST_03662,2.1007204,0.32130024,-0.57987726
TEST_03663,4.255372,0.36492717,0.49035856
TEST_03664,3.5793936,0.03135623,0.90581644
TEST_03665,2.3850226,-0.15405641,0.68783844
TEST_03666,1.6197666,0.037083007,-0.024877788
TEST_03667,3.8642154,0.4895082,-0.3181236
TEST_03668,1.6096963,-0.16628395,-0.025167959
TEST_03669,4.055564,0.21984407,0.20608416
TEST_03670,4.3268743,0.5794869,1.4057796
TEST_03671,2.4843183,-0.12267155,-0.045195103
TEST_03672,2.0402436,0.64809483,0.9547769
TEST_03673,3.56919,-1.6130462,-0.1808824
TEST_03674,2.5177424,0.3860832,0.036116533
TEST_03675,1.2634207,-0.2580511,0.43706658
TEST_03676,1.4120922,0.16268457,-0.114958465
TEST_03677,1.9297664,0.19391267,0.52380633
TEST_03678,3.1839569,-1.8937862,-0.74134666
TEST_03679,4.823216,-0.050214306,-0.14742373
TEST_03680,2.095535,-0.46707264,0.42939377
TEST_03681,5.152856,-1.6230724,-0.55354744
TEST_03682,3.6252458,-0.2773225,0.5545342
TEST_03683,1.9720881,1.7425237,0.6331213
TEST_03684,1.0074557,0.068062566,-0.15474075
TEST_03685,2.4941525,0.15491976,-0.55674183
TEST_03686,2.827954,0.32645875,0.35215217
TEST_03687,3.8938835,1.350367,0.95514834
TEST_03688,4.5456657,0.25737655,-0.6436314
TEST_03689,2.6993208,0.362707,0.4948644
TEST_03690,2.4552467,0.16039038,0.7757485
TEST_03691,1.8605229,-0.40916327,0.61661
TEST_03692,2.6326456,0.0035626907,0.09857701
TEST_03693,1.0726421,0.45757985,0.08084895
TEST_03694,2.1280596,-0.8045715,0.6464365
TEST_03695,3.3069055,-0.2423163,-0.71137595
TEST_03696,3.0284374,1.0199311,0.058453828
TEST_03697,2.7972136,0.6462427,0.08085221
TEST_03698,3.5794356,0.3878743,-0.60823977
TEST_03699,2.6542463,-0.8160172,0.09491978
TEST_03700,2.4893634,-0.26714045,-0.13981926
TEST_03701,3.094304,0.019565232,0.1902829
TEST_03702,1.7290586,-0.0037601623,-0.18410859
TEST_03703,1.6815155,-0.01515896,-0.037542824
TEST_03704,4.0117807,-0.2133317,0.5242805
TEST_03705,2.1501558,0.4634514,0.6383482
TEST_03706,2.6860018,-0.14833719,-0.5388059
TEST_03707,2.9729726,0.1372782,0.12667716
TEST_03708,3.0832696,-0.14596248,-0.16828446
TEST_03709,0.9571397,-0.5777115,0.5158274
TEST_03710,4.50625,0.7724838,-0.7289983
TEST_03711,1.1130099,0.19348612,0.09854834
TEST_03712,2.8588233,1.5909063,1.1908983
TEST_03713,1.3411882,-0.54120874,-0.075401574
TEST_03714,1.4060988,0.0809269,-0.04942905
TEST_03715,2.6206667,-0.23155504,-0.46261916
TEST_03716,2.7101552,-0.91804993,-0.3615554
TEST_03717,3.1632216,-1.8414251,1.0450343
TEST_03718,1.3314681,0.25714266,0.0149978325
TEST_03719,4.098567,-0.26969233,-1.1156507
TEST_03720,1.8123273,0.098606735,0.21778813
TEST_03721,3.4302475,0.6433177,-0.10442912
TEST_03722,2.5720825,-1.173905,0.9976374
TEST_03723,2.5787277,1.7973663,-0.73785335
TEST_03724,2.3780334,1.0775601,-0.28981382
TEST_03725,2.417872,-0.17079484,0.017340356
TEST_03726,1.1091349,-0.09702858,0.1020477
TEST_03727,2.5914893,-0.8914484,0.66083986
TEST_03728,5.8319087,-1.7269878,-0.75511694
TEST_03729,2.991462,0.68560404,0.007565053
TEST_03730,2.5415502,0.11756365,0.20841555
TEST_03731,3.8796651,-0.5309783,-2.0690262e-05
TEST_03732,2.5869374,0.034063824,-0.08319149
TEST_03733,1.6520694,0.5732438,-0.025213847
TEST_03734,1.740052,0.15034455,0.3128546
TEST_03735,1.7093034,-0.4389826,0.49090388
TEST_03736,3.0029564,0.5663307,0.4947304
TEST_03737,2.490208,-1.0895245,0.6715903
TEST_03738,5.1700315,1.2311113,-0.30528104
TEST_03739,1.3807466,0.6493776,0.09304075
TEST_03740,2.7490652,0.12733415,-0.015972592
TEST_03741,2.1207645,0.23440132,0.2307502
TEST_03742,1.9192125,-0.07784758,-0.32629108
TEST_03743,2.7170343,0.40007952,0.47116953
TEST_03744,1.1740893,-0.008430591,-0.111186735
TEST_03745,3.1842825,0.12771606,0.14569306
TEST_03746,1.1610949,0.44004825,0.043772534
TEST_03747,4.303438,-0.86423534,0.46951702
TEST_03748,2.8911364,-0.5715089,0.36496887
TEST_03749,4.1443934,0.05871471,-0.33827937
TEST_03750,5.6349864,0.7295811,1.3189936
TEST_03751,3.186664,-0.64168894,-0.5723923
TEST_03752,1.5506903,0.6848377,0.4833882
TEST_03753,2.7102964,-0.48411828,0.63358176
TEST_03754,2.812933,0.26608184,0.31426847
TEST_03755,1.8520614,0.7841381,0.5767885
TEST_03756,3.7338474,1.1107761,-0.09177099
TEST_03757,2.3302531,-0.0069654733,-0.018655034
TEST_03758,2.646963,1.0921738,0.9852856
TEST_03759,3.4453418,1.3180567,1.8432928
TEST_03760,4.378045,1.3239003,1.2822286
TEST_03761,3.3069665,-1.8707398,0.59902275
TEST_03762,3.7387056,0.51118577,0.2868238
TEST_03763,3.0174963,0.6428477,-1.0232325
TEST_03764,3.26976,0.19492972,0.10460646
TEST_03765,2.5949233,0.41011828,0.58860195
TEST_03766,3.815621,0.23482257,1.1676567
TEST_03767,2.2962031,-0.15582462,1.0583923
TEST_03768,1.6158983,-0.15349647,0.014582905
TEST_03769,3.1395137,0.3068402,0.2413929
TEST_03770,3.114233,0.056461155,0.032496948
TEST_03771,0.83126116,0.006635352,-0.28918776
TEST_03772,1.7278849,0.86748993,0.37595177
TEST_03773,3.1680787,0.6326617,-0.4773876
TEST_03774,3.4136431,-0.9711333,-0.6158357
TEST_03775,3.68721,-0.1256176,-0.5029447
TEST_03776,2.3553498,-0.018239968,1.3199922
TEST_03777,3.2785685,-0.57882184,0.9511273
TEST_03778,3.0980804,1.4280944,-1.0376514
TEST_03779,3.050985,0.50860524,0.43932772
TEST_03780,2.0131674,1.1662902,-1.0264611
TEST_03781,3.3216338,-0.39280838,-0.18788615
TEST_03782,1.1996384,-0.12362961,-0.22600344
TEST_03783,2.7768123,0.4016991,0.12211259
TEST_03784,2.3410525,0.06875004,-0.08299204
TEST_03785,3.7169306,1.2067834,1.5586398
TEST_03786,2.3378391,0.02169691,-0.37941757
TEST_03787,4.360093,0.6175253,0.23153391
TEST_03788,2.541743,0.004634885,-0.1137943
TEST_03789,4.5957646,0.5564631,-0.39360335
TEST_03790,1.630738,-0.6742755,0.37286767
TEST_03791,1.5369171,0.35293648,0.0015899809
TEST_03792,1.405746,0.43214473,0.129204
TEST_03793,2.8980858,-0.31361574,0.62863314
TEST_03794,1.7147598,-0.22328891,0.09620144
TEST_03795,1.558977,-0.39092752,0.32314414
TEST_03796,2.5638778,0.42566493,-0.24248683
TEST_03797,2.8095458,1.8152964,-0.24509634
TEST_03798,2.5292995,-0.5563325,0.17893042
TEST_03799,3.3139405,1.6610694,0.34606865
TEST_03800,3.9373536,-0.14551112,0.100500606
TEST_03801,4.6053243,1.7729343,0.46578065
TEST_03802,2.4251893,1.8317953,1.5114331
TEST_03803,1.006473,-0.6932287,-0.23383544
TEST_03804,1.9570082,0.69676185,0.5159477
TEST_03805,2.5028076,-0.50154775,-0.24849364
TEST_03806,2.434636,-0.6726576,0.5884442
TEST_03807,2.7639604,0.2565556,-0.7171295
TEST_03808,5.5091257,0.20594403,-0.5173203
TEST_03809,3.778326,0.06294039,0.08206366
TEST_03810,2.6883104,0.086225,0.45742345
TEST_03811,3.376238,-0.26375312,0.013858702
TEST_03812,4.837938,1.4824317,1.720328
TEST_03813,1.5431706,0.3334461,-0.24960047
TEST_03814,1.4587176,-0.7378618,0.30948216
TEST_03815,2.132642,-0.05727542,-0.23229069
TEST_03816,3.1492326,1.0493808,-0.014218474
TEST_03817,1.4722227,-0.11488768,0.37996805
TEST_03818,5.42672,1.541285,1.0780618
TEST_03819,2.6949377,-0.82333845,-0.23589638
TEST_03820,1.2447133,0.15433097,-0.044141028
TEST_03821,3.1651661,0.07492156,1.1197337
TEST_03822,2.154498,-0.22039603,-0.17848484
TEST_03823,3.1403968,-0.997215,-0.26655424
TEST_03824,2.857319,-0.32105908,-0.3149689
TEST_03825,1.349761,-0.35648802,-0.5474609
TEST_03826,1.3658785,0.23112729,-0.07797919
TEST_03827,1.3134503,-0.103827976,-0.24190544
TEST_03828,2.5425828,-0.55251575,0.3718399
TEST_03829,3.5990424,1.4259025,-0.19983363
TEST_03830,2.8448145,1.6444716,-0.5441287
TEST_03831,2.2860024,0.20662376,-0.14089368
TEST_03832,3.1663177,0.2267334,0.24159005
TEST_03833,3.7860398,-2.512896,1.0511807
TEST_03834,2.0221891,-0.11286302,0.51594126
TEST_03835,1.1020203,0.006204691,0.014522276
TEST_03836,2.937137,0.44094193,0.8425442
TEST_03837,2.781863,0.32806772,0.432052
TEST_03838,1.1620917,-0.19615777,-0.2459164
TEST_03839,1.723516,0.39465466,-0.4587814
TEST_03840,2.4166741,-0.75017464,0.8206005
TEST_03841,4.6916814,0.06970223,0.37906575
TEST_03842,3.8177898,-1.0878819,0.53399783
TEST_03843,1.508247,0.46667108,-0.61626565
TEST_03844,1.6906763,0.06901739,0.2004142
TEST_03845,1.9855446,-0.6862151,0.56841356
TEST_03846,4.5939603,-0.586917,-0.68223715
TEST_03847,3.6591747,-1.191201,-0.13309349
TEST_03848,2.5196536,-0.6767294,0.40301457
TEST_03849,3.458462,-0.15278205,-0.03811352
TEST_03850,1.7885141,0.45671636,0.16428295
TEST_03851,3.0843856,0.17139083,-0.2705095
TEST_03852,1.1933944,-0.45050314,0.13308097
TEST_03853,1.8883703,-0.0741946,0.11131942
TEST_03854,1.7841356,1.5534905,-0.7387489
TEST_03855,1.7135565,0.72795975,0.39858797
TEST_03856,1.5692014,0.9367711,-0.37154695
TEST_03857,2.3215659,-0.33208996,0.79955494
TEST_03858,3.66641,-0.8682085,-1.0962683
TEST_03859,2.7917235,-0.8287597,0.597336
TEST_03860,2.822659,-0.033253837,-0.29893976
TEST_03861,2.6937048,0.09766056,-0.43511674
TEST_03862,1.9162614,-0.31380758,0.030043388
TEST_03863,3.6901457,-0.5235415,0.71513593
TEST_03864,2.5783112,-0.19597808,0.79403114
TEST_03865,4.2332706,1.2759662,0.15480602
TEST_03866,3.3345265,0.17217955,0.90571153
TEST_03867,3.2664983,0.5953831,0.434581
TEST_03868,2.9851182,-0.4878131,-0.16900003
TEST_03869,3.0921915,-1.4134835,0.16422892
TEST_03870,2.061809,-0.014221992,0.46021032
TEST_03871,2.806404,0.76216817,0.061328728
TEST_03872,3.7516375,0.9647676,0.8836302
TEST_03873,2.5974915,-1.3326044,0.68028116
TEST_03874,2.0500507,-0.31418666,0.32805908
TEST_03875,2.0213602,0.0021867072,-0.21521604
TEST_03876,3.1572766,-1.0751442,-0.28628424
TEST_03877,1.5911577,-0.086912796,0.38338193
TEST_03878,3.733818,0.037228458,-0.47108516
TEST_03879,5.3975415,-1.646366,-0.5668875
TEST_03880,3.6339762,-1.8243157,0.68593293
TEST_03881,4.8819957,-1.6744637,-0.78325707
TEST_03882,3.1489215,1.1435138,0.8722591
TEST_03883,1.1951545,0.49354693,0.2207371
TEST_03884,3.2025416,0.9584223,-0.7302879
TEST_03885,2.5391297,0.9550047,-0.49097198
TEST_03886,2.2488818,0.659294,0.26975986
TEST_03887,4.0048213,-0.096370436,-0.71395355
TEST_03888,4.4259295,-0.8732196,0.8799273
TEST_03889,2.8992624,0.018200923,-0.08257078
TEST_03890,1.4777145,0.05291039,-0.1467445
TEST_03891,1.805819,0.25753978,-0.046278656
TEST_03892,1.9742863,-0.18318836,0.40436992
TEST_03893,1.3289424,0.034015004,0.30095226
TEST_03894,2.7120633,0.20352624,1.3444728
TEST_03895,1.9647602,0.8660542,-0.27461267
TEST_03896,1.9664311,0.12505166,-0.6069291
TEST_03897,1.8018551,-0.66052043,0.20688586
TEST_03898,1.08089,-0.46883202,-0.20079641
TEST_03899,4.5194716,-0.52673846,-0.16178095
TEST_03900,1.9502801,-0.28901532,-0.39211974
TEST_03901,1.7974107,-0.15680331,0.27926204
TEST_03902,1.8667548,-0.15989822,-0.3901217
TEST_03903,3.2805061,-0.71674347,-0.8833505
TEST_03904,1.5773411,0.30132303,0.34158197
TEST_03905,4.155255,-1.0750531,1.1300842
TEST_03906,2.6031206,0.063790716,-0.74175155
TEST_03907,4.314644,-0.15172525,0.34462672
TEST_03908,2.7107646,-0.16715965,0.26320878
TEST_03909,2.2528365,-0.12210409,-1.0977983
TEST_03910,4.5914693,1.5081371,0.49053407
TEST_03911,1.3050152,-0.3192903,0.14613062
TEST_03912,2.7019002,-1.1337714,1.3053514
TEST_03913,3.3597372,-0.74183804,0.84536386
TEST_03914,3.3401713,0.18685474,-0.05694449
TEST_03915,1.8443227,-0.51927686,-0.5266671
TEST_03916,3.4763303,1.9023122,0.3749463
TEST_03917,1.9338477,0.0036297888,0.31734413
TEST_03918,2.5637507,-1.2213149,1.0609598
TEST_03919,3.064309,1.300016,-0.58666795
TEST_03920,3.6774433,1.1652632,0.6534521
TEST_03921,2.3419979,-0.22147271,-0.7217069
TEST_03922,2.931191,-0.86625457,0.9106718
TEST_03923,2.438582,-1.9507225,0.5161918
TEST_03924,2.0209854,-0.74594074,-0.18567888
TEST_03925,1.3911779,-0.12485711,-0.034892593
TEST_03926,4.280881,-1.1123104,-0.68762213
TEST_03927,4.45745,-0.5725027,0.6470542
TEST_03928,0.76648617,0.1489952,-0.1109564
TEST_03929,2.9001675,-0.2973312,-0.1382602
TEST_03930,2.085861,-0.21667019,-0.18445332
TEST_03931,1.7582113,-0.3081935,0.113611065
TEST_03932,4.7967668,0.35375917,0.38775486
TEST_03933,2.6922212,-0.51856995,0.30004758
TEST_03934,3.1438558,0.6729202,0.27738354
TEST_03935,2.1972823,-0.27143154,-0.58660144
TEST_03936,2.8434901,0.5425401,1.0566802
TEST_03937,2.1868942,-0.33570546,0.87464935
TEST_03938,2.477302,-0.89632154,0.30662414
TEST_03939,1.4325386,0.49421728,0.030213995
TEST_03940,1.5326104,0.54541475,0.12541425
TEST_03941,3.1937075,-0.27237538,0.057529412
TEST_03942,1.767363,0.22450517,0.20747627
TEST_03943,1.2069137,-0.5377528,-0.42673594
TEST_03944,2.4731894,0.16486786,-0.069796614
TEST_03945,2.4173553,-0.8217693,0.18318963
TEST_03946,1.4303644,-0.3158901,0.31093746
TEST_03947,3.202023,-0.010038806,-0.556773
TEST_03948,2.8599575,-0.6718219,-0.6578871
TEST_03949,2.8622532,1.5998162,-0.05436953
TEST_03950,1.0538261,0.7793713,0.25232032
TEST_03951,2.7310383,0.4642523,-0.15081815
TEST_03952,3.6436934,-0.21700025,1.6524689
TEST_03953,2.4028563,1.0539792,-0.60050595
TEST_03954,2.498161,-0.11561678,-0.4423198
TEST_03955,1.8065633,-0.6201587,0.22607622
TEST_03956,3.0569675,-1.0444944,-0.7178843
TEST_03957,1.6842722,0.37684628,-0.040504605
TEST_03958,2.762719,1.2886292,0.9428603
TEST_03959,2.9742832,0.6321179,1.3056458
TEST_03960,1.9804347,-0.63656425,0.3253117
TEST_03961,2.6510386,0.12321463,-0.42138293
TEST_03962,0.87233806,0.38294128,-0.3562366
TEST_03963,2.5856495,1.3835711,-0.787205
TEST_03964,3.0024347,-0.03760674,0.4625313
TEST_03965,1.0031687,0.34810072,-0.3245218
TEST_03966,1.5507486,0.3616483,0.31391057
TEST_03967,2.5281384,-0.054081865,-0.15799576
TEST_03968,2.1264052,-0.84433335,-0.17293438
TEST_03969,2.1182568,-0.32308954,-0.2896082
TEST_03970,1.8948992,0.31762367,-0.6658414
TEST_03971,3.6978335,-0.78946126,0.33062452
TEST_03972,2.5852387,0.5117878,-0.79621774
TEST_03973,2.5515432,-0.012117173,0.4934153
TEST_03974,3.6730094,-1.1450622,-0.7732184
TEST_03975,3.5284233,-0.57825565,-0.10223244
TEST_03976,1.7164104,-0.9428497,-0.3014572
TEST_03977,1.5850295,0.3009732,0.024557099
TEST_03978,3.96716,-0.28661433,0.10337967
TEST_03979,2.0969357,-0.7647908,-0.17106256
TEST_03980,3.1183336,-0.8365773,0.14134361
TEST_03981,1.5830194,0.35164624,0.545159
TEST_03982,1.7336698,0.68543303,0.007816093
TEST_03983,3.1675465,0.642452,-0.3388036
TEST_03984,1.6833984,0.3159114,0.63679165
TEST_03985,3.1739223,1.1390406,-0.69444025
TEST_03986,2.1808321,0.33186048,-0.35040718
TEST_03987,4.4849114,-0.06400691,0.52924305
TEST_03988,1.4595674,0.46344692,-0.3512168
TEST_03989,3.66949,1.2313731,-0.6673596
TEST_03990,4.805411,-0.51083386,0.46316615
TEST_03991,1.5690732,0.14738466,0.023031566
TEST_03992,2.114734,1.4107265,-0.8698957
TEST_03993,2.4223404,-0.19297381,-0.14618412
TEST_03994,2.815989,0.31222153,0.932087
TEST_03995,2.116695,-0.33459803,-0.011693785
TEST_03996,3.009203,-0.20835374,0.66946703
TEST_03997,2.1931221,-0.36391068,0.0734574
TEST_03998,3.3887012,0.7108413,-0.45293444
TEST_03999,5.3919516,1.3133991,0.84280604
TEST_04000,2.3864884,0.120792896,0.26641747
TEST_04001,4.697728,-0.16670114,0.7600975
TEST_04002,3.5802412,0.9526642,1.3780496
TEST_04003,3.168088,1.8183745,-0.7973907
TEST_04004,3.2696013,-0.09086139,0.25554723
TEST_04005,1.4622939,-0.3149151,0.05957117
TEST_04006,1.1771643,-0.340477,0.39852434
TEST_04007,3.5773096,1.23243,-0.47946218
TEST_04008,2.0102665,0.89648044,0.5191134
TEST_04009,1.2458041,0.13939175,0.305879
TEST_04010,3.0863497,0.028924167,-0.82542396
TEST_04011,1.5008982,-0.04648882,0.15784012
TEST_04012,3.3727486,1.1814758,-0.64347595
TEST_04013,2.5129254,0.6990848,-0.2683888
TEST_04014,2.01889,-0.91864645,-0.1255068
TEST_04015,1.9107361,-0.3112945,-0.21571404
TEST_04016,1.1640217,0.24584886,-0.36968994
TEST_04017,1.4766465,0.47606876,0.48020995
TEST_04018,4.9620895,-1.0306962,1.6277528
TEST_04019,1.8480766,0.24316718,0.3774401
TEST_04020,1.9111645,0.10721089,-0.12423286
TEST_04021,2.408139,-0.45208395,-0.76377565
TEST_04022,1.6010672,-0.29778185,0.23077069
TEST_04023,3.519988,-0.16728108,0.31286898
TEST_04024,1.5010897,-0.22657545,-0.41096076
TEST_04025,2.6660197,1.3064703,0.4577075
TEST_04026,1.8339089,-0.068402655,-0.26251897
TEST_04027,2.6375437,0.2526313,-0.75432444
TEST_04028,2.8118024,0.11961421,0.3833967
TEST_04029,4.1266994,1.3502414,-1.0539774
TEST_04030,3.1087043,1.4472544,-0.7613186
TEST_04031,2.8468974,-0.2151762,0.3586996
TEST_04032,2.6883922,-1.3241142,-0.5368457
TEST_04033,2.7581532,-1.5171459,0.80080736
TEST_04034,3.7570689,-0.24412784,-0.1374338
TEST_04035,2.1793177,-0.88148075,-0.88536423
TEST_04036,2.8389487,-1.2859888,0.66455925
TEST_04037,1.2868692,0.39305028,-0.1536243
TEST_04038,3.2453644,-0.045606278,-0.25538456
TEST_04039,4.8815064,-0.8736905,-0.06747835
TEST_04040,2.167446,-0.2154261,0.39615297
TEST_04041,5.0889997,1.2326585,0.8108597
TEST_04042,2.948804,1.0961146,-0.5682844
TEST_04043,4.2516456,-2.2336342,-0.4220499
TEST_04044,3.2055109,-0.18931223,1.1078779
TEST_04045,2.2564247,-0.9351225,0.7869109
TEST_04046,2.6320045,0.69443446,-0.54299176
TEST_04047,1.4634917,0.6425217,-0.31095093
TEST_04048,3.3912144,-1.936349,-0.12389717
TEST_04049,1.657531,0.4409655,0.19234893
TEST_04050,3.2274246,-0.14320418,0.23191582
TEST_04051,1.4959079,-0.3363253,0.3426839
TEST_04052,4.52949,-0.9787982,1.4001882
TEST_04053,2.3280547,0.45914593,-0.17281225
TEST_04054,0.7737742,-0.5495483,0.44119298
TEST_04055,3.0358534,0.9524626,0.7426357
TEST_04056,2.9313755,-0.10753014,0.2392283
TEST_04057,1.5807555,0.29657587,0.32151788
TEST_04058,4.5980806,0.4518688,0.8161868
TEST_04059,4.6988688,-0.91783124,-0.7997789
TEST_04060,2.1038406,0.15722312,-0.5408134
TEST_04061,2.5812073,0.024730004,0.9571431
TEST_04062,1.3859804,0.18777747,0.2564869
TEST_04063,1.2016312,-0.08121013,-0.21670559
TEST_04064,2.6361833,-0.21025158,0.64375114
TEST_04065,5.5604134,-0.07248597,0.6859662
TEST_04066,2.7826793,0.5103316,-0.77081424
TEST_04067,2.5574024,-0.023933806,-0.089668036
TEST_04068,1.7327702,0.47228348,-0.2796614
TEST_04069,2.0720818,-1.0449587,0.8202819
TEST_04070,2.261266,-0.7942414,-0.75933737
TEST_04071,3.2104828,0.48294637,0.3870824
TEST_04072,2.8691373,-1.7545172,-0.18899201
TEST_04073,3.3853137,-0.63256073,-0.09877184
TEST_04074,2.7825341,-0.34343097,0.114853665
TEST_04075,1.3078675,-0.4913787,-0.19204271
TEST_04076,3.8986576,1.0439374,-0.059642687
TEST_04077,1.906515,-0.8183376,0.11871231
TEST_04078,1.2934428,-0.2084315,0.45778888
TEST_04079,4.919176,-1.3060894,-0.15888157
TEST_04080,3.0938525,-0.7793481,1.0551012
TEST_04081,3.16504,1.0917964,-0.3467321
TEST_04082,3.4532397,1.1061498,0.35553065
TEST_04083,1.9800148,0.60302556,0.43467313
TEST_04084,3.030917,1.0113186,0.9845818
TEST_04085,1.4490236,-0.21766865,0.21673255
TEST_04086,1.754628,0.077047564,0.36662978
TEST_04087,4.556959,0.5564417,-0.39701372
TEST_04088,1.614084,0.8139817,-0.3641888
TEST_04089,3.7003214,0.043511424,-0.31144637
TEST_04090,2.5931253,0.3035043,-0.71769565
TEST_04091,2.2119865,0.24878941,0.09583894
TEST_04092,1.2857934,-0.1765016,0.45306724
TEST_04093,1.116764,0.06771373,0.17449282
TEST_04094,2.1288593,0.772556,0.44988215
TEST_04095,2.6146646,0.60228103,-0.35792997
TEST_04096,2.3670418,-0.63610643,0.31078008
TEST_04097,3.1286194,-0.7178731,0.050859664
TEST_04098,3.6147597,-1.0695864,-0.62055093
TEST_04099,3.2425888,0.062933646,-1.0463263
TEST_04100,2.0962255,-0.35432616,-0.39894912
TEST_04101,3.1693752,0.049407873,-0.076278836
TEST_04102,1.8074517,0.033041053,-0.14192577
TEST_04103,3.1396947,0.8190743,-0.6824567
TEST_04104,2.1282625,0.03918153,0.5000547
TEST_04105,5.262331,1.4253939,1.8773855
TEST_04106,2.240661,-0.5355942,-1.0655956
TEST_04107,3.447178,0.70287293,0.7008062
TEST_04108,3.256058,0.4031936,-0.9276154
TEST_04109,3.3332934,1.084763,0.69325405
TEST_04110,5.2647467,1.1102298,1.9888949
TEST_04111,2.685859,0.6593888,0.36418816
TEST_04112,2.279045,-0.3731405,0.73362374
TEST_04113,2.5096545,-0.55620396,0.18453349
TEST_04114,2.593883,-0.25063038,-0.5975231
TEST_04115,2.251232,0.90837574,0.85887927
TEST_04116,4.642784,1.4471595,0.090969674
TEST_04117,2.0169616,-0.7520652,0.09530322
TEST_04118,1.3750798,0.13820367,0.19760859
TEST_04119,4.492452,-1.2148317,0.592788
TEST_04120,3.896837,0.76534647,-1.3282777
TEST_04121,4.845542,0.24401698,1.1346985
TEST_04122,2.2566233,0.7257788,0.91492903
TEST_04123,2.5402043,1.5249481,0.0649307
TEST_04124,1.7521493,-0.33032927,-0.17481332
TEST_04125,2.1762488,0.98488414,0.124391
TEST_04126,3.649613,-0.67852074,-0.18353055
TEST_04127,1.2356831,0.30301267,0.24971895
TEST_04128,2.9839609,2.4859686,-0.059318397
TEST_04129,4.1168985,0.31792215,0.7505561
TEST_04130,3.5012283,-0.14736475,1.0191019
TEST_04131,4.1574984,0.26481307,0.15113308
TEST_04132,2.4016507,0.7129341,0.74592465
TEST_04133,1.5044484,0.35785955,0.26380092
TEST_04134,3.4177792,0.5983056,-1.0199034
TEST_04135,1.5296123,0.6505501,0.08519204
TEST_04136,2.5636244,0.15138058,-0.5408099
TEST_04137,3.1608505,-1.7933164,0.39187145
TEST_04138,4.8011165,1.3039237,0.124651834
TEST_04139,1.8664887,-0.33709177,-0.52445525
TEST_04140,2.5015593,-0.12206535,-0.025631702
TEST_04141,3.0847456,-0.5291939,-0.69300544
TEST_04142,1.923195,0.09080103,-0.34648672
TEST_04143,2.5764394,-0.12691972,0.6803195
TEST_04144,3.3390975,-0.3938566,0.31931022
TEST_04145,4.640321,1.566434,0.65345246
TEST_04146,1.8489199,0.5827229,-0.7237282
TEST_04147,2.7522886,0.1564572,1.0071285
TEST_04148,2.543375,0.04762558,-0.0973399
TEST_04149,4.2218237,1.5882522,-0.42685193
TEST_04150,1.5543163,-0.518022,0.42671272
TEST_04151,3.1275797,-0.7977192,-0.58836687
TEST_04152,1.869005,-0.77423674,0.7502356
TEST_04153,1.8866421,0.9910381,0.57976395
TEST_04154,2.7447686,0.0190478,0.025343973
TEST_04155,2.476336,-0.10954847,-0.39824212
TEST_04156,2.78008,-0.20415536,-0.14521202
TEST_04157,2.2619267,-0.34562466,-0.6189762
TEST_04158,3.5338805,1.0672225,0.26302502
TEST_04159,5.065517,-1.5203531,2.0377762
TEST_04160,2.7008295,0.30267322,0.15450293
TEST_04161,4.860681,2.263851,1.1964566
TEST_04162,4.1594205,0.74428344,-0.56493056
TEST_04163,1.157414,-0.81494355,0.24884537
TEST_04164,2.2493482,-0.18148875,0.16405666
TEST_04165,2.590436,1.0132917,-0.6589911
TEST_04166,4.6875024,0.9451723,0.53331786
TEST_04167,0.8984527,0.2100275,-0.124736086
TEST_04168,3.8864563,1.6544073,-0.064732604
TEST_04169,2.0663698,-0.4515508,-0.26773667
TEST_04170,2.8785815,-0.03819654,0.03500657
TEST_04171,2.1135705,-0.34848922,0.47644758
TEST_04172,4.3230586,0.42327133,-0.23230433
TEST_04173,1.2589568,-0.40956253,-0.012147879
TEST_04174,1.3062207,0.08671186,0.59454566
TEST_04175,3.9640276,0.9532652,0.3396117
TEST_04176,2.073775,0.10909534,-0.28747785
TEST_04177,1.5999235,-0.36258206,-0.35812268
TEST_04178,2.0873592,-1.4091388,0.9012806
TEST_04179,2.6781423,0.71323556,-0.7770107
TEST_04180,2.7818172,0.48960382,0.7622238
TEST_04181,1.5524381,-0.36565268,0.08379662
TEST_04182,1.3151995,0.6384145,-0.17688347
TEST_04183,3.7353039,-0.16611817,-0.30025956
TEST_04184,4.0190415,-0.1461857,0.28945324
TEST_04185,3.227263,-0.5713914,-0.55898273
TEST_04186,2.6593375,-0.108180955,-0.09706249
TEST_04187,3.9890707,0.5116631,0.3552431
TEST_04188,2.134998,0.9340678,0.40082976
TEST_04189,3.9675295,-0.5074399,0.92634135
TEST_04190,1.8307631,1.1589421,-0.50438434
TEST_04191,2.5560238,0.66909266,-0.22442704
TEST_04192,3.5761747,1.4458735,1.1918628
TEST_04193,2.7163565,-0.0987758,0.397833
TEST_04194,3.1115012,0.28220183,0.34368002
TEST_04195,1.4617563,-0.6020243,0.4682653
TEST_04196,2.061464,-0.31765777,0.020705407
TEST_04197,1.7229333,0.75970596,0.295281
TEST_04198,2.1754951,-0.27567342,-0.021224227
TEST_04199,3.81991,-1.6160008,-0.1813317
TEST_04200,3.152291,0.094699174,0.3502123
TEST_04201,4.2612433,-0.30913872,0.89715654
TEST_04202,1.2363714,-0.44407696,-0.57969904
TEST_04203,2.0298142,1.3100573,-0.67813075
TEST_04204,2.634783,-0.47788164,-0.39410967
TEST_04205,1.9572835,-0.828746,0.1668639
TEST_04206,3.4176383,0.8053821,-0.5447931
TEST_04207,3.7532544,0.6653049,0.32122266
TEST_04208,2.665761,-2.0513556,-0.44256994
TEST_04209,3.763833,-0.016659271,-0.07307716
TEST_04210,2.1822538,-0.06163934,0.45540786
TEST_04211,2.324472,0.09986585,0.00062199123
TEST_04212,2.3983397,0.64787954,0.4293595
TEST_04213,1.0865463,-0.09593524,0.29814732
TEST_04214,1.398569,0.60395616,0.46212706
TEST_04215,1.1102135,0.42261538,-0.12763105
TEST_04216,3.240906,0.9611934,-0.95983005
TEST_04217,1.6762253,0.48340988,0.33283073
TEST_04218,4.0349383,-0.18172656,1.2489187
TEST_04219,2.4075184,0.80675006,0.9457597
TEST_04220,2.4548814,-0.6998953,0.64525455
TEST_04221,3.2089162,0.34305966,0.3846875
TEST_04222,1.3294517,0.3420911,0.31754485
TEST_04223,3.9688106,-0.31081116,1.1897817
TEST_04224,4.0570946,0.08841911,-0.6477852
TEST_04225,2.5956419,1.6965967,0.5423246
TEST_04226,3.3414364,-0.03421303,0.766486
TEST_04227,2.94938,0.64936113,0.72581065
TEST_04228,1.9584341,-0.06452844,0.27129558
TEST_04229,2.568229,1.6810803,1.2347181
TEST_04230,3.2901015,1.115899,0.103585035
TEST_04231,2.4404616,-0.21547964,-0.08999125
TEST_04232,1.5215621,-0.23264149,0.55402344
TEST_04233,3.3862433,2.094561,1.0107286
TEST_04234,3.162835,0.77152604,-0.88699895
TEST_04235,1.4523056,0.47582522,0.03411727
TEST_04236,1.3721209,-0.66099405,0.21827221
TEST_04237,2.1659174,0.73439145,-0.2960032
TEST_04238,1.2028342,0.20481157,0.15009612
TEST_04239,3.2754953,-0.8689376,0.97813606
TEST_04240,4.6783004,-0.45397902,-0.12530214
TEST_04241,2.5192187,0.7611498,-0.36224905
TEST_04242,1.9546722,-1.200926,-0.44129652
TEST_04243,2.7861226,-0.73293185,-0.095018245
TEST_04244,2.5008929,-1.1226829,1.0229989
TEST_04245,2.6205099,0.98003405,-0.5971545
TEST_04246,3.518394,0.4998821,-0.34338477
TEST_04247,2.3013964,0.43533492,-0.5618557
TEST_04248,4.807702,1.9825641,0.21547101
TEST_04249,2.0973754,0.05106247,0.31640753
TEST_04250,2.5829616,-0.02872322,0.15565191
TEST_04251,4.1834946,0.40432465,-0.17849547
TEST_04252,3.1158214,1.5962427,0.29502407
TEST_04253,0.7325415,-0.04890457,0.10285201
TEST_04254,2.7166362,-0.4885671,1.2037313
TEST_04255,1.0472313,-0.28618267,0.22570466
TEST_04256,2.705665,-0.5603287,0.8701812
TEST_04257,2.258653,1.3434484,-0.5953385
TEST_04258,1.826235,-1.2658126,-0.4251732
TEST_04259,4.1003933,-0.68242633,-1.1015463
TEST_04260,1.6084609,0.18182066,-0.41804522
TEST_04261,1.1357076,-0.5019205,0.12159434
TEST_04262,1.6996305,0.02272174,0.07553388
TEST_04263,4.028727,-0.65062505,1.1914142
TEST_04264,3.3601089,0.282578,0.027364764
TEST_04265,1.7571776,0.519826,1.0355586
TEST_04266,1.1044782,0.255585,0.4609243
TEST_04267,3.596054,-0.06115557,0.0078856945
TEST_04268,2.6442134,-1.097932,0.6265393
TEST_04269,3.2257252,0.81710345,0.19553456
TEST_04270,3.4244158,0.76770693,-0.38407776
TEST_04271,2.4335752,0.4926455,-0.08946132
TEST_04272,2.9480085,-1.3548914,0.26775074
TEST_04273,2.3285496,-0.9221429,0.505949
TEST_04274,1.4353719,-0.47549248,0.10788538
TEST_04275,1.4400512,0.05785008,-0.04061231
TEST_04276,2.8281713,-1.9947857,0.700046
TEST_04277,3.3230255,2.183823,-0.23370464
TEST_04278,3.1784034,-1.6519624,1.0045536
TEST_04279,3.1825724,-1.9260507,-0.68840927
TEST_04280,4.380419,2.4810667,-0.17213342
TEST_04281,2.6239982,-0.48778948,-0.58724666
TEST_04282,3.13049,-0.790996,0.87405974
TEST_04283,1.6703672,-1.5148833,-0.4495248
TEST_04284,1.0650674,-0.3973691,0.42931733
TEST_04285,2.29162,0.20856725,0.069539875
TEST_04286,2.5340993,0.2626674,-0.2829402
TEST_04287,2.401303,1.4521874,-0.86496156
TEST_04288,3.3036044,0.26933023,-0.97497594
TEST_04289,2.7011976,0.49032855,0.18922393
TEST_04290,3.2744792,-0.44959944,-0.69826806
TEST_04291,2.5060294,-0.14692941,-0.40434653
TEST_04292,3.5520232,1.2421687,0.2589663
TEST_04293,1.4211528,0.019090995,-0.011133312
TEST_04294,1.1080854,0.79016644,0.46485507
TEST_04295,1.3744015,-0.46522716,0.1380244
TEST_04296,1.5341657,0.38020813,0.5025871
TEST_04297,2.9146903,-1.8672796,0.26437917
TEST_04298,5.3910494,-1.0093219,0.88184124
TEST_04299,2.194251,-0.07746736,0.7279222
TEST_04300,1.68914,-0.2977994,0.4599789
TEST_04301,2.077118,0.29040352,-0.28935558
TEST_04302,1.7952423,0.15412548,-0.52408725
TEST_04303,4.418095,-0.54006666,0.8379244
TEST_04304,3.7191393,-0.03816702,-0.5443427
TEST_04305,2.212328,-1.4640177,-0.71059287
TEST_04306,0.866486,0.48786393,-0.10807578
TEST_04307,3.8684015,-0.3277103,0.10356772
TEST_04308,2.7441735,-0.06919457,-0.45703304
TEST_04309,1.8984101,0.46741802,0.13918744
TEST_04310,1.9073489,-1.3857772,0.641935
TEST_04311,1.9363776,0.20666337,0.096653074
TEST_04312,2.6303456,0.8060855,0.5717134
TEST_04313,2.0461817,-0.104201466,0.06951047
TEST_04314,2.25138,0.18768884,-0.16557139
TEST_04315,2.2752168,-0.08787689,0.011480035
TEST_04316,4.2705574,-2.0573306,0.7304923
TEST_04317,1.5035523,-0.29404408,0.14960042
TEST_04318,1.5283092,0.630364,0.18157269
TEST_04319,4.140488,-0.27341056,2.2160919
TEST_04320,4.4582653,0.44496003,0.48758498
TEST_04321,3.2872446,0.97435457,-0.05097994
TEST_04322,2.8089478,1.6119668,0.2499807
TEST_04323,1.2526103,0.1717254,0.15862153
TEST_04324,1.7008576,0.21898437,0.17732537
TEST_04325,0.8820219,-0.29696217,-0.1724233
TEST_04326,1.2672462,-0.34298408,0.030431481
TEST_04327,5.144253,1.582883,0.6258667
TEST_04328,4.6831574,1.3986444,-0.95533293
TEST_04329,3.3374925,-0.07228426,0.163001
TEST_04330,1.6714768,0.25838575,-0.24944842
TEST_04331,1.0774404,-0.27338427,0.109040886
TEST_04332,4.219604,1.3712182,0.74154663
TEST_04333,2.1563616,0.39904183,-0.06265717
TEST_04334,1.4147826,-0.41734514,0.32230553
TEST_04335,1.2020427,0.45258,0.20818883
TEST_04336,1.5237415,0.40881723,-0.21437897
TEST_04337,1.3253359,0.2544437,-0.3273691
TEST_04338,4.375123,0.0026408657,-0.8468767
TEST_04339,1.2687762,0.5883795,0.2522849
TEST_04340,1.3096222,0.5618501,0.003406655
TEST_04341,3.007663,-0.47384688,0.4090041
TEST_04342,1.8671122,0.63676065,0.18794483
TEST_04343,1.248483,-0.2206001,0.28951815
TEST_04344,1.8950297,0.13003153,-0.39264202
TEST_04345,4.9276485,-0.44713104,0.8719909
TEST_04346,3.1793969,0.045877486,0.010993419
TEST_04347,1.9246333,0.708026,-0.38633934
TEST_04348,1.6963974,0.4415014,0.39920887
TEST_04349,0.91597766,-0.15145172,-0.16936974
TEST_04350,1.9958675,0.56906396,0.08127068
TEST_04351,2.4098241,-0.7446814,0.50641173
TEST_04352,3.808151,0.94679594,1.6341078
TEST_04353,3.853413,0.6768051,1.9592266
TEST_04354,1.9153196,0.51623744,0.1148559
TEST_04355,1.5633227,0.4032354,0.22961333
TEST_04356,1.9111291,0.8025053,-0.4849136
TEST_04357,1.9610023,0.6261408,0.1303962
TEST_04358,1.1808294,0.5672824,0.2757637
TEST_04359,4.6590805,-0.019825084,0.5352549
TEST_04360,3.7416835,-1.9271817,1.0739658
TEST_04361,3.6194873,2.229624,1.2947782
TEST_04362,2.9485235,1.0794413,0.7109086
TEST_04363,3.3829758,-0.53255355,0.8254971
TEST_04364,1.7818792,-0.022073016,-0.40144518
TEST_04365,2.0241382,-0.49689767,-0.20109804
TEST_04366,1.7645662,0.018363148,0.06907085
TEST_04367,2.74958,0.12919985,0.6140927
TEST_04368,2.575271,0.5275696,0.9475764
TEST_04369,2.5372465,0.039540082,-0.22072116
TEST_04370,1.4222782,0.37138897,0.25874925
TEST_04371,3.0709283,0.18034172,-0.08772107
TEST_04372,4.0685363,1.6325743,-0.6627566
TEST_04373,1.2689519,-0.025338715,-0.09404018
TEST_04374,1.9274701,1.5296532,-0.40434605
TEST_04375,1.7336655,0.19702752,0.18744995
TEST_04376,2.653506,0.6483644,1.5875001
TEST_04377,2.9459498,0.53558713,0.59161067
TEST_04378,1.4799722,1.1842941,0.37118226
TEST_04379,3.7676547,0.8312966,0.056578644
TEST_04380,0.9852887,-0.31002432,0.10924874
TEST_04381,3.3568757,0.07830068,-0.15142833
TEST_04382,1.8138602,0.20573291,-0.1711575
TEST_04383,2.6162992,-0.5886992,0.65014654
TEST_04384,2.1678004,-0.01486516,0.38244012
TEST_04385,4.465323,0.43598446,0.31139365
TEST_04386,2.6393316,0.67118925,-0.8334695
TEST_04387,2.09284,0.30863786,-0.599798
TEST_04388,2.2427087,-0.6159802,-0.35563725
TEST_04389,3.061319,-1.7534072,1.3569884
TEST_04390,2.4304118,0.67487663,0.8690835
TEST_04391,1.846161,0.42263222,0.038601913
TEST_04392,3.1445267,0.7346932,0.983053
TEST_04393,2.7032745,0.3066914,0.074113816
TEST_04394,3.683052,-0.7553606,0.5906744
TEST_04395,2.3793433,1.0873042,-0.90167564
TEST_04396,1.5491999,0.68809307,0.5037952
TEST_04397,1.8449792,0.016491994,0.50252557
TEST_04398,2.6143131,-0.1351359,0.18697113
TEST_04399,5.295415,0.61265,1.4069864
TEST_04400,4.120784,1.2177665,-0.08421869
TEST_04401,4.529579,-0.6245449,-0.28091615
TEST_04402,4.307612,-0.8163485,0.41041136
TEST_04403,3.037594,0.06544944,0.42740878
TEST_04404,2.2379196,0.33551008,-0.99913025
TEST_04405,1.87064,-0.38927042,-0.41631442
TEST_04406,2.1189306,0.68312764,-0.24449371
TEST_04407,4.971439,0.047106043,0.24680148
TEST_04408,1.285535,0.5470483,-0.58225363
TEST_04409,3.4783325,-0.12737997,-0.1501334
TEST_04410,1.138696,-0.12392901,0.05651457
TEST_04411,1.9492408,-0.41763845,-0.3249825
TEST_04412,3.7140138,0.94618297,-1.1816945
TEST_04413,2.7666721,-0.24515665,-0.16218135
TEST_04414,1.4787223,0.2487326,0.07866293
TEST_04415,3.7928522,0.13548821,-0.64359313
TEST_04416,2.1278048,-0.72062486,0.25431085
TEST_04417,4.1124825,-1.7242426,1.9391099
TEST_04418,4.636014,-1.3609508,0.67310834
TEST_04419,2.5922391,0.7083094,-1.0409309
TEST_04420,1.700942,-0.3139543,0.1583194
TEST_04421,3.247232,-0.40210304,0.36238238
TEST_04422,1.1727204,-0.22904941,-0.10164816
TEST_04423,3.7178597,0.51531786,0.66503847
TEST_04424,2.5373313,-0.3391748,-0.35700923
TEST_04425,2.0737805,-0.707717,0.5887784
TEST_04426,2.2546873,0.066972055,0.40555015
TEST_04427,4.2307734,-0.18321037,0.98353565
TEST_04428,3.1904392,0.17252037,0.15616626
TEST_04429,4.992829,1.3652058,-0.20037797
TEST_04430,5.3134933,-1.7369652,-0.93672925
TEST_04431,1.9867826,-1.220647,-0.5395973
TEST_04432,3.336946,-0.6066375,1.5628856
TEST_04433,3.8142848,0.12812455,0.7739683
TEST_04434,2.958959,-0.40505382,1.0019666
TEST_04435,1.3935236,-0.12010192,-0.050835013
TEST_04436,1.9233519,-0.12611601,0.68735033
TEST_04437,1.646335,-1.0797546,0.27843687
TEST_04438,1.9928066,0.14293146,0.45990786
TEST_04439,3.9851131,-1.5647349,1.4490029
TEST_04440,2.4567444,-0.9530502,0.5611511
TEST_04441,1.3918653,0.47171357,0.14239343
TEST_04442,3.8531406,0.28104365,-0.87145364
TEST_04443,3.6936533,-1.3084823,-0.326116
TEST_04444,2.4028764,0.58109313,0.400649
TEST_04445,2.3630672,-0.02702119,0.07888025
TEST_04446,1.6504416,0.42697072,-0.19240996
TEST_04447,4.237586,1.4133542,1.0020201
TEST_04448,4.2957845,1.619102,1.5006515
TEST_04449,3.2785468,-0.3483949,-0.5008251
TEST_04450,1.2698263,-0.050440606,0.19274573
TEST_04451,3.0193691,0.5454622,0.14644423
TEST_04452,4.729,-0.20545156,1.6102395
TEST_04453,2.317923,0.08470583,0.38833505
TEST_04454,2.308997,-1.5286138,1.4167138
TEST_04455,1.8609262,1.0430169,0.137653
TEST_04456,3.369376,-0.36847892,1.0301305
TEST_04457,2.285774,0.08064681,0.1049464
TEST_04458,2.7172837,0.22139852,-0.11679914
TEST_04459,4.6104684,-1.4419292,1.038944
TEST_04460,2.4489253,-0.18753065,-0.6927276
TEST_04461,3.1827781,-0.47087324,0.76764154
TEST_04462,2.0260649,-0.22289166,0.14415537
TEST_04463,1.858484,0.022596605,0.5838639
TEST_04464,4.2863984,0.2944039,0.6945449
TEST_04465,4.2835693,-1.6570586,-0.30929318
TEST_04466,2.0933173,-0.057085983,0.30046782
TEST_04467,3.6645784,-0.79043597,-0.58906865
TEST_04468,2.5928721,-0.7643736,0.48629794
TEST_04469,2.637611,0.08958611,0.8014975
TEST_04470,2.3048885,-0.10321892,0.6271148
TEST_04471,1.2696095,-0.6032432,0.21166249
TEST_04472,1.2103916,0.48647138,0.022870276
TEST_04473,2.225309,-1.0302244,0.8695237
TEST_04474,1.5198576,-0.20823416,0.10838037
TEST_04475,2.3458192,0.7274604,0.53265834
TEST_04476,2.8767316,0.43630168,0.83133435
TEST_04477,3.0683315,-0.24044105,0.9740173
TEST_04478,2.942945,-0.8799718,0.77090496
TEST_04479,4.216909,-0.18575811,-0.087908804
TEST_04480,4.3714333,0.51220673,1.4695208
TEST_04481,1.3950152,-0.20784219,-0.11340477
TEST_04482,2.484964,1.4550656,1.6165161
TEST_04483,2.4278069,-0.9814062,-0.86762285
TEST_04484,2.1205509,-0.29555485,0.075196855
TEST_04485,0.94273984,-0.014387675,0.29935378
TEST_04486,3.7988596,0.49460182,-0.66619104
TEST_04487,4.234557,-0.68869174,0.21880662
TEST_04488,4.5953927,0.4468022,0.24110442
TEST_04489,3.1720605,-0.084998265,-0.08057514
TEST_04490,2.5940242,0.26924115,0.5892751
TEST_04491,2.8643909,0.19427687,0.5127751
TEST_04492,4.6353784,-0.7939116,0.7569516
TEST_04493,2.5529852,0.029064864,0.011603566
TEST_04494,2.208183,-0.18097188,0.017283967
TEST_04495,1.4588903,0.8348918,-0.19804849
TEST_04496,2.9625356,-0.05291248,1.3296123
TEST_04497,3.5416837,-1.8498633,1.8286635
TEST_04498,5.082998,0.64058936,1.6236441
TEST_04499,1.9925188,1.2287691,-0.42971188
TEST_04500,3.0421677,0.35885665,0.5132432
TEST_04501,1.1727288,0.07136054,-0.124522544
TEST_04502,1.9465896,-0.27813402,0.49708804
TEST_04503,2.2067995,0.11281791,0.59468645
TEST_04504,2.7139506,-0.13621268,-0.59734505
TEST_04505,2.764183,0.9518077,1.0466319
TEST_04506,1.5524476,0.5114366,0.31058216
TEST_04507,2.0732825,0.516736,-0.14636108
TEST_04508,2.7934613,0.3416077,0.638598
TEST_04509,3.3174407,0.4898598,-1.1708401
TEST_04510,2.6806843,-1.1573607,0.72152466
TEST_04511,1.1460478,-0.4089569,-0.11239056
TEST_04512,2.2067897,0.73982954,-0.31052285
TEST_04513,2.081132,0.055827953,0.3063702
TEST_04514,3.0701416,0.144241,0.013477296
TEST_04515,0.98367643,0.49598175,0.07070522
TEST_04516,2.9059343,0.7127518,0.45094663
TEST_04517,1.4654522,0.4030481,0.40266916
TEST_04518,3.512978,0.4405742,0.8813484
TEST_04519,5.4684954,-1.0203066,-0.93890333
TEST_04520,1.9329141,0.9502378,-0.17105812
TEST_04521,1.66006,-0.6801275,-0.19307
TEST_04522,2.602778,-1.4357085,1.3558383
TEST_04523,3.3030047,1.9280709,0.14154276
TEST_04524,3.6500196,1.1566039,-0.52816904
TEST_04525,1.8252119,-0.089911394,-0.035313956
TEST_04526,2.9555275,0.29513457,-0.31201723
TEST_04527,2.8914387,-0.5966041,1.3306035
TEST_04528,2.7541306,1.1217285,-0.48519522
TEST_04529,1.9718652,0.44230965,0.064292856
TEST_04530,2.5710537,0.476048,-0.30991423
TEST_04531,1.1534851,-0.12491778,-0.31238237
TEST_04532,2.6643264,-0.59640765,-0.9594211
TEST_04533,0.929682,-0.055748876,0.19348067
TEST_04534,1.6026158,0.23823066,0.22003438
TEST_04535,4.1436157,0.36398643,-0.12932488
TEST_04536,3.208003,-0.8741916,-0.6546089
TEST_04537,3.5633373,-0.35968137,0.7385785
TEST_04538,2.979302,-0.90597636,-0.3337446
TEST_04539,2.139217,0.13226517,-0.73054653
TEST_04540,1.5829568,-0.68556213,-0.13610548
TEST_04541,2.303039,-0.012500498,-0.3342829
TEST_04542,1.5481441,-0.38123408,0.43567893
TEST_04543,2.3026376,-0.41417393,-0.62667525
TEST_04544,3.7687886,0.54383874,-0.22519104
TEST_04545,4.4367075,1.5933876,1.6830858
TEST_04546,1.2465171,0.19629145,0.04052241
TEST_04547,3.9383292,-0.50927526,0.67332137
TEST_04548,2.8238144,0.5936402,0.20242786
TEST_04549,2.6354635,-1.2492312,0.20973286
TEST_04550,1.9524565,-0.4918711,0.6153073
TEST_04551,1.3868265,0.20301369,0.024767619
TEST_04552,1.7245073,-0.66098994,0.04597801
TEST_04553,3.6663566,2.0827432,0.70792335
TEST_04554,3.6905856,0.31390613,0.3353919
TEST_04555,0.7416638,0.37268832,-0.2301799
TEST_04556,2.754121,1.1242787,-0.77672243
TEST_04557,2.8790164,0.9819687,-0.6339916
TEST_04558,2.3059087,0.81504816,0.3300456
TEST_04559,5.6235266,1.5640997,-0.5306116
TEST_04560,2.8806264,2.3829901,-0.10114085
TEST_04561,1.5257752,0.29752457,-0.47325408
TEST_04562,3.7111206,-0.5019841,0.64750177
TEST_04563,2.401565,-1.6584958,1.230789
TEST_04564,3.0986927,0.22819676,1.4598172
TEST_04565,1.098664,-0.203519,0.3318864
TEST_04566,2.759748,-0.084377,0.8441337
TEST_04567,2.897699,0.62429464,0.70602506
TEST_04568,4.7122445,-1.6966373,0.9593248
TEST_04569,2.5213218,0.7045229,-0.13417298
TEST_04570,2.0123727,0.5849511,-0.31403846
TEST_04571,2.821053,-0.2668147,0.7911745
TEST_04572,2.4089081,0.18711099,-0.7599408
TEST_04573,1.5442787,0.18336667,0.022517955
TEST_04574,2.2594738,0.11387818,0.40674445
TEST_04575,1.4500151,0.5088391,0.28564855
TEST_04576,3.1058943,-0.17853677,1.0489352
TEST_04577,3.2820797,-0.064993694,0.6516841
TEST_04578,4.8680816,-0.63803184,-1.1606193
TEST_04579,1.7302358,0.33690247,0.53157496
TEST_04580,2.4238384,0.09024506,0.0028257575
TEST_04581,3.4817734,0.29959622,-0.69723296
TEST_04582,1.6187488,-0.55793357,-0.4995928
TEST_04583,2.0618954,0.640705,-0.3703976
TEST_04584,3.0845356,-0.5357407,-0.51220655
TEST_04585,2.1409361,-1.7420895,-0.47520053
TEST_04586,1.9266534,0.1437248,0.20486613
TEST_04587,2.5264745,-0.31801432,-0.38481557
TEST_04588,2.3548527,-0.83111525,0.09557599
TEST_04589,2.8254824,1.1756554,0.52995116
TEST_04590,5.098326,1.4955395,-0.02152902
TEST_04591,2.153592,0.23888865,-0.094792634
TEST_04592,2.2767477,-1.2637198,0.035588935
TEST_04593,3.5319963,0.7260372,-0.30531877
TEST_04594,1.7867126,-0.051718228,0.2565775
TEST_04595,1.0653225,-0.33528924,0.42847604
TEST_04596,2.2174392,0.6618912,-0.12159398
TEST_04597,3.4907286,-0.8978028,0.78179777
TEST_04598,1.3006246,0.34916297,-0.054240678
TEST_04599,5.497593,-0.20942129,-0.25866428
TEST_04600,3.8883781,0.36439532,-1.0297242
TEST_04601,4.539125,-2.1478724,-0.31991845
TEST_04602,1.8862113,1.101526,0.17435272
TEST_04603,3.4814165,-0.8787607,-0.073866315
TEST_04604,1.432532,-0.13423727,0.50969094
TEST_04605,2.616093,-0.030716933,-0.65895385
TEST_04606,2.9402833,-0.68260944,-0.6717392
TEST_04607,3.1865568,0.9244876,-0.69610333
TEST_04608,4.220496,-0.66834164,0.53410727
TEST_04609,3.4084182,0.17081726,0.46790013
TEST_04610,2.931996,0.31875268,-0.2920304
TEST_04611,2.6280947,-0.0064888387,-0.2151912
TEST_04612,4.6237493,0.14296368,1.2411373
TEST_04613,1.3755451,0.09520022,-0.039892722
TEST_04614,1.7942277,1.1368606,0.33102053
TEST_04615,4.062782,-0.84315544,-0.639106
TEST_04616,1.7307911,0.25346047,-0.24993043
TEST_04617,2.8912206,0.06581647,0.939445
TEST_04618,4.73065,-0.765991,0.4956696
TEST_04619,2.247725,-0.425253,0.108280405
TEST_04620,2.8303628,0.20033582,-0.008322152
TEST_04621,0.7710512,0.14424685,0.084347054
TEST_04622,1.7248417,0.49093133,0.5239611
TEST_04623,3.3226287,-0.2652248,1.101242
TEST_04624,3.2784264,-0.044612955,-0.14342044
TEST_04625,2.6982398,-0.69228345,1.5190341
TEST_04626,2.637762,-0.282516,-0.39275256
TEST_04627,3.9585161,-0.1292622,-0.13529535
TEST_04628,1.7532712,-0.22754902,-0.022131313
TEST_04629,2.0089269,-1.0883073,0.36711997
TEST_04630,1.1494073,0.09590284,0.29671565
TEST_04631,1.5258734,-0.7291277,0.45169616
TEST_04632,3.3316,0.47578222,0.16374126
TEST_04633,1.6870593,0.5279114,-0.24017045
TEST_04634,1.7266636,-0.3857647,0.19649644
TEST_04635,1.0544286,0.6071207,-0.3572843
TEST_04636,3.9156928,1.8703539,-0.78109044
TEST_04637,2.3729002,-0.46227273,0.053718105
TEST_04638,1.3121805,0.72102064,0.1798591
TEST_04639,3.4341314,-1.1131687,-1.2233104
TEST_04640,4.7815113,2.3050594,1.0610272
TEST_04641,2.7897458,0.2768156,0.55943185
TEST_04642,2.7457066,-1.3867784,0.16863853
TEST_04643,3.711116,-2.2657127,0.16198294
TEST_04644,3.4022527,-0.70861536,-0.85974586
TEST_04645,2.8137844,-0.6686617,0.18993908
TEST_04646,1.535518,0.2687619,-0.23382325
TEST_04647,1.9221355,-0.23943216,-0.11272331
TEST_04648,2.8587716,0.5243392,-0.47584358
TEST_04649,4.051991,0.6200466,-0.5337026
TEST_04650,2.7837048,0.6378744,0.2627105
TEST_04651,2.4970949,0.19287767,-0.5295502
TEST_04652,4.293569,0.71161765,-0.34057352
TEST_04653,2.3437562,-0.04675974,0.20888661
TEST_04654,2.0043797,1.6309441,-0.16409956
TEST_04655,3.210047,-0.58588904,-0.74124444
TEST_04656,1.9713571,-0.044811085,-0.3530625
TEST_04657,3.2949965,0.5013776,-0.2659664
TEST_04658,3.8490775,0.5484678,-0.83677894
TEST_04659,1.5436342,-0.51764137,-0.16090558
TEST_04660,0.9812843,-0.18197396,-0.10645953
TEST_04661,2.0532146,-0.03909339,0.5517902
TEST_04662,2.079852,-0.6725756,0.02448645
TEST_04663,3.831315,0.20367965,-0.10402036
TEST_04664,3.9963675,-0.54203504,0.7135589
TEST_04665,4.1032305,1.1963637,0.08834276
TEST_04666,1.7842242,-0.56590396,-0.79259795
TEST_04667,3.3832052,-0.19914281,-0.07597629
TEST_04668,2.7929935,0.20289683,-0.14507933
TEST_04669,2.8753831,0.23691687,-0.56710887
TEST_04670,5.0370474,-1.1738746,1.1797543
TEST_04671,1.3033962,0.32956716,0.16509703
TEST_04672,3.0893738,-1.3620883,1.5133487
TEST_04673,2.5624294,0.4772889,0.36935115
TEST_04674,2.9337459,0.14357695,-0.04768813
TEST_04675,2.4140627,0.9785517,0.5838323
TEST_04676,2.2340665,0.18505527,-0.05727557
TEST_04677,2.2134502,0.5237554,0.03154758
TEST_04678,2.1754103,-1.1391389,-0.52484155
TEST_04679,4.97327,-1.5944192,2.1547499
TEST_04680,2.2581565,1.8098066,-0.37994623
TEST_04681,5.0544853,0.8917421,0.94719267
TEST_04682,4.911587,-0.041670457,-0.8144351
TEST_04683,2.6091542,0.71177167,0.2097122
TEST_04684,1.7950597,-0.34521523,0.70211834
TEST_04685,3.058463,-0.045376826,0.0618767
TEST_04686,3.9077868,0.36751008,-0.22024098
TEST_04687,1.3232628,0.26250362,-0.45804802
TEST_04688,2.4940598,1.3193907,-0.972403
TEST_04689,2.3784635,0.32381037,0.09442035
TEST_04690,2.5654874,0.7565982,0.47589803
TEST_04691,2.9305162,-0.15214576,0.65204495
TEST_04692,4.0353074,-1.1805646,0.51480436
TEST_04693,1.3146626,-0.45207277,0.42545524
TEST_04694,3.1993756,0.060902245,0.5462877
TEST_04695,2.7255437,0.19131026,0.2148292
TEST_04696,2.7019985,0.5540427,0.0033953395
TEST_04697,1.47123,0.05202825,0.21434444
TEST_04698,4.36801,0.060167313,0.8286784
TEST_04699,4.6230755,-1.4990655,1.4189367
TEST_04700,2.8621707,-0.50279826,0.48948252
TEST_04701,1.4987165,-0.38664323,-0.10970277
TEST_04702,1.3603027,0.32853454,0.3699136
TEST_04703,1.5132092,0.09495577,-0.19339424
TEST_04704,1.2363368,-0.55472344,-0.27536717
TEST_04705,1.9839175,-1.5734887,0.9900552
TEST_04706,0.9749007,0.032080017,0.33254987
TEST_04707,1.7281339,-0.7117577,0.023182046
TEST_04708,2.5261757,0.01112263,-0.19808158
TEST_04709,3.333791,-0.059946667,1.4333843
TEST_04710,4.242582,-1.1404666,0.059128493
TEST_04711,1.7026516,-0.31315404,0.18428755
TEST_04712,1.8393215,0.40303752,0.52979034
TEST_04713,2.34798,0.4593922,0.024166176
TEST_04714,1.2281356,0.117752016,-0.10225178
TEST_04715,1.5219746,0.3697654,0.3388183
TEST_04716,3.7897959,-0.29375747,0.08090562
TEST_04717,1.7408392,0.014807999,0.16954452
TEST_04718,1.9953579,0.39177284,0.9127816
TEST_04719,4.1605697,-0.55796164,0.6011518
TEST_04720,4.051616,-1.2826983,-0.57821214
TEST_04721,3.4939516,2.2837822,-0.5033117
TEST_04722,1.7143801,-0.7715147,-0.5716951
TEST_04723,1.4766871,1.0780386,0.422611
TEST_04724,2.7567375,0.66088015,-0.35281584
TEST_04725,2.7904801,0.23666221,0.56829953
TEST_04726,3.4892933,-0.013440393,0.16054258
TEST_04727,2.4755328,0.53912866,0.87164277
TEST_04728,2.53264,-1.6281431,0.5715363
TEST_04729,2.861797,0.41312325,0.09656259
TEST_04730,1.0624119,0.07742795,-0.22933441
TEST_04731,3.8170815,0.09160638,0.35365444
TEST_04732,2.854572,-0.79422903,0.7127334
TEST_04733,2.2399864,-0.30350727,0.6225772
TEST_04734,1.9181298,1.5499736,-0.31886
TEST_04735,3.9916646,1.3507768,-0.4677363
TEST_04736,2.8699095,0.02226977,0.9304948
TEST_04737,3.0003345,0.026665581,0.15869178
TEST_04738,2.3702862,0.100276425,0.40953144
TEST_04739,1.2463958,-0.42151666,0.15650469
TEST_04740,1.4243467,0.26077333,-0.14867136
TEST_04741,1.0483663,0.13225524,-0.3505881
TEST_04742,1.988973,-0.21001478,0.31980413
TEST_04743,2.1535897,-0.7382406,-0.8236244
TEST_04744,2.8950336,-0.3420857,-0.03702313
TEST_04745,1.493916,-0.086075485,0.47183615
TEST_04746,1.2333701,-0.0246826,-0.16079782
TEST_04747,2.3399758,-0.08455305,0.07591004
TEST_04748,2.7826772,1.0212556,0.31693164
TEST_04749,3.3780587,-0.44851774,-0.32981902
TEST_04750,4.1584063,-0.10139709,0.7662582
TEST_04751,1.2846037,-0.71083003,0.06872201
TEST_04752,2.1559153,-1.3316962,-0.8046892
TEST_04753,2.5200357,0.80543286,1.082502
TEST_04754,2.2646277,0.29825026,-0.007769844
TEST_04755,1.4655724,0.44188333,0.24436961
TEST_04756,3.4741712,-1.2530879,1.4862306
TEST_04757,1.8284321,-0.2322688,0.32468572
TEST_04758,3.0120702,-0.38929257,1.1523343
TEST_04759,3.8549042,0.37123877,2.1387541
TEST_04760,1.9912658,-0.82883596,0.26896852
TEST_04761,2.524629,2.2606914,-0.6209824
TEST_04762,1.7196445,0.47228938,-0.72205544
TEST_04763,3.1354234,1.486804,-1.240301
TEST_04764,2.5440085,0.0844921,-0.5090693
TEST_04765,0.98096025,0.174266,-0.20154911
TEST_04766,4.44535,-1.0214386,0.5250073
TEST_04767,1.3169501,0.7065174,0.48253495
TEST_04768,3.241813,2.238704,1.6096724
TEST_04769,1.8540438,0.08147853,-0.080420285
TEST_04770,2.2568252,0.18852109,0.29825667
TEST_04771,1.0700049,-0.4205591,0.11471097
TEST_04772,1.1517,0.53635484,-0.57934326
TEST_04773,2.299982,-0.8188148,0.13657276
TEST_04774,1.8966229,0.6637973,-0.18376523
TEST_04775,2.7593904,0.50930923,-0.102830365
TEST_04776,1.8339257,-0.07496433,0.82737905
TEST_04777,1.9785267,-0.88415027,-0.015491394
TEST_04778,1.7847883,0.3779822,0.58145785
TEST_04779,2.2347984,-0.42564857,0.23826265
TEST_04780,1.4864562,-0.68778706,0.4772724
TEST_04781,3.3574846,-0.54210657,-0.1007892
TEST_04782,1.8532513,-0.2785297,-0.566679
TEST_04783,3.096981,-0.41242215,1.2397041
TEST_04784,3.264186,0.20054436,0.21567543
TEST_04785,2.8202946,1.7689844,-0.5862135
TEST_04786,2.82364,-0.57514954,0.2821854
TEST_04787,1.6524124,0.3165883,0.37450302
TEST_04788,3.4428947,0.18673329,-0.09849327
TEST_04789,4.696287,-0.4100179,0.40273532
TEST_04790,3.5802262,1.1857709,-0.2554354
TEST_04791,2.172308,0.055052143,0.6090036
TEST_04792,3.3249104,-1.3088696,0.5674131
TEST_04793,2.9652078,-0.0014550751,0.99150836
TEST_04794,2.134506,-0.22741973,0.033459045
TEST_04795,0.83394283,-0.0002059862,-0.037901603
TEST_04796,3.5498314,-0.8598819,0.5181839
TEST_04797,1.8766525,0.26648712,0.5108488
TEST_04798,2.1594272,-1.18515,0.6439905
TEST_04799,5.020456,0.060959868,1.679306
TEST_04800,5.0060654,-0.21214405,0.615205
TEST_04801,4.8529253,-2.4347007,-0.9590878
TEST_04802,1.3561821,0.8881257,-0.19296588
TEST_04803,2.3831184,-0.98455584,-0.25424248
TEST_04804,2.138877,0.18208964,-0.13318127
TEST_04805,1.1235319,-0.1790132,0.19064829
TEST_04806,2.447957,0.028906707,0.15575793
TEST_04807,4.062888,-1.0037962,-0.6290114
TEST_04808,5.864208,-2.2725945,0.5985174
TEST_04809,1.7974043,0.44996792,-0.30818808
TEST_04810,2.06151,-0.43042624,-0.5477375
TEST_04811,2.0906444,0.1043486,-0.47363877
TEST_04812,3.0063756,1.3214923,0.45845282
TEST_04813,0.9968679,0.1011195,-0.22566707
TEST_04814,3.897647,-0.17080776,1.1770091
TEST_04815,3.9115455,0.34106213,0.4162328
TEST_04816,1.3949738,-0.7321788,0.4074121
TEST_04817,1.6466616,-0.38329205,0.6061736
TEST_04818,4.7644725,0.6756639,1.5721368
TEST_04819,0.80561244,-0.048777185,0.17792737
TEST_04820,1.329197,0.62455785,-0.038220126
TEST_04821,1.1563377,-0.23087856,-0.074394144
TEST_04822,1.4907504,-0.014975946,-0.20509884
TEST_04823,3.7504826,0.06409453,0.21321532
TEST_04824,1.6071032,0.4570074,0.5469595
TEST_04825,1.7824472,-1.1005235,0.22627948
TEST_04826,2.5655022,0.33579162,0.12106551
TEST_04827,1.7529013,-0.29461592,-0.5811229
TEST_04828,2.7590492,0.9212068,-0.82868546
TEST_04829,3.4605968,-0.6579106,-0.905379
TEST_04830,4.563895,-0.06725794,-0.76140034
TEST_04831,1.378539,0.07709676,0.046228226
TEST_04832,3.2013845,0.5401757,-0.42578477
TEST_04833,3.7014148,0.6006965,0.6762115
TEST_04834,2.3679066,0.1559252,-0.00782167
TEST_04835,2.4123917,0.16511507,0.38812536
TEST_04836,3.614764,-0.37377793,0.8500725
TEST_04837,1.7608954,-0.16907707,-0.13101968
TEST_04838,2.1114802,-0.95372313,0.08354061
TEST_04839,5.34903,0.958377,1.2806513
TEST_04840,2.1004832,-0.690049,-0.18334667
TEST_04841,2.9367046,-1.3347609,-0.07988256
TEST_04842,1.8315403,0.1736049,0.11359717
TEST_04843,1.9493227,-0.32423317,-0.7696634
TEST_04844,2.548774,0.31402114,0.2643515
TEST_04845,2.2600715,-0.32471675,-0.24128574
TEST_04846,2.2284558,0.34775603,-0.30230388
TEST_04847,4.0801377,-0.7317811,0.45110455
TEST_04848,4.0697417,-0.31956664,-0.6657334
TEST_04849,1.8758321,0.09900012,-0.041210514
TEST_04850,2.0944853,0.23764756,-0.2675482
TEST_04851,1.7933309,0.08260307,-0.026001753
TEST_04852,1.6289344,-0.21989119,0.20041482
TEST_04853,1.041312,0.20156004,0.03588564
TEST_04854,1.0232339,0.33353028,0.17658116
TEST_04855,1.1759254,0.6249593,-0.19678369
TEST_04856,3.3921425,0.6606189,1.5386134
TEST_04857,4.269723,1.5137577,0.15290613
TEST_04858,2.178049,0.13555896,-0.00056505017
TEST_04859,4.3658814,0.94538605,1.0496262
TEST_04860,2.8628423,-0.88506293,0.6753464
TEST_04861,1.6937042,0.011364918,-0.35251635
TEST_04862,1.3099055,0.36543408,-0.044799328
TEST_04863,3.2078347,-0.6256347,0.79992735
TEST_04864,1.7800964,0.6432232,-0.006349492
TEST_04865,3.0625272,0.72010297,0.35360214
TEST_04866,3.1853724,0.025547149,-0.07941715
TEST_04867,1.4764786,0.6408995,-0.058903478
TEST_04868,3.0045176,0.015906226,-0.07256678
TEST_04869,4.587024,0.24553098,-0.6911993
TEST_04870,2.4999688,-0.45961308,-0.21009475
TEST_04871,2.3021522,0.5254086,-0.45735595
TEST_04872,3.2080586,-0.19949313,-0.90792024
TEST_04873,2.8511252,-1.0041326,-0.20291606
TEST_04874,0.9894372,0.03247933,-0.14449708
TEST_04875,1.4398094,-0.33322266,-0.21563473
TEST_04876,3.7497063,-1.3942777,1.0704385
TEST_04877,2.354537,0.30358046,0.25654227
TEST_04878,3.173527,-1.1835134,0.13227731
TEST_04879,5.552336,0.9501482,-1.2788265
TEST_04880,2.4960928,1.5659571,0.060380295
TEST_04881,1.6377032,-0.048350174,-0.05034139
TEST_04882,3.1841035,0.92871577,1.395976
TEST_04883,2.5107813,-0.26064458,-0.7092015
TEST_04884,3.3478985,-0.24556233,-0.5682408
TEST_04885,2.4656906,0.14017333,0.179983
TEST_04886,2.5462782,0.2600877,0.010430889
TEST_04887,1.1962947,-0.18018281,0.44856158
TEST_04888,2.2425103,-1.7710813,-0.6478095
TEST_04889,2.9017224,0.46495974,0.19662465
TEST_04890,3.0938,-0.17185447,0.15662947
TEST_04891,2.445084,0.0017117336,-0.13920484
TEST_04892,1.5238808,-0.38699403,0.2921011
TEST_04893,1.7102149,0.027241826,0.020992097
TEST_04894,1.9340627,-0.578163,0.58999366
TEST_04895,4.010479,0.67905295,-1.4976903
TEST_04896,1.1687646,-0.8199264,-0.60845727
TEST_04897,1.5469568,0.09274035,0.33585393
TEST_04898,2.934976,0.4993242,1.3204732
TEST_04899,2.7330081,-0.8291722,0.22088866
TEST_04900,2.4914553,-0.49848852,0.25019434
TEST_04901,3.0985188,-0.12706262,-1.1000578
TEST_04902,1.6185348,0.35003188,-0.2031436
TEST_04903,2.0054517,-0.68538076,0.7126408
TEST_04904,1.7983406,0.4472418,-0.43887052
TEST_04905,3.9712932,0.6548237,0.63633186
TEST_04906,2.539174,-0.16772228,0.2790761
TEST_04907,2.1305933,-0.21530747,-0.7303418
TEST_04908,2.0869994,-0.459013,0.02045756
TEST_04909,3.556964,-0.7761341,-0.30737472
TEST_04910,2.2672987,-1.7251705,-0.034822617
TEST_04911,1.8144951,-0.74037063,-0.048947573
TEST_04912,1.8619118,0.16037741,-0.39055717
TEST_04913,2.9734397,-0.26540306,-0.00040736422
TEST_04914,1.9855744,0.37483037,-0.2682798
TEST_04915,2.2570703,-0.42160365,0.25062475
TEST_04916,4.3127885,0.48631114,-0.110850096
TEST_04917,2.3286552,-1.6102248,0.792599
TEST_04918,2.4647644,-0.6944425,0.39917874
TEST_04919,3.674782,1.2572187,-0.2254107
TEST_04920,2.5564165,0.5861152,0.7647649
TEST_04921,2.124885,0.07640141,0.49279898
TEST_04922,2.4829671,-1.0167205,0.009537293
TEST_04923,2.0249064,1.564061,0.6848263
TEST_04924,2.6323497,0.10082241,0.054755576
TEST_04925,2.5959775,-0.45428503,0.16310364
TEST_04926,2.2477825,-0.51353145,0.33648
TEST_04927,2.1053662,0.13265136,-0.47956467
TEST_04928,3.0131893,0.32180548,1.2599685
TEST_04929,2.3465226,0.6216496,0.051774785
TEST_04930,2.2204792,-0.33711836,0.4114235
TEST_04931,2.1807084,-0.023902526,0.1163935
TEST_04932,2.1630049,-0.9426993,0.30841357
TEST_04933,2.3981755,-0.21448398,0.34469035
TEST_04934,2.1890423,-0.2785714,0.7102436
TEST_04935,1.817009,-0.0370236,-0.18134269
TEST_04936,2.4883542,0.95230776,-0.08228426
TEST_04937,3.2149653,-0.76349837,0.021609493
TEST_04938,3.4944804,-0.011972713,-0.80928606
TEST_04939,4.4632916,0.97370845,-0.9538818
TEST_04940,2.0320168,-0.80132914,0.8795881
TEST_04941,2.7714493,0.42069322,0.71149606
TEST_04942,2.4770818,-0.10010229,0.5582669
TEST_04943,2.6861582,-0.26529858,0.100700535
TEST_04944,1.410611,-0.6807208,-0.52167517
TEST_04945,5.340507,-0.4970336,0.10665816
TEST_04946,2.4860048,0.3638022,-0.33240226
TEST_04947,3.9342995,0.22510105,-0.16919433
TEST_04948,2.7973316,-0.5132577,0.2339355
TEST_04949,4.258586,-0.29953584,0.07206917
TEST_04950,2.7588944,1.0046809,-0.5671619
TEST_04951,1.2367573,0.21776657,-0.2353106
TEST_04952,2.6092424,1.5914649,0.11120971
TEST_04953,2.270669,0.76264256,0.5705927
TEST_04954,1.8299251,-0.047240704,0.26470995
TEST_04955,1.2484602,0.028619125,-0.06678625
TEST_04956,4.381263,0.5369661,-0.17411187
TEST_04957,3.516201,1.7299453,0.011295023
TEST_04958,1.9924259,-0.4918335,-0.2802531
TEST_04959,5.689721,1.5084342,-0.57510525
TEST_04960,2.5286748,2.033136,-0.56537217
TEST_04961,4.76453,-1.568838,0.9398321
TEST_04962,2.0094829,0.8721711,-0.39086795
TEST_04963,2.816531,-1.6608193,-0.8355532
TEST_04964,2.066309,-0.36257753,0.5200044
TEST_04965,2.5701919,-0.53692967,0.4573436
TEST_04966,1.6835195,-0.22131741,0.37217984
TEST_04967,4.9591694,1.201568,-0.50729764
TEST_04968,1.412819,-0.6427332,-0.067226954
TEST_04969,2.5502582,0.08608186,-0.56764936
TEST_04970,1.7168334,0.567276,0.54964757
TEST_04971,1.6889895,0.12129252,-0.38023168
TEST_04972,4.7435856,0.82321364,-0.20541583
TEST_04973,3.0368,0.48938298,-0.5126759
TEST_04974,3.3767967,-0.7970418,0.80167323
TEST_04975,3.3306136,1.1624783,-1.0554684
TEST_04976,2.350526,0.4353564,1.1533751
TEST_04977,1.9464166,-0.05346571,0.85563517
TEST_04978,4.1325493,-0.17057328,0.35048354
TEST_04979,2.0741313,-0.3811761,0.27323043
TEST_04980,2.65232,0.116458744,0.004332779
TEST_04981,0.9162591,0.57710916,0.048680358
TEST_04982,1.9208442,-0.7518779,0.59635794
TEST_04983,1.379352,-0.29639068,0.30807367
TEST_04984,1.2461671,0.5063203,0.44861645
TEST_04985,1.3380638,0.5234438,0.12439851
TEST_04986,2.0092921,0.4900538,0.5691038
TEST_04987,2.2815127,0.5853141,-0.40208334
TEST_04988,2.590883,-0.17699163,0.6846791
TEST_04989,3.9185023,-0.0071029514,0.3134696
TEST_04990,4.5600567,-1.0285679,0.48767954
TEST_04991,2.9008107,0.6448574,0.26234332
TEST_04992,2.4220629,1.0925368,0.60259056
TEST_04993,2.9755857,0.78644943,0.10074881
TEST_04994,1.2423896,0.2928346,0.21417823
TEST_04995,1.9857998,0.60195976,0.2597918
TEST_04996,4.1161876,0.46804413,0.881363
TEST_04997,1.6910124,0.42077756,0.010526981
TEST_04998,1.366102,-0.4350614,-0.46147335
TEST_04999,3.1796665,0.28864634,-0.16346437
TEST_05000,2.0267298,-0.110569395,0.35231405
TEST_05001,2.7573662,-1.7815379,0.80831254
TEST_05002,3.9958942,-0.1598203,0.57207084
TEST_05003,3.940777,1.7916057,-0.6344953
TEST_05004,2.8159704,-0.15140676,-0.2900991
TEST_05005,1.7999995,-0.8298895,-0.6580446
TEST_05006,1.5841105,0.31588003,-0.33372986
TEST_05007,4.000109,-0.90335655,0.72701305
TEST_05008,5.407042,-1.1171774,0.13130969
TEST_05009,2.0183136,-0.64295834,0.29647267
TEST_05010,1.5580337,-0.55819345,0.4709958
TEST_05011,3.0811045,0.1945888,-0.4917454
TEST_05012,1.7094785,0.11616166,-0.59661686
TEST_05013,2.528537,-0.072459355,0.17624573
TEST_05014,2.052954,-0.106692076,-0.99376535
TEST_05015,1.9859184,-1.1467258,-0.42019838
TEST_05016,3.3718045,0.694837,-0.46145844
TEST_05017,2.4290013,-0.6083283,0.039322656
TEST_05018,4.224739,-0.8875833,1.6701614
TEST_05019,2.2011192,-0.6053043,0.5976697
TEST_05020,0.96942246,0.13430783,-0.45794937
TEST_05021,3.330119,-0.0761851,0.14012034
TEST_05022,1.9885869,-0.26369572,0.35069633
TEST_05023,4.369421,-0.67035353,0.2340605
TEST_05024,1.7020143,-0.3469741,0.117826305
TEST_05025,2.748423,-1.4379748,-0.505589
TEST_05026,1.6513823,0.1878336,-0.2803109
TEST_05027,3.1374824,0.54297906,-0.04339883
TEST_05028,1.5883979,0.15615486,-0.34498918
TEST_05029,2.2398431,-1.4688692,-0.3522034
TEST_05030,4.6228886,0.3218407,1.6682044
TEST_05031,2.712103,0.26599056,0.28001764
TEST_05032,3.117467,1.0631369,-0.1408163
TEST_05033,4.232737,-0.6045528,0.6284819
TEST_05034,3.4380665,-0.116239645,0.52891433
TEST_05035,1.036435,0.33750635,0.25700155
TEST_05036,4.467596,-0.7777765,0.2630473
TEST_05037,3.7569184,-1.5761021,0.09633319
TEST_05038,3.0544062,0.028482456,0.22719982
TEST_05039,4.5478377,-0.31851813,-0.16713677
TEST_05040,4.6851964,-1.6523802,1.3883811
TEST_05041,1.2928336,-0.23259187,-0.11727641
TEST_05042,3.0263906,-0.3907794,0.765715
TEST_05043,3.4653776,-0.15027362,0.19111377
TEST_05044,2.9013774,0.9493837,-0.60105985
TEST_05045,1.8033223,-0.4528955,-0.29844168
TEST_05046,1.3653296,-0.25461265,0.4614226
TEST_05047,1.1609863,-0.31413257,0.011658143
TEST_05048,5.2978973,-2.0911942,-0.47793132
TEST_05049,3.5119634,0.012061815,-0.52138424
TEST_05050,1.1944401,-0.45369416,0.08670655
TEST_05051,2.748004,-0.3375211,-0.0055763796
TEST_05052,3.1362255,0.5302242,0.57725966
TEST_05053,2.363808,0.32313058,-0.36050287
TEST_05054,3.2494848,-1.1244347,-0.58836806
TEST_05055,1.5164701,0.7673431,0.19228566
TEST_05056,1.7151048,0.87659407,0.95750964
TEST_05057,1.6413422,0.65918535,1.0589824
TEST_05058,2.4296365,-1.2766463,0.5797565
TEST_05059,2.3103576,0.4394191,-0.2836058
TEST_05060,2.9171195,0.34648946,0.6281524
TEST_05061,2.2322764,-0.13203417,-0.21680121
TEST_05062,1.5659213,0.15370208,0.11615297
TEST_05063,3.5656567,0.96903753,-0.88314766
TEST_05064,1.1190318,-0.47654232,0.055973567
TEST_05065,5.062769,1.4152704,0.6192856
TEST_05066,2.90366,0.086894706,-0.9968867
TEST_05067,2.4492857,0.0765322,0.48485786
TEST_05068,2.8210518,0.42855793,-0.3848639
TEST_05069,4.4927936,-0.5178227,-0.9024573
TEST_05070,2.4472988,-0.41436195,0.54203415
TEST_05071,2.3358145,0.43823782,0.24849416
TEST_05072,1.1465728,0.38592216,-0.25499386
TEST_05073,2.04286,0.3874011,0.14843862
TEST_05074,2.999682,0.1598885,0.14835809
TEST_05075,1.6169022,0.41342264,0.66105413
TEST_05076,3.1648748,-0.34136194,-0.19857457
TEST_05077,1.5637606,-0.5912301,0.118613824
TEST_05078,2.6886125,0.62531114,-0.88746846
TEST_05079,1.9582746,-0.14957897,-0.96073633
TEST_05080,2.910356,-2.1144977,0.8188982
TEST_05081,4.248174,0.585458,0.35195407
TEST_05082,1.8934684,-1.1363662,-0.24997935
TEST_05083,1.1288464,0.816713,0.34505913
TEST_05084,1.9145223,-0.047524236,-0.13142064
TEST_05085,1.9215236,-0.66804343,0.26285374
TEST_05086,1.296812,-0.4510136,-0.35219505
TEST_05087,3.5201733,-0.82354987,-0.87172806
TEST_05088,4.6124716,-1.022078,-0.5656553
TEST_05089,3.53226,0.24223743,0.025429286
TEST_05090,1.2264562,0.2545975,0.18904786
TEST_05091,3.3256164,0.2895454,0.6674073
TEST_05092,2.6507688,0.18417872,0.6634008
TEST_05093,2.063312,0.5667819,-0.13345203
TEST_05094,2.7742279,-0.5985894,0.77744
TEST_05095,3.9409385,-0.32953405,-0.26507685
TEST_05096,1.2587922,-0.7280984,0.034883182
TEST_05097,3.829856,0.02217157,1.6580135
TEST_05098,2.9906332,1.3202903,-0.8202059
TEST_05099,2.4885032,1.4443812,0.3699235
TEST_05100,1.5398046,-0.46380857,-0.15216447
TEST_05101,0.9447245,-0.04711458,-0.19950172
TEST_05102,1.9616417,0.0625501,-0.026738886
TEST_05103,2.5495172,0.1854865,0.30360067
TEST_05104,1.4000739,0.048250847,0.033774387
TEST_05105,3.7965991,-1.5246031,-0.024529802
TEST_05106,2.1740463,-0.34104934,-0.9495687
TEST_05107,4.137683,-0.31286475,0.98140085
TEST_05108,2.4693394,-0.7938665,0.3447131
TEST_05109,4.865677,1.5683396,1.5554194
TEST_05110,4.2107124,-0.31530634,-0.2941117
TEST_05111,1.8075682,-0.8622423,0.14702827
TEST_05112,3.3775918,-0.37971345,-0.90832263
TEST_05113,3.6482475,-0.2974793,1.1317304
TEST_05114,1.4733055,-0.35296327,0.5020146
TEST_05115,1.0747972,-0.04764063,-0.25617042
TEST_05116,3.4167943,-1.8915223,1.5320934
TEST_05117,3.066529,0.39478686,-0.8518072
TEST_05118,3.1475103,-0.48070002,0.4745573
TEST_05119,3.663318,0.7645397,1.2196989
TEST_05120,4.081038,-2.0208094,1.3607932
TEST_05121,2.2085097,0.6020227,-0.10018441
TEST_05122,3.0464594,-0.8712709,-0.60786724
TEST_05123,3.799107,0.580815,-0.23426242
TEST_05124,1.8121815,0.5423068,0.12594034
TEST_05125,0.9170525,0.16820699,-0.07840641
TEST_05126,5.235557,-0.85279024,-0.47000283
TEST_05127,3.6019545,0.48234355,-0.8504677
TEST_05128,2.9769106,2.488579,-0.95195687
TEST_05129,2.8086433,-0.2700929,0.41862413
TEST_05130,2.1811662,-0.5118503,-0.26173392
TEST_05131,3.7825968,0.46604747,-0.017576536
TEST_05132,1.4873015,0.098048106,0.63188654
TEST_05133,1.5698221,0.06608935,0.06854351
TEST_05134,2.6749456,0.060086478,1.3839188
TEST_05135,1.9925656,-0.15890628,-0.3503343
TEST_05136,1.0407053,-0.61524516,-0.5305541
TEST_05137,2.135386,0.13450927,0.7825775
TEST_05138,1.1909629,0.4360768,-0.038786788
TEST_05139,3.0348897,-0.42277732,0.05488901
TEST_05140,1.08704,0.091288984,-0.09458898
TEST_05141,3.478703,-0.21585032,0.7762058
TEST_05142,1.6232564,-0.5818558,0.21649462
TEST_05143,2.8124974,-0.63349706,1.1531689
TEST_05144,1.6580491,0.46374634,0.32655767
TEST_05145,4.092105,-0.66453356,0.44133344
TEST_05146,2.514796,0.3191783,-0.5203882
TEST_05147,2.8340533,0.033675794,0.2769018
TEST_05148,2.2121766,-0.1995165,-0.10697048
TEST_05149,3.3163683,1.952766,0.5182769
TEST_05150,4.451908,-0.4835416,0.74577576
TEST_05151,2.2655363,-0.19315927,-0.17229882
TEST_05152,1.658746,-0.480061,-0.31921116
TEST_05153,3.0091066,-0.82928973,-0.35235658
TEST_05154,1.7839662,0.41382045,-0.1543385
TEST_05155,1.635854,-0.73565626,-0.55157137
TEST_05156,4.0421762,-0.492726,-0.3867342
TEST_05157,1.8106663,0.4688196,0.010267405
TEST_05158,2.6598513,-1.2245556,-0.13369557
TEST_05159,6.113249,1.6762902,-1.2301028
TEST_05160,1.6605012,0.25691292,-0.301851
TEST_05161,1.3430439,0.22472094,0.02334784
TEST_05162,1.7359207,1.1289628,1.0192287
TEST_05163,1.8725102,-0.6030054,-0.37596607
TEST_05164,1.6244894,-0.016638955,0.4319271
TEST_05165,2.9281,0.6134195,-0.40640712
TEST_05166,1.9890785,0.49891633,0.120739624
TEST_05167,4.807186,-0.79293394,0.21946397
TEST_05168,2.6353748,-0.73523855,-0.37749374
TEST_05169,3.5327458,0.1893529,-0.18771172
TEST_05170,2.2545426,-0.3894647,-0.24514431
TEST_05171,3.5203238,0.09941541,0.06805128
TEST_05172,3.206283,1.2040673,-0.67089856
TEST_05173,1.9854769,-0.3850816,0.3728245
TEST_05174,1.6548288,0.46766615,-0.050718013
TEST_05175,1.9563843,-0.8305153,-0.22287267
TEST_05176,2.9545064,-0.5847513,1.1756449
TEST_05177,1.6673427,-0.51387507,0.7016596
TEST_05178,4.9327497,0.18019286,1.5030754
TEST_05179,1.9718233,0.06025715,-0.52877444
TEST_05180,2.2178824,-0.15791023,0.108857736
TEST_05181,0.96208733,-0.45622265,0.078186005
TEST_05182,1.8665621,0.6632384,-0.45576057
TEST_05183,2.9578795,0.40245104,0.43808272
TEST_05184,1.8586825,0.43517378,0.62108237
TEST_05185,5.3529716,-1.1995913,-0.7617199
TEST_05186,2.5554173,-0.12053477,0.7763712
TEST_05187,1.6281594,0.51389474,0.53594273
TEST_05188,2.6602182,-0.72069883,0.46117187
TEST_05189,4.805785,-1.4711506,0.7784224
TEST_05190,2.568374,1.5893536,0.096091226
TEST_05191,2.6264231,-0.2506681,0.612238
TEST_05192,3.5602107,0.6488774,0.63740706
TEST_05193,1.8886672,0.48877752,0.03947267
TEST_05194,2.4419956,0.13365066,-0.24890803
TEST_05195,1.7388283,0.11529572,-0.5602718
TEST_05196,3.5959299,-0.09046004,1.2588544
TEST_05197,3.1250122,1.0963422,-0.5359988
TEST_05198,3.3161507,0.9668235,-0.19448699
TEST_05199,5.3540053,0.9559154,-0.5588727
TEST_05200,2.5823984,-1.0663811,0.23276608
TEST_05201,4.353475,-0.9111766,-0.49031612
TEST_05202,1.5580958,0.39466488,0.7580331
TEST_05203,3.5689242,-2.0648828,-0.34532914
TEST_05204,3.293931,0.83611906,-0.49328262
TEST_05205,2.1925504,-0.50185126,0.13956922
TEST_05206,2.564855,-0.17972864,0.54608536
TEST_05207,2.8098037,-0.19700187,0.9907609
TEST_05208,1.662152,0.39340436,0.72177106
TEST_05209,1.7369866,-0.3512659,-0.18331689
TEST_05210,3.1091957,0.47827202,0.398827
TEST_05211,3.1559873,-0.0016138423,-0.014193842
TEST_05212,2.3651142,1.2854694,0.3107788
TEST_05213,1.2640342,-0.4772335,-0.062388837
TEST_05214,2.9737358,0.12224363,0.22088723
TEST_05215,2.482323,-0.5947706,0.20592476
TEST_05216,3.1341305,0.99526435,0.26909006
TEST_05217,3.2241502,-1.3075944,1.464376
TEST_05218,1.1758082,0.7901949,-0.4041579
TEST_05219,4.409472,1.0308483,1.1442246
TEST_05220,1.9897934,-0.8963121,0.14205047
TEST_05221,2.2847626,-0.14068386,-0.8107032
TEST_05222,1.2376225,-0.40687346,0.17660515
TEST_05223,3.5292184,-0.40611678,0.028456539
TEST_05224,3.0975404,0.10141538,-0.501383
TEST_05225,3.3587372,1.8526723,2.0026252
TEST_05226,1.46956,-0.35672864,-0.3701594
TEST_05227,2.7920635,0.22447063,-0.9631891
TEST_05228,2.9063563,-0.36740845,0.44581228
TEST_05229,4.871236,1.3347907,0.68116057
TEST_05230,3.5781,-1.0631355,0.9707455
TEST_05231,2.622098,-0.07259373,-0.10681426
TEST_05232,2.7383924,-0.14071532,0.24837697
TEST_05233,3.1352773,0.22139265,0.5274255
TEST_05234,2.7674623,0.021190247,0.08661656
TEST_05235,1.3896095,-0.30130795,-0.2004758
TEST_05236,2.792275,1.1434457,0.013831559
TEST_05237,2.4297836,0.8463068,-1.0765529
TEST_05238,2.565559,-0.5228043,-0.40578973
TEST_05239,4.24308,-1.4969914,-0.39300874
TEST_05240,3.4795132,1.1404904,1.3273413
TEST_05241,5.2758985,1.9720516,-0.27350286
TEST_05242,4.4475813,0.028211644,0.9270034
TEST_05243,2.6046739,1.4539356,0.8488928
TEST_05244,1.7844417,-0.22949858,-0.2181518
TEST_05245,1.8876824,0.5154179,-0.3345033
TEST_05246,1.6393939,-0.57472724,0.13460878
TEST_05247,2.227448,-0.9205263,0.786577
TEST_05248,5.64937,-0.0011872239,-0.6630499
TEST_05249,3.520625,0.079883136,0.17755449
TEST_05250,2.6390173,0.61536366,0.031987928
TEST_05251,3.9915674,-0.16426592,-0.2632764
TEST_05252,1.4593117,-0.17640162,0.04686903
TEST_05253,2.7805657,-0.06685428,0.2365638
TEST_05254,1.1399549,0.8171382,0.42959365
TEST_05255,2.5994563,0.009619994,-0.10790102
TEST_05256,1.1353282,0.3600616,0.088026196
TEST_05257,3.1578336,-0.25367257,0.54690796
TEST_05258,1.7005578,-0.88321644,-0.76898485
TEST_05259,1.845104,0.7939856,-0.47093216
TEST_05260,1.6556327,0.040021703,0.3562518
TEST_05261,2.7522182,0.061019987,-0.007810965
TEST_05262,1.3330457,-0.36007667,0.2845168
TEST_05263,1.9646258,-0.70591414,0.2861489
TEST_05264,2.2885745,-0.069493175,0.51164216
TEST_05265,4.078044,-0.7365319,0.7110749
TEST_05266,3.2984657,0.40446573,0.25395522
TEST_05267,3.790745,0.7618364,0.32846785
TEST_05268,3.0333672,-0.5928175,-0.14217378
TEST_05269,4.0896163,-1.0046643,-1.1989868
TEST_05270,4.9209876,-1.3200948,1.7573798
TEST_05271,3.033452,-0.06635756,-0.14686108
TEST_05272,2.763249,-0.76434326,1.3871669
TEST_05273,2.4695096,-0.12246324,-0.14693764
TEST_05274,1.4132228,-0.032527864,0.516745
TEST_05275,0.8141509,-0.28327975,0.13982683
TEST_05276,3.5079923,-0.7660354,0.24369353
TEST_05277,2.9981582,0.44599053,0.8203743
TEST_05278,1.6317586,-0.44347635,-0.5663279
TEST_05279,2.4925542,-0.0055791307,0.79541576
TEST_05280,3.9364758,0.42516816,0.5244448
TEST_05281,2.9675167,-0.22537702,-0.8846703
TEST_05282,3.9897149,0.49370873,1.3846673
TEST_05283,1.6860889,1.2729316,-0.4294528
TEST_05284,2.088032,-0.8030956,-0.12301292
TEST_05285,2.5469422,-0.89922965,-1.012128
TEST_05286,3.3808582,-0.18017112,-0.21640629
TEST_05287,2.2507966,0.026802769,0.80322653
TEST_05288,3.8568034,0.8106757,0.49584967
TEST_05289,3.0030315,-0.20327932,0.312072
TEST_05290,1.8222113,0.24581385,0.36620137
TEST_05291,2.5760677,-0.04171272,0.41890052
TEST_05292,1.2979937,0.14980485,0.17576297
TEST_05293,2.0792673,-0.05992801,-0.041869998
TEST_05294,1.2512608,-0.3268066,-0.09233939
TEST_05295,3.4581501,0.570802,-0.6222141
TEST_05296,2.449668,-1.2077187,-0.72754276
TEST_05297,2.9621158,1.0114717,-0.62355804
TEST_05298,2.0101178,0.38646987,0.0483722
TEST_05299,3.3529403,0.598329,-0.5737416
TEST_05300,2.7802248,0.32893977,-0.8446101
TEST_05301,2.0393987,-0.60384864,-0.09869952
TEST_05302,1.7042208,-0.23203216,0.0738186
TEST_05303,3.1908064,-0.6117582,-0.8611709
TEST_05304,2.8288484,-0.54455936,0.2656056
TEST_05305,5.03529,0.24715558,-0.77449524
TEST_05306,1.6599928,-0.06375468,0.1222149
TEST_05307,4.000164,-0.70106834,-0.46620354
TEST_05308,2.0148883,-0.5728297,0.37813824
TEST_05309,1.8179362,-0.82014257,-0.52033347
TEST_05310,3.321072,0.029257637,-0.23579304
TEST_05311,2.5533571,0.91206616,0.6325408
TEST_05312,3.91645,-0.76380014,-0.784933
TEST_05313,2.5865667,-1.5728006,-0.54850835
TEST_05314,1.5835018,-0.37773913,-0.1196402
TEST_05315,1.8771389,-0.13648637,0.057521276
TEST_05316,2.3679194,-1.2135664,-0.706302
TEST_05317,2.9527645,1.2511883,0.69565725
TEST_05318,2.4366288,0.338692,0.3796743
TEST_05319,5.5075645,-0.0768533,1.5914283
TEST_05320,2.9479306,-1.0373187,-1.0717206
TEST_05321,2.0817823,-1.1124544,-0.63966876
TEST_05322,4.0058584,-0.09942195,0.13553149
TEST_05323,4.435139,1.5372852,0.044558614
TEST_05324,2.4014354,0.97960824,0.00892654
TEST_05325,2.0389628,0.29156247,0.6394325
TEST_05326,2.7827685,-0.5459531,0.54422164
TEST_05327,3.5209465,-0.4655305,0.6623
TEST_05328,2.2766182,-0.60192686,-0.7994275
TEST_05329,2.5744803,0.33848324,-0.20414168
TEST_05330,2.3084188,-0.4688891,0.14469922
TEST_05331,0.7878105,0.33695346,-0.056468066
TEST_05332,1.1541978,0.24964353,0.060937367
TEST_05333,2.0244157,-0.73654616,0.20627183
TEST_05334,0.977873,0.3651213,0.022508865
TEST_05335,1.224476,-0.044850554,-0.14832693
TEST_05336,2.7592893,-0.39936545,-0.041855685
TEST_05337,2.8977144,-0.9344685,0.77262956
TEST_05338,3.3928063,0.12566873,-0.24184215
TEST_05339,2.4011502,1.153785,0.44597593
TEST_05340,1.7027568,0.068163395,-0.109981805
TEST_05341,2.7535365,-0.45051238,0.62400323
TEST_05342,1.6057928,-0.036303688,0.109686926
TEST_05343,1.7339107,-0.67574894,0.34622303
TEST_05344,1.1054583,-0.22310978,-0.08308074
TEST_05345,2.0669231,-0.4827016,-0.3563977
TEST_05346,1.8699744,-0.5609943,0.5030179
TEST_05347,3.472432,-0.24151063,0.117531694
TEST_05348,2.3192246,-0.43439585,0.35792223
TEST_05349,2.7827246,-0.54578394,-0.19233735
TEST_05350,4.3836036,-0.7298934,0.55766505
TEST_05351,2.4425454,-0.52530646,-0.7038904
TEST_05352,3.0569735,-0.7672755,-0.96258736
TEST_05353,3.4444861,1.7780719,0.8558669
TEST_05354,1.1484292,-0.24012615,0.22769694
TEST_05355,1.808478,0.09552514,0.07749667
TEST_05356,2.8501003,0.22824857,-0.43201095
TEST_05357,2.1134577,-0.25948054,0.38819432
TEST_05358,3.9802396,-1.0777206,0.8792141
TEST_05359,4.2541423,-1.3422093,1.7174344
TEST_05360,3.6228688,2.2722826,-0.5760639
TEST_05361,3.9647892,-1.9098816,1.54288
TEST_05362,3.25426,1.2134224,1.1691631
TEST_05363,3.607257,1.9827126,1.0257431
TEST_05364,1.9926312,-0.29729635,0.34650403
TEST_05365,2.039812,0.4138853,-0.41815627
TEST_05366,4.029392,0.05922664,0.19926742
TEST_05367,5.211803,-0.29899687,-0.24945965
TEST_05368,4.1024704,-0.76982296,0.64281493
TEST_05369,3.5059698,0.27591342,0.50367606
TEST_05370,2.834903,-0.12999186,-0.17517596
TEST_05371,3.9975162,-0.54975307,-0.10149755
TEST_05372,2.5415058,0.2959344,-0.091113284
TEST_05373,1.639282,0.46450353,0.15553091
TEST_05374,3.2817047,1.2276355,-1.2018244
TEST_05375,2.262077,0.12021248,-0.17875527
TEST_05376,1.9024947,-0.44574934,-0.48803857
TEST_05377,3.8282118,-1.8807695,0.50470483
TEST_05378,5.6131144,-1.3579671,0.51797974
TEST_05379,2.8486412,-1.1978241,0.53564626
TEST_05380,2.234911,0.5122792,0.45719635
TEST_05381,3.7184029,0.29394948,0.49376935
TEST_05382,2.1020474,0.35287812,-0.3985769
TEST_05383,3.8955674,-0.582515,0.23442559
TEST_05384,3.8267264,-0.66351277,0.20190956
TEST_05385,1.7247055,1.2889538,-0.960379
TEST_05386,2.373995,0.26992303,-0.4016538
TEST_05387,3.7490745,0.7939908,0.3361311
TEST_05388,1.9499373,-0.6915256,0.063502625
TEST_05389,4.141805,-0.55818206,1.0276133
TEST_05390,1.093906,0.06452903,-0.12256527
TEST_05391,2.0613234,0.15571678,-0.3015132
TEST_05392,1.6347711,0.7982786,0.07210429
TEST_05393,2.2905967,-0.73831,0.06467146
TEST_05394,2.6664906,-0.2798262,0.16491601
TEST_05395,2.256602,0.29390836,0.79982543
TEST_05396,2.302718,-1.030383,-0.17118044
TEST_05397,1.392555,-0.1884741,-0.13132732
TEST_05398,1.1121013,0.012074541,-0.23402536
TEST_05399,2.7247887,1.2204411,-0.52863806
TEST_05400,2.4579542,-0.46055523,0.6031498
TEST_05401,2.223895,0.6517202,0.22881472
TEST_05402,2.0393171,0.44706622,-0.117842436
TEST_05403,1.2977798,0.68447626,0.20911494
TEST_05404,1.873905,-0.37387308,0.22290756
TEST_05405,1.0289601,-0.027108464,0.12994148
TEST_05406,4.226404,0.6177716,1.1426313
TEST_05407,3.8215067,0.6364933,0.46684137
TEST_05408,3.1632814,1.2238091,1.3326088
TEST_05409,2.986328,0.46379277,0.1695788
TEST_05410,2.6431158,-0.26323503,-0.21104401
TEST_05411,3.21537,0.269213,0.12148203
TEST_05412,1.9490244,1.1707835,-0.73795164
TEST_05413,2.4000618,-0.21778753,-0.041140236
TEST_05414,2.24183,0.7322247,-0.8950584
TEST_05415,3.0312765,-0.11683226,0.042939506
TEST_05416,2.1303163,0.18374668,0.8954601
TEST_05417,2.7170548,-1.4435855,0.56135416
TEST_05418,1.9461808,-1.5466301,-0.85307914
TEST_05419,1.5236824,-0.543375,0.10062972
TEST_05420,1.6912347,0.041929945,0.039026126
TEST_05421,2.289333,0.14873117,-0.885462
TEST_05422,1.165292,-0.09121881,0.113589264
TEST_05423,3.0778372,-0.53052217,-0.698272
TEST_05424,3.145601,-0.07542128,0.1096165
TEST_05425,4.891169,-0.38876796,1.1266443
TEST_05426,2.6862252,0.32392895,0.101343
TEST_05427,2.5821605,0.10732506,0.7216095
TEST_05428,1.7818861,0.5357869,0.055583198
TEST_05429,3.4343288,-1.307339,0.849674
TEST_05430,2.2392848,0.19838351,-0.50879544
TEST_05431,1.1593266,0.0044217594,0.08293964
TEST_05432,2.3795083,-0.79610795,1.2364526
TEST_05433,2.585724,0.21868499,0.5529374
TEST_05434,2.9979157,-0.3061398,0.089683175
TEST_05435,1.9151713,-0.590798,-0.1133009
TEST_05436,4.5933213,0.37882686,0.7836523
TEST_05437,3.442831,0.132486,1.0206286
TEST_05438,3.9650083,-1.3708932,-0.14905521
TEST_05439,4.667296,-1.2766893,2.4292688
TEST_05440,1.8127934,-0.6586737,-0.24672604
TEST_05441,2.6551719,0.9534436,0.6134339
TEST_05442,3.0257373,-0.7143569,0.32866114
TEST_05443,2.8873608,1.1490678,-1.3780106
TEST_05444,3.298261,-0.77177835,0.7486795
TEST_05445,2.6861284,0.5065833,-0.018670358
TEST_05446,1.8232379,0.6191881,0.37599742
TEST_05447,4.300823,1.2343035,1.2090188
TEST_05448,3.0247715,0.48617223,1.1693677
TEST_05449,3.2094717,0.14446385,0.5297244
TEST_05450,3.2413766,0.20796119,-0.119743615
TEST_05451,1.8445218,-0.39736342,0.55620134
TEST_05452,4.5749974,-0.73543525,0.9731801
TEST_05453,1.5317132,-0.22670643,0.19610637
TEST_05454,3.4427915,-1.1082729,1.1387304
TEST_05455,2.872423,0.46229377,0.48802036
TEST_05456,3.0381372,-0.1814898,0.5788805
TEST_05457,3.5578692,-1.511486,0.81718683
TEST_05458,3.1644404,-0.710934,0.4954636
TEST_05459,3.5477977,-0.9055062,-1.1110053
TEST_05460,3.2029026,-0.5008662,-0.3819262
TEST_05461,1.2344656,-0.49884683,-0.42229638
TEST_05462,1.7212608,0.5335345,-0.5731378
TEST_05463,2.0208097,-0.20387465,0.7075873
TEST_05464,3.118143,0.0044198204,-0.4947174
TEST_05465,2.277568,-0.7432836,0.1786518
TEST_05466,2.7523036,0.0041523464,-0.12169783
TEST_05467,2.550326,-0.60567254,0.96753913
TEST_05468,3.1592093,0.35431686,-0.02852518
TEST_05469,3.6067436,-0.29481047,0.12669548
TEST_05470,0.9155428,-0.29820856,0.1872803
TEST_05471,2.6666834,-0.61468536,0.11051342
TEST_05472,1.9843696,-0.84531844,0.073231004
TEST_05473,2.7993078,-0.3676009,0.14649054
TEST_05474,2.8909445,0.545867,-0.48994604
TEST_05475,1.3937498,0.29589024,0.33638945
TEST_05476,4.42795,-1.1165739,0.66578805
TEST_05477,3.0405822,-1.7225355,0.4279819
TEST_05478,3.4463086,-1.2783321,0.016060108
TEST_05479,6.1148124,-0.13680427,0.36253712
TEST_05480,1.2485286,0.23639403,0.12385506
TEST_05481,4.3008976,0.17880501,0.4187135
TEST_05482,4.196316,1.2487818,0.5924555
TEST_05483,1.9910022,1.2971926,-0.6022927
TEST_05484,2.4856176,0.06976625,0.358883
TEST_05485,3.0545237,0.6054964,-0.03730202
TEST_05486,4.4318824,0.032320708,0.26864326
TEST_05487,4.9049993,1.3364265,0.31478515
TEST_05488,2.2372353,1.0493509,0.8514759
TEST_05489,1.969503,-0.112913564,0.22793491
TEST_05490,2.176512,0.11123291,0.36703852
TEST_05491,3.472829,0.029094359,-0.25258845
TEST_05492,3.79132,0.9137363,-0.060584627
TEST_05493,1.5079811,-0.6438297,-0.39633504
TEST_05494,2.1424756,1.5809083,-0.32892415
TEST_05495,2.9643857,0.059950344,0.20268062
TEST_05496,1.5728518,0.1383825,0.8669389
TEST_05497,1.6980577,-0.117098585,0.66270584
TEST_05498,2.9676445,0.35509527,0.26314938
TEST_05499,3.4972904,0.42652822,0.72730774
TEST_05500,1.3890908,-0.4426972,0.0604726
TEST_05501,2.9573224,0.4702097,0.30021718
TEST_05502,2.2834728,0.47986892,0.65755194
TEST_05503,3.3892329,-0.80858904,0.40954086
TEST_05504,3.5537958,-0.5482273,0.1669096
TEST_05505,4.522975,-0.4133242,0.53422517
TEST_05506,3.1842563,-0.5085496,0.085496426
TEST_05507,1.5491815,0.15581594,0.36542398
TEST_05508,2.5670733,0.38552344,-0.3857755
TEST_05509,3.4370382,-0.8686809,-0.023042452
TEST_05510,3.9791145,-0.10012482,0.8237031
TEST_05511,1.3888016,-0.50608176,0.34793344
TEST_05512,1.2321944,0.25794533,0.007851939
TEST_05513,2.6532109,-0.6030736,0.63013154
TEST_05514,2.2961795,0.41089088,-0.0848853
TEST_05515,2.1516702,0.1354465,0.038501274
TEST_05516,4.843052,0.98835164,0.73253006
TEST_05517,2.3577306,0.89656615,-0.19418402
TEST_05518,2.5749922,0.16531684,0.70470816
TEST_05519,2.775385,1.5826938,0.1300723
TEST_05520,1.4969996,-0.6262016,-0.29658586
TEST_05521,3.0767229,2.1639419,0.12845567
TEST_05522,1.238666,0.04219252,-0.5441656
TEST_05523,3.6964867,-1.1073996,-0.7349014
TEST_05524,1.4444994,0.33890697,0.27597964
TEST_05525,3.0670526,-0.22531894,0.49554107
TEST_05526,1.545677,0.21607588,-0.397884
TEST_05527,4.196907,-0.15826623,0.68939424
TEST_05528,2.2162046,0.53074604,-0.089658365
TEST_05529,3.2892737,-0.1706846,0.26615158
TEST_05530,1.6395005,0.10151152,0.24134731
TEST_05531,3.1061401,0.38725188,-0.8553136
TEST_05532,1.2510675,0.31917006,0.45434296
TEST_05533,2.2513592,-0.13506338,0.30526027
TEST_05534,2.071182,-1.0617974,-0.0102911005
TEST_05535,3.2816045,-1.0400242,0.6037759
TEST_05536,2.7282393,-1.5360262,-0.6511129
TEST_05537,1.5626909,-0.27958322,0.27499714
TEST_05538,4.833101,0.53546333,1.735984
TEST_05539,2.742602,1.3567295,-0.76925564
TEST_05540,1.9659317,-0.108032525,-0.27670038
TEST_05541,3.6579344,0.30854657,0.9836422
TEST_05542,1.78115,0.44710132,-0.012089583
TEST_05543,3.070117,-0.00439602,0.3600435
TEST_05544,1.0557812,0.22165269,-0.046124645
TEST_05545,5.827299,-1.6175797,0.36047214
TEST_05546,1.5688553,0.7700543,0.03611988
TEST_05547,3.8156285,0.035962436,-0.024028126
TEST_05548,2.702532,-0.0042675845,0.059131958
TEST_05549,2.5167398,1.043962,0.1940803
TEST_05550,1.9690561,0.7584435,0.46669072
TEST_05551,1.8065642,0.14504802,-0.3436875
TEST_05552,2.2253911,-1.1430539,-0.4947573
TEST_05553,3.0689628,1.181585,0.12003605
TEST_05554,3.5346355,0.5275514,0.014342732
TEST_05555,1.6774777,-0.4429714,-0.21919662
TEST_05556,3.8842368,0.68824923,1.1982261
TEST_05557,2.4916236,1.3820294,-0.1948471
TEST_05558,3.3005726,0.6931455,-0.5957884
TEST_05559,5.0270557,-1.4344635,1.6515706
TEST_05560,2.196482,-0.7443841,0.07337649
TEST_05561,4.342383,1.701935,1.1632416
TEST_05562,3.8623278,-0.090645716,-0.04799334
TEST_05563,3.3210688,2.1154015,-1.3211172
TEST_05564,2.5017264,-0.63050634,0.029044436
TEST_05565,2.2320874,0.7848234,-0.7277415
TEST_05566,2.9875765,0.2548131,0.15576334
TEST_05567,4.481681,0.62675077,1.1963195
TEST_05568,5.331967,-1.4988987,0.00937534
TEST_05569,2.2168946,0.53367996,0.23455267
TEST_05570,2.4499116,-0.20394473,-0.7508066
TEST_05571,3.62166,-0.26269466,-0.43659315
TEST_05572,4.35952,-0.9385499,0.7895619
TEST_05573,1.2455424,-0.22143303,0.135041
TEST_05574,2.9672112,-0.049938336,0.6441615
TEST_05575,2.096309,-0.76171637,0.3085255
TEST_05576,1.7616639,-0.66833586,-0.6185144
TEST_05577,2.513133,0.74619246,1.0533319
TEST_05578,4.675503,-0.83666027,-0.8140926
TEST_05579,2.5007796,0.65398794,0.20032603
TEST_05580,3.2189858,-0.25295216,0.39068905
TEST_05581,3.034733,-0.062782116,0.11973359
TEST_05582,2.1977892,-0.7375729,0.7712854
TEST_05583,2.1687639,0.037877206,-0.29982454
TEST_05584,1.6216229,-0.18850352,-0.39031255
TEST_05585,3.504662,0.09583847,1.3377969
TEST_05586,1.52989,0.51576287,-0.28140306
TEST_05587,1.8223269,0.6337557,-0.3225789
TEST_05588,2.5438929,-0.0020063843,-0.13343519
TEST_05589,2.9202545,-0.833883,0.15640447
TEST_05590,3.5703597,0.61753494,0.40979952
TEST_05591,2.4140146,0.6035771,0.42362806
TEST_05592,1.7184316,1.1489643,-0.035913974
TEST_05593,2.672445,0.4429593,0.07258499
TEST_05594,2.3207257,0.35891798,0.020238908
TEST_05595,1.7601812,0.600909,-0.32427284
TEST_05596,1.7524809,-0.99146783,0.52443624
TEST_05597,2.0100641,-0.86518985,0.28654137
TEST_05598,1.683926,-0.11590444,0.52316046
TEST_05599,4.645248,-0.83208096,0.27792725
TEST_05600,4.5952654,0.67328703,-0.6183023
TEST_05601,4.634475,1.7662654,-0.6865179
TEST_05602,3.7482207,0.36306965,-0.46773458
TEST_05603,1.4492381,0.82788974,0.09100275
TEST_05604,2.3727117,-0.4146555,0.8821078
TEST_05605,2.1110044,0.6323119,0.06433103
TEST_05606,4.371396,0.7005017,1.0469373
TEST_05607,1.8820558,-0.26248777,0.35643
TEST_05608,1.1561303,0.50382406,0.23561618
TEST_05609,3.3583736,0.31688613,0.22377318
TEST_05610,1.4362743,0.20960791,-0.40623736
TEST_05611,3.368206,-0.4999314,0.15175128
TEST_05612,2.2402086,-1.2973442,0.88488835
TEST_05613,3.236858,0.27303934,0.44381884
TEST_05614,1.1300322,0.7871963,-0.5664186
TEST_05615,2.2045703,-0.69076234,0.42445353
TEST_05616,1.382914,-0.47549108,0.45468375
TEST_05617,4.3590927,2.0819826,-0.57475096
TEST_05618,3.790481,0.5773004,-0.43322968
TEST_05619,1.1905516,-0.6706345,0.120050706
TEST_05620,3.3384652,-0.33820963,0.83177555
TEST_05621,2.1303225,-0.060112275,0.68651825
TEST_05622,1.963057,0.052955404,0.44068494
TEST_05623,1.5686063,0.5948593,0.12925358
TEST_05624,3.9627821,0.21104574,-0.11053834
TEST_05625,4.4716554,0.010522304,0.51921433
TEST_05626,2.3842804,-0.44288146,0.41218722
TEST_05627,1.5783262,0.43490312,0.14759754
TEST_05628,2.7365203,-0.54448867,0.23838899
TEST_05629,3.9073691,-1.1008004,-0.6993877
TEST_05630,2.807873,0.2854825,0.07228571
TEST_05631,2.2434094,-0.7785039,0.42420077
TEST_05632,2.3683047,1.599281,0.010264037
TEST_05633,3.6648402,1.0225188,1.4877571
TEST_05634,1.416631,-0.0613588,-0.026103629
TEST_05635,1.6650734,0.17636901,0.116441354
TEST_05636,3.4171977,1.4157435,0.947099
TEST_05637,3.3208888,-1.3242829,-0.7597591
TEST_05638,1.073419,-0.265366,0.33772793
TEST_05639,3.2183344,1.6273712,0.50422823
TEST_05640,3.4452,-0.47819406,0.92485774
TEST_05641,3.3862226,1.1391466,0.5138324
TEST_05642,1.3154724,-0.16142477,-0.17251813
TEST_05643,4.175454,-1.210815,0.61780363
TEST_05644,2.3513143,0.810832,0.39168045
TEST_05645,1.5464758,-0.01257536,0.005281525
TEST_05646,4.2410345,1.4205813,-0.5428196
TEST_05647,2.6816955,1.0024695,-0.03810322
TEST_05648,1.1556154,0.6581744,0.5201049
TEST_05649,1.9323317,0.7125549,-0.10021392
TEST_05650,2.2029798,0.004076645,-0.36321974
TEST_05651,1.125669,0.1495041,-0.16789414
TEST_05652,2.5758245,-0.025090836,0.14798357
TEST_05653,2.9232218,-0.27060154,0.28708103
TEST_05654,2.500095,0.7624417,0.9947594
TEST_05655,1.7429186,0.47703263,-0.4270533
TEST_05656,1.9675313,0.61331046,0.78802043
TEST_05657,3.0119467,-0.108756356,0.7919516
TEST_05658,4.6494117,0.8652335,0.93101925
TEST_05659,3.6893775,1.1227388,0.6030688
TEST_05660,2.1612182,0.20340092,-0.37839508
TEST_05661,3.0286837,-0.30928296,1.5218731
TEST_05662,1.6331807,0.19189875,0.28983662
TEST_05663,3.4879699,0.578027,-0.37209475
TEST_05664,3.1214218,-0.2264412,0.27327943
TEST_05665,5.5566173,-1.8915871,-0.6504196
TEST_05666,2.9529471,-0.5428452,0.6712013
TEST_05667,3.6104348,0.30575892,-0.238541
TEST_05668,1.8306098,0.38169497,-0.4076707
TEST_05669,3.134812,-1.8707072,-1.1114292
TEST_05670,3.5741549,1.2954347,0.78130376
TEST_05671,1.1841254,0.17837708,0.10776983
TEST_05672,2.6362486,0.5791416,0.45693597
TEST_05673,1.6090212,-0.13246931,-0.005810093
TEST_05674,3.5594404,0.7310882,0.09746242
TEST_05675,1.9636295,0.9302508,-0.6121026
TEST_05676,4.485201,-2.2441928,1.4733714
TEST_05677,3.281602,0.59077597,0.6622929
TEST_05678,0.96490264,0.35269707,0.3564017
TEST_05679,4.8794737,0.43465954,1.5050592
TEST_05680,3.0175745,-0.17898399,-0.25654373
TEST_05681,4.025034,1.6608629,-0.55373883
TEST_05682,2.1990097,-0.59200776,-0.5059158
TEST_05683,2.4889908,-0.48467043,-0.0058507286
TEST_05684,2.7885754,0.2001091,0.75537056
TEST_05685,2.2409308,-0.1293858,0.8038539
TEST_05686,3.098972,-0.66603506,-0.46850774
TEST_05687,3.6439254,0.7790801,-0.5673486
TEST_05688,1.1065096,-0.5117711,0.05021265
TEST_05689,3.361596,0.20631671,0.18888256
TEST_05690,3.2239802,0.5564557,0.30010247
TEST_05691,2.3500435,0.077782206,-0.82683444
TEST_05692,1.3430433,0.6828892,-0.014420808
TEST_05693,2.5513313,0.106283106,-0.21943237
TEST_05694,1.9029977,0.6334275,0.19749105
TEST_05695,2.3641372,-0.2515084,-0.5647881
TEST_05696,3.2137282,-0.4474882,0.45659083
TEST_05697,3.0218964,-1.1945087,0.4356959
TEST_05698,2.8916202,0.31912377,-1.1110091
TEST_05699,3.997475,1.5455204,-1.2545805
TEST_05700,2.7269568,-0.21304098,0.19659288
TEST_05701,2.9004815,0.090729386,-0.9707556
TEST_05702,1.6602641,-0.11579874,0.36458203
TEST_05703,3.6664798,-0.07505572,0.41376075
TEST_05704,2.7011921,0.2977597,0.046843067
TEST_05705,1.3938402,0.28507093,0.6158683
TEST_05706,2.055097,0.55341357,0.5232918
TEST_05707,1.2949249,0.057835393,0.44406027
TEST_05708,2.9895535,-0.2291394,0.57009244
TEST_05709,1.9528713,1.0954701,-0.27775162
TEST_05710,2.088686,-0.8319281,-0.7671199
TEST_05711,2.2907457,0.58931684,0.4257396
TEST_05712,1.3852694,0.39795342,-0.41336757
TEST_05713,1.8478254,-0.008147899,-0.45970184
TEST_05714,3.415171,-0.574343,1.2450163
TEST_05715,1.4622804,-0.3480611,0.23185568
TEST_05716,1.7531846,0.1938842,0.08260007
TEST_05717,1.8456634,0.7202093,-0.48475674
TEST_05718,2.0044754,-0.089410186,0.83858585
TEST_05719,4.8762307,0.69685227,0.6440251
TEST_05720,1.492836,-0.50287914,-0.1343336
TEST_05721,1.7588131,0.2805825,-0.4469854
TEST_05722,4.0784264,0.3847221,-0.69031626
TEST_05723,3.2930882,-1.6286647,0.45001942
TEST_05724,1.8239479,-0.27952054,0.29743877
TEST_05725,1.881371,-0.49138883,0.15977421
TEST_05726,1.6869228,-0.289707,0.09779483
TEST_05727,2.072888,-0.8092339,-0.02291083
TEST_05728,6.1202335,1.7111821,-0.38112897
TEST_05729,1.0965375,-0.346475,0.050984245
TEST_05730,1.4094473,0.3309861,0.11000719
TEST_05731,2.2205827,0.26820314,0.032005303
TEST_05732,4.5127687,-0.6681838,0.9418898
TEST_05733,1.4915037,0.2959665,0.10610533
TEST_05734,1.4336528,-0.29291388,0.31595677
TEST_05735,2.0019739,-0.9895109,0.010136994
TEST_05736,2.4991806,0.7936368,0.054597054
TEST_05737,2.1627657,0.20626707,0.04572533
TEST_05738,2.3288088,1.1799691,-1.0626994
TEST_05739,0.78168225,-0.39221612,-0.07292432
TEST_05740,2.2179024,0.4300525,-0.8336236
TEST_05741,3.19129,-0.26646304,0.06365212
TEST_05742,1.3034364,0.19094947,-0.19740869
TEST_05743,1.6855284,-1.017077,0.68617135
TEST_05744,2.0235643,0.0631655,-0.16145727
TEST_05745,2.0150023,0.52246016,-0.84419703
TEST_05746,2.5563247,0.075787924,0.027032841
TEST_05747,1.9624609,-0.5632062,0.59635025
TEST_05748,1.9594347,0.71268964,-0.098453835
TEST_05749,3.941175,-0.68731225,-0.97072893
TEST_05750,1.1664832,0.65271515,0.1357204
TEST_05751,1.7050648,-0.12359266,0.036852706
TEST_05752,1.9679949,0.8607802,-0.41899574
TEST_05753,2.142369,-0.14565206,0.5631389
TEST_05754,0.96585107,-0.31897396,-0.004471938
TEST_05755,1.3690807,-0.31825578,-0.11492441
TEST_05756,2.0612836,-0.44371262,0.6180903
TEST_05757,1.5525296,-0.048797052,0.14031604
TEST_05758,3.227875,-1.2537166,0.31485844
TEST_05759,3.2962427,-0.6640043,0.80249953
TEST_05760,2.198523,0.9628615,0.21403313
TEST_05761,2.8793461,-0.14664455,0.14739056
TEST_05762,3.677207,-1.5377221,1.3157333
TEST_05763,3.7709231,-1.4010942,1.0498991
TEST_05764,2.1483555,0.17472772,-0.46413144
TEST_05765,1.4922925,0.29997268,-0.33080947
TEST_05766,1.550901,0.010860147,-0.26439545
TEST_05767,4.483807,-0.70680624,-0.59883773
TEST_05768,2.3693666,1.0299759,0.05479497
TEST_05769,3.0335708,0.14025895,0.24992599
TEST_05770,2.6942434,-0.32316685,0.066171065
TEST_05771,3.661766,0.04968148,-0.009861985
TEST_05772,2.4079995,0.82026005,0.47622964
TEST_05773,1.5639865,0.27197707,-0.2630252
TEST_05774,1.1642934,0.3240682,-0.10337721
TEST_05775,2.1353552,0.41079113,0.06746469
TEST_05776,1.011342,0.37616226,0.5407961
TEST_05777,1.1186806,0.16600321,0.08956075
TEST_05778,4.5610485,1.5665437,1.3781877
TEST_05779,1.0661343,-0.57626635,0.14874575
TEST_05780,2.0436056,0.22787252,-0.4317719
TEST_05781,2.38113,-0.35592946,-0.9721525
TEST_05782,1.3503941,0.020526154,0.05866792
TEST_05783,3.9283354,-0.008749962,-0.43622047
TEST_05784,1.3904737,-0.28310132,0.2622908
TEST_05785,4.225878,1.6063346,1.1919942
TEST_05786,3.0120435,-0.18566145,-0.41183338
TEST_05787,3.459895,0.6905289,0.14719228
TEST_05788,2.428739,0.7039464,0.21514603
TEST_05789,0.73402816,-0.0061253645,0.17160851
TEST_05790,3.6433048,0.16986695,0.683031
TEST_05791,3.0060892,0.542551,-0.4918446
TEST_05792,2.7097542,-1.1239582,-1.0989782
TEST_05793,3.1161199,0.17491627,0.96665615
TEST_05794,3.1382244,0.27936193,-0.37153637
TEST_05795,0.9568528,0.4658684,-0.069590844
TEST_05796,3.8455052,-0.4687208,0.24786988
TEST_05797,2.5690231,0.8662273,0.16279553
TEST_05798,3.2071168,-0.94597334,0.90195453
TEST_05799,2.7529955,-0.70974123,0.83166105
TEST_05800,2.7598586,1.3501097,0.53730035
TEST_05801,3.8975012,-0.6349467,0.16864723
TEST_05802,4.4814687,-0.98965096,0.01845051
TEST_05803,3.3621993,0.54854363,0.0915512
TEST_05804,2.3509018,-0.2566626,0.8011086
TEST_05805,1.6414918,0.9601238,-0.51304203
TEST_05806,2.573898,0.26686072,0.3151912
TEST_05807,3.302343,-0.5053733,0.5305708
TEST_05808,1.8334739,0.5389842,0.8985485
TEST_05809,4.580543,0.5659659,-1.1102041
TEST_05810,2.4155514,0.59916157,0.07592298
TEST_05811,4.2157426,-0.24490175,0.5330239
TEST_05812,2.6934972,0.8041422,-0.86355364
TEST_05813,0.92608786,0.29554364,-0.09925189
TEST_05814,1.3929174,0.02198395,-0.36623463
TEST_05815,1.5007334,-0.7247657,0.40914494
TEST_05816,2.99059,-0.48421648,-0.47355783
TEST_05817,1.4525292,0.5488518,0.10625005
TEST_05818,1.9055014,-0.14102015,-0.9287717
TEST_05819,4.544325,-0.80003154,0.41102916
TEST_05820,1.0061305,0.04360027,-0.12903538
TEST_05821,1.8295028,0.59861094,0.06729513
TEST_05822,1.4626263,-0.045435674,0.027689815
TEST_05823,1.2821475,-0.07205967,-0.23311894
TEST_05824,3.2948978,0.0040591015,-0.20964259
TEST_05825,2.1886125,-1.128855,0.8357851
TEST_05826,1.3143224,0.06147271,0.07081942
TEST_05827,4.03941,-0.14083958,-0.47984272
TEST_05828,2.2422245,0.11768314,0.30994296
TEST_05829,1.207841,-0.21081287,0.40596935
TEST_05830,1.2070731,0.13380717,0.42686337
TEST_05831,1.2898747,-0.09000181,0.24494375
TEST_05832,1.9484226,0.40117335,0.26422483
TEST_05833,1.8749938,0.72702074,0.5145605
TEST_05834,3.4513934,0.29121342,-0.9036248
TEST_05835,0.9329525,-0.39863607,-0.20344357
TEST_05836,2.9467778,-1.4231766,-0.5802799
TEST_05837,3.811353,-1.9537567,0.16656525
TEST_05838,0.8912637,0.4755766,-0.04295924
TEST_05839,3.0440285,0.83853114,-1.095063
TEST_05840,2.6864169,2.0694165,1.0758997
TEST_05841,4.2747765,-1.1991953,0.9725316
TEST_05842,2.0713534,0.9714846,-0.88483405
TEST_05843,3.1882527,-1.0128449,0.5090888
TEST_05844,2.3503242,-0.33522862,-0.1406926
TEST_05845,1.6520195,-0.7127961,-0.24344297
TEST_05846,4.3314614,-0.38208315,0.51956487
TEST_05847,3.4210224,-0.23164538,-0.23713012
TEST_05848,4.337491,-1.5122365,0.7706734
TEST_05849,1.5077293,0.021654952,0.108652115
TEST_05850,2.588766,0.2929854,0.063649215
TEST_05851,3.5427585,0.4720302,0.6441337
TEST_05852,3.2719793,0.32031223,-1.1475275
TEST_05853,1.0403348,0.040313024,0.1607722
TEST_05854,1.7121578,1.0503323,-0.09898046
TEST_05855,3.0441005,-0.8381763,1.1298013
TEST_05856,2.7744896,-0.68303883,0.14017215
TEST_05857,2.274981,0.8037141,0.4382961
TEST_05858,3.673917,1.5853887,-0.22188579
TEST_05859,2.2641277,-1.3145576,-0.58183265
TEST_05860,1.1230772,0.1637846,0.29711324
TEST_05861,3.1100428,-0.17819443,0.1214744
TEST_05862,2.2076275,-0.0401498,0.03589802
TEST_05863,3.7413826,-0.6009894,-0.8043662
TEST_05864,3.023405,0.0077390894,0.069807805
TEST_05865,1.5122027,-0.11868841,0.7376158
TEST_05866,1.5288467,0.59109706,-0.38050643
TEST_05867,3.5697577,0.1049738,-0.051417954
TEST_05868,1.5610437,0.046416674,-0.00036490313
TEST_05869,1.3147832,0.296518,-0.61429226
TEST_05870,1.5335678,-1.1191564,-0.1186853
TEST_05871,2.015249,-0.7101572,-0.043757938
TEST_05872,3.1210103,1.416976,1.1448032
TEST_05873,2.8713446,1.6074055,-0.7880884
TEST_05874,2.6786146,0.6492103,0.6916038
TEST_05875,1.2208862,0.22514236,-0.0029939548
TEST_05876,2.409667,-0.6532674,0.2719932
TEST_05877,2.9188287,0.46973056,0.6077242
TEST_05878,2.2480164,0.21657664,0.40355694
TEST_05879,3.9071908,-0.2793026,0.642543
TEST_05880,3.7446444,-0.057545528,0.067100264
TEST_05881,2.890369,0.90232646,-0.42226568
TEST_05882,1.5008593,-0.06084051,-0.13287838
TEST_05883,2.5086007,-1.4459952,1.065791
TEST_05884,3.0615454,-0.5546926,1.39397
TEST_05885,1.712466,-0.17181109,-0.18606152
TEST_05886,4.9892254,0.5049157,0.51640517
TEST_05887,4.215765,-1.1692154,0.1180222
TEST_05888,2.2372937,0.48904186,0.4878141
TEST_05889,2.7746317,0.13424292,0.48848888
TEST_05890,3.217945,0.269779,-0.1799454
TEST_05891,1.8767935,0.1983434,0.0361156
TEST_05892,4.500829,0.26937622,0.6137257
TEST_05893,2.74401,0.6247451,-0.29166728
TEST_05894,2.5247579,-0.5574972,-1.0088185
TEST_05895,1.4027097,0.34349808,0.3221197
TEST_05896,2.5849392,0.25980794,0.90302676
TEST_05897,2.1712039,0.3801925,-0.047006894
TEST_05898,5.40233,-0.9665247,0.067641705
TEST_05899,3.5135107,1.1957912,-0.74845463
TEST_05900,2.0197597,-0.31287348,0.51082504
TEST_05901,1.5223929,0.2996089,-0.25488102
TEST_05902,2.0794196,-0.76814234,-0.13317202
TEST_05903,2.1582775,-1.0715892,-0.13430956
TEST_05904,1.1505883,-0.20809232,-0.07986887
TEST_05905,3.8256657,-0.18661267,1.7929928
TEST_05906,1.4510214,0.4679556,-0.48553512
TEST_05907,3.5977266,0.17218569,-0.37342831
TEST_05908,2.7272327,-0.7532082,0.37489742
TEST_05909,4.097874,0.522165,1.0510201
TEST_05910,3.1598213,0.2700851,-0.9027662
TEST_05911,1.7976924,-0.48667616,0.18898192
TEST_05912,2.49771,-0.14774977,0.3285357
TEST_05913,3.1810057,-1.434492,-0.28661692
TEST_05914,2.4712296,0.08658081,0.06913651
TEST_05915,1.59617,0.10588463,-0.2613903
TEST_05916,1.2747946,0.16744524,-0.17141166
TEST_05917,3.4900818,0.5094987,0.33726713
TEST_05918,1.6827675,-0.08338212,-0.36961493
TEST_05919,4.7628183,-0.94079286,1.1956409
TEST_05920,3.2851086,1.2409601,0.827189
TEST_05921,0.96359915,-0.6270524,0.23538923
TEST_05922,2.663526,0.38986933,1.7562153
TEST_05923,1.2499833,0.26962516,-0.122471124
TEST_05924,3.1336813,0.7831775,-0.3865163
TEST_05925,1.0021249,-0.35677224,0.3285548
TEST_05926,2.0857835,0.42701042,-0.13175726
TEST_05927,2.9537637,0.6114405,-0.060375612
TEST_05928,3.7123518,-1.7791507,-0.0104599595
TEST_05929,3.037591,0.6325598,-0.14943615
TEST_05930,2.5833702,-0.012027919,-0.19850402
TEST_05931,4.0418935,0.2763307,1.1186569
TEST_05932,3.3320003,-0.9602589,1.1679319
TEST_05933,1.4532309,0.33404237,-0.218185
TEST_05934,2.824561,0.9439237,0.40213645
TEST_05935,2.4764516,0.24509943,-0.3122294
TEST_05936,2.9758117,0.44230592,0.5754572
TEST_05937,3.4106333,1.852126,-0.16241303
TEST_05938,2.8882217,-0.81243265,-0.87954164
TEST_05939,3.4749684,1.3732551,-0.050356492
TEST_05940,2.997795,-0.8466714,-0.5469646
TEST_05941,2.9911854,0.19721614,0.44979203
TEST_05942,1.4014431,-0.553217,0.1796715
TEST_05943,3.6168308,0.64058137,0.8988393
TEST_05944,1.4970767,0.083233334,-0.14633891
TEST_05945,2.580053,0.4846317,0.05581905
TEST_05946,2.3426676,0.438476,0.2942965
TEST_05947,2.3675246,-0.40169442,0.031583015
TEST_05948,1.931289,-0.4547906,0.3966054
TEST_05949,4.158328,-1.6005973,-0.16327274
TEST_05950,5.281313,0.40193233,1.546372
TEST_05951,2.5286832,0.774271,0.65965515
TEST_05952,3.3645062,1.5639145,1.016461
TEST_05953,3.312745,0.4592988,0.3603603
TEST_05954,2.5601866,-0.46765056,0.5807664
TEST_05955,1.69188,-0.19808936,0.26211786
TEST_05956,3.9064026,-1.1474676,0.30189967
TEST_05957,1.7605326,-0.24339831,0.27273428
TEST_05958,1.6894205,0.8564403,-0.6553515
TEST_05959,3.6882303,-0.7934045,-1.3113617
TEST_05960,4.545312,-1.3964423,1.2266474
TEST_05961,4.9797688,2.0262046,-0.6884439
TEST_05962,1.7069871,0.7457103,0.24429287
TEST_05963,0.9661108,-0.4347465,0.2828681
TEST_05964,1.8972567,0.667454,-0.02630664
TEST_05965,1.7562175,-0.5781488,-0.0058264015
TEST_05966,2.5415263,0.20582059,-0.9713144
TEST_05967,3.6650047,1.0763209,-0.5748575
TEST_05968,2.5235891,-0.45733774,-0.8641282
TEST_05969,2.6198797,0.038997214,0.18443108
TEST_05970,1.5670992,-0.18070573,0.22216964
TEST_05971,3.2197971,0.23587273,-0.6495038
TEST_05972,4.4318914,0.8328648,0.030640721
TEST_05973,1.7707958,-0.0805997,-0.057045363
TEST_05974,2.064122,-0.88958573,0.790195
TEST_05975,2.4967601,0.15682685,-0.21707317
TEST_05976,2.936812,0.9166931,-0.06299089
TEST_05977,1.6401117,0.85181373,0.24025415
TEST_05978,1.5130069,-0.2523073,-0.8619172
TEST_05979,1.1815629,0.011192292,-0.292234
TEST_05980,2.4588633,-0.11458379,1.0244764
TEST_05981,3.366648,-0.07923103,0.61968136
TEST_05982,1.7634121,0.17712621,0.29862884
TEST_05983,2.0532436,-0.81744736,0.66345483
TEST_05984,3.2709935,-0.412711,0.7489627
TEST_05985,2.5356953,0.6303712,1.4162202
TEST_05986,2.0649776,-0.4251665,0.87251914
TEST_05987,2.3501153,0.16664426,-0.39174905
TEST_05988,2.000692,0.617769,0.19712156
TEST_05989,4.2285285,-0.9235219,0.27967334
TEST_05990,4.771459,-0.38630748,0.33360648
TEST_05991,2.4475043,-0.3724259,-0.49626017
TEST_05992,2.370971,-0.98886174,-0.23008738
TEST_05993,3.4041817,1.6674607,-0.8878388
TEST_05994,2.347389,0.24941091,-0.028413873
TEST_05995,2.2094064,-0.79368705,-0.27670923
TEST_05996,4.18246,2.1375563,-0.5483522
TEST_05997,3.3590221,-0.6825071,0.9855881
TEST_05998,2.0449195,0.99035686,-0.27093893
TEST_05999,4.8259597,-0.018813811,0.45643708
TEST_06000,2.8916159,0.16549633,0.3508863
TEST_06001,1.7658385,1.2070422,0.26547188
TEST_06002,3.467291,-0.5367302,1.2502502
TEST_06003,0.7872905,-0.3006746,0.23586056
TEST_06004,3.4533684,0.86264414,-0.20109883
TEST_06005,2.6182487,-0.7798816,-0.9618266
TEST_06006,4.2856708,-0.6550991,0.018857518
TEST_06007,2.5230412,0.16022608,-0.6214955
TEST_06008,1.5720514,-1.0736496,-0.29013604
TEST_06009,1.7594255,-0.1452094,0.26479816
TEST_06010,1.7856977,-0.21063009,0.044976983
TEST_06011,3.1552343,0.1749731,-0.62372017
TEST_06012,3.2418954,-1.7014037,-0.39984864
TEST_06013,2.8702722,-0.08017084,0.31178206
TEST_06014,1.7329487,0.5598592,0.06551617
TEST_06015,1.855135,0.33950934,0.55104333
TEST_06016,2.1381674,0.56135625,0.22245882
TEST_06017,1.266396,-0.16268647,-0.7381595
TEST_06018,2.7657058,1.2164996,0.5542248
TEST_06019,4.6681514,0.17414771,1.2210284
TEST_06020,2.947436,-0.07810382,-0.64318
TEST_06021,3.3782954,-0.039525554,0.5915479
TEST_06022,1.6474179,-0.08670782,0.24992052
TEST_06023,4.100097,-0.1170431,-0.25069466
TEST_06024,3.3625998,-0.3633486,-0.40728426
TEST_06025,3.4428098,1.7604977,-0.32940176
TEST_06026,2.2204509,0.110377364,-0.40821338
TEST_06027,1.6287944,0.54842925,0.28165206
TEST_06028,2.0412114,0.7590896,0.19865556
TEST_06029,4.164729,-0.7437558,-0.7628652
TEST_06030,3.234463,1.1450045,1.0832998
TEST_06031,1.4624316,0.13367632,-0.22707807
TEST_06032,2.7777815,0.4056852,-0.1290531
TEST_06033,3.7750058,-1.5191909,-0.2303984
TEST_06034,3.2562575,0.599659,0.26613158
TEST_06035,1.0426103,-0.061584674,0.11139694
TEST_06036,3.9159045,-0.26492918,1.1828543
TEST_06037,3.4564242,0.44274494,0.88831323
TEST_06038,2.4401546,-0.4246127,0.62541765
TEST_06039,3.7375462,-1.3468082,-0.41062114
TEST_06040,1.3787851,-0.7806773,0.4665987
TEST_06041,1.8764211,0.18128785,-0.29994586
TEST_06042,1.6155498,-0.2766461,0.13853326
TEST_06043,2.7862127,-1.0166327,0.23064724
TEST_06044,3.799653,1.4509232,0.90411323
TEST_06045,1.9806689,-0.9602335,0.20669504
TEST_06046,3.0432687,0.20227993,-0.14975445
TEST_06047,3.4356537,-0.17685585,-0.070596285
TEST_06048,1.2043105,0.24031587,0.43540058
TEST_06049,2.3877006,0.3833414,-0.08543417
TEST_06050,3.3342805,0.20701069,0.57342184
TEST_06051,4.257232,0.14137477,-1.1972566
TEST_06052,4.7972164,-0.16343948,0.25700188
TEST_06053,2.3949878,0.057895146,-0.152834
TEST_06054,1.6396806,-1.0690023,-0.14597443
TEST_06055,1.8062521,-0.2529537,-0.105637595
TEST_06056,2.0736964,0.64091986,0.3762802
TEST_06057,1.0927387,0.4974985,0.46679196
TEST_06058,4.1087813,-0.054083228,0.37089542
TEST_06059,2.340561,-0.30020052,-0.403153
TEST_06060,2.8830428,-0.098100424,0.1666634
TEST_06061,1.6131663,-0.13689092,0.09239128
TEST_06062,2.3122785,0.64234555,0.7734095
TEST_06063,3.4790108,-0.108365715,-0.33672786
TEST_06064,2.9849916,0.45428,0.6209574
TEST_06065,3.5261183,-1.6512545,1.2744334
TEST_06066,3.5898411,-0.08156765,0.8296952
TEST_06067,2.6189013,-0.1602005,-0.26522213
TEST_06068,2.527674,-0.46111462,-0.0706418
TEST_06069,4.235442,0.5273036,-0.81976724
TEST_06070,2.8004768,-1.3403828,0.296871
TEST_06071,1.6919838,-0.5528827,-0.21948956
TEST_06072,2.305844,-1.0092034,-0.083635524
TEST_06073,3.4652576,-2.1382873,-0.6839949
TEST_06074,3.2015035,-0.48488855,0.5456718
TEST_06075,1.5530158,0.18333542,0.46235257
TEST_06076,2.9152472,0.8374727,-0.34149235
TEST_06077,1.70259,-0.16826591,0.07989704
TEST_06078,1.9177,-0.19819833,-0.42488426
TEST_06079,4.2616334,1.7083856,1.5351912
TEST_06080,4.1888676,-0.2708286,0.5041169
TEST_06081,3.7682683,2.2932277,1.3659542
TEST_06082,2.642302,-0.7577429,-0.5899548
TEST_06083,2.6697674,1.8596395,1.0051091
TEST_06084,2.5658002,-1.2353772,1.1053047
TEST_06085,1.6931106,-0.30328777,-0.35726488
TEST_06086,2.3619072,1.1276841,0.58999306
TEST_06087,1.5724485,0.4721667,0.014943817
TEST_06088,4.66704,-1.654958,1.2114534
TEST_06089,2.8797624,0.23819794,0.21185601
TEST_06090,2.4839451,0.65738696,0.20026189
TEST_06091,2.367336,-0.09811126,-0.5967575
TEST_06092,3.9185755,1.1883644,-1.3565313
TEST_06093,1.1699365,-0.20371875,0.27214605
TEST_06094,3.5260348,-0.61758864,1.1873082
TEST_06095,3.4771104,0.8941073,0.28970638
TEST_06096,2.5141602,0.20439887,0.2418929
TEST_06097,2.7253675,0.47496298,0.33091038
TEST_06098,4.384159,-1.5433961,-0.037002128
TEST_06099,3.193619,1.354836,1.2302709
TEST_06100,2.532826,-0.7458767,-0.39056638
TEST_06101,3.0308201,0.43049315,0.6866248
TEST_06102,2.2278225,0.4585028,-0.61719507
TEST_06103,2.0826564,0.6874808,-0.30112344
TEST_06104,4.180842,-0.055074736,1.0820874
TEST_06105,1.5898452,1.132577,-0.62544954
TEST_06106,2.339842,-0.011468101,-0.8078844
TEST_06107,4.228132,0.7499392,0.895915
TEST_06108,2.152269,-0.57017857,0.17450015
TEST_06109,2.4807122,-0.57353985,0.54679704
TEST_06110,1.1342783,0.4266707,-0.03443331
TEST_06111,2.5388992,-0.57674485,0.29323032
TEST_06112,2.9937365,1.3222656,1.0465933
TEST_06113,2.4535646,-0.12541805,0.5937442
TEST_06114,1.9222114,0.17065014,0.17623007
TEST_06115,2.3296535,0.61365366,0.89001185
TEST_06116,3.902794,-0.6309633,0.9822647
TEST_06117,2.247659,-1.0263432,-0.023852631
TEST_06118,2.625922,1.2017611,0.50524706
TEST_06119,5.840884,0.7854365,-0.48046055
TEST_06120,3.1368575,-0.52431685,-1.1179675
TEST_06121,2.12567,1.2733108,-0.3075324
TEST_06122,1.8974483,0.9013883,-0.33994585
TEST_06123,2.5239284,-2.272312,0.21820983
TEST_06124,2.415187,0.37388825,0.8619469
TEST_06125,1.5963787,0.27845928,-0.20404045
TEST_06126,5.183096,-0.0826376,0.11360918
TEST_06127,2.0595303,0.5285062,-0.5049724
TEST_06128,2.755982,0.7670031,-1.0190387
TEST_06129,3.2285728,-0.17419522,0.16330752
TEST_06130,2.5721064,0.003117621,-0.6047364
TEST_06131,4.360213,0.33239397,-0.34012586
TEST_06132,4.777713,-0.1500487,1.7757593
TEST_06133,2.0597184,-0.43744996,0.534112
TEST_06134,2.431871,-0.013841839,-1.0720098
TEST_06135,2.6429982,-0.7992586,-0.15865827
TEST_06136,1.6219012,-1.1244823,-0.32295728
TEST_06137,2.2155745,0.5456306,-0.7290216
TEST_06138,4.5654993,0.2865519,0.77214825
TEST_06139,2.9476957,0.15268779,-0.87429565
TEST_06140,2.6935866,-0.9011678,0.8730741
TEST_06141,3.0479164,-0.18011864,-0.616511
TEST_06142,2.2013793,0.9404276,-0.66785735
TEST_06143,1.4442227,-0.3779655,0.37195808
TEST_06144,1.6980059,-0.65752333,0.0513136
TEST_06145,3.7404733,-0.66690713,0.6427424
TEST_06146,2.136083,-0.18425527,0.1464172
TEST_06147,3.4476597,-0.3939543,-0.6784611
TEST_06148,2.5280986,-0.5593649,0.66657466
TEST_06149,2.310454,1.1838856,1.3981266
TEST_06150,4.2697153,-1.5739751,1.6851819
TEST_06151,2.8662195,-1.3253926,0.37219006
TEST_06152,1.1835728,0.4781456,-0.03617609
TEST_06153,2.6928692,0.17430778,0.77838534
TEST_06154,3.048891,-0.38550514,1.3076755
TEST_06155,2.1126487,-0.08123228,0.022864249
TEST_06156,2.2377558,1.2344677,-0.49407855
TEST_06157,3.4991217,-2.2261405,-0.8659099
TEST_06158,2.602935,1.7178117,-1.0215063
TEST_06159,0.97775424,0.46052688,0.12502876
TEST_06160,2.9099336,-1.6484896,-1.278065
TEST_06161,1.4388348,-0.50559497,-0.16624898
TEST_06162,1.4407794,-1.2442675,-0.2929036
TEST_06163,2.4968917,-0.48195538,0.0064986683
TEST_06164,3.2692406,1.4985864,1.7217836
TEST_06165,1.3004632,0.19871901,-0.057261012
TEST_06166,1.8831019,-0.3202457,-0.13153544
TEST_06167,4.472274,0.10481228,0.006477855
TEST_06168,2.5146203,-1.2235732,0.75661457
TEST_06169,2.7470398,-0.374821,0.0669903
TEST_06170,1.601468,-0.39381042,0.22921371
TEST_06171,2.777915,-0.13663296,-0.20930018
TEST_06172,3.2875793,-1.1220205,1.0932372
TEST_06173,2.2932804,0.53486,0.3341456
TEST_06174,1.6285571,0.014801403,-0.51219165
TEST_06175,1.7965786,-0.33893418,0.17202486
TEST_06176,2.4114485,-0.9252737,-0.8345802
TEST_06177,3.1032124,-0.53148544,0.8567786
TEST_06178,2.5660856,0.96458143,1.2250258
TEST_06179,0.9724279,0.214071,-0.26755273
TEST_06180,1.4782096,-0.15600276,-0.103705734
TEST_06181,2.8185012,-0.26945496,-0.6413082
TEST_06182,1.9458121,0.23530295,0.079801485
TEST_06183,1.3513654,0.15244702,-0.005409953
TEST_06184,1.2247512,-0.24176846,-0.13150075
TEST_06185,4.0237474,-0.9687661,0.29135856
TEST_06186,2.6784198,-0.14210445,0.03420896
TEST_06187,3.5972264,0.8390734,0.86351365
TEST_06188,2.90391,-0.449269,0.07845012
TEST_06189,4.9178843,-0.5535164,0.8788406
TEST_06190,3.008133,1.6592,1.3189825
TEST_06191,1.8496586,-0.93753785,-0.40855315
TEST_06192,3.3859468,0.008709574,0.49486858
TEST_06193,2.554805,0.26661986,0.09595558
TEST_06194,2.6149294,0.05107307,0.4953314
TEST_06195,0.81110257,-0.12788546,0.0079656625
TEST_06196,2.907893,-1.6118746,0.13538314
TEST_06197,2.234305,-0.7489067,0.79636747
TEST_06198,2.9477813,-1.4125425,0.7052334
TEST_06199,4.83931,-0.46261796,-1.2633597
TEST_06200,2.896584,-1.5953922,-0.8063206
TEST_06201,3.5792377,-0.48475605,0.4275674
TEST_06202,1.4115069,-0.28691617,0.5579238
TEST_06203,2.630582,0.66520005,-0.4329636
TEST_06204,2.2840292,0.29358575,0.9906849
TEST_06205,0.8982069,-0.17198934,-0.013394981
TEST_06206,1.3163921,0.5909535,-0.28403446
TEST_06207,4.86601,1.2601688,-0.16925201
TEST_06208,2.6550434,1.8238293,-0.65164363
TEST_06209,1.999371,0.48776495,-0.14196326
TEST_06210,1.2215415,-0.34724066,-0.21640295
TEST_06211,2.240813,-0.58342135,0.6735824
TEST_06212,3.4148483,1.2498701,0.37909183
TEST_06213,2.7028148,-0.45977643,0.1620253
TEST_06214,3.0189404,-0.17776021,1.4657779
TEST_06215,1.1772203,0.6117517,-0.31078434
TEST_06216,1.5326024,-1.0799713,1.0011191
TEST_06217,2.346893,0.73291916,-0.65668833
TEST_06218,3.8668816,-1.1520464,1.2128705
TEST_06219,3.9901764,1.3336686,-1.0059793
TEST_06220,1.2537265,0.28051582,-0.25216508
TEST_06221,3.576208,-0.31518725,0.60569817
TEST_06222,1.1654646,-0.08146967,-0.030722672
TEST_06223,3.3681087,-0.1428286,-0.30663216
TEST_06224,1.7395049,0.59172165,-0.32920235
TEST_06225,3.1317706,1.4024273,0.5904482
TEST_06226,3.2027652,-0.049336918,-1.061264
TEST_06227,1.7018182,0.19939895,-0.097839296
TEST_06228,2.5511274,-0.90933126,0.48574695
TEST_06229,4.632876,0.90352404,-1.0204709
TEST_06230,2.2920868,0.35476068,-0.6721981
TEST_06231,2.3362195,-0.060580373,0.039142154
TEST_06232,3.7548053,-0.90486366,0.5762889
TEST_06233,2.6642182,0.2801574,-0.4146347
TEST_06234,3.1442456,-0.28452447,0.12270806
TEST_06235,1.4997369,0.61147624,-0.50308186
TEST_06236,3.6658337,2.195365,0.7590442
TEST_06237,3.621156,1.7847922,0.8046164
TEST_06238,3.2564487,0.52380764,1.2647387
TEST_06239,1.0594964,-0.41428047,-0.1718042
TEST_06240,3.9523654,-2.122272,-1.1281986
TEST_06241,4.4446807,-0.0988132,0.2270164
TEST_06242,0.9329865,0.5881647,0.2768662
TEST_06243,3.991291,-1.1795728,-0.5428515
TEST_06244,3.4185321,-0.34669626,0.15994379
TEST_06245,1.5309877,0.48043245,-0.32835433
TEST_06246,3.4858294,1.0831093,1.1370578
TEST_06247,3.776002,1.4017118,0.5468604
TEST_06248,4.4844284,0.92350084,0.6156053
TEST_06249,2.1806765,0.2780471,0.1676574
TEST_06250,3.1179993,0.6429026,-0.8254522
TEST_06251,3.5090594,-0.13673936,-0.18423651
TEST_06252,1.9609085,1.5041829,-0.4701004
TEST_06253,3.0966303,0.050713606,0.49581867
TEST_06254,1.1572971,-0.06606346,0.22863182
TEST_06255,4.234258,0.35741735,0.8355787
TEST_06256,1.8264223,0.58357,0.2042357
TEST_06257,3.2293212,-0.43163288,-0.5477985
TEST_06258,3.1708407,1.161887,-0.107850805
TEST_06259,4.167559,-0.83511066,0.9919669
TEST_06260,2.2523463,0.7561437,-0.73317194
TEST_06261,3.460506,-0.4753185,-0.8432521
TEST_06262,1.907907,-0.41241792,-0.352684
TEST_06263,1.3805801,0.10391822,-0.5644306
TEST_06264,3.5575297,-0.57501435,0.2082191
TEST_06265,1.3491226,-0.5931614,-0.53983265
TEST_06266,2.4843752,0.23129725,-0.42270043
TEST_06267,1.4879034,0.01857917,0.41979295
TEST_06268,2.1913614,-0.9357008,0.003105579
TEST_06269,0.9522826,0.31509742,-0.052887492
TEST_06270,4.9099374,-1.1776195,1.2784936
TEST_06271,2.0716271,-0.43497044,0.10972494
TEST_06272,1.7227019,0.47634503,0.5530965
TEST_06273,2.511269,1.4955156,-0.79876
TEST_06274,3.0517347,0.043351814,0.9172418
TEST_06275,1.9104707,-0.5698521,-0.22888961
TEST_06276,4.6264415,0.8783365,-0.5020436
TEST_06277,2.156292,0.6463073,0.29734755
TEST_06278,1.3054278,-0.47790277,0.603319
TEST_06279,1.5762072,-0.91682196,-0.56268954
TEST_06280,3.1212015,0.28797084,0.47365758
TEST_06281,4.2725697,-0.009400565,0.82244754
TEST_06282,3.401485,-0.20448495,1.1906674
TEST_06283,1.3081009,-0.95653725,0.121563755
TEST_06284,1.786268,0.010762524,-0.18510501
TEST_06285,1.127363,0.20788811,0.24825524
TEST_06286,4.5153823,0.17172718,0.2408549
TEST_06287,1.6915885,0.029024739,-0.15686485
TEST_06288,5.2210455,-0.8234097,0.34442914
TEST_06289,2.9879363,0.34079278,-0.42584234
TEST_06290,3.3297453,0.20770204,-0.02644645
TEST_06291,1.2406797,0.16437918,0.22822464
TEST_06292,1.6874896,1.1614522,0.7752065
TEST_06293,2.9378388,-0.33716854,0.21094601
TEST_06294,2.3092368,-1.294079,-0.1794797
TEST_06295,3.4884193,1.0220572,-0.6329898
TEST_06296,2.0050786,-1.3339106,-0.18612744
TEST_06297,1.830847,0.1478216,0.15722245
TEST_06298,1.8103902,-0.5439249,-0.72274655
TEST_06299,3.1670375,-1.229196,0.06753623
TEST_06300,1.7025765,-0.19644326,0.11465956
TEST_06301,3.5075712,-0.04981505,0.34839693
TEST_06302,1.2194909,0.18481138,0.27983558
TEST_06303,1.8872885,-0.37632012,-0.2124986
TEST_06304,3.8332262,-0.22986571,0.30036566
TEST_06305,4.206646,-0.41081604,-0.37798777
TEST_06306,2.4274707,0.2652886,-0.097028784
TEST_06307,3.604838,-0.10702407,0.10303454
TEST_06308,2.5957797,1.0093797,0.6328086
TEST_06309,2.966176,-1.2954746,-0.20971309
TEST_06310,1.8853585,-0.4239064,-0.07520769
TEST_06311,2.361789,-0.013745443,-0.06329439
TEST_06312,2.5361392,0.33706254,0.9252036
TEST_06313,2.192795,0.30601633,0.40924725
TEST_06314,3.0626807,-0.2817029,0.8720243
TEST_06315,1.9640162,-0.03404563,0.044087857
TEST_06316,3.5095208,-1.7091206,-0.669686
TEST_06317,1.9067852,-0.4857615,0.20991535
TEST_06318,3.8046691,1.3247486,-0.7394702
TEST_06319,4.189939,-1.1564876,0.49787018
TEST_06320,1.7147384,1.1427605,-0.25425383
TEST_06321,4.5917835,-1.3529775,1.2837073
TEST_06322,3.7238889,-0.08402874,0.6146532
TEST_06323,3.5183842,-1.11868,-0.1382707
TEST_06324,1.8590456,0.037585244,0.28615794
TEST_06325,2.2941854,-0.48963007,0.105908126
TEST_06326,2.6856356,-0.8595407,0.83040905
TEST_06327,2.8547497,-0.7691044,-1.0086215
TEST_06328,5.381766,-2.372993,0.9294543
TEST_06329,3.3780506,-0.30527818,-0.22939989
TEST_06330,1.4659102,-0.6236671,0.10754077
TEST_06331,1.3520195,0.52807057,-0.099637926
TEST_06332,2.0765355,-0.9877791,-0.2677168
TEST_06333,2.3459845,-0.2847715,-0.09388827
TEST_06334,3.5739734,-1.2056234,-0.47703594
TEST_06335,2.3032384,0.5914796,0.38359812
TEST_06336,2.124099,-0.7123434,0.0675491
TEST_06337,3.044088,-0.72324026,1.2400167
TEST_06338,2.2629037,-0.4645069,0.38260588
TEST_06339,4.2442093,-0.9274809,-0.2611303
TEST_06340,2.9508069,-0.4176365,-0.054675117
TEST_06341,1.1117119,0.084122434,0.1635189
TEST_06342,1.7136981,0.051710576,0.5193936
TEST_06343,2.8431332,-0.07349552,-0.1461133
TEST_06344,1.8452116,0.33076316,-0.34473625
TEST_06345,3.5781343,-0.8391147,-0.33223912
TEST_06346,2.473281,-0.4127168,-0.62045896
TEST_06347,3.9933524,0.16875178,0.81687874
TEST_06348,2.7573895,-0.45370016,0.52590746
TEST_06349,3.3161898,-1.1379529,-0.596227
TEST_06350,1.5276768,0.7832693,-0.31655473
TEST_06351,2.7886822,0.6041677,-0.55721307
TEST_06352,3.3709922,-0.9866412,-1.0181314
TEST_06353,3.914145,-0.71132696,0.59004235
TEST_06354,3.4140942,0.6597121,1.4400078
TEST_06355,1.011846,0.09887177,0.32594547
TEST_06356,2.107888,1.2762496,-0.31381464
TEST_06357,3.160243,0.9161404,0.2790899
TEST_06358,2.7693949,-0.6336273,-0.26596844
TEST_06359,4.826901,0.5745944,0.39371854
TEST_06360,4.0562515,-0.132573,-0.15341184
TEST_06361,3.8162277,0.9633095,0.094662376
TEST_06362,4.260139,0.7362534,0.5968203
TEST_06363,4.025534,-0.12450881,0.73224765
TEST_06364,1.9976304,0.9749013,-0.2161322
TEST_06365,2.1135411,-0.84722424,0.51793563
TEST_06366,2.938448,-0.3217334,-0.17288764
TEST_06367,4.621161,-0.44583404,1.2707459
TEST_06368,4.899655,-2.0136967,-0.6532656
TEST_06369,0.68905795,-0.051960275,-0.110941984
TEST_06370,1.966483,-0.70185757,-0.20798671
TEST_06371,1.2307158,0.15690535,-0.13894214
TEST_06372,2.0267656,0.88285136,0.6694563
TEST_06373,2.4771228,-0.4174287,0.47776955
TEST_06374,2.8345475,-0.13932857,1.5972745
TEST_06375,2.1177082,-0.209017,0.10044974
TEST_06376,2.5104885,-0.6095784,0.6556963
TEST_06377,4.127761,-0.9223212,2.2161093
TEST_06378,3.5613663,1.0345563,-0.63460046
TEST_06379,4.3629556,0.067296974,1.1397178
TEST_06380,2.3134618,0.09589131,0.046625484
TEST_06381,2.0911765,-0.09749161,-0.88907564
TEST_06382,1.7441423,-0.42733312,-0.30715528
TEST_06383,2.1864228,0.052763775,0.771192
TEST_06384,2.7333837,0.19577667,-0.052174382
TEST_06385,1.8516392,-0.22444661,0.5332481
TEST_06386,2.634563,-0.27300155,0.33033606
TEST_06387,4.5047874,0.95979744,1.1020296
TEST_06388,2.415958,-0.00841877,-0.66060686
TEST_06389,3.5909414,-1.4395356,1.1158122
TEST_06390,1.8864006,0.8078538,0.641987
TEST_06391,2.3458683,0.69847137,0.32478523
TEST_06392,1.8043997,-0.11201818,-0.084926
TEST_06393,2.088761,0.5480516,0.5557224
TEST_06394,2.0861778,-0.44267243,0.5427326
TEST_06395,2.6424532,-0.48032793,-0.76664454
TEST_06396,1.8871598,0.12671573,-0.2529681
TEST_06397,2.5349746,1.0056431,-0.11306975
TEST_06398,3.2117305,-1.6141675,-0.5892525
TEST_06399,3.8934126,-0.88783616,0.43509135
TEST_06400,4.4105906,1.2771146,1.1396235
TEST_06401,1.6498858,1.0543714,0.5661168
TEST_06402,1.479748,0.15527716,-0.3561017
TEST_06403,0.86026305,0.22826181,0.36426765
TEST_06404,3.2646444,1.2550972,0.23189467
TEST_06405,2.1050246,0.23819083,-0.14256313
TEST_06406,1.1949846,0.051740773,0.10253431
TEST_06407,3.8771377,0.011757558,0.0072096325
TEST_06408,5.341901,0.9683374,0.43172145
TEST_06409,3.918304,0.19372138,-0.32594287
TEST_06410,1.5174569,0.4790905,-0.2077121
TEST_06411,2.1646547,0.43367618,-0.77862275
TEST_06412,1.1223149,0.12999591,-0.0064070704
TEST_06413,2.02598,0.39524686,0.24559584
TEST_06414,1.7100725,0.83602816,-0.0650045
TEST_06415,2.8022008,-1.1370176,-0.31969753
TEST_06416,2.7892718,0.46785805,0.61835396
TEST_06417,2.4474764,-0.6252427,-0.5036752
TEST_06418,1.7866495,-1.0386631,-0.30869398
TEST_06419,1.7983079,0.436949,-0.42435673
TEST_06420,2.9938693,0.6702602,-0.15350422
TEST_06421,2.787553,0.28107917,-0.6319406
TEST_06422,1.8087635,-0.22858112,0.29864776
TEST_06423,1.4163759,0.010677304,-0.12730359
TEST_06424,0.99355036,-0.26403117,0.0628071
TEST_06425,3.5730762,-0.8329325,2.0614004
TEST_06426,2.1578655,-0.39758486,0.55347866
TEST_06427,1.6948682,0.42466342,-0.04500535
TEST_06428,3.2992568,-0.01656548,0.37814218
TEST_06429,3.2594645,0.6655475,1.0066873
TEST_06430,4.347024,-0.028862432,1.2095323
TEST_06431,2.564699,0.1881118,0.081185654
TEST_06432,3.3646083,-1.0097865,-0.9560273
TEST_06433,3.210682,-0.81079173,0.939871
TEST_06434,1.4417733,0.008936377,-0.09176672
TEST_06435,2.0485425,0.45200086,0.16907582
TEST_06436,2.3963344,1.3673638,0.29635307
TEST_06437,2.040385,-0.78207,0.5148406
TEST_06438,1.1027617,-0.4988491,-0.122504875
TEST_06439,5.078238,0.88740116,-1.1243176
TEST_06440,3.8658764,-0.5950679,0.4250333
TEST_06441,3.7681732,1.8550446,0.5677123
TEST_06442,3.6237051,-0.46817037,0.59797525
TEST_06443,2.5950618,2.223054,0.8014594
TEST_06444,2.9310014,0.2159222,0.28996572
TEST_06445,2.0338724,0.4053418,0.46533775
TEST_06446,4.9810653,-1.1288415,0.45179698
TEST_06447,1.8998994,-0.23703524,-0.021722004
TEST_06448,5.032355,-1.9368982,-0.6626622
TEST_06449,2.6958144,-0.33403096,0.33871877
TEST_06450,1.5879818,0.5425801,-0.16350016
TEST_06451,3.690905,-0.24370258,0.16145164
TEST_06452,1.574997,0.7553231,-0.51245147
TEST_06453,2.5405917,0.0958047,0.48968318
TEST_06454,1.4029019,0.07632987,0.41856736
TEST_06455,3.0785851,0.23715907,0.20103727
TEST_06456,2.4736426,0.5715087,0.9632053
TEST_06457,2.3779309,1.4435465,0.52803284
TEST_06458,2.3104026,-0.6326317,0.6524464
TEST_06459,3.35104,-0.49633375,0.5265873
TEST_06460,2.6544719,-0.5180598,-0.10872471
TEST_06461,2.456384,-0.19454552,0.718495
TEST_06462,1.8374734,0.71668047,0.39431688
TEST_06463,1.966028,0.7113531,0.31090444
TEST_06464,3.5707407,0.003167268,0.14291963
TEST_06465,3.9701436,0.38286316,0.4726025
TEST_06466,1.4278394,-0.3410759,0.0994821
TEST_06467,1.8275499,0.49096325,-0.050665133
TEST_06468,2.4586027,1.0954522,0.35376868
TEST_06469,3.8510373,1.1387026,0.3780664
TEST_06470,4.0580964,0.05978061,0.91036534
TEST_06471,1.4211184,-0.72068274,0.37933245
TEST_06472,2.6273544,-0.22561933,-0.8936325
TEST_06473,2.7730937,-0.04373709,0.65416074
TEST_06474,3.165362,-0.33095062,0.5341374
TEST_06475,0.98304695,-0.2114447,-0.023856716
TEST_06476,1.5118151,-0.064007506,0.35750625
TEST_06477,3.6580868,-1.5075291,0.5973932
TEST_06478,1.5187821,0.5218424,0.073774606
TEST_06479,2.6869082,-1.6085908,-0.90517306
TEST_06480,2.8525398,0.19360438,0.71738005
TEST_06481,2.6648352,0.34982324,-0.25186875
TEST_06482,3.7824116,1.601809,1.6282363
TEST_06483,3.9340491,-2.1324048,-1.0476017
TEST_06484,2.2159097,-0.17320494,0.8295907
TEST_06485,2.6523652,-0.29343438,0.2664397
TEST_06486,4.362157,0.14152847,0.18449011
TEST_06487,4.883287,-1.3012038,0.18469903
TEST_06488,2.842184,0.69350517,0.47580758
TEST_06489,3.568921,0.028373398,0.06513567
TEST_06490,2.3319678,-0.027105263,0.054725464
TEST_06491,0.7918457,0.11854195,-0.12961125
TEST_06492,1.7662725,-0.65590143,-0.26308128
TEST_06493,1.6391523,0.25852796,0.15989831
TEST_06494,1.3193452,-0.5199022,0.09062438
TEST_06495,2.6866646,0.93880355,-0.7810974
TEST_06496,2.1175685,0.3555465,0.051955856
TEST_06497,2.369552,0.37613624,0.0874779
TEST_06498,2.229896,0.37399128,0.3058301
TEST_06499,1.564975,0.33298445,0.2959695
TEST_06500,1.9477141,0.45791325,-0.3671189
TEST_06501,2.7073574,0.044368424,-0.068246186
TEST_06502,1.4795855,0.009253994,-0.18853107
TEST_06503,3.518051,0.70535994,0.019220201
TEST_06504,3.8788784,-0.26551732,-0.06332959
TEST_06505,3.8937225,0.66050106,0.6003582
TEST_06506,2.5703168,0.18538675,0.019721242
TEST_06507,3.7116659,-0.29537702,1.0219157
TEST_06508,2.9260204,1.252079,0.09065517
TEST_06509,1.0600865,-0.15957858,-0.19541834
TEST_06510,1.0339608,0.2017986,0.030000329
TEST_06511,2.6781983,0.0041620396,-0.06810196
TEST_06512,2.1217887,-0.13308483,0.3670814
TEST_06513,2.5603108,-0.63515854,-0.71683025
TEST_06514,1.4269804,-0.20286953,0.2532117
TEST_06515,1.5820558,-0.61940837,0.3128194
TEST_06516,2.858557,0.4196629,-0.06533025
TEST_06517,3.3844073,0.653104,0.31959134
TEST_06518,1.7406203,0.20898722,0.20164466
TEST_06519,5.6501436,0.44541898,1.29961
TEST_06520,4.3665514,-0.36168087,-1.4671525
TEST_06521,4.395912,0.79942447,0.20954446
TEST_06522,2.5705261,0.08306801,0.05449254
TEST_06523,1.9752176,-0.7015385,0.24996164
TEST_06524,2.8384612,-0.3277924,0.006500385
TEST_06525,1.1439403,0.05356302,0.24692279
TEST_06526,1.756502,-0.22252528,0.04817523
TEST_06527,4.3484664,0.60036576,1.2511629
TEST_06528,4.2016993,0.61334723,-0.36899132
TEST_06529,2.8080869,0.652093,-0.17309955
TEST_06530,1.4150201,0.086965695,-0.11853923
TEST_06531,0.88521224,0.05933577,0.043857154
TEST_06532,4.2317963,-1.0339552,1.460276
TEST_06533,1.6500796,-0.40168753,0.34256223
TEST_06534,2.1291924,-0.46890616,0.117518954
TEST_06535,2.145826,-0.13539936,-0.09039856
TEST_06536,2.083563,0.5956872,0.9000655
TEST_06537,3.7927883,-0.010087251,-0.30619833
TEST_06538,5.0574837,-1.3268623,-0.20779411
TEST_06539,3.0851538,1.2530506,0.06292381
TEST_06540,2.2817166,-0.35179225,-0.8486944
TEST_06541,2.3340068,-0.009475856,-0.6442859
TEST_06542,1.2450613,-0.026551194,0.108569294
TEST_06543,4.2170806,-0.9669537,-0.9982307
TEST_06544,4.4037237,0.42881614,-0.88450277
TEST_06545,1.9907464,-1.7486335,-0.91885227
TEST_06546,2.1731846,0.51268435,-0.71576387
TEST_06547,2.1773098,-0.35829833,0.2905696
TEST_06548,2.92037,0.38199964,0.4433158
TEST_06549,1.833658,-0.34169683,0.5412273
TEST_06550,4.6436787,-1.1716163,-0.7534261
TEST_06551,1.9726989,-0.36378616,-0.15990736
TEST_06552,1.689413,-0.15992333,-0.14620695
TEST_06553,1.9205004,-0.23037386,0.28740597
TEST_06554,2.3043797,-0.4135442,-0.09058924
TEST_06555,1.9825801,0.5380981,0.70557123
TEST_06556,2.9598455,-0.45392093,0.2905945
TEST_06557,1.2739806,-0.020803245,0.37212524
TEST_06558,3.1078331,1.7676275,-0.62983036
TEST_06559,3.5647805,0.97700375,0.5781074
TEST_06560,2.858745,1.701413,1.1989849
TEST_06561,3.384905,-0.35470945,-0.44734368
TEST_06562,2.4804509,0.14337672,-0.009245608
TEST_06563,3.8966243,1.2926288,0.68176055
TEST_06564,1.7918812,-0.4137808,0.57975245
TEST_06565,2.9323754,-0.20918503,0.6196947
TEST_06566,2.2039278,0.30478543,0.41955015
TEST_06567,2.8392138,1.3201944,-0.7336013
TEST_06568,2.234231,-1.376454,0.48702538
TEST_06569,2.987335,0.25204518,-0.22978432
TEST_06570,3.3879023,0.31016356,0.47554234
TEST_06571,1.4091494,-0.44544116,-0.26253247
TEST_06572,2.06774,0.0335521,-0.84807205
TEST_06573,2.6329236,-0.15397936,-0.06760959
TEST_06574,2.2019868,-0.6536231,0.50429624
TEST_06575,2.829621,0.11359516,0.8708507
TEST_06576,2.6227503,0.94965714,0.070784956
TEST_06577,2.8655984,0.2522799,0.58678263
TEST_06578,5.6599617,0.2078484,1.56473
TEST_06579,3.0841572,1.1915224,0.7964192
TEST_06580,1.7931306,0.22672062,-0.31131196
TEST_06581,2.590846,0.22128755,1.0214863
TEST_06582,1.1963158,-0.24010356,0.18171135
TEST_06583,3.593283,0.31220698,0.0026413389
TEST_06584,2.8803663,-0.27261716,0.72464097
TEST_06585,5.4084864,0.672783,0.84675014
TEST_06586,3.100058,-0.4270902,0.5962132
TEST_06587,4.073126,0.034157917,-0.8075326
TEST_06588,2.1705453,-0.61208475,-0.28305095
TEST_06589,2.8342276,0.91090155,-1.0603473
TEST_06590,4.5209184,1.1449211,-1.0056876
TEST_06591,2.1420088,0.14866774,-0.16991967
TEST_06592,2.187092,0.0989889,-0.808253
TEST_06593,2.5098364,-0.700637,-0.03207569
TEST_06594,1.6751626,-0.44943717,0.23494256
TEST_06595,1.0974813,-0.22874066,0.24413541
TEST_06596,2.8801458,-0.3560794,-0.69407547
TEST_06597,2.075987,0.13789971,-0.37778106
TEST_06598,1.3742572,-0.097341545,-0.27931243
TEST_06599,5.352797,0.2697172,1.9811298
TEST_06600,3.084284,-1.2793179,0.26979426
TEST_06601,1.9399563,0.26069206,0.6072876
TEST_06602,1.9942114,-0.835106,-0.5071981
TEST_06603,1.93795,1.0916077,-0.8766943
TEST_06604,2.6094902,0.6307353,0.9235384
TEST_06605,3.1346881,0.39270976,-0.23874709
TEST_06606,4.8662467,-0.44302538,-0.54844093
TEST_06607,1.6853576,0.4974336,0.024505269
TEST_06608,5.6336727,-0.47727984,0.25434947
TEST_06609,3.4195325,-0.093829036,-0.25982845
TEST_06610,2.7329772,-0.050401375,-0.3787165
TEST_06611,2.202776,0.026240442,-0.6890891
TEST_06612,2.0611672,-1.5691859,0.96100956
TEST_06613,1.6495886,-0.3764839,0.26962468
TEST_06614,2.674451,1.0480639,-1.0476475
TEST_06615,2.984702,1.1759616,0.530235
TEST_06616,3.2560284,-1.1036266,-0.338561
TEST_06617,2.7640545,-0.9064348,1.524329
TEST_06618,2.0373394,-1.1085198,-0.67302984
TEST_06619,2.7335863,-0.48573124,0.3731632
TEST_06620,1.6231526,0.42715576,0.44819352
TEST_06621,1.3358176,-0.12223348,0.17765303
TEST_06622,1.8068191,-0.3927142,0.24424148
TEST_06623,2.991744,-0.52114576,-0.18939406
TEST_06624,3.1844587,0.12988082,-0.21782371
TEST_06625,2.9412446,1.373184,-0.885723
TEST_06626,1.0736687,0.20554414,0.28264174
TEST_06627,3.534004,0.20212337,1.2318969
TEST_06628,2.308871,0.07842691,-0.17904021
TEST_06629,4.191333,-0.95963156,-0.2746788
TEST_06630,1.9643841,1.4823489,-0.6757325
TEST_06631,2.1014519,-0.036794096,0.041809104
TEST_06632,1.3590776,-0.6481465,0.7065518
TEST_06633,2.3465917,0.3607446,0.5104176
TEST_06634,1.2229109,0.15577847,-0.26836306
TEST_06635,1.2257669,0.24032564,0.37092257
TEST_06636,2.4266434,0.43084553,0.94507676
TEST_06637,3.58819,-0.7621281,-0.3788684
TEST_06638,1.9837977,-0.48683625,-0.1935957
TEST_06639,3.8408487,1.0474043,0.23141095
TEST_06640,4.5967946,-0.0292642,1.4472947
TEST_06641,4.769394,2.0843055,-0.8366301
TEST_06642,3.9608836,-0.778159,-0.7581132
TEST_06643,2.7046146,-0.37007916,0.6768558
TEST_06644,2.8214002,0.65018475,-0.477066
TEST_06645,2.206328,-0.85928345,-0.17123663
TEST_06646,1.510391,-0.66693926,0.39982712
TEST_06647,4.701101,-0.7478754,-0.9865361
TEST_06648,4.4496717,-0.38180268,-0.031933982
TEST_06649,3.1420765,-0.09706347,0.30423373
TEST_06650,3.321132,-0.085314885,1.1908772
TEST_06651,2.3961456,0.17086852,-0.009334528
TEST_06652,2.523894,-0.3206844,0.75210434
TEST_06653,1.2717816,0.48225054,0.039257564
TEST_06654,2.030977,-0.33404198,0.9252053
TEST_06655,3.7078702,-0.09179788,-1.0936354
TEST_06656,2.8377326,-1.0038958,-0.7451783
TEST_06657,3.7466884,2.0685923,2.2622347
TEST_06658,4.7495527,1.4894563,-0.7603091
TEST_06659,4.19934,-1.3331542,-0.18067575
TEST_06660,2.0643857,-0.9597686,-0.8475291
TEST_06661,1.8799453,-0.3547266,-0.16520827
TEST_06662,1.6548014,0.32634723,0.04763931
TEST_06663,4.471675,0.26613584,0.83061403
TEST_06664,1.5984104,0.6654966,0.2684152
TEST_06665,4.2035604,-0.28292882,0.4972876
TEST_06666,3.182634,-0.5429919,0.70642155
TEST_06667,2.6231856,0.76328355,1.0061735
TEST_06668,2.6781733,-0.7376048,-0.015955925
TEST_06669,3.797076,-0.6034161,0.5998279
TEST_06670,2.6350138,1.3676202,-0.7427213
TEST_06671,1.8364568,-0.6059261,-0.34956354
TEST_06672,1.4632338,0.20941609,-0.1328365
TEST_06673,2.6918817,-0.14086983,0.5016587
TEST_06674,3.6203625,0.07871942,1.1259305
TEST_06675,2.0672123,-0.3341583,0.3370728
TEST_06676,2.7769282,-1.5928749,-0.5005149
TEST_06677,3.1621017,0.3410408,0.8628335
TEST_06678,1.4295737,0.13531654,0.12799257
TEST_06679,2.7015784,1.1613488,-0.3369563
TEST_06680,3.20349,1.249676,0.18442313
TEST_06681,2.6263027,0.8338356,0.49251863
TEST_06682,1.7782784,-1.1240323,-0.34395206
TEST_06683,2.350893,-0.47124556,0.8686915
TEST_06684,2.0109947,-0.28118575,-0.27107495
TEST_06685,2.622903,-0.23724253,0.5085694
TEST_06686,3.3835804,-0.5579739,-0.78313154
TEST_06687,3.1869125,0.39339665,0.35278058
TEST_06688,5.718778,-1.4151174,1.263621
TEST_06689,2.4759452,0.48451898,-0.035549864
TEST_06690,1.361066,0.1862631,0.1522086
TEST_06691,1.4222276,0.04218846,0.15218993
TEST_06692,2.5387118,-0.9359161,0.17469782
TEST_06693,2.9032397,0.20795086,0.227249
TEST_06694,1.421418,-0.75901955,0.59508353
TEST_06695,0.90440863,0.2864071,0.23680289
TEST_06696,2.7370875,-1.5033348,-0.08817239
TEST_06697,3.7777956,-0.054091737,0.52140284
TEST_06698,3.1459613,-0.45125106,1.2632126
TEST_06699,3.958913,-0.47363877,1.1521987
TEST_06700,2.3565664,0.0040831855,-0.24079074
TEST_06701,2.746913,0.10653985,0.8602145
TEST_06702,1.2720032,0.007870245,0.43039352
TEST_06703,3.0959537,-0.094096035,-0.4062225
TEST_06704,2.7485697,-0.16979505,0.2098506
TEST_06705,5.287561,0.317151,-0.46291125
TEST_06706,1.9018623,-0.12657587,0.21269487
TEST_06707,3.2731748,0.5192151,0.50043917
TEST_06708,2.5497167,0.42276114,0.2218281
TEST_06709,4.4979634,-0.73026985,0.04324571
TEST_06710,4.1373706,-0.0333421,-0.52888334
TEST_06711,1.9918903,-0.95930827,0.13196924
TEST_06712,1.9748905,1.2101413,-0.87768143
TEST_06713,2.6945064,-0.035791375,-0.2553022
TEST_06714,1.2676641,0.16559477,0.03937116
TEST_06715,1.0616723,0.09713576,0.2556787
TEST_06716,1.4429237,-0.32645977,-0.21424682
TEST_06717,1.2332753,-0.28684914,-0.17522016
TEST_06718,1.3961846,-0.59693986,-0.2728851
TEST_06719,5.383717,0.7270911,-0.10099448
TEST_06720,2.5950613,-0.57786584,0.41277033
TEST_06721,4.681199,0.707404,-0.046518795
TEST_06722,4.663809,1.392675,-0.50691265
TEST_06723,1.7248186,-0.12111485,-0.09524826
TEST_06724,1.5152025,0.52807397,-0.27536654
TEST_06725,1.3063098,0.63866985,0.36097896
TEST_06726,5.2400346,-0.42598146,-0.24614117
TEST_06727,3.0111768,0.3925919,0.46507728
TEST_06728,5.598169,-1.6171099,-0.8900187
TEST_06729,2.3589826,-0.26906028,0.0062251957
TEST_06730,2.860934,0.5969177,-0.15202063
TEST_06731,1.2318568,0.09339695,0.19757318
TEST_06732,4.2037363,0.114037454,0.37052488
TEST_06733,3.0639684,-0.35122234,0.5454936
TEST_06734,2.416652,-0.25974798,0.31006303
TEST_06735,0.91332155,0.24899878,0.03749787
TEST_06736,1.6839268,0.1150191,0.42903674
TEST_06737,3.4722319,0.22143006,0.7614332
TEST_06738,5.4363737,1.1792805,-0.46157554
TEST_06739,2.5094776,1.3211005,0.06542045
TEST_06740,1.5519366,0.12538035,0.3094145
TEST_06741,1.2850361,0.026384868,0.20954204
TEST_06742,1.9675478,-0.25725836,-0.6771616
TEST_06743,2.9638615,0.7493094,-0.7487488
TEST_06744,2.316069,0.15769929,-0.5220517
TEST_06745,4.5229645,1.8109583,-0.4724972
TEST_06746,3.2412763,0.8553155,0.5908949
TEST_06747,4.693025,-0.43602532,0.029441748
TEST_06748,2.510139,0.44423404,-0.3591078
TEST_06749,3.5441265,-1.5792578,-1.175358
TEST_06750,1.164714,-0.25386912,-0.04827901
TEST_06751,1.2088376,-0.90027183,-0.065931134
TEST_06752,2.728657,1.4740094,0.62188745
TEST_06753,2.2621508,0.45450798,-0.40893263
TEST_06754,2.2864344,0.28716898,0.08775471
TEST_06755,1.8949666,-0.70345885,0.5085957
TEST_06756,3.1457984,-0.7646875,-0.37618694
TEST_06757,2.127345,-0.0391286,-0.26223463
TEST_06758,3.3534062,-1.3532045,0.7413279
TEST_06759,4.5612864,0.19975233,0.89244187
TEST_06760,3.0913248,-1.5654249,-0.57544154
TEST_06761,4.287083,0.8695114,-0.73365396
TEST_06762,3.9854093,-1.5407162,-0.9395476
TEST_06763,1.5555472,0.13195509,0.69749886
TEST_06764,1.7623026,0.004830245,-0.042181157
TEST_06765,1.461328,-0.07284041,-0.33596116
TEST_06766,3.6823316,-0.7441431,-0.5808198
TEST_06767,3.789751,1.3401088,-0.9332786
TEST_06768,4.8759184,-1.6681811,-0.12112686
TEST_06769,2.4799082,-0.04871417,0.00514914
TEST_06770,1.074548,0.59582764,-0.24595349
TEST_06771,4.096524,0.15413392,1.0861806
TEST_06772,4.72205,1.1068633,1.1015329
TEST_06773,1.3535117,0.42043915,0.3579675
TEST_06774,3.3183272,0.99392533,0.9387888
TEST_06775,2.8457959,0.5840353,-0.12491459
TEST_06776,2.2530665,0.2602528,-0.1993987
TEST_06777,1.4995409,0.50049084,-0.3577619
TEST_06778,2.5524082,-0.21712744,0.13347448
TEST_06779,4.2680964,1.3077563,0.91489327
TEST_06780,1.4544696,0.17886214,-0.0096530495
TEST_06781,3.0786624,-0.0345527,0.13072862
TEST_06782,2.2508054,-0.087893814,0.08232734
TEST_06783,3.8674858,0.12501869,0.869551
TEST_06784,3.1800404,-0.26114562,0.058493502
TEST_06785,2.393808,-0.2804978,0.052869517
TEST_06786,2.5770633,0.050335966,-0.02761014
TEST_06787,4.54135,0.8007062,-0.31402403
TEST_06788,2.003618,-0.61993873,-0.33929372
TEST_06789,4.666788,-1.1244614,-0.37372106
TEST_06790,1.6464636,0.12835841,0.5500451
TEST_06791,2.4151096,0.66046375,0.012486613
TEST_06792,3.2027547,-1.5681099,-0.86131155
TEST_06793,3.3571699,0.9948178,1.0588632
TEST_06794,2.376742,0.342144,-0.03890747
TEST_06795,2.5271373,0.8257911,0.51630664
TEST_06796,4.5215364,-1.6260763,-0.41948587
TEST_06797,1.8437753,-0.4158669,0.5271792
TEST_06798,3.6602147,-0.6992524,0.97864574
TEST_06799,3.9474218,1.8106257,-0.42673573
TEST_06800,2.603054,1.5506097,0.6710396
TEST_06801,4.4625363,1.6659456,-0.03519991
TEST_06802,1.7653317,1.1462873,1.0695392
TEST_06803,1.91559,0.7662867,-0.14706309
TEST_06804,2.1975682,-0.08562902,-0.12078406
TEST_06805,2.8758595,-0.3653463,0.77244544
TEST_06806,3.7890577,-0.45267844,0.269716
TEST_06807,3.7577097,-1.4139527,-0.9027336
TEST_06808,5.6644535,0.10943049,0.11291638
TEST_06809,3.1727242,0.21447538,0.22190881
TEST_06810,2.7350543,0.1808253,0.15173115
TEST_06811,2.4683034,-0.19788755,-0.16535562
TEST_06812,3.0650604,-0.10432649,1.2112218
TEST_06813,2.5541875,0.03876794,-0.39185315
TEST_06814,2.7831745,-0.008156035,0.6451237
TEST_06815,2.294705,0.46294367,-0.103549406
TEST_06816,2.9814227,0.5145358,0.92352086
TEST_06817,2.500948,-0.73202014,1.3234926
TEST_06818,3.3863928,-0.9360855,1.1696302
TEST_06819,2.4009547,0.68607324,0.28926682
TEST_06820,2.3875482,-0.35974205,-0.07726833
TEST_06821,3.064221,-0.11024084,0.22041842
TEST_06822,1.4940803,0.8136445,-0.05725645
TEST_06823,3.544257,0.4114501,0.83180255
TEST_06824,1.7089883,0.275074,-0.15336214
TEST_06825,3.3552454,1.3882257,0.11767612
TEST_06826,1.4197689,-0.13884287,0.46021736
TEST_06827,3.2215862,0.19602537,0.45706102
TEST_06828,1.4007607,0.29103804,0.1830065
TEST_06829,3.7729492,-0.15314908,-0.9036885
TEST_06830,3.8975034,0.29776344,1.233146
TEST_06831,2.7865653,0.95751715,-0.30431676
TEST_06832,3.4673598,0.22305639,0.5702246
TEST_06833,3.8177655,-1.0573889,1.2781101
TEST_06834,3.1314917,0.019501168,-0.5173809
TEST_06835,1.00826,0.34438917,-0.032784343
TEST_06836,2.7476046,0.17783464,-0.14168644
TEST_06837,0.9929979,-0.014316521,-0.13704374
TEST_06838,2.3792994,-1.1724069,-0.5483821
TEST_06839,3.8961537,-0.53884965,-1.007319
TEST_06840,1.6387782,-0.3197828,0.3083238
TEST_06841,4.5508504,-0.7587465,0.9595823
TEST_06842,2.0232856,0.019438522,0.08637588
TEST_06843,3.2168365,1.0284663,-0.79830676
TEST_06844,2.0369456,-0.78092647,-0.569706
TEST_06845,1.2360021,-0.47023448,-0.10008706
TEST_06846,5.067901,0.62330174,-0.27604654
TEST_06847,4.0281525,-1.0913681,-0.7428818
TEST_06848,4.5461435,-2.261568,0.8220093
TEST_06849,3.3869822,-0.47106224,-0.31491265
TEST_06850,3.0946462,-0.0528076,-0.5702667
TEST_06851,1.1339095,-0.30487064,-0.017621975
TEST_06852,3.499131,0.0019582026,-0.846592
TEST_06853,3.0183198,0.3310209,0.38221136
TEST_06854,1.6585207,1.2320012,-0.63870215
TEST_06855,1.7855421,0.13686328,0.43862423
TEST_06856,2.8179178,-0.051138975,0.7414646
TEST_06857,1.9676318,-0.36686644,-0.11431155
TEST_06858,4.834127,1.1642964,1.41424
TEST_06859,1.2211479,-0.119038455,-0.12791319
TEST_06860,1.4566743,-0.21738797,-0.24927081
TEST_06861,1.2323879,-0.39685443,-0.11047989
TEST_06862,1.5413201,0.40022188,0.124710254
TEST_06863,1.2137492,-0.35818088,0.50124025
TEST_06864,3.686648,-0.56367266,-0.5800948
TEST_06865,5.2873945,-0.49438518,-0.15287477
TEST_06866,1.936807,-0.43694848,-0.3630681
TEST_06867,3.939418,-0.22239552,-0.09734555
TEST_06868,1.9683764,0.45833158,0.3369121
TEST_06869,3.6236753,-0.7499839,1.3144052
TEST_06870,1.3363154,-0.6514687,-0.4438676
TEST_06871,2.7179983,-1.2258524,0.47574797
TEST_06872,1.4795476,-0.73526996,0.13940778
TEST_06873,3.6317897,-0.058369376,0.6940868
TEST_06874,2.5252695,0.44146767,0.6700026
TEST_06875,1.0021211,-0.124176525,-0.33751002
TEST_06876,4.203635,0.3337729,0.5893303
TEST_06877,2.6701686,1.1665486,0.14949167
TEST_06878,2.5741124,-0.4102192,0.4404255
TEST_06879,5.502476,0.3371142,2.1113167
TEST_06880,2.1063695,-0.4743937,0.102506064
TEST_06881,4.297526,-0.03879926,-0.25720954
TEST_06882,4.338832,0.95946354,0.21881308
TEST_06883,3.5455322,-1.1929828,1.062206
TEST_06884,2.7534084,0.10381499,-0.5274401
TEST_06885,1.0198504,-0.32979518,0.17524324
TEST_06886,2.9564936,-0.08615956,-0.32802165
TEST_06887,4.3823824,0.115698785,-0.33354977
TEST_06888,3.773213,1.2791817,1.3572651
TEST_06889,4.5516214,-0.43597513,-1.0426204
TEST_06890,1.6524189,0.12295847,-0.11498706
TEST_06891,2.6270726,-0.14308628,-0.5926026
TEST_06892,4.700024,-0.81916887,0.209596
TEST_06893,2.8026521,-0.5682705,0.5840331
TEST_06894,1.6066241,0.107235335,-0.5100077
TEST_06895,3.9527605,0.57617146,-0.75976384
TEST_06896,3.4466488,0.06881228,-0.31464648
TEST_06897,1.4588246,-0.39509284,-0.34158248
TEST_06898,5.06071,-0.38817906,-1.0487351
TEST_06899,3.8890786,-0.24714664,1.0376513
TEST_06900,2.3016772,0.4053623,-0.6800371
TEST_06901,3.190772,0.060917564,0.4773795
TEST_06902,1.3103977,-0.513116,0.3110118
TEST_06903,4.0849395,-0.6325298,1.0738269
TEST_06904,2.4602199,-0.41063255,-0.50772566
TEST_06905,4.914665,-1.2302202,1.6683539
TEST_06906,2.1758127,0.096629165,-0.48971096
TEST_06907,2.3127816,-0.1279466,0.90661156
TEST_06908,2.9016445,0.13134123,0.027574334
TEST_06909,4.8848834,0.4442073,-0.3248199
TEST_06910,1.9264342,-0.9721657,-0.49917388
TEST_06911,2.148412,-1.1876346,-0.47216105
TEST_06912,1.4604142,0.9147259,0.47397733
TEST_06913,2.8193052,1.5263041,0.95531726
TEST_06914,1.7817097,-0.009845696,-0.16086128
TEST_06915,2.2930162,-0.1959447,-0.2739286
TEST_06916,4.269031,0.686518,0.7810207
TEST_06917,1.4052162,0.26550472,0.2247966
TEST_06918,2.8707507,0.7084799,-0.5760625
TEST_06919,3.2570639,-0.77852106,1.955126
TEST_06920,1.8297772,0.48976764,0.18209566
TEST_06921,1.1162863,0.287878,0.064288296
TEST_06922,2.0516446,-1.0141845,0.06333798
TEST_06923,3.9867218,-1.2056544,0.31297404
TEST_06924,2.0756228,-0.92543346,-0.5530203
TEST_06925,1.2521597,-0.30987298,-0.30520424
TEST_06926,1.5009936,0.70032716,-0.026372563
TEST_06927,4.215274,-0.3697928,0.99913394
TEST_06928,2.4169831,-0.23455073,1.3098335
TEST_06929,3.6335192,0.48973688,-0.086044684
TEST_06930,2.2355118,0.2833627,0.41542688
TEST_06931,1.033896,-0.42440596,0.09681224
TEST_06932,3.2483664,0.14588846,-0.10467655
TEST_06933,2.2596822,0.17629205,0.5059806
TEST_06934,2.9193816,-0.15193397,0.2817963
TEST_06935,1.9724187,0.32496852,0.24296871
TEST_06936,1.5080231,0.54822564,0.45204315
TEST_06937,3.4699717,0.34579608,0.68870026
TEST_06938,4.6375227,1.0877157,-0.21089482
TEST_06939,3.6639287,0.44992048,0.07442971
TEST_06940,1.1604935,0.18644075,-0.3511367
TEST_06941,2.8291807,-0.087912284,-1.0556898
TEST_06942,2.286297,-0.65984464,0.18812065
TEST_06943,3.9290235,-0.55273175,-0.1581147
TEST_06944,1.3106652,-0.41139543,-0.33380014
TEST_06945,1.7603188,0.41996616,0.4749154
TEST_06946,1.3884995,-0.036898557,0.63482547
TEST_06947,1.4950694,0.16413017,-0.16101454
TEST_06948,2.5048873,-0.49429607,0.3110999
TEST_06949,1.3834202,-0.2123386,-0.3286146
TEST_06950,2.7229183,-0.16886538,-0.027232317
TEST_06951,2.3143756,-0.1560978,0.6090343
TEST_06952,1.1255376,-0.43132257,0.3291291
TEST_06953,3.6781383,0.7780423,0.08845422
TEST_06954,2.8773,-0.63765657,-0.04026264
TEST_06955,2.2446856,-0.28375936,-0.011745412
TEST_06956,4.2650576,1.4573257,1.0487504
TEST_06957,3.032838,-1.0271046,-0.34748125
TEST_06958,1.2658055,0.2700545,-0.39803737
TEST_06959,2.0603776,0.77061176,-0.32327494
TEST_06960,2.6659336,-0.46248424,0.375715
TEST_06961,3.0179448,0.17896086,-1.01317
TEST_06962,0.88307667,0.055749036,0.48171052
TEST_06963,3.6869955,0.2753654,0.37087667
TEST_06964,2.9793804,0.65800905,0.6832925
TEST_06965,2.17568,-0.8714577,0.91065526
TEST_06966,4.9399533,-0.34688452,0.465337
TEST_06967,1.3671113,0.3569391,-0.55084836
TEST_06968,4.1920795,2.2168567,0.65000683
TEST_06969,1.2621622,0.29762942,-0.004138116
TEST_06970,1.5997349,-0.31093875,0.38614735
TEST_06971,1.9299812,0.61509204,0.05714588
TEST_06972,0.98695284,0.55721754,0.39383438
TEST_06973,3.227543,-0.4529352,0.017638557
TEST_06974,2.3918066,0.63516724,-0.8714187
TEST_06975,3.7159483,0.7842194,-0.65169513
TEST_06976,1.1948011,-0.62372947,-0.14163642
TEST_06977,1.3104862,0.4329423,0.16329023
TEST_06978,4.355432,0.2605244,-0.14549655
TEST_06979,4.3518133,1.6312132,1.5071033
TEST_06980,1.218399,-0.6388617,-0.45168328
TEST_06981,3.549809,-0.52371573,-0.09126831
TEST_06982,2.5159879,0.51701605,-0.08569214
TEST_06983,3.0036802,0.21818523,-0.6763432
TEST_06984,3.2546458,-0.3434228,0.45124584
TEST_06985,2.14366,-0.16256236,1.166844
TEST_06986,2.2010465,0.37812048,0.103935264
TEST_06987,3.0490384,0.07114308,0.22607516
TEST_06988,2.9501412,1.1652929,0.15381683
TEST_06989,1.9317635,-1.1957273,0.4653097
TEST_06990,1.0377252,-0.28254187,0.15578777
TEST_06991,1.9483626,-0.5251147,0.2712081
TEST_06992,1.977738,-0.8509734,0.80319446
TEST_06993,2.669234,-0.24604425,-0.4277957
TEST_06994,2.0112793,0.6010185,-0.0053153746
TEST_06995,2.3569293,-0.61845505,-0.683287
TEST_06996,2.1605885,-0.67449623,-0.4409589
TEST_06997,2.788324,-0.47663316,0.5556112
TEST_06998,1.2460049,-0.21635629,0.21607792
TEST_06999,4.8826656,-1.1798134,0.4270667
TEST_07000,2.4889214,0.61010194,0.2803269
TEST_07001,2.4202645,1.5122365,0.27110776
TEST_07002,1.9617959,-1.3139722,0.3001952
TEST_07003,1.9151523,1.2674342,0.5635921
TEST_07004,1.6153749,0.06461823,-0.18704718
TEST_07005,3.0083294,0.5719246,-0.24966198
TEST_07006,1.4394537,0.53708076,0.24804705
TEST_07007,5.137345,1.6794385,-0.5387391
TEST_07008,1.3384997,-0.7570279,0.5663721
TEST_07009,4.4353995,0.68740153,1.2636435
TEST_07010,1.4753901,0.2115906,0.36231056
TEST_07011,3.4518275,0.15287974,-0.017379738
TEST_07012,3.3508265,0.20236863,0.03485487
TEST_07013,2.4926949,0.039779715,0.21956316
TEST_07014,2.665019,-0.18863869,0.49784738
TEST_07015,3.7396035,0.9949626,-0.98135495
TEST_07016,1.775828,-0.87017304,-0.7042205
TEST_07017,3.9471102,-1.5132391,-0.03129129
TEST_07018,4.0939207,1.664271,-0.4594026
TEST_07019,2.273238,0.6475411,0.021863574
TEST_07020,1.6718578,0.12722026,-0.35488296
TEST_07021,1.0743619,-0.19341506,0.030712811
TEST_07022,1.9035331,0.5072945,0.24689257
TEST_07023,2.4685447,-0.79687,0.24290514
TEST_07024,2.3156261,-0.19540454,0.47013918
TEST_07025,3.7321327,1.6471597,0.11217818
TEST_07026,2.905034,0.35786533,-0.07204706
TEST_07027,2.0010586,0.69691527,-0.5490792
TEST_07028,2.9116786,-0.0421405,-0.07791614
TEST_07029,2.7444756,-1.4810474,0.040640116
TEST_07030,4.2044683,-0.17811078,0.15021762
TEST_07031,2.585173,-0.49465606,0.33662203
TEST_07032,3.422589,1.4243321,0.33377004
TEST_07033,1.3204083,-0.6615886,-0.31243894
TEST_07034,1.8823242,-0.017207727,0.11523238
TEST_07035,2.291781,-0.8900836,-0.4852828
TEST_07036,2.076559,-0.22670473,-0.65315896
TEST_07037,2.646665,0.047820486,0.3530585
TEST_07038,2.5482593,0.74123514,1.0947413
TEST_07039,6.1972136,0.38229477,2.3411815
TEST_07040,4.385962,1.1135182,1.68848
TEST_07041,1.6849833,0.6480266,0.49924093
TEST_07042,2.7251651,0.40232947,1.1188948
TEST_07043,3.2397106,0.5396484,0.105232365
TEST_07044,3.337318,0.15370454,0.26215142
TEST_07045,1.3881885,0.18922344,-0.33749396
TEST_07046,3.1561873,-0.45906627,0.48569453
TEST_07047,4.127469,-1.0024587,1.1165078
TEST_07048,4.723319,-1.0500976,1.3432004
TEST_07049,3.023839,0.3490142,0.34741133
TEST_07050,2.622813,0.26211306,0.23961651
TEST_07051,1.6137602,-0.059431747,-0.3459435
TEST_07052,2.0567584,1.2749659,0.5739837
TEST_07053,3.021136,-0.38435313,-0.28587157
TEST_07054,3.4993453,-0.15347101,0.7388345
TEST_07055,1.5779538,0.2509555,-0.11470548
TEST_07056,2.1589613,-0.15084314,-0.08468583
TEST_07057,1.6970184,0.27647722,-0.53564155
TEST_07058,5.35234,1.0779516,1.2765968
TEST_07059,1.7936605,0.06381188,-0.026600085
TEST_07060,2.8900568,0.44407016,-0.4386758
TEST_07061,0.96841043,0.41705477,-0.16091996
TEST_07062,1.558645,0.3436015,0.050880834
TEST_07063,3.2284584,0.70799977,0.9149384
TEST_07064,0.90558153,-0.27442044,-0.13578157
TEST_07065,2.1071255,-1.0624688,0.7525839
TEST_07066,2.8218162,0.05901946,-0.24049217
TEST_07067,3.6472986,0.575922,-1.050187
TEST_07068,2.320964,1.2938471,-0.85293853
TEST_07069,1.4190774,0.3623449,0.38271737
TEST_07070,3.5550823,-1.4343928,0.545697
TEST_07071,3.3850777,0.82284,0.56834865
TEST_07072,2.4993176,0.17707121,0.10239181
TEST_07073,2.369824,0.3576396,-0.27071786
TEST_07074,2.330195,0.5543033,-0.52396595
TEST_07075,2.1853838,-0.06370071,0.058568314
TEST_07076,1.4045585,-0.07647859,0.45511618
TEST_07077,1.6695849,0.12406956,0.33478662
TEST_07078,3.6172404,-1.4895626,0.17824289
TEST_07079,4.7680984,0.17160395,0.6115174
TEST_07080,1.2456508,0.49704158,0.09173651
TEST_07081,2.6384153,0.18623258,-0.018357117
TEST_07082,3.2011185,-1.6460037,-0.22910576
TEST_07083,3.1714845,-1.479711,1.2994204
TEST_07084,3.2827065,-0.8842889,-0.75444824
TEST_07085,2.7916722,0.70533836,-0.037242617
TEST_07086,3.0610025,0.6590441,0.39095536
TEST_07087,1.2524022,0.15515743,-0.035494015
TEST_07088,4.1077127,-1.9041567,0.5883575
TEST_07089,3.8935592,-0.20966664,0.06681536
TEST_07090,2.4465637,0.29823402,0.15899965
TEST_07091,2.9164555,-0.017235365,0.6341013
TEST_07092,4.877342,1.3667215,1.327595
TEST_07093,1.2863549,-0.15970649,0.15752715
TEST_07094,1.6884023,0.428425,0.5854258
TEST_07095,1.2243907,0.064203024,0.4012863
TEST_07096,2.3612592,-0.88206273,0.7651178
TEST_07097,2.4187753,1.4589022,0.6435251
TEST_07098,2.0487037,1.4562031,0.7082381
TEST_07099,3.1638744,-1.6982702,-1.4268148
TEST_07100,1.1599106,-0.35592425,0.18619263
TEST_07101,3.4051023,-0.11642353,0.60271436
TEST_07102,1.2728465,-0.63519436,0.2852085
TEST_07103,1.6662542,-0.027673991,-0.04126994
TEST_07104,1.4546797,0.13603082,-0.008460759
TEST_07105,2.966327,0.94763523,-0.6330187
TEST_07106,2.6779122,-0.5296402,0.6967346
TEST_07107,2.6595778,0.77981585,-0.7426791
TEST_07108,2.459391,-0.10604767,-0.044682063
TEST_07109,3.9018784,-0.9236013,-0.4291299
TEST_07110,3.5751617,-1.1068199,0.672398
TEST_07111,1.5829711,0.633052,-0.13396719
TEST_07112,3.2277887,0.89820987,0.008632395
TEST_07113,2.378914,0.8327118,-0.23273939
TEST_07114,1.7341833,0.3832693,0.06931818
TEST_07115,1.2026014,-0.3061992,-0.120202914
TEST_07116,1.7373093,0.10428873,0.21919283
TEST_07117,2.624933,0.22208482,-0.6996128
TEST_07118,2.784524,-0.21617629,-0.4985025
TEST_07119,3.2578256,-1.8761944,-0.46865487
TEST_07120,2.0648704,-0.99136156,-0.6583323
TEST_07121,2.5191405,-1.2749981,-0.71662706
TEST_07122,3.710109,-1.2844609,-0.06528386
TEST_07123,1.4525923,-0.49148813,0.2630446
TEST_07124,2.494375,-0.16073093,0.60859185
TEST_07125,2.386926,-0.52729136,0.24960886
TEST_07126,5.2280216,0.6172887,0.38392246
TEST_07127,4.3429656,0.6433602,0.0057368632
TEST_07128,5.1656985,0.8899226,-0.17336422
TEST_07129,1.7979006,0.067705505,0.302533
TEST_07130,2.8692164,-0.37096548,-0.39754695
TEST_07131,1.8302166,0.33623102,0.049157213
TEST_07132,1.045753,-0.2514701,0.28400564
TEST_07133,1.4915456,0.27265364,-0.11429952
TEST_07134,1.489941,0.12523434,0.23000109
TEST_07135,2.053609,-0.79071224,0.25221708
TEST_07136,2.3076742,-1.2369885,0.102851614
TEST_07137,4.275695,-1.63398,-0.6838984
TEST_07138,2.8935604,0.6796689,0.23925184
TEST_07139,4.6492724,-0.17874344,1.2784951
TEST_07140,2.8138435,0.41073295,0.39643446
TEST_07141,2.8941162,-0.19412622,-0.9594025
TEST_07142,1.1362523,-0.23002337,0.23582904
TEST_07143,1.4124546,-0.1695027,0.22119947
TEST_07144,4.2152653,-0.71003926,0.18600714
TEST_07145,4.0557127,0.7033767,0.9987763
TEST_07146,2.074941,0.16608681,0.2523469
TEST_07147,4.752632,0.01672003,0.016616765
TEST_07148,3.4545867,-0.4814573,0.5579317
TEST_07149,3.0260596,-1.235937,0.5583604
TEST_07150,4.915786,0.5863451,-1.0280507
TEST_07151,1.5306387,0.5345878,0.14236714
TEST_07152,3.332092,1.1119494,-0.2711726
TEST_07153,3.29052,0.4716942,1.1041662
TEST_07154,2.3401098,0.1666426,0.0060012825
TEST_07155,1.3813255,0.26157564,-0.15357783
TEST_07156,2.9947662,0.87092024,0.5457028
TEST_07157,2.4447773,0.82685447,0.44776133
TEST_07158,2.7719612,0.089642696,1.1469969
TEST_07159,5.5746346,-1.0836542,2.2476711
TEST_07160,2.1412284,-0.4134383,0.48985016
TEST_07161,3.3101988,0.38969904,1.0160478
TEST_07162,2.7748184,-1.6241583,1.1723168
TEST_07163,1.5286419,1.3783809,0.38016146
TEST_07164,2.3608425,0.22363842,0.0040219985
TEST_07165,1.6715938,-0.11485165,0.20426674
TEST_07166,1.6140037,-0.6388865,0.053070493
TEST_07167,1.8419582,0.06723201,-0.22549602
TEST_07168,2.2152908,0.68809366,0.85301965
TEST_07169,3.6677427,0.2772575,-0.018226534
TEST_07170,1.8284104,-0.17796731,-0.36138374
TEST_07171,3.8644295,-0.30497923,-0.7322818
TEST_07172,2.594017,1.3853794,-0.18471634
TEST_07173,0.91440266,0.3521729,-0.043240003
TEST_07174,1.08385,-0.38423145,-0.12872127
TEST_07175,2.1666422,0.0036246572,0.28538033
TEST_07176,1.1854963,0.0669699,0.4831918
TEST_07177,2.5801656,-0.04218182,0.9542337
TEST_07178,3.0955002,-0.21151727,-0.9653855
TEST_07179,3.412396,-1.5042561,0.4813541
TEST_07180,2.449373,0.5140359,-0.79736114
TEST_07181,1.0434004,-0.03089032,0.23324683
TEST_07182,1.8266371,-0.10489826,0.10167203
TEST_07183,4.368105,0.08813249,0.5758181
TEST_07184,2.8718793,-0.13067785,0.011695106
TEST_07185,2.7206316,0.039076462,1.1916378
TEST_07186,2.6494317,0.32084307,-0.5038253
TEST_07187,4.125565,-0.1792273,0.6774205
TEST_07188,2.4200711,-0.6715194,0.20498669
TEST_07189,4.395213,-1.1541246,1.4046357
TEST_07190,3.9843616,-1.5801458,1.4674734
TEST_07191,2.517084,-0.5119123,-0.21972132
TEST_07192,3.7016354,1.34725,1.466481
TEST_07193,2.6941645,1.2966995,0.8695797
TEST_07194,2.5312808,-0.17567201,-0.42940974
TEST_07195,2.0802295,-0.7008811,0.32605016
TEST_07196,1.9268471,1.3307037,-0.30554456
TEST_07197,2.4801087,0.28884134,-0.26635578
TEST_07198,3.6280317,-1.2525752,1.18613
TEST_07199,3.596947,-1.3525316,0.90463173
TEST_07200,4.0843854,-0.07177981,0.577326
TEST_07201,3.8081408,-0.5563981,1.1774193
TEST_07202,1.0198026,-0.33978817,0.46562985
TEST_07203,2.1292675,1.4225115,0.0901305
TEST_07204,2.4174395,-0.5056994,-0.15841068
TEST_07205,2.7367914,0.9331138,-0.40619585
TEST_07206,3.6304371,0.23676583,-0.3435206
TEST_07207,2.1886969,-0.3769029,-0.6864885
TEST_07208,5.6726346,0.10857265,-0.4112161
TEST_07209,2.1257372,-0.671464,0.006068757
TEST_07210,2.6997685,0.503363,0.0792498
TEST_07211,4.4348817,-0.45892635,0.07936672
TEST_07212,0.88080114,-0.49883342,-0.26090643
TEST_07213,1.5305816,0.23747116,0.079368524
TEST_07214,1.8376217,-1.3304696,0.40653434
TEST_07215,4.0625815,1.2247102,-1.3461885
TEST_07216,1.8585567,0.05405471,-1.02828
TEST_07217,3.2291346,-0.24039888,0.94973826
TEST_07218,1.2781081,0.7837453,-0.46576083
TEST_07219,2.2133067,-0.9248702,-0.24348488
TEST_07220,1.8772404,-0.6483101,-0.029675793
TEST_07221,3.4016838,-0.27381274,-1.1442827
TEST_07222,1.3404497,0.51021117,-0.12963507
TEST_07223,3.9712071,-0.32256252,0.5725417
TEST_07224,2.8014574,0.46953547,0.98635006
TEST_07225,3.5634606,0.8203764,0.7377415
TEST_07226,3.3786697,0.7336925,-0.10653366
TEST_07227,4.4366283,-0.34925497,-0.087940976
TEST_07228,2.1893845,0.6395634,0.12019576
TEST_07229,2.9165347,-1.2608753,-0.8549024
TEST_07230,2.9130363,0.1871451,-0.6063238
TEST_07231,1.9145542,0.3154637,-0.068265304
TEST_07232,3.3551252,-1.0846401,1.5930364
TEST_07233,2.773284,0.40610301,1.0000485
TEST_07234,1.9684376,0.38720733,0.27751502
TEST_07235,2.002352,-0.71823454,0.37057433
TEST_07236,2.83004,-1.1419595,-0.4686814
TEST_07237,2.65709,0.42913717,0.5265022
TEST_07238,3.6349607,0.83369124,-0.20875534
TEST_07239,4.3106575,1.5498284,-0.9071706
TEST_07240,2.4972715,-1.8465577,-0.9766594
TEST_07241,4.204612,1.5059061,0.7412122
TEST_07242,2.8206182,-1.0329036,-0.8423294
TEST_07243,3.9842613,0.29158196,0.24840324
TEST_07244,3.2361133,0.04939998,0.6166441
TEST_07245,2.3656023,-0.04646447,-0.7387189
TEST_07246,4.7017555,0.4385735,-0.9262877
TEST_07247,1.4633285,-0.098338835,-0.243265
TEST_07248,1.7773541,0.661238,0.116393745
TEST_07249,3.5500267,0.5445612,0.13233271
TEST_07250,1.8200575,0.4400813,-0.14519238
TEST_07251,1.544248,-0.056788452,0.26574045
TEST_07252,2.475733,-1.3315587,-0.7314827
TEST_07253,1.0794375,0.09485953,0.13442528
TEST_07254,3.7011542,1.2307557,-0.3868099
TEST_07255,2.2024012,-0.901516,-0.058541782
TEST_07256,3.23458,0.67445385,-0.5174408
TEST_07257,3.8473413,0.8263075,2.0233264
TEST_07258,4.100279,0.5860533,-0.35924122
TEST_07259,1.1738492,-0.19275199,-0.46168387
TEST_07260,3.0365255,0.60646176,0.5043727
TEST_07261,2.8324296,0.017464127,0.28757986
TEST_07262,1.8272418,-0.13119316,-0.3308845
TEST_07263,3.089054,-1.053375,0.56182706
TEST_07264,2.7142458,0.041992266,0.2639928
TEST_07265,2.0224786,0.0490917,-0.44735494
TEST_07266,1.9091935,-0.055108067,-0.4398376
TEST_07267,2.0145714,0.35852182,-0.03063517
TEST_07268,2.6690934,0.75010306,0.58912194
TEST_07269,4.8033423,0.25518084,1.2186233
TEST_07270,1.8025792,-0.22371335,-0.22294235
TEST_07271,2.1308362,-0.42023286,-0.14701222
TEST_07272,1.1752645,0.39468646,-0.5096422
TEST_07273,1.9312526,-0.48465896,-0.44100598
TEST_07274,3.6092532,0.3656849,-0.4981232
TEST_07275,1.9542004,-0.8576157,0.3335646
TEST_07276,1.3861465,0.9138006,0.45879486
TEST_07277,2.1992023,0.117022015,0.6684459
TEST_07278,2.8544648,0.8671664,1.107218
TEST_07279,5.281988,-1.3977442,-0.5284152
TEST_07280,1.5293547,0.3403699,-0.005461421
TEST_07281,4.8478885,-0.36748233,0.5467283
TEST_07282,2.1305532,0.31205446,-0.6644616
TEST_07283,1.0476516,0.70702714,-0.12210718
TEST_07284,2.6370513,-0.36059913,0.083632894
TEST_07285,1.7748967,0.34922642,0.1723086
TEST_07286,2.0557532,0.454972,-0.41387224
TEST_07287,4.7455716,1.5248044,-0.8999697
TEST_07288,5.9844937,-0.9636143,1.6798075
TEST_07289,3.8373256,0.31192884,1.1552218
TEST_07290,2.033843,0.19228336,0.42082417
TEST_07291,3.9157324,0.38632026,0.9575125
TEST_07292,5.013161,0.40661702,-0.7676345
TEST_07293,2.822958,0.10874678,0.16915387
TEST_07294,1.7825694,1.1496313,0.34134108
TEST_07295,2.7123845,0.39175767,-0.30784982
TEST_07296,2.5478578,0.58828187,-0.66323394
TEST_07297,3.6743577,-0.3379152,0.3811571
TEST_07298,5.776825,1.5319473,1.7839459
TEST_07299,1.3685309,-0.22486776,-0.17889366
TEST_07300,1.9580755,0.33292645,0.5035879
TEST_07301,1.0937803,-0.03119359,0.3199326
TEST_07302,1.5735768,0.16463979,-0.076566406
TEST_07303,1.8546726,-0.1376926,0.5636019
TEST_07304,1.15905,-0.22890756,0.2977718
TEST_07305,3.2353828,-1.4225124,1.9568598
TEST_07306,2.0027418,0.27423704,-0.17208673
TEST_07307,3.0517058,-0.4433541,-0.9372441
TEST_07308,3.2207475,0.30980942,-0.034722947
TEST_07309,4.477245,-1.2819848,1.2945126
TEST_07310,3.7824924,0.3401913,-0.5491992
TEST_07311,2.1963813,0.8202443,-0.5350312
TEST_07312,2.917146,-0.791197,-0.9064188
TEST_07313,2.2153125,-0.42094034,0.22639948
TEST_07314,1.5906582,-0.33899364,0.08934818
TEST_07315,0.8899251,0.13944983,-0.14624374
TEST_07316,2.1147158,-0.62004,0.04832731
TEST_07317,1.9128784,-0.6765434,0.40782437
TEST_07318,1.9693092,-0.8049414,-0.30695707
TEST_07319,5.700321,0.5885332,0.52984166
TEST_07320,3.662938,-1.3245031,-0.6529005
TEST_07321,3.1086206,0.22411224,-0.31060788
TEST_07322,3.5413048,-1.8011446,0.6913048
TEST_07323,2.5651934,-0.93835646,0.95939505
TEST_07324,1.6882637,0.10534036,0.14320205
TEST_07325,1.3529062,0.3307907,0.2659418
TEST_07326,3.1563582,0.40796518,0.6048068
TEST_07327,2.3953004,1.251998,0.25858876
TEST_07328,4.5056653,-0.16195336,-0.9233914
TEST_07329,4.107656,0.03133166,-0.30363363
TEST_07330,1.3628964,0.12893023,0.2999364
TEST_07331,2.8691473,0.28776896,0.2482101
TEST_07332,2.6605618,1.6236836,-0.79788005
TEST_07333,1.9670292,-0.26998526,0.3148964
TEST_07334,2.3085365,0.23909618,0.8609553
TEST_07335,3.6213636,0.7974903,0.3933314
TEST_07336,2.1281145,-0.062028926,-0.2036603
TEST_07337,2.0720582,0.2521589,-0.24699993
TEST_07338,1.7445258,1.2978537,0.30606797
TEST_07339,3.155339,-0.82437277,1.0075084
TEST_07340,1.6622001,0.2477448,-0.1627256
TEST_07341,1.1219712,-0.53536814,0.0853483
TEST_07342,2.0122356,-0.84398407,-0.76335084
TEST_07343,1.3465714,0.076392986,-0.3600476
TEST_07344,3.2788262,0.15793762,0.08766137
TEST_07345,3.145736,0.01885209,0.017694848
TEST_07346,1.689931,-0.7442801,0.41435927
TEST_07347,3.0333638,0.21677004,0.9123723
TEST_07348,1.6592722,0.17917943,0.12159335
TEST_07349,2.4622324,-1.4123725,0.6109611
TEST_07350,4.4779625,-0.21980852,0.8003487
TEST_07351,1.5611086,0.5438632,0.24908051
TEST_07352,1.1977212,-0.47767237,-0.36470175
TEST_07353,1.9881045,-0.09126258,0.33547422
TEST_07354,3.0117986,-0.4371078,0.07295416
TEST_07355,1.7102187,0.044014983,0.13150969
TEST_07356,1.9211668,-0.36513722,0.0538226
TEST_07357,2.4874651,-0.4983958,0.35811865
TEST_07358,1.876657,0.17948882,0.34006655
TEST_07359,5.7958455,-0.92391557,0.7834962
TEST_07360,2.7207012,1.2495005,-0.15513058
TEST_07361,2.3747132,1.4328456,-0.7115347
TEST_07362,0.8548448,0.5144049,0.3206028
TEST_07363,3.4489086,0.72079825,-0.09382337
TEST_07364,2.3546488,-0.34624133,0.5035434
TEST_07365,2.6610148,-0.823856,-0.46787
TEST_07366,4.432545,-1.1633363,1.105256
TEST_07367,3.2298415,-1.5141264,0.09671863
TEST_07368,1.9652284,-0.34681067,-0.25025442
TEST_07369,1.7089899,-0.45484942,-0.17106007
TEST_07370,1.9878395,0.2932106,-0.05461583
TEST_07371,2.3193579,0.19169024,0.18278699
TEST_07372,3.4989173,1.2856128,-1.3061165
TEST_07373,1.392811,-0.58204544,0.3625814
TEST_07374,2.7523956,1.4919369,-0.09973557
TEST_07375,3.4311855,0.87608045,0.46518752
TEST_07376,1.8413498,-0.053123355,-0.6974086
TEST_07377,1.4467539,0.371033,0.8086101
TEST_07378,1.2734848,0.7180709,-0.21260618
TEST_07379,4.3248186,1.5218514,1.367558
TEST_07380,1.8550625,0.326682,-0.30597997
TEST_07381,2.410086,0.27038032,0.11387149
TEST_07382,1.6123036,0.03483296,0.10951638
TEST_07383,2.0369084,0.546803,0.08831764
TEST_07384,2.6664953,-0.3235265,-0.81355804
TEST_07385,3.3742642,-0.2958094,0.2789361
TEST_07386,2.683253,-0.15244992,-0.9060743
TEST_07387,2.2914655,-0.07986507,-0.6876286
TEST_07388,1.8999292,-0.018351367,0.23037279
TEST_07389,1.2889988,-0.58984077,-0.6707258
TEST_07390,3.8967829,0.88961506,-0.7963139
TEST_07391,2.1818955,-0.6094794,-0.25496146
TEST_07392,2.2328382,0.3245704,0.04055386
TEST_07393,2.5271952,0.0058111344,-0.20272167
TEST_07394,1.7176186,-0.35877895,-0.26359916
TEST_07395,1.5356787,0.43486395,0.122943565
TEST_07396,2.6777802,1.1143845,0.72259927
TEST_07397,3.0176873,0.16752651,0.5502627
TEST_07398,3.590666,1.8048581,0.5644302
TEST_07399,5.486956,-0.76088226,0.791756
TEST_07400,4.2209215,1.7433825,0.92755574
TEST_07401,1.3109131,1.0029675,-0.1947439
TEST_07402,2.375977,1.1488047,-0.42913693
TEST_07403,2.5716054,0.28889638,0.9167769
TEST_07404,1.1644691,0.25871152,-0.10367052
TEST_07405,2.1162908,-0.084860146,0.28610736
TEST_07406,4.396368,1.1905895,1.1874398
TEST_07407,4.642707,-0.9055206,0.89976156
TEST_07408,5.640261,0.98093665,0.4144498
TEST_07409,2.6080072,-0.18743557,0.06935873
TEST_07410,2.942747,-0.30540904,-0.256
TEST_07411,2.427588,-0.0720862,0.5610761
TEST_07412,2.8617485,0.48147252,-0.41702738
TEST_07413,1.0638081,0.22058949,0.18429607
TEST_07414,1.2170227,-0.68813795,-0.2533005
TEST_07415,2.1702995,-0.70192283,-0.08043741
TEST_07416,2.5325115,-1.1275184,0.33728826
TEST_07417,3.25697,-0.3032151,0.9914012
TEST_07418,1.8759937,1.1439482,-0.9055175
TEST_07419,3.4202294,-1.5166663,0.96344256
TEST_07420,2.3641784,-0.8986805,-0.119400464
TEST_07421,3.1036787,-0.050951824,0.1281426
TEST_07422,1.4793668,-0.19995402,0.1000168
TEST_07423,1.3833213,-0.005519379,0.4730949
TEST_07424,1.9964516,0.28343797,0.8775614
TEST_07425,4.2021255,0.017653069,1.5114506
TEST_07426,2.5383663,-0.2807702,-0.13268551
TEST_07427,2.242736,-0.25020412,0.059541114
TEST_07428,2.935862,-0.04800722,0.036846396
TEST_07429,0.7922798,0.23231873,-0.014528247
TEST_07430,2.68298,-0.5768255,0.8865119
TEST_07431,1.9095917,-0.95991606,0.021858828
TEST_07432,2.0119414,-0.14909862,-0.31697834
TEST_07433,3.0904732,-0.067789175,0.5721656
TEST_07434,2.0352132,-0.6484663,0.29978755
TEST_07435,2.019118,0.13725609,0.113866836
TEST_07436,1.2622031,0.25527677,0.12637776
TEST_07437,2.6444778,0.5761923,0.16421965
TEST_07438,3.490054,-1.7701287,0.22923955
TEST_07439,3.791851,-0.29276514,-0.7407757
TEST_07440,2.4353204,-1.5531831,-0.430363
TEST_07441,4.5296507,0.7912184,-1.0041503
TEST_07442,1.946943,-1.4731594,0.6392237
TEST_07443,3.4598007,1.5177405,-0.42502576
TEST_07444,1.7965385,-0.13960828,0.54027843
TEST_07445,1.3176972,0.5155038,0.32692873
TEST_07446,4.126764,0.7791829,0.8427251
TEST_07447,4.394995,-0.7455862,-0.008091604
TEST_07448,4.7097282,1.3369577,1.0268986
TEST_07449,4.1102185,0.2543568,0.85892767
TEST_07450,1.6908166,0.029084895,-0.32740024
TEST_07451,4.3134294,-0.3544711,-0.9122628
TEST_07452,4.3923445,1.1851834,1.376923
TEST_07453,3.0913792,-0.41707316,0.15853924
TEST_07454,2.1814141,0.774015,0.18678749
TEST_07455,3.0241916,0.9315714,-0.032766484
TEST_07456,2.821814,1.0243465,1.5940613
TEST_07457,1.4580548,-0.4595917,-0.052583132
TEST_07458,2.9826093,-0.25242504,-0.9497117
TEST_07459,2.9096813,0.40571165,0.049726166
TEST_07460,1.5910652,-0.3124077,0.2813487
TEST_07461,2.767756,-0.4715085,-0.8808856
TEST_07462,1.8598957,-0.49477547,-0.32046556
TEST_07463,2.3734062,-0.5846123,-0.084918305
TEST_07464,2.0071855,0.11185437,-0.0014641817
TEST_07465,1.3115336,0.31609136,-0.37209082
TEST_07466,1.960048,-0.094335504,0.37779748
TEST_07467,3.4112265,0.50293124,0.5153811
TEST_07468,2.1171021,0.099470295,0.5471451
TEST_07469,4.3900466,-0.15021987,0.99354607
TEST_07470,1.5027604,-0.039669245,0.42168093
TEST_07471,1.6546408,-0.70963097,0.013998905
TEST_07472,2.7428946,-1.0197439,-0.18068834
TEST_07473,4.2237124,0.26432386,-0.39039367
TEST_07474,2.4805918,0.28167197,0.08815763
TEST_07475,1.5034025,0.43737313,-0.024537459
TEST_07476,2.5136812,0.7529622,0.6930376
TEST_07477,3.0419815,0.33133906,-0.09427753
TEST_07478,2.2377875,-1.1812155,-0.21173273
TEST_07479,5.605409,-0.28154087,-0.29272383
TEST_07480,4.2720594,1.9196774,-0.89367956
TEST_07481,4.2553644,-1.2065876,0.4097497
TEST_07482,1.0167503,0.026635967,0.52088106
TEST_07483,3.8717747,-0.37140426,1.1360493
TEST_07484,3.0221488,0.047085617,1.3804479
TEST_07485,1.4219639,0.14415744,-0.4062121
TEST_07486,3.4165056,-0.46128598,0.65971655
TEST_07487,4.39587,0.8443829,0.538123
TEST_07488,4.258085,-2.1202238,-0.1692214
TEST_07489,3.6387582,0.4963416,0.8948665
TEST_07490,1.3337975,-0.5482355,-0.27426556
TEST_07491,2.7512078,-0.62065375,-0.99584174
TEST_07492,4.6189685,0.1816522,-0.5633373
TEST_07493,2.1244469,0.12508178,-0.15718403
TEST_07494,1.6127927,0.518753,0.38888577
TEST_07495,2.0096178,-1.1359494,-0.13113314
TEST_07496,2.1548533,-0.41934702,1.0170836
TEST_07497,3.9700592,-0.4869376,-0.3834929
TEST_07498,3.8894646,-1.3539248,0.020858455
TEST_07499,2.268692,-0.022483494,-0.1376928
TEST_07500,1.3893026,-0.4358217,0.05716294
TEST_07501,3.5995207,-0.58617866,-0.81339073
TEST_07502,1.2034445,-0.3960598,-0.35854536
TEST_07503,1.569197,0.35618615,-0.5037797
TEST_07504,4.3459,-0.071503505,1.2267709
TEST_07505,5.121631,-0.47348782,-0.18533982
TEST_07506,2.0924673,-0.3677615,-0.96480364
TEST_07507,3.7461526,0.01366072,-0.22038546
TEST_07508,2.2367063,-0.30703908,0.32244927
TEST_07509,4.0248036,-1.5831677,1.0833175
TEST_07510,2.4649374,-0.47061226,-0.76521355
TEST_07511,2.7600977,-0.56457895,-0.42262602
TEST_07512,3.8017282,0.80939895,2.0970252
TEST_07513,2.4127862,-0.8843607,0.19702151
TEST_07514,2.4626536,0.25407302,0.047752935
TEST_07515,1.8201257,-0.070488304,0.3183691
TEST_07516,3.566608,-0.037578583,-0.39460003
TEST_07517,3.0124557,-0.03808631,0.7833348
TEST_07518,2.695159,1.3756385,-0.014088745
TEST_07519,5.655043,0.5353407,0.063001655
TEST_07520,4.1548667,0.17307173,0.24689916
TEST_07521,3.1737416,2.0229175,0.636377
TEST_07522,3.6607585,-0.029625567,0.18954681
TEST_07523,2.168273,-1.1415731,0.36111397
TEST_07524,1.9511203,-0.46674025,-0.567279
TEST_07525,2.0302672,-0.02681552,-0.6492876
TEST_07526,2.6461868,-0.7216085,-0.45584032
TEST_07527,4.080259,0.5001831,0.16918892
TEST_07528,4.937578,0.9934998,-0.8779384
TEST_07529,3.1240573,0.20649622,-0.15840726
TEST_07530,2.6201367,0.40374783,0.22345948
TEST_07531,3.5092063,-0.6707519,-0.77508926
TEST_07532,3.5734034,-0.060596816,1.5922345
TEST_07533,1.0937973,-0.15848026,0.10001807
TEST_07534,2.9986217,0.57983786,0.01992713
TEST_07535,1.7302679,-0.9162642,0.04346583
TEST_07536,2.3944628,-1.0076602,0.9340543
TEST_07537,2.2364032,0.6572152,0.05502937
TEST_07538,3.9850154,1.2859235,1.4466093
TEST_07539,2.4514647,0.23339976,-0.78120965
TEST_07540,2.7034996,-0.54736906,0.2475384
TEST_07541,2.7271245,-0.077179134,0.29270807
TEST_07542,1.4959428,-0.20227693,0.28932515
TEST_07543,1.6028484,-0.84525985,0.0012661986
TEST_07544,3.2003956,-0.14373337,0.09534801
TEST_07545,3.3024285,-0.12887791,1.0349017
TEST_07546,2.6002796,0.16929634,0.012419374
TEST_07547,2.932631,0.48962903,-0.49608332
TEST_07548,3.240041,0.08169998,-0.13240065
TEST_07549,4.154891,-1.3280588,0.2836452
TEST_07550,2.5050788,-1.3661875,-0.49355647
TEST_07551,1.255128,-0.12649761,0.010837376
TEST_07552,3.3837762,1.6305482,-0.4580344
TEST_07553,3.61903,-1.9064497,-1.0593055
TEST_07554,1.8663809,-0.4770633,0.10694491
TEST_07555,1.8306931,-0.868085,-0.6674583
TEST_07556,1.9851462,-0.35614267,0.21546885
TEST_07557,2.645238,-0.9096904,0.046631
TEST_07558,2.1876402,-0.0017538704,-0.20693253
TEST_07559,4.893817,-0.3914582,-0.10733397
TEST_07560,4.3775783,-0.93845993,0.7788072
TEST_07561,4.6914535,1.4874773,1.0346842
TEST_07562,2.2942715,-1.7170373,-0.74797654
TEST_07563,3.8861248,0.9032911,-1.3509896
TEST_07564,2.459132,0.05959371,0.9368699
TEST_07565,1.241012,0.19225943,0.013734996
TEST_07566,4.8391075,0.58635515,1.209559
TEST_07567,3.1509545,-0.23995626,-0.62689704
TEST_07568,1.4399239,-0.8009383,0.34227902
TEST_07569,3.896318,0.06797331,-0.68759215
TEST_07570,2.4366536,-0.7293736,-1.0234079
TEST_07571,3.2752938,-0.29074433,0.4049331
TEST_07572,3.5116847,-0.8716163,-0.65382785
TEST_07573,2.269117,0.08501752,-0.16329125
TEST_07574,2.1694064,1.0739427,-0.32125995
TEST_07575,3.9167645,0.7644015,-0.22978255
TEST_07576,1.6181121,0.6804245,0.41019142
TEST_07577,3.7370281,-0.7737783,0.58370805
TEST_07578,1.408303,1.4032857,0.5330244
TEST_07579,3.8097224,-0.09160404,-0.75275207
TEST_07580,3.2774832,-0.435542,0.85164636
TEST_07581,0.9338602,-0.29727906,-0.061759733
TEST_07582,1.3426095,0.5959781,-0.16870601
TEST_07583,4.3905406,0.6248771,0.90708935
TEST_07584,0.92532074,0.36842942,0.01589601
TEST_07585,2.9236903,1.2261744,0.89358425
TEST_07586,2.3157763,0.18691507,-0.45925745
TEST_07587,1.4640173,0.062247798,0.07447162
TEST_07588,3.0085132,0.18580982,-0.40803277
TEST_07589,3.722021,-0.8615552,1.0260713
TEST_07590,3.0065463,0.908673,0.4902559
TEST_07591,1.530393,-0.97365785,-0.17548694
TEST_07592,2.9941154,1.4446175,1.3691652
TEST_07593,3.3474977,-0.5440253,0.87234974
TEST_07594,2.2387915,0.3511882,-0.024031635
TEST_07595,2.3196638,0.5507027,0.64705515
TEST_07596,3.6154358,-1.3548383,-0.47388124
TEST_07597,2.9892652,-0.22857748,0.57342523
TEST_07598,2.9009805,-1.165968,-0.48224872
TEST_07599,4.8174896,0.68771243,0.2173289
TEST_07600,1.9680392,0.24851409,0.08392468
TEST_07601,2.8185844,-0.5562572,0.87852806
TEST_07602,3.3241818,-0.14883934,0.4377621
TEST_07603,2.8083475,-0.60181755,-1.325452
TEST_07604,1.4125273,0.1613697,-0.17957395
TEST_07605,2.3943772,0.49071226,-0.7243203
TEST_07606,2.1351626,0.1321391,-0.3196753
TEST_07607,4.7014775,0.8644342,1.1980456
TEST_07608,1.3878506,0.71644294,0.33805802
TEST_07609,2.1502552,0.7105039,0.13428761
TEST_07610,3.2041066,-0.47598514,0.61239505
TEST_07611,1.3432125,0.10307732,0.21632503
TEST_07612,3.2087777,0.9587107,-1.1995356
TEST_07613,1.3968722,-0.39667928,-0.047136046
TEST_07614,3.6391451,0.8943684,0.31402785
TEST_07615,1.4974505,0.14949018,-0.01656798
TEST_07616,1.7162898,-0.54480267,-0.65215594
TEST_07617,3.0384529,-0.58738035,0.7986338
TEST_07618,1.8639121,-0.9449844,-0.5412322
TEST_07619,3.3971817,-0.058592778,-0.04563897
TEST_07620,1.5610237,-0.10970481,0.38336796
TEST_07621,2.4212763,0.0559779,0.16032755
TEST_07622,2.0759678,-0.774107,0.742049
TEST_07623,2.3710659,0.26449126,-0.5645579
TEST_07624,3.218543,-0.06370945,0.041141227
TEST_07625,1.5739136,0.8517175,-0.24730626
TEST_07626,3.5778615,-0.6546403,-1.1467371
TEST_07627,2.1359842,-0.4240851,0.2911982
TEST_07628,2.6039438,-0.3915045,0.05337553
TEST_07629,4.51476,-1.8717924,1.7558062
TEST_07630,4.3701153,0.44512433,1.6549733
TEST_07631,1.6232911,-0.1258777,-0.019639634
TEST_07632,1.9649558,-0.91242504,-0.1282287
TEST_07633,3.4256508,1.4804046,0.0832594
TEST_07634,3.1290781,0.5146215,-0.13885932
TEST_07635,1.303689,-0.012161855,0.41999447
TEST_07636,4.7033105,-1.7182758,-0.40043342
TEST_07637,1.6379845,0.46155944,0.11341177
TEST_07638,1.5408401,-0.4080065,0.5647679
TEST_07639,5.1273446,-1.0028518,-0.2902498
TEST_07640,1.335832,0.6577573,-0.1893504
TEST_07641,4.9436502,2.0565674,0.73822904
TEST_07642,2.5258439,0.29560578,-0.4445525
TEST_07643,4.0835776,-0.99647045,-1.2931166
TEST_07644,2.0528288,0.17950174,0.067595944
TEST_07645,0.8281293,-0.25311777,-0.12735371
TEST_07646,4.68312,1.1424245,-0.5674664
TEST_07647,4.6917086,1.3351866,0.7561275
TEST_07648,1.9173094,-0.84643644,0.12027468
TEST_07649,4.530821,-0.4566655,-0.5845749
TEST_07650,0.8095673,-0.15192118,-0.04558319
TEST_07651,1.7527816,0.37658677,-0.2849175
TEST_07652,3.3903594,1.138778,0.62386
TEST_07653,1.7052139,-0.392554,-0.0417138
TEST_07654,2.9632792,0.18074182,-0.65350145
TEST_07655,3.2716966,-0.1698064,-0.44475257
TEST_07656,1.4121703,0.222293,0.41457227
TEST_07657,2.4675996,0.72908664,0.3211463
TEST_07658,3.7123015,-0.45519966,-0.29459274
TEST_07659,3.2075388,-1.4841902,-1.2642536
TEST_07660,1.5889444,-0.4491222,0.25711483
TEST_07661,2.9574094,0.29235625,0.90614235
TEST_07662,1.9384397,-0.3696036,0.6474863
TEST_07663,1.2755162,-0.206142,0.013567823
TEST_07664,2.726793,0.2711285,0.63513005
TEST_07665,5.4409237,-0.4148281,-0.6017463
TEST_07666,2.736047,-0.10338134,-0.835214
TEST_07667,2.2553504,-0.21870314,0.79698426
TEST_07668,1.6130548,-0.5309632,0.2554085
TEST_07669,2.2813807,-0.37109947,1.3496933
TEST_07670,4.519742,0.6707453,0.7943308
TEST_07671,3.0423198,0.4221297,-0.14285198
TEST_07672,1.8795345,-0.94287366,0.15044506
TEST_07673,3.972319,0.2319558,0.88339907
TEST_07674,2.776945,0.32958946,0.005011268
TEST_07675,2.3660634,-1.0801674,1.1022826
TEST_07676,3.9121115,1.1256839,0.6103485
TEST_07677,2.4463403,-0.3198206,0.2971413
TEST_07678,1.7487475,-0.9218142,-0.9229117
TEST_07679,3.2474294,-1.0774244,-1.0542976
TEST_07680,1.9354899,1.7145642,-0.8028204
TEST_07681,2.785473,1.3647625,-0.23208737
TEST_07682,3.0988736,0.8898781,1.2813421
TEST_07683,2.2702706,1.3126845,0.38934124
TEST_07684,2.7896643,0.1563295,0.00017107278
TEST_07685,2.7652535,-0.6154265,-0.7810444
TEST_07686,1.4478389,-0.32928902,0.16241801
TEST_07687,4.8009686,-0.6839102,0.8599596
TEST_07688,5.717102,0.57444024,-0.5503452
TEST_07689,1.694799,0.3703521,0.0033504367
TEST_07690,1.875682,0.17206451,-0.09651521
TEST_07691,1.5278085,-0.3780843,0.285741
TEST_07692,2.5645487,0.6733016,0.39226645
TEST_07693,2.0228026,0.16898422,0.20531726
TEST_07694,2.7828047,0.7373561,0.8217958
TEST_07695,3.4190693,0.49640778,-0.19489124
TEST_07696,1.6101928,-0.06835643,-0.6080166
TEST_07697,3.6074426,-1.1346453,1.9193641
TEST_07698,5.6883907,1.2175118,-0.05800539
TEST_07699,4.434792,-1.7256751,0.12840757
TEST_07700,0.96151435,0.34822604,0.11686427
TEST_07701,3.4796655,-0.09852336,0.36330846
TEST_07702,2.1390374,-0.44451505,0.9329891
TEST_07703,3.4888873,-0.17619835,0.25240883
TEST_07704,3.5578432,-0.17189214,0.4227702
TEST_07705,1.188543,-0.11195637,-0.15969959
TEST_07706,3.0563166,-0.34783915,-0.8913581
TEST_07707,2.1174974,-0.03315376,-0.5289359
TEST_07708,3.2215238,-0.44148904,-0.14018887
TEST_07709,1.3021308,-0.35123196,-0.4386976
TEST_07710,1.270746,-0.3015557,-0.1154761
TEST_07711,2.0824742,-0.6360925,-0.3699794
TEST_07712,2.6710117,1.5158594,0.6794923
TEST_07713,3.2284431,0.13126509,0.29017898
TEST_07714,3.2624083,-0.21226633,-0.35199392
TEST_07715,1.108547,-0.24670754,-0.11274241
TEST_07716,3.6448991,0.16352068,-0.58087415
TEST_07717,3.5831058,0.89276606,0.6439508
TEST_07718,1.4074663,0.9326813,0.59954345
TEST_07719,5.22199,0.5816743,0.85309637
TEST_07720,3.4013855,-0.31672597,0.742852
TEST_07721,1.816244,0.4103657,-0.36099052
TEST_07722,3.6998723,-0.08889751,0.9669389
TEST_07723,3.2893174,-0.2082245,0.0039203754
TEST_07724,2.243996,-0.43966854,0.6880155
TEST_07725,0.9908472,0.27055815,-0.047333296
TEST_07726,2.5968728,-0.055845544,-0.27534354
TEST_07727,1.3533876,0.8296958,0.40486893
TEST_07728,1.0984088,-0.49924472,-0.20183308
TEST_07729,2.4364064,-0.26703477,0.3115683
TEST_07730,2.6075876,0.66852546,0.7458013
TEST_07731,2.8827887,0.3853353,0.74668944
TEST_07732,0.87842584,0.019781213,0.0032198606
TEST_07733,1.9646696,-0.21058227,0.11708145
TEST_07734,1.4444269,0.64445096,0.6348029
TEST_07735,2.7913418,0.66886085,-0.5720686
TEST_07736,3.176808,-1.1229382,0.9123048
TEST_07737,1.5552789,0.7636307,0.7437734
TEST_07738,2.4623554,-1.2263137,-0.7850745
TEST_07739,2.9557838,-0.12568086,-0.732179
TEST_07740,3.0552168,0.28102744,0.1511523
TEST_07741,1.9753772,-0.32327205,-0.040719353
TEST_07742,1.4213463,-0.65024525,-0.56385165
TEST_07743,3.823191,0.59705657,1.0313228
TEST_07744,4.0531917,-0.6594105,0.56637955
TEST_07745,2.0689867,1.4185749,1.1297795
TEST_07746,3.2626176,-0.5122606,-0.6298107
TEST_07747,3.4705346,0.25229615,-0.8106743
TEST_07748,1.7534827,-0.3868849,0.058299422
TEST_07749,2.9505565,1.108323,-0.8430771
TEST_07750,1.1377078,-0.2081016,0.22507434
TEST_07751,2.7817395,-0.5350306,-0.7240476
TEST_07752,3.2893074,0.459696,-0.41063654
TEST_07753,3.4207168,0.9224175,-0.9586521
TEST_07754,1.4463323,-0.12790231,0.08851948
TEST_07755,0.9612513,0.123826265,0.2647423
TEST_07756,4.377439,-0.2969279,1.1010371
TEST_07757,2.5070844,0.8831344,-0.310243
TEST_07758,2.0220995,-0.25013977,0.5001398
TEST_07759,4.282349,1.8466535,1.2543395
TEST_07760,4.624409,-0.9281675,0.41896483
TEST_07761,2.762638,2.1722064,-0.11358657
TEST_07762,3.537511,-0.05198416,-0.1547341
TEST_07763,3.5663216,1.2942637,-1.0457875
TEST_07764,1.5515172,-0.07371472,0.03570662
TEST_07765,1.3781664,0.65333587,-0.16248475
TEST_07766,4.333543,0.9270107,0.30218872
TEST_07767,2.3371177,1.5089128,-0.7525439
TEST_07768,4.846251,-1.6962402,-0.57525337
TEST_07769,2.9906561,0.34104383,0.31814384
TEST_07770,2.4548192,0.10212916,-0.1451471
TEST_07771,2.9480727,0.26898107,-0.43521917
TEST_07772,1.5578202,-1.0179111,0.57743156
TEST_07773,2.8274777,0.56769127,0.061324775
TEST_07774,1.0781668,0.3568267,0.2633292
TEST_07775,3.060242,0.70686287,0.0060051717
TEST_07776,3.0194602,0.68413615,1.3598497
TEST_07777,1.687891,0.8574485,-0.30971268
TEST_07778,3.4609988,-0.79947466,0.70899963
TEST_07779,3.515158,-0.7526688,0.70670485
TEST_07780,3.1632419,-0.6787465,-0.6346344
TEST_07781,3.6863286,-0.12175173,-0.33420688
TEST_07782,1.4747968,0.17793536,-0.06710395
TEST_07783,3.16479,-0.12768763,0.1238566
TEST_07784,4.1328664,-0.20964302,-0.5753742
TEST_07785,5.480617,-1.6621569,1.4759165
TEST_07786,1.6864614,-0.37812153,0.12824744
TEST_07787,1.5332545,0.004527893,-0.2054035
TEST_07788,1.5402218,-0.6176328,-0.12973893
TEST_07789,1.9458286,0.24051201,-0.40827277
TEST_07790,2.796344,1.5734662,0.033201713
TEST_07791,2.0009313,0.53857,0.18341406
TEST_07792,3.0706663,-0.747827,0.65282506
TEST_07793,2.501979,0.025916003,-0.27869412
TEST_07794,1.9534827,-0.161693,0.049911756
TEST_07795,0.99983174,0.46984604,-0.38392085
TEST_07796,1.5438907,-0.19176877,0.41840115
TEST_07797,3.176547,0.44010562,0.68574286
TEST_07798,3.042036,0.40970907,-0.17931665
TEST_07799,3.3683808,1.1239252,-1.4274561
TEST_07800,4.9183426,-0.50235677,-1.2598239
TEST_07801,1.3409338,-0.0502315,-0.06321969
TEST_07802,0.93056333,0.31460387,0.10962516
TEST_07803,2.294242,-0.24295643,-0.7616622
TEST_07804,2.9315917,0.1865126,-0.6045545
TEST_07805,2.330005,-0.0034864023,0.007586329
TEST_07806,1.16694,-0.2232436,0.24801332
TEST_07807,4.2340307,0.47865134,-0.8652527
TEST_07808,0.790177,0.2157325,-0.0008446807
TEST_07809,1.6325839,0.33765072,0.10514429
TEST_07810,3.0301895,0.04219435,0.14236085
TEST_07811,1.7898391,-0.14075911,-0.23567691
TEST_07812,4.5722322,0.9973624,-0.3490222
TEST_07813,2.2406929,0.066924885,-0.054599613
TEST_07814,2.6552057,0.6510994,-0.08432925
TEST_07815,1.2683662,0.5029421,-0.09401486
TEST_07816,1.5965153,0.9348204,0.08130943
TEST_07817,3.2479634,-0.66526556,0.63527894
TEST_07818,4.0910826,-1.1915395,-0.013189864
TEST_07819,1.4432968,0.5304556,-0.19667272
TEST_07820,1.6257968,-0.11788022,-0.30228117
TEST_07821,1.4240879,-0.111042015,-0.3600296
TEST_07822,1.5910116,-0.25597826,0.010643899
TEST_07823,2.3526983,-0.1724064,0.601989
TEST_07824,1.9963473,0.3874609,-0.4726259
TEST_07825,2.6758354,-0.7351777,0.010141807
TEST_07826,3.122191,0.44302255,-0.2712581
TEST_07827,3.007179,0.5024211,0.10890483
TEST_07828,2.7728019,0.046851374,-0.0054995585
TEST_07829,1.4811407,-0.12373076,-0.21238235
TEST_07830,2.4787729,0.08134624,0.88829976
TEST_07831,1.5186591,1.2142084,-0.031466283
TEST_07832,1.0622361,-0.24439721,-0.0057857856
TEST_07833,3.8579159,-1.0189285,0.44804162
TEST_07834,3.6444483,0.6314341,1.2932522
TEST_07835,1.9433213,-0.05686403,0.32377285
TEST_07836,3.132901,-1.4215622,1.1313481
TEST_07837,2.1912036,0.20497984,0.59792835
TEST_07838,3.0391672,0.7163985,0.7724945
TEST_07839,3.605497,-0.2185709,0.6088753
TEST_07840,3.578219,-0.27110994,1.4285904
TEST_07841,4.7618375,2.1253607,1.1952614
TEST_07842,1.4261763,-1.4723177,-0.5846933
TEST_07843,1.3822155,-0.17179076,-0.727722
TEST_07844,1.551221,-0.71496636,0.25464004
TEST_07845,1.6974254,-0.43570226,-0.3493009
TEST_07846,4.831056,0.60792977,0.7814723
TEST_07847,3.6080935,0.28265247,0.049504064
TEST_07848,5.49703,-2.2363074,0.10404546
TEST_07849,1.9241891,0.63881874,0.1898158
TEST_07850,1.6849002,0.37006235,-0.30449072
TEST_07851,1.3757472,0.29746643,0.18609297
TEST_07852,2.0549452,0.7582041,-0.021166947
TEST_07853,1.3644234,0.1036651,-0.15425713
TEST_07854,2.4753826,-1.2755105,0.5792285
TEST_07855,3.3033977,-0.7027628,0.88989925
TEST_07856,2.7952034,0.017250095,0.49906474
TEST_07857,2.3229082,-0.007360181,0.1509567
TEST_07858,3.8124719,-1.5836604,0.73496747
TEST_07859,2.7791805,1.1637067,-0.15401103
TEST_07860,0.90258324,-0.13418347,0.43226945
TEST_07861,1.1962124,0.54458386,0.29123944
TEST_07862,2.0366824,0.70180166,0.5736526
TEST_07863,1.3627772,-0.32698807,-0.07013008
TEST_07864,3.2173705,-0.25469145,-0.17230998
TEST_07865,1.0991397,0.56980276,0.5666613
TEST_07866,1.4134228,0.019048804,-0.00801457
TEST_07867,1.1079564,0.11013585,0.09059038
TEST_07868,3.2256851,-0.8308935,-0.49012995
TEST_07869,0.98529005,0.6197329,-0.118847966
TEST_07870,3.1087017,-1.0211372,0.91194284
TEST_07871,1.8906097,-1.1922824,0.08265377
TEST_07872,1.7410511,-0.347406,0.51999426
TEST_07873,3.7543626,-0.66444296,-0.16586441
TEST_07874,3.0955923,0.3426531,-0.35212585
TEST_07875,1.1007942,-0.1840629,0.057310034
TEST_07876,3.0589817,-1.4068142,1.1755794
TEST_07877,2.1905766,-0.5035356,0.28864208
TEST_07878,1.2368349,0.01546959,0.35472953
TEST_07879,4.490359,-0.84555674,1.7381879
TEST_07880,4.3668256,1.4995058,-1.0143735
TEST_07881,2.7247443,-2.3746698,0.58109105
TEST_07882,3.1748443,-0.35844252,-0.00788944
TEST_07883,2.6384375,0.7526394,-0.44551462
TEST_07884,2.5230324,0.5108253,0.28791794
TEST_07885,1.981108,-0.33893937,-0.5262099
TEST_07886,3.748032,-0.43202326,-0.6670139
TEST_07887,3.0876846,0.23516943,-0.3130925
TEST_07888,1.9994228,0.20609392,0.80000085
TEST_07889,2.9149911,-0.22370757,-0.28888088
TEST_07890,2.5922418,-0.2775693,0.47125712
TEST_07891,3.7663872,-0.47613847,-0.4122805
TEST_07892,3.081072,0.42909262,1.2103165
TEST_07893,2.9703028,0.08075685,0.026709985
TEST_07894,2.7529333,1.4211538,0.26897773
TEST_07895,1.8985559,0.6880544,0.023834813
TEST_07896,1.970652,0.10418348,0.3967577
TEST_07897,3.8611562,0.3831737,1.4955564
TEST_07898,2.881841,-0.9289856,-1.0021031
TEST_07899,1.8889216,-0.5421114,0.65356535
TEST_07900,2.6126847,-0.21758132,0.5292772
TEST_07901,1.5427306,-0.2793802,-0.20386218
TEST_07902,1.5470339,0.007496193,0.28726515
TEST_07903,3.2813034,0.5202207,0.47451514
TEST_07904,3.491268,-0.2365203,0.9281553
TEST_07905,4.210125,-0.957342,1.3518606
TEST_07906,3.084733,-0.12545197,0.4818026
TEST_07907,2.9975903,0.8714593,-0.6968383
TEST_07908,2.613495,-0.06714683,-0.11836884
TEST_07909,3.595897,1.2252584,1.369096
TEST_07910,4.277795,-0.09946754,1.9363127
TEST_07911,2.990226,0.24773067,-0.036915757
TEST_07912,1.1468695,0.4731985,-0.36249608
TEST_07913,1.6063998,-0.54718137,0.5698632
TEST_07914,3.0073745,0.3796404,-0.59202135
TEST_07915,1.110898,0.050150737,-0.30653447
TEST_07916,1.6610329,0.75761217,0.1933153
TEST_07917,3.0218058,-1.6548095,0.82747144
TEST_07918,2.475964,1.1020083,-0.80285335
TEST_07919,3.599683,-0.24837877,-1.4237295
TEST_07920,2.487347,0.89107054,0.13531883
TEST_07921,3.6508853,0.5575505,0.0018953942
TEST_07922,4.080162,-0.10974634,-0.49241385
TEST_07923,4.2729425,-2.083782,0.5934239
TEST_07924,2.8450158,0.4525685,0.4741419
TEST_07925,1.186744,-0.31219056,0.15536425
TEST_07926,4.664749,-0.73864686,0.40487432
TEST_07927,2.1043317,-0.8432962,-0.08335428
TEST_07928,3.351954,-2.1441998,-0.6019807
TEST_07929,3.9702723,0.25616542,-0.30200619
TEST_07930,2.4865544,0.2692333,-0.32878515
TEST_07931,2.7068398,0.21654728,0.1599378
TEST_07932,3.480085,-0.7646882,-0.70491195
TEST_07933,0.8671215,-0.20524813,0.0075903907
TEST_07934,1.56536,-0.29148638,0.25695556
TEST_07935,2.655778,-0.15338272,0.085021175
TEST_07936,1.7090819,-0.8081602,0.103037424
TEST_07937,2.4217825,1.0587788,1.2618396
TEST_07938,3.1892896,1.5119716,-0.13460074
TEST_07939,2.5675871,0.4671702,0.6185308
TEST_07940,2.0905352,-0.7468849,-0.40507132
TEST_07941,2.074996,0.32591787,0.1378196
TEST_07942,1.4026968,-0.28660986,-0.44988567
TEST_07943,4.024397,0.4704069,-0.22460297
TEST_07944,1.9445274,0.4360987,0.8807035
TEST_07945,5.726939,-0.2971006,1.4255252
TEST_07946,2.0347252,0.16515204,0.3269564
TEST_07947,3.724578,-0.8375405,0.60191363
TEST_07948,2.9522433,-1.0563613,-0.04600453
TEST_07949,3.7797172,0.67806756,0.18202989
TEST_07950,4.963228,-1.5796905,-0.9324648
TEST_07951,1.2172937,-0.6371404,-0.09642967
TEST_07952,2.047418,0.87885636,0.2502885
TEST_07953,2.84781,1.5587041,-0.66353905
TEST_07954,3.1480277,0.17859794,0.049244504
TEST_07955,1.4068966,0.21722506,0.24484086
TEST_07956,3.1836996,-2.0221305,0.33506575
TEST_07957,1.7125409,0.012372509,0.15946963
TEST_07958,3.4925902,0.09737183,0.022950023
TEST_07959,6.0830603,-0.6156499,1.5807847
TEST_07960,4.368187,0.72228676,0.95802116
TEST_07961,3.0995505,1.7419318,1.1364027
TEST_07962,2.7413268,0.84577096,-0.5574841
TEST_07963,1.4160124,-0.14330138,-0.5629593
TEST_07964,2.3978515,0.48577586,0.618407
TEST_07965,0.75900275,-0.060269598,-0.28595844
TEST_07966,3.660268,1.0668455,-0.91915774
TEST_07967,0.88765025,-0.45876047,0.342334
TEST_07968,3.9672737,-0.6783898,0.22535764
TEST_07969,2.2228005,0.18837091,0.12147355
TEST_07970,2.2010772,0.0034160446,-0.37514192
TEST_07971,4.532081,0.25510934,-0.48902464
TEST_07972,3.179204,-1.6166587,-0.57999915
TEST_07973,2.9561515,-0.51712316,0.22093259
TEST_07974,2.3919072,0.3900829,-0.6577549
TEST_07975,3.0791998,1.068338,0.8079966
TEST_07976,2.648186,-1.1831719,-0.016893804
TEST_07977,4.089105,0.4235579,-0.34840697
TEST_07978,4.6299944,-0.7311273,-0.6238082
TEST_07979,3.0318751,0.034325026,0.47015864
TEST_07980,2.294337,0.7420726,0.4097374
TEST_07981,1.4695461,-0.008705242,-0.5859335
TEST_07982,1.9479392,0.5438046,0.6723488
TEST_07983,1.2714763,-0.20284937,-0.40109876
TEST_07984,1.877505,-0.17898034,-0.3112813
TEST_07985,4.839541,-0.957961,1.7688131
TEST_07986,1.7887661,0.24383898,-0.6971975
TEST_07987,4.434461,0.9607457,-0.020215783
TEST_07988,2.2741003,0.5649961,-0.33617684
TEST_07989,1.2614261,-0.14541587,0.3003598
TEST_07990,3.5093317,1.724077,0.52490914
TEST_07991,1.0968266,0.12720299,0.024832956
TEST_07992,3.3905694,1.464788,1.3913641
TEST_07993,3.2788386,1.8891028,0.2522097
TEST_07994,3.4467807,-0.125931,0.51123583
TEST_07995,1.5976067,0.37719738,-0.48031268
TEST_07996,4.364408,-0.1601092,0.07650517
TEST_07997,2.4247277,0.25710186,0.5511076
TEST_07998,1.4589022,0.7526845,0.4304152
TEST_07999,5.087995,1.5828947,2.0773382
TEST_08000,4.2104583,1.8304595,-1.4085151
TEST_08001,2.11119,-1.6034597,0.53789586
TEST_08002,3.9615188,0.989014,0.6325962
TEST_08003,3.44456,-0.68430907,0.09579267
TEST_08004,1.6391654,0.24147841,0.0846088
TEST_08005,1.8350682,-0.66714144,-0.57131255
TEST_08006,4.899305,0.1948483,-0.10138989
TEST_08007,2.7978117,1.4864787,0.2230245
TEST_08008,4.2918735,0.35474235,0.65235
TEST_08009,3.478156,0.57236487,0.46415037
TEST_08010,2.1060548,-0.25425768,-0.048235968
TEST_08011,3.3473625,0.094507195,0.19971515
TEST_08012,2.5140653,1.5296545,-0.77204025
TEST_08013,2.4560184,0.535578,-0.34776902
TEST_08014,2.5900004,0.28464717,1.3904042
TEST_08015,2.6748216,-0.7365221,0.26307565
TEST_08016,1.7273111,1.2535888,-0.05612464
TEST_08017,3.183913,-0.05836352,0.63773775
TEST_08018,3.4323053,-0.8336814,0.3422081
TEST_08019,4.6424704,0.5443046,0.065569595
TEST_08020,1.924629,0.042202048,0.3577743
TEST_08021,2.5255377,0.34971067,-0.37086356
TEST_08022,1.6877317,0.13873304,0.054619595
TEST_08023,2.4690342,0.1232098,-0.5525506
TEST_08024,3.035808,0.36584184,0.7354377
TEST_08025,3.6703064,-0.078343846,0.10250806
TEST_08026,2.2089558,-0.17372616,-0.4821579
TEST_08027,3.2640605,-0.51862365,-0.5683899
TEST_08028,2.8018994,0.514655,0.25215077
TEST_08029,2.8436167,-1.2677608,0.7099173
TEST_08030,1.9580501,0.04673741,0.7903757
TEST_08031,2.9968429,0.9976,-0.61578536
TEST_08032,1.8650801,-0.6729285,-0.4016657
TEST_08033,3.0004997,-1.08283,0.6523599
TEST_08034,2.0469165,0.37819505,0.29060182
TEST_08035,1.9412916,-0.20356445,-0.2328791
TEST_08036,1.4406984,0.4578046,0.50949895
TEST_08037,2.0813093,-0.25439975,0.5571106
TEST_08038,1.9752772,-1.0914916,0.5872856
TEST_08039,4.5671167,0.31705707,1.7325277
TEST_08040,2.593884,-0.112248845,0.26968628
TEST_08041,1.9191915,-0.74932307,0.1735129
TEST_08042,1.6790413,-0.14636609,0.0037501175
TEST_08043,1.767529,0.9037269,-0.8573397
TEST_08044,2.9733257,-0.49297988,0.9536699
TEST_08045,1.0217242,-0.030360932,0.123795606
TEST_08046,1.9914542,-0.016377833,0.07787065
TEST_08047,1.6234947,-0.26764247,-0.10766308
TEST_08048,4.6902504,-1.006839,1.2328568
TEST_08049,1.7939231,-0.10307082,-0.26046914
TEST_08050,2.135158,0.23532589,0.0049569476
TEST_08051,1.4218359,0.66706663,-0.1320115
TEST_08052,3.510718,-0.16659184,-0.37865168
TEST_08053,2.0906403,0.6188026,-0.32252637
TEST_08054,1.2592834,-0.35779664,0.0971144
TEST_08055,1.1935632,-0.03578697,0.025003692
TEST_08056,3.1356766,0.39113054,0.3200543
TEST_08057,1.0856222,0.27754644,0.5025992
TEST_08058,1.8718152,-0.6639312,0.69600356
TEST_08059,1.823425,0.28683192,-0.23934385
TEST_08060,1.4742683,-0.1769875,-0.42334774
TEST_08061,3.1178942,0.29995972,0.010404806
TEST_08062,1.8036965,-0.02680641,-0.013315726
TEST_08063,3.7440212,0.217214,0.2777207
TEST_08064,3.223141,-0.09451961,0.13333203
TEST_08065,4.341705,-0.06328141,-0.4792364
TEST_08066,2.3156004,-0.2852141,-0.80081624
TEST_08067,2.717376,0.11854181,-1.0197055
TEST_08068,2.4974904,-0.7905007,-0.123672046
TEST_08069,3.895417,-1.1306137,-0.58763486
TEST_08070,3.774841,-0.9560522,0.9370425
TEST_08071,1.5360664,0.0684306,-0.1137196
TEST_08072,2.6919067,0.54538506,0.15362065
TEST_08073,4.124118,0.19564739,-0.97182065
TEST_08074,2.5668151,-0.4009051,0.38908964
TEST_08075,1.1035799,0.1269911,0.14376439
TEST_08076,4.6721187,-0.90884435,-0.26672053
TEST_08077,1.506668,-0.84973353,-0.5393147
TEST_08078,2.702471,-1.3364409,-0.10473477
TEST_08079,5.7415147,0.7888666,0.11986091
TEST_08080,2.1993623,-1.6153891,-0.3323455
TEST_08081,4.816572,2.2452326,0.92890835
TEST_08082,4.5511007,-1.4964033,-0.67261505
TEST_08083,3.1935568,-0.75224644,-0.896527
TEST_08084,3.4034224,1.2067777,1.7101012
TEST_08085,2.2034452,0.81850314,0.039877716
TEST_08086,4.6291656,0.096577235,0.7280634
TEST_08087,1.1793076,-0.19900663,0.33719698
TEST_08088,3.4727905,-0.91232485,0.22460711
TEST_08089,1.8064933,0.103266865,0.19371328
TEST_08090,1.5249463,-0.40568927,-0.16568701
TEST_08091,2.9526649,0.25504643,-0.09092467
TEST_08092,3.518781,-1.2344524,1.4937675
TEST_08093,2.042111,0.4304483,-0.08799646
TEST_08094,3.4500594,-0.07929364,-0.3039377
TEST_08095,1.5081065,0.45461217,-0.04646264
TEST_08096,3.5224164,-0.41175216,0.6706861
TEST_08097,3.1959376,-0.17967556,1.9075543
TEST_08098,4.575245,0.8595091,-0.6886907
TEST_08099,1.3714446,-0.26542726,-0.12671919
TEST_08100,2.480526,0.48185492,0.2106865
TEST_08101,1.7807542,-0.16049284,0.3688113
TEST_08102,1.5250163,-0.018368382,-0.015393779
TEST_08103,4.4642587,0.24423493,0.63186085
TEST_08104,4.237504,-0.38356262,-0.2362582
TEST_08105,2.1416502,-1.5355058,-0.6093245
TEST_08106,3.1024737,0.38159516,-1.1578842
TEST_08107,2.8803446,-0.14659967,0.18999474
TEST_08108,3.3687024,1.3807766,-0.23928037
TEST_08109,1.0653052,0.17579558,0.03565332
TEST_08110,4.838096,-1.38683,0.0035898618
TEST_08111,1.85166,-0.98053706,-0.19826338
TEST_08112,3.1140058,-0.25018838,0.32176375
TEST_08113,2.1290984,-0.2665291,-0.6220404
TEST_08114,2.0186343,-0.10930194,-0.048087407
TEST_08115,1.0588691,0.5686461,0.5153493
TEST_08116,2.3077629,0.9640141,-0.8346314
TEST_08117,1.6651247,0.600693,0.3229038
TEST_08118,3.802503,-0.9841747,-0.89710677
TEST_08119,3.7628949,-1.7729483,-0.9102714
TEST_08120,3.6222048,1.8035719,1.2083937
TEST_08121,3.129649,-1.4886045,-0.82670355
TEST_08122,4.1324086,-0.5846486,-0.32178357
TEST_08123,2.2592747,1.3272605,-0.48097998
TEST_08124,3.024694,-0.13136946,0.32785705
TEST_08125,2.350261,0.5167181,-0.40760496
TEST_08126,1.031075,-0.0003984389,0.31322524
TEST_08127,2.2819126,-0.013601087,0.6906218
TEST_08128,5.121407,1.3085799,0.4705166
TEST_08129,2.912146,-0.34236836,0.41070724
TEST_08130,1.5633953,-0.7320259,0.26891863
TEST_08131,1.2922102,0.24492314,0.36436108
TEST_08132,4.605985,-0.9032341,0.66309583
TEST_08133,2.4733174,-0.046481594,0.23139365
TEST_08134,3.4014044,1.0354011,0.1508588
TEST_08135,2.2144403,0.1268462,0.16989163
TEST_08136,3.101302,-0.49073935,1.3473945
TEST_08137,3.590021,-1.276481,0.1815586
TEST_08138,1.6837655,1.8094591,0.7973576
TEST_08139,4.1731586,0.4252234,-0.1390049
TEST_08140,2.161365,-0.19563957,-0.00015780202
TEST_08141,2.1969225,-0.4274669,-0.2975366
TEST_08142,2.1609213,0.581613,-0.5961541
TEST_08143,3.8910444,0.27790916,-0.18343139
TEST_08144,3.1184666,-0.34730345,-0.38397318
TEST_08145,2.3276935,0.05017889,0.020898094
TEST_08146,1.6476598,0.60750234,0.11854963
TEST_08147,3.2216315,0.1542965,-0.4326705
TEST_08148,2.4525752,0.6007893,0.32956398
TEST_08149,1.4620148,0.79310226,-0.6096618
TEST_08150,4.7876863,-0.022912031,0.7892379
TEST_08151,2.8677797,-0.5312309,0.64186823
TEST_08152,3.3184845,1.1950897,-0.45755872
TEST_08153,3.577551,-0.5742793,0.058078714
TEST_08154,2.6882129,0.017115839,0.64952403
TEST_08155,1.895751,0.7276121,0.81369674
TEST_08156,3.019623,-1.1734248,1.2430725
TEST_08157,1.5788763,-0.4466815,0.24929722
TEST_08158,1.3205032,0.7826757,0.19407612
TEST_08159,4.906699,0.33200377,-0.971508
TEST_08160,3.423354,-0.46135902,0.031040624
TEST_08161,4.1020494,1.0078909,-0.0075117634
TEST_08162,3.0078135,-0.5427112,1.3958681
TEST_08163,1.6174753,0.0070348084,-0.15199873
TEST_08164,2.0619857,-0.42799065,0.025068864
TEST_08165,2.5666146,1.000523,0.827572
TEST_08166,2.525133,1.009191,-0.5650527
TEST_08167,2.5440094,0.72749597,0.06938455
TEST_08168,5.722137,-0.39230552,1.0982248
TEST_08169,2.8077807,0.3966009,0.05037156
TEST_08170,2.1360836,-0.13513379,-0.04508827
TEST_08171,1.2512501,-0.17333382,0.14212655
TEST_08172,3.7571058,-0.041974615,1.1323581
TEST_08173,2.4035215,0.22614269,0.2912049
TEST_08174,2.4997747,0.26756534,0.34264547
TEST_08175,2.7658222,-0.9278116,-0.6064667
TEST_08176,1.1823813,0.50273573,-0.28984538
TEST_08177,3.9738955,0.36675373,-0.45806956
TEST_08178,1.8469315,0.7349966,0.7372342
TEST_08179,3.3451483,0.028897017,0.2557828
TEST_08180,2.4337275,0.74351746,-0.41519693
TEST_08181,1.3538554,-0.0031831227,-0.20606653
TEST_08182,2.086607,0.5057753,-0.051305193
TEST_08183,4.399694,0.0019114614,0.35292104
TEST_08184,3.781435,-0.3951801,-0.7464959
TEST_08185,1.2071586,-0.5983236,0.41731727
TEST_08186,2.199469,-0.2542165,-0.42242086
TEST_08187,3.8249068,-0.16890945,0.40949562
TEST_08188,2.8664749,-0.64859647,0.7049296
TEST_08189,3.7165194,-0.13242441,0.06235338
TEST_08190,1.7826674,1.0708381,-0.52008605
TEST_08191,1.7820208,-0.39732257,0.15247336
TEST_08192,1.651294,0.7323915,0.45530093
TEST_08193,2.745163,-0.1952637,0.68364805
TEST_08194,2.902037,0.6040674,-0.7259901
TEST_08195,1.2008638,-0.0428848,-0.0103452355
TEST_08196,2.9992325,0.7195054,0.63387954
TEST_08197,3.5710826,-1.9249324,-0.4574363
TEST_08198,2.5981996,1.293706,-0.7657389
TEST_08199,4.3429713,-1.363588,0.83043224
TEST_08200,3.716709,-0.13008535,0.044783764
TEST_08201,2.6537938,1.7296665,-0.3962313
TEST_08202,2.0222075,0.008067842,0.8986931
TEST_08203,3.9517877,0.69120806,-0.5980252
TEST_08204,3.1873717,1.4159757,0.6770973
TEST_08205,1.1115417,0.05815804,0.2315909
TEST_08206,2.5980492,-0.60838795,0.42364243
TEST_08207,2.561451,0.958387,0.01933119
TEST_08208,1.9351168,1.2707703,0.97800034
TEST_08209,3.4117777,0.4451616,0.6376409
TEST_08210,1.9095278,0.39894485,0.1514907
TEST_08211,1.6397935,0.21595736,0.30929202
TEST_08212,4.5778995,0.30437514,-0.92942184
TEST_08213,1.0454755,-0.19362953,0.1470129
TEST_08214,2.9883435,1.2081357,-0.26281178
TEST_08215,1.9755588,0.59305865,0.16989258
TEST_08216,0.8995157,-0.5585205,-0.21306454
TEST_08217,2.1187768,0.2394276,0.70115227
TEST_08218,4.5245686,-0.3969664,0.4721712
TEST_08219,3.0258942,0.4801154,0.99768686
TEST_08220,2.5895777,-0.047717642,-0.006100554
TEST_08221,3.2524695,-0.09597952,-0.06508803
TEST_08222,2.2520416,0.35005605,0.08736782
TEST_08223,4.3949747,-0.64833915,0.63829625
TEST_08224,3.114181,0.31364226,0.4284472
TEST_08225,4.7137876,-1.357404,0.9111026
TEST_08226,1.4870178,0.06472777,-0.46924308
TEST_08227,2.0777092,-0.3817522,0.007837389
TEST_08228,3.0193572,0.10942232,0.1776641
TEST_08229,3.9128616,0.18398406,0.7372295
TEST_08230,1.1355618,0.6224053,-0.05006139
TEST_08231,2.3573554,0.07358232,-0.111286655
TEST_08232,2.987964,-0.46767944,0.8415787
TEST_08233,3.8156512,-0.9538067,1.7746187
TEST_08234,1.3643615,-0.11621059,-0.24818383
TEST_08235,2.0763633,-0.28407562,0.5491645
TEST_08236,3.8065836,0.6474043,0.8302256
TEST_08237,2.6601562,-0.6313817,0.668599
TEST_08238,1.4015934,0.6469495,0.6311475
TEST_08239,3.3677402,-0.4696844,-1.1102374
TEST_08240,4.0174026,2.3475127,-1.2757367
TEST_08241,5.3739686,2.1824994,0.7343607
TEST_08242,2.8218074,1.1454072,-0.6512451
TEST_08243,1.7100749,-0.8394037,0.3456547
TEST_08244,1.9268006,-0.6646668,0.40364817
TEST_08245,1.6401379,0.20118433,0.3935711
TEST_08246,3.0220635,0.7018985,0.12867142
TEST_08247,1.5182712,-0.5280616,-0.36133692
TEST_08248,4.81783,1.8459775,-0.4721483
TEST_08249,4.116336,0.41984254,-0.9166894
TEST_08250,0.95912033,0.19014244,0.024567511
TEST_08251,3.3570466,0.33745724,-0.38723353
TEST_08252,3.472804,1.3627628,1.5508404
TEST_08253,2.6740677,-0.18349485,0.009453658
TEST_08254,1.561063,-0.704919,0.7484529
TEST_08255,2.7263713,0.09208896,0.21383578
TEST_08256,1.2134045,-0.31335685,0.02899599
TEST_08257,3.1428525,1.7369812,-0.4263913
TEST_08258,1.4445027,0.68847,0.19739462
TEST_08259,2.5376132,-0.9924754,0.557457
TEST_08260,1.2022876,0.016303739,0.3041368
TEST_08261,1.7836039,-0.15621051,-0.08361951
TEST_08262,2.2609696,-0.29350102,-0.134902
TEST_08263,1.0032061,0.33963588,0.34494904
TEST_08264,2.650626,0.097921066,0.008891509
TEST_08265,5.517877,1.4235299,0.4613319
TEST_08266,1.5831451,-0.11897626,0.34033883
TEST_08267,3.246667,-0.4484185,0.14741756
TEST_08268,2.316348,1.112972,0.28790367
TEST_08269,3.5687392,-0.3312252,0.07744236
TEST_08270,3.8600612,-0.22762576,1.7527515
TEST_08271,2.6693811,-0.9583673,-0.017945912
TEST_08272,1.6037474,-0.4144182,-0.4877235
TEST_08273,2.859539,-0.71171355,0.59008926
TEST_08274,2.230295,-0.50019574,0.6327526
TEST_08275,0.73532254,0.37833205,-0.13445066
TEST_08276,1.1824408,-0.46016225,-0.26722777
TEST_08277,1.287918,0.37527105,0.1319068
TEST_08278,2.7589295,1.5550423,0.38974988
TEST_08279,5.113162,-1.2854698,0.8573725
TEST_08280,3.2208161,1.3126749,0.08827583
TEST_08281,2.7203076,0.28099725,0.013432564
TEST_08282,2.1552622,0.43136966,1.4836986
TEST_08283,3.5652924,-0.1927937,0.9966481
TEST_08284,1.9196235,0.11815907,-0.1674031
TEST_08285,1.6701303,0.29639828,-0.18991126
TEST_08286,4.9795713,-0.54814005,-0.12867759
TEST_08287,4.79796,0.9300859,0.64472276
TEST_08288,4.744771,1.4876668,-0.7756648
TEST_08289,3.4427965,0.22631024,0.1810445
TEST_08290,1.6635375,-0.5545597,-0.10152992
TEST_08291,0.97698057,0.19311182,-0.18312459
TEST_08292,2.352247,1.2615174,-0.06699374
TEST_08293,1.3871222,0.4101773,0.023716038
TEST_08294,3.4547887,-1.2018703,1.9792022
TEST_08295,1.5681417,0.5399127,0.40950516
TEST_08296,2.9226208,0.779928,1.5725396
TEST_08297,1.8571213,0.6969783,-0.6072341
TEST_08298,3.8863087,0.9617357,0.27372602
TEST_08299,4.0481863,1.2264476,0.9287433
TEST_08300,2.655544,-0.16310054,-0.46211404
TEST_08301,2.6351411,-0.41456094,-0.11827474
TEST_08302,1.4003063,0.24539058,0.28471765
TEST_08303,1.4184605,-0.7600367,-0.018947024
TEST_08304,3.9367044,0.20372699,0.46503773
TEST_08305,1.5063739,-0.43933564,0.11630344
TEST_08306,2.8709693,0.096810944,0.3644402
TEST_08307,1.2708069,-0.19577686,-0.0014628605
TEST_08308,3.4014013,0.47593826,-0.7065138
TEST_08309,4.742791,-1.0715808,0.78387
TEST_08310,1.6589955,1.0757265,-0.76300395
TEST_08311,1.9247689,-0.6858364,-0.10289149
TEST_08312,3.5001228,0.71304333,1.2936673
TEST_08313,2.9264038,-0.670608,-0.49352875
TEST_08314,2.220961,0.3966939,-0.04560822
TEST_08315,2.1559465,-1.0407286,0.90972346
TEST_08316,3.3065841,-0.26025403,-0.31172958
TEST_08317,3.286553,1.7963778,-0.129675
TEST_08318,3.2701352,-1.4520426,-0.6252266
TEST_08319,5.538903,-0.8149319,0.9554558
TEST_08320,1.6733041,-0.41641426,0.17150967
TEST_08321,5.0043135,0.5288965,0.93166023
TEST_08322,1.0722054,0.35793185,0.65347713
TEST_08323,3.0992866,0.42760426,0.5718908
TEST_08324,2.6815128,-0.033637185,-0.9224803
TEST_08325,1.8742452,0.26616514,0.14001308
TEST_08326,4.0359693,0.16664891,0.16028082
TEST_08327,3.4600036,-0.4434368,0.9232783
TEST_08328,3.6851783,-1.9344332,-0.1381216
TEST_08329,3.4357717,0.42469758,0.8021793
TEST_08330,2.681855,0.52941686,-0.6462061
TEST_08331,3.380675,0.38775414,-1.0589787
TEST_08332,2.4055953,1.2447904,0.36603206
TEST_08333,2.1649497,0.35109103,-0.07769582
TEST_08334,2.0445335,-0.24733181,-0.13492805
TEST_08335,2.9146082,-0.0017096363,-0.16512643
TEST_08336,3.0740905,0.8781637,-0.013914831
TEST_08337,3.6505888,-0.6437921,0.93762
TEST_08338,4.3913627,0.9432241,-0.7818816
TEST_08339,1.9437913,0.61209863,0.29420808
TEST_08340,1.9913259,-0.86762905,-0.5432357
TEST_08341,2.3490858,-0.49908924,0.2519212
TEST_08342,2.2457328,0.6223797,0.03769191
TEST_08343,0.94959843,-0.18571219,0.2491827
TEST_08344,1.2045408,-0.28700292,-0.04078675
TEST_08345,1.911913,0.08621587,-0.37926078
TEST_08346,3.30575,0.26382077,0.46004134
TEST_08347,4.1965017,-0.43846154,1.0268081
TEST_08348,2.1114619,0.5305531,0.103115015
TEST_08349,4.663618,1.0077586,-0.84791327
TEST_08350,5.129999,-0.7472966,-0.4154025
TEST_08351,2.9470866,0.26561144,-0.115515426
TEST_08352,3.185743,0.5147455,1.2848692
TEST_08353,2.565429,-1.1738507,0.24164385
TEST_08354,2.6047566,0.49808723,0.08854755
TEST_08355,2.1522486,-0.20319974,-0.7373263
TEST_08356,1.7557005,-0.27392274,0.46594283
TEST_08357,2.1829352,-0.16593315,0.63204247
TEST_08358,1.7280809,0.35555428,-0.1926064
TEST_08359,5.523536,-1.0829213,-0.3202386
TEST_08360,2.785181,-1.1880674,0.62734747
TEST_08361,1.0675001,0.20287976,-0.31291798
TEST_08362,3.5951006,-0.7281213,0.54151547
TEST_08363,3.3246007,0.8741827,-0.08353213
TEST_08364,2.0052757,0.52380234,-0.42325136
TEST_08365,1.6306542,-0.11505643,-0.32069948
TEST_08366,4.1630797,-0.14685854,-0.7850602
TEST_08367,3.7523196,-1.3958888,1.0623031
TEST_08368,1.6081414,0.29271165,0.22571011
TEST_08369,3.5465746,-0.03625249,-0.005339425
TEST_08370,2.0065925,-0.46443832,-0.4151799
TEST_08371,2.6674943,-0.13135523,0.9081394
TEST_08372,1.504623,0.77316666,-0.63501936
TEST_08373,1.9562984,0.49907953,0.2592342
TEST_08374,2.1840892,0.33494884,-0.07413244
TEST_08375,2.3474479,0.08791138,0.42549202
TEST_08376,2.662396,-0.4640756,0.9687641
TEST_08377,2.297533,-1.1063857,-0.06374168
TEST_08378,3.9885988,-0.26388663,0.2276512
TEST_08379,2.7235606,0.6108907,0.63493425
TEST_08380,2.5124204,0.8798691,0.50250155
TEST_08381,3.757108,-0.25823075,1.2414417
TEST_08382,1.4963129,0.511079,0.21736571
TEST_08383,1.6621569,-0.37619507,0.02922277
TEST_08384,1.1078869,0.45778412,-0.0740348
TEST_08385,3.4001663,-1.8833337,-0.24419817
TEST_08386,2.682419,-0.57734144,-1.0263214
TEST_08387,2.3081238,-0.6652401,-0.1430573
TEST_08388,2.3115783,-0.036347084,-0.00011517154
TEST_08389,3.3411076,-1.2143693,-0.1424525
TEST_08390,4.6518044,-1.4104882,0.6018325
TEST_08391,1.1550009,-0.13822176,-0.07263562
TEST_08392,3.5392284,1.1802763,-0.763085
TEST_08393,2.5325634,-0.016431715,-0.4044543
TEST_08394,2.3169503,-0.3925705,0.05248263
TEST_08395,1.5056988,-0.32313105,-0.07823915
TEST_08396,3.0798202,0.17766482,0.8096623
TEST_08397,2.2700179,-0.050300505,0.12681212
TEST_08398,1.6659247,-0.08394461,0.39260304
TEST_08399,5.0860047,-1.0632565,0.006994498
TEST_08400,3.9271462,-0.30455917,-1.1344388
TEST_08401,2.202784,1.3912294,-0.10980573
TEST_08402,3.736055,-0.98275256,1.0892619
TEST_08403,3.902639,-0.53450644,0.17781271
TEST_08404,2.8637831,-0.41956228,0.04036268
TEST_08405,1.1926438,0.23905912,-0.09804769
TEST_08406,4.703076,-0.8857866,0.1363242
TEST_08407,2.0180693,1.1040505,0.4556494
TEST_08408,3.394339,1.4715127,-0.6621962
TEST_08409,2.866226,0.1958779,0.9344948
TEST_08410,3.179534,0.48698917,-0.68386745
TEST_08411,0.9553923,0.07852592,-0.18266825
TEST_08412,4.3383565,0.29296193,-0.19189997
TEST_08413,1.4427347,0.44816822,-0.17509401
TEST_08414,2.9393988,0.23847958,0.8139797
TEST_08415,2.3108556,0.57938206,-0.27513543
TEST_08416,1.9527968,-1.270073,0.13637328
TEST_08417,3.2768636,0.13859068,-0.14270812
TEST_08418,2.128382,1.0569221,-0.51045114
TEST_08419,2.79335,-0.62394446,-0.58084315
TEST_08420,2.2996378,-0.22387582,0.8928394
TEST_08421,3.1257606,-0.08141269,0.40762135
TEST_08422,2.2279017,0.5867218,0.3969748
TEST_08423,1.374078,0.10853776,-0.09079205
TEST_08424,3.1280735,0.44695362,0.4208373
TEST_08425,4.2188005,0.7026851,-0.6675333
TEST_08426,1.9074137,0.23207568,-0.088517584
TEST_08427,3.5449774,-0.35493708,0.35137212
TEST_08428,2.67265,-0.67627275,-0.37775278
TEST_08429,3.9050367,-1.6105307,0.06809872
TEST_08430,3.2694788,1.0037749,-0.3242922
TEST_08431,2.4681103,-0.97962683,-0.017776564
TEST_08432,1.4062752,0.31337044,-0.41592997
TEST_08433,2.2365324,-0.2543816,-0.4537769
TEST_08434,2.6496367,0.29242626,0.11067237
TEST_08435,2.2360058,-0.56154144,-0.99841976
TEST_08436,4.459875,0.7150542,0.2659319
TEST_08437,3.3156388,0.82992643,1.0380448
TEST_08438,1.503445,0.31198868,-0.22929226
TEST_08439,4.235066,0.36959627,0.6361331
TEST_08440,3.88556,-0.39474398,-0.23663762
TEST_08441,4.129567,0.4399732,0.5779043
TEST_08442,4.2433515,-0.92821634,0.657609
TEST_08443,3.5543487,0.24705362,-1.0650244
TEST_08444,3.2218044,1.2456472,-0.086880796
TEST_08445,1.4895217,0.23003054,-0.17346106
TEST_08446,3.4205449,0.1853814,-0.15727603
TEST_08447,3.6137183,-1.0785486,-0.015882932
TEST_08448,4.0543633,1.8213925,0.051860202
TEST_08449,2.9198241,0.058488287,-0.41748992
TEST_08450,1.3194407,0.43648657,0.12519135
TEST_08451,2.8682313,-0.123237796,0.3394291
TEST_08452,2.29573,1.3203727,0.6097889
TEST_08453,3.1645668,0.2905351,-0.117867395
TEST_08454,1.4215686,-0.045973472,0.037349027
TEST_08455,1.304133,0.66543365,-0.22272027
TEST_08456,3.241486,-1.2635573,-0.03676434
TEST_08457,2.622041,-0.1873565,1.3578026
TEST_08458,5.1025376,-0.12485725,1.0620989
TEST_08459,1.7487733,0.18429421,-0.38956892
TEST_08460,2.3509562,0.047653407,-0.44498637
TEST_08461,3.179597,-0.15404293,0.37820187
TEST_08462,1.7152202,-0.65311754,0.60259956
TEST_08463,1.6825918,0.5450015,-0.11564697
TEST_08464,1.1522412,0.01267899,-0.23798807
TEST_08465,2.559097,-0.06528727,1.0910213
TEST_08466,2.6520262,-0.019095883,-0.039687525
TEST_08467,4.2767186,-0.45780855,-0.75491256
TEST_08468,2.662317,-0.1442254,-0.08420855
TEST_08469,3.193693,-0.8344347,1.198701
TEST_08470,3.5357738,0.68523747,0.7683709
TEST_08471,1.8400317,-0.6709451,0.41036674
TEST_08472,3.2110898,0.8410268,0.47736213
TEST_08473,3.256856,0.590345,1.1910315
TEST_08474,1.702418,-0.07700496,0.18347609
TEST_08475,1.7890855,-0.3284452,0.1610638
TEST_08476,1.84593,-1.0171803,0.01825255
TEST_08477,3.6943178,-1.8139123,-0.040389612
TEST_08478,3.6245909,-1.3909953,0.9832439
TEST_08479,4.936553,-1.0159045,-0.5274056
TEST_08480,1.5448549,0.9417979,0.18487711
TEST_08481,2.1530418,1.1624553,-0.25960165
TEST_08482,4.2626452,-0.17632712,1.5164489
TEST_08483,3.673647,0.07259456,0.40752956
TEST_08484,1.7106235,0.32734376,0.2940869
TEST_08485,1.6748402,-0.31250483,0.419125
TEST_08486,4.2038155,-0.6013963,-0.8508746
TEST_08487,3.370864,1.6921804,1.1545695
TEST_08488,4.477618,2.282983,-0.3289607
TEST_08489,4.2109284,-0.032057602,-0.4754069
TEST_08490,2.8023582,0.28582287,0.20373835
TEST_08491,1.5836749,0.016691105,0.41209793
TEST_08492,3.64555,0.84283125,0.32543975
TEST_08493,2.335432,-0.18252496,0.036448568
TEST_08494,1.8295122,1.0945649,-0.56426835
TEST_08495,2.6502066,-0.17447306,0.17848353
TEST_08496,3.6715617,0.6185096,0.43545422
TEST_08497,2.8573656,-0.14669366,0.029278893
TEST_08498,1.0987676,0.037631348,0.33143947
TEST_08499,2.281711,0.5664579,-0.07985822
TEST_08500,2.9887304,0.38387668,-0.15546647
TEST_08501,1.9974612,-0.024425086,-0.5610583
TEST_08502,1.1135222,-0.36109868,-0.30689785
TEST_08503,4.045852,0.22794512,0.82256234
TEST_08504,2.6376634,-0.12589477,0.11734839
TEST_08505,5.447552,1.7197576,2.0175633
TEST_08506,2.2088284,0.45609376,0.85558075
TEST_08507,3.1591725,-0.1982147,-0.86152035
TEST_08508,2.240134,-0.6333877,0.19713236
TEST_08509,1.1341556,0.17871222,-0.3177582
TEST_08510,2.1034403,0.14295521,0.6714275
TEST_08511,1.3323876,-0.6490256,0.003080544
TEST_08512,3.149672,0.27515766,0.6322377
TEST_08513,1.9699874,-0.59119326,-0.21322747
TEST_08514,2.2756603,-0.23306309,-0.012875536
TEST_08515,1.5440568,0.63345623,0.15296757
TEST_08516,4.2378817,1.9726388,0.7563426
TEST_08517,3.4985745,-0.6033828,0.09766759
TEST_08518,3.7597926,1.4781686,0.43475044
TEST_08519,4.188595,1.0862893,-1.1714475
TEST_08520,3.3219092,-0.252971,-0.30845752
TEST_08521,3.3245237,0.21327068,-0.49064353
TEST_08522,3.8640633,0.6701352,1.1069192
TEST_08523,4.056236,-1.7694527,-0.57407945
TEST_08524,2.5097613,-0.4098713,-0.6786603
TEST_08525,1.4410218,-0.056333378,0.12645172
TEST_08526,3.2180693,0.14492716,-0.7369663
TEST_08527,3.9416673,-1.1357985,-0.99464154
TEST_08528,2.9551902,2.2076478,0.43617126
TEST_08529,3.4877617,0.3268676,-0.5943559
TEST_08530,2.846941,-0.18058248,-0.13856901
TEST_08531,2.2855904,-0.37966543,0.13747391
TEST_08532,4.697231,0.34992155,-0.1790157
TEST_08533,2.4478333,0.08088881,0.17288032
TEST_08534,1.5292282,0.05023346,0.03360365
TEST_08535,1.245978,-0.53685355,0.3111231
TEST_08536,2.0556605,-0.18972522,0.41922125
TEST_08537,2.5791974,0.6017309,0.089575075
TEST_08538,3.8960214,0.7274447,-0.9927693
TEST_08539,2.7833626,-1.7086605,0.5816341
TEST_08540,1.423449,-0.20919946,-0.4548838
TEST_08541,2.156377,0.04035622,0.1121826
TEST_08542,1.4541405,0.481704,0.14401701
TEST_08543,1.0484151,0.3928389,-0.25905767
TEST_08544,3.3575742,-0.06848461,-0.053475395
TEST_08545,3.008718,0.34613562,0.3576809
TEST_08546,2.908378,0.20349206,0.38340116
TEST_08547,2.6000848,0.32320917,0.080026686
TEST_08548,1.9672834,0.043835547,-0.3420966
TEST_08549,2.7588751,1.5571303,0.81849635
TEST_08550,5.251429,-0.21235168,0.20559824
TEST_08551,1.8434927,0.61180085,-0.13162512
TEST_08552,2.6950362,1.854118,-0.37504485
TEST_08553,3.5178661,1.0874989,-0.23322122
TEST_08554,2.7677107,0.098902166,0.6707098
TEST_08555,1.7400366,-0.055223722,-0.42728943
TEST_08556,2.5943463,0.7015641,0.25305378
TEST_08557,2.1335554,0.717993,-0.31401303
TEST_08558,3.0227785,1.6211787,-0.41551894
TEST_08559,5.011465,1.6355575,-0.2228964
TEST_08560,2.9019742,-0.27314156,0.88425356
TEST_08561,2.1460109,1.3534813,-0.12453002
TEST_08562,1.2615448,-1.0092489,0.24236701
TEST_08563,1.0299598,-0.09170525,0.08811718
TEST_08564,2.2215505,-0.013971511,0.4177662
TEST_08565,1.7214258,-0.085000016,-0.15386614
TEST_08566,4.1455164,-0.46058235,0.25357515
TEST_08567,4.612932,-1.0656456,0.5538034
TEST_08568,2.1260474,1.2972289,0.57649744
TEST_08569,1.0706371,-0.30781025,0.1277127
TEST_08570,1.9760618,-0.26184398,-0.04345475
TEST_08571,1.5623182,-0.040799238,-0.07266493
TEST_08572,4.0976624,0.0894799,1.0284243
TEST_08573,2.4309785,0.27713257,0.5504477
TEST_08574,3.4477866,1.3060073,1.4417795
TEST_08575,2.2490506,1.0577424,0.20816465
TEST_08576,2.4082384,-0.784795,-0.023961186
TEST_08577,3.2622907,0.92233574,0.5295422
TEST_08578,3.6289406,0.37926194,1.0592324
TEST_08579,3.731344,-0.3642487,0.72982705
TEST_08580,2.3144472,0.92513585,-0.3770064
TEST_08581,3.272583,-0.15155417,-0.27461952
TEST_08582,1.8321913,0.10036317,0.2684384
TEST_08583,4.2381716,-0.6673958,1.098292
TEST_08584,3.7468638,-0.5374662,0.31221327
TEST_08585,2.7004516,1.1422464,0.21033768
TEST_08586,1.0730811,0.21573025,-0.38709307
TEST_08587,4.5037746,0.40930668,-0.26596668
TEST_08588,3.6127768,0.8637003,-0.30723536
TEST_08589,3.6839585,-1.5391154,-1.3033377
TEST_08590,2.4305692,-0.6661821,-0.77791095
TEST_08591,2.5813622,-0.7138983,0.6130129
TEST_08592,1.591523,1.0767645,-0.7291281
TEST_08593,2.7857387,0.9693495,0.9991594
TEST_08594,2.2710602,0.07889466,0.03980601
TEST_08595,1.8713557,-0.7315508,0.43641055
TEST_08596,3.3680706,-0.21012896,0.82560945
TEST_08597,2.4361622,0.030565247,-0.06902919
TEST_08598,1.7288005,0.87422884,-0.5884955
TEST_08599,1.3762326,-0.6059131,0.21665178
TEST_08600,3.1646688,-1.513852,1.1968367
TEST_08601,1.1220202,-0.12407366,0.23025584
TEST_08602,2.9517572,1.5389459,1.408155
TEST_08603,1.9816158,-0.12539373,-0.40367547
TEST_08604,2.219979,-0.25176507,-0.040087435
TEST_08605,1.9753413,-0.95140463,-0.7585573
TEST_08606,1.8380716,0.16266057,-0.5515037
TEST_08607,1.304582,-0.31673265,-0.3522272
TEST_08608,4.3760467,1.9088358,-0.9813655
TEST_08609,4.011614,-0.45896345,0.45444387
TEST_08610,1.8534292,0.7814534,-0.3137084
TEST_08611,4.110294,-0.31861076,0.3209305
TEST_08612,3.350624,0.9236123,0.8443193
TEST_08613,2.7012894,-0.27995747,-0.002340082
TEST_08614,1.3404756,0.800867,-0.19797614
TEST_08615,2.0490477,-0.74180526,0.47066513
TEST_08616,2.9573889,0.63296574,0.6533119
TEST_08617,2.2621827,0.48260552,0.51313674
TEST_08618,2.8888404,1.3088574,0.111275464
TEST_08619,1.2237368,0.08769154,-0.15947711
TEST_08620,1.88812,0.20701931,-0.23135857
TEST_08621,2.8721921,-0.19418223,0.32473412
TEST_08622,1.7650733,0.0021979362,0.11151564
TEST_08623,2.7321882,0.80943894,-0.8586944
TEST_08624,2.9164069,-0.22526352,0.3269953
TEST_08625,4.1163526,1.2009473,-0.5745809
TEST_08626,2.1158516,0.28818566,0.045542005
TEST_08627,1.1592338,0.062987186,0.32606113
TEST_08628,2.9965165,-0.35664347,-0.100424826
TEST_08629,4.1884418,1.4755317,1.2858917
TEST_08630,1.1088513,-0.21194221,0.12699479
TEST_08631,2.8703759,0.84301114,0.2561117
TEST_08632,2.5745084,0.59425926,0.10292412
TEST_08633,3.2781265,-1.7283249,-0.48399553
TEST_08634,1.2515364,0.25478756,-0.03613726
TEST_08635,1.207466,0.40352264,-0.35813087
TEST_08636,3.9740791,-1.0508056,-0.017833792
TEST_08637,3.404593,-1.3390526,0.8150113
TEST_08638,2.4945512,0.8937497,1.2187226
TEST_08639,5.584274,-0.3120652,0.3157062
TEST_08640,2.5875783,0.46017638,-0.30455703
TEST_08641,3.424321,-1.0042053,-0.88580656
TEST_08642,4.4664364,0.5883813,0.39475524
TEST_08643,2.1361327,-0.91853833,-0.8804294
TEST_08644,2.078695,0.7122306,0.37124428
TEST_08645,1.7434555,-0.27113387,-0.4613754
TEST_08646,3.871628,1.129175,-0.71905893
TEST_08647,2.296164,1.3359163,0.063802555
TEST_08648,5.188358,0.8229307,0.32649034
TEST_08649,1.9490076,-0.049018893,0.26567605
TEST_08650,1.8954579,0.48469767,0.06357487
TEST_08651,3.350293,0.4347344,0.33381724
TEST_08652,3.851028,0.0785325,0.6339851
TEST_08653,3.1001027,0.6725051,-0.5403918
TEST_08654,2.9697058,-1.5950195,-1.1212555
TEST_08655,4.2837567,-0.55773896,-0.23151751
TEST_08656,1.7594138,-0.27280578,0.06858335
TEST_08657,3.6280777,2.0424283,0.042039283
TEST_08658,2.028352,0.36631018,-0.294203
TEST_08659,2.9361918,-1.2554996,0.4993257
TEST_08660,1.9894874,-1.0378267,1.0316408
TEST_08661,0.7633716,-0.22329682,-0.2511449
TEST_08662,1.6169834,0.31584674,0.3154537
TEST_08663,3.3889916,0.1432967,-0.91467816
TEST_08664,1.9446106,0.056052905,-0.39676046
TEST_08665,4.322175,0.51566577,-0.37047163
TEST_08666,1.3677237,0.14978085,-0.56920433
TEST_08667,2.5865457,-0.46357,0.2671742
TEST_08668,2.7635875,-0.63300693,0.32255435
TEST_08669,2.4661038,1.4358687,0.59531325
TEST_08670,1.0697402,-0.62995285,-0.16364834
TEST_08671,3.243262,0.11059487,-0.12279204
TEST_08672,2.6878784,-0.21422954,-0.19623615
TEST_08673,2.565186,-0.08631894,0.49839514
TEST_08674,3.4378567,-0.42699003,0.65168774
TEST_08675,1.346929,0.4839135,-0.18976864
TEST_08676,3.9227586,1.5794196,0.7021934
TEST_08677,2.1152596,0.92098683,0.21265028
TEST_08678,3.294612,-1.8275965,-0.91379493
TEST_08679,4.334341,-1.3233021,2.222187
TEST_08680,4.735885,2.1087859,-0.9135154
TEST_08681,2.3347151,0.78934324,-0.28778812
TEST_08682,1.3739216,-0.5673568,-0.3405223
TEST_08683,3.7645943,2.0659533,0.8883583
TEST_08684,2.677381,-0.37734565,-0.20632008
TEST_08685,1.4214509,-0.23990268,0.017881103
TEST_08686,3.2726243,-0.40505987,-0.08628828
TEST_08687,2.997305,0.38918036,-0.6439041
TEST_08688,0.7845116,0.41812113,0.21412134
TEST_08689,2.733599,0.31107888,-0.08748186
TEST_08690,3.1595526,0.077903084,1.2215558
TEST_08691,2.7786007,0.15471914,-0.15135287
TEST_08692,2.4107742,0.94117737,0.10482367
TEST_08693,1.3135847,0.2240908,-0.06788749
TEST_08694,3.1964672,0.063758284,1.4123913
TEST_08695,3.5797138,0.57655907,-1.004237
TEST_08696,3.0760775,-0.49213177,1.5492617
TEST_08697,3.8264847,-0.5980796,0.753255
TEST_08698,3.4092224,0.46713498,-0.9739538
TEST_08699,2.3974798,1.2478766,-0.37119898
TEST_08700,3.4081678,0.9809832,0.8631295
TEST_08701,3.6310904,0.34580737,-0.68726224
TEST_08702,1.8073375,0.13676813,-0.09762583
TEST_08703,2.495358,-0.1758945,0.12648922
TEST_08704,1.6173711,0.59671074,-0.2243252
TEST_08705,2.9148352,-1.4692615,-0.61454797
TEST_08706,3.3019207,-0.5056623,0.4821831
TEST_08707,2.146634,-0.15297823,0.45522004
TEST_08708,2.9859004,0.6647685,-0.6060526
TEST_08709,4.4108133,-0.9876899,0.9173752
TEST_08710,1.8380829,0.10589686,0.6056825
TEST_08711,2.4760237,-0.87903976,0.24813972
TEST_08712,1.8405441,-1.1314962,0.8301674
TEST_08713,2.452058,0.14001171,0.16938122
TEST_08714,3.403888,-0.49220604,-0.3325187
TEST_08715,1.3332978,-0.18098897,0.14106569
TEST_08716,2.9811182,-0.3914586,0.71729547
TEST_08717,3.0842886,-0.15590744,-0.45117766
TEST_08718,3.6400213,-0.10424429,1.1682637
TEST_08719,5.442696,0.8947779,2.0462964
TEST_08720,3.7853446,0.40140903,0.7643678
TEST_08721,3.9857543,0.09107103,0.63400376
TEST_08722,3.8209305,0.7642308,1.6046866
TEST_08723,1.8252301,0.47001308,0.65201354
TEST_08724,2.8274243,0.43234932,0.2427902
TEST_08725,1.0792726,-0.36284497,-0.02371647
TEST_08726,1.5012991,0.05026485,0.14764573
TEST_08727,2.972892,0.2424324,0.82083124
TEST_08728,1.0143642,-0.88296026,0.26129803
TEST_08729,1.7178237,0.43576777,0.040024586
TEST_08730,1.5695162,-0.050661556,0.31812012
TEST_08731,3.719279,0.38384068,0.24637744
TEST_08732,2.900817,0.6020188,1.3681777
TEST_08733,3.0328379,0.0024401457,0.3121784
TEST_08734,3.246857,-0.46993133,-0.43392718
TEST_08735,1.6076323,0.34000996,0.40902957
TEST_08736,1.5763985,-0.18671736,0.8263867
TEST_08737,2.8927205,-0.24849339,0.7318836
TEST_08738,3.2107987,1.4928745,1.7314153
TEST_08739,2.387407,0.33507046,-0.2294018
TEST_08740,1.5618289,0.23564245,-0.4551602
TEST_08741,3.5997312,-0.09658992,0.24732086
TEST_08742,1.4978291,0.4354928,-0.012859658
TEST_08743,1.6581497,0.7553692,0.3160343
TEST_08744,3.829044,0.190439,-0.4908375
TEST_08745,1.5152782,-0.60811746,-0.5607748
TEST_08746,2.6383035,-0.15754399,-0.88802433
TEST_08747,2.9250753,0.1606028,-0.2464104
TEST_08748,1.6449805,-0.16235098,0.18666393
TEST_08749,2.9662173,-0.5710052,-0.43054372
TEST_08750,3.8263404,1.5401568,1.5427243
TEST_08751,1.3246242,0.20753245,0.083132215
TEST_08752,2.1932442,-0.9346262,0.055694148
TEST_08753,2.094211,-0.58189124,0.039252285
TEST_08754,1.9034405,-0.40014684,0.29373023
TEST_08755,1.6315442,-0.59181464,-0.1588868
TEST_08756,3.3870962,-0.15420985,1.0492145
TEST_08757,3.516045,0.56685454,0.7648186
TEST_08758,0.9167627,0.06920822,0.013400786
TEST_08759,0.9794724,-0.11206246,-0.26509127
TEST_08760,1.8493019,0.1955957,0.3575622
TEST_08761,2.548651,1.5015732,0.07794584
TEST_08762,3.226449,0.6922518,0.478217
TEST_08763,3.1123664,1.1236277,0.011487524
TEST_08764,2.232935,-0.6828764,-0.35455483
TEST_08765,0.79847014,-0.15603481,-0.18100402
TEST_08766,2.5238185,0.10597606,-0.37950775
TEST_08767,2.2164738,1.0995592,-0.7444018
TEST_08768,3.9379334,-1.0205101,0.24950445
TEST_08769,1.8622234,0.6699003,0.08637993
TEST_08770,1.3429058,0.08405063,-0.09290303
TEST_08771,1.5346255,-0.17844896,-0.23084076
TEST_08772,4.543684,0.030734403,-1.0028601
TEST_08773,2.5318134,0.16364804,0.15729608
TEST_08774,2.3126082,-1.3800883,-0.6570261
TEST_08775,2.564808,0.017946614,0.66066486
TEST_08776,2.1264896,-0.16805533,0.40081245
TEST_08777,3.7868285,0.73993254,1.0547667
TEST_08778,4.763911,0.5678198,-0.9431275
TEST_08779,2.556878,-1.1697162,-0.45817277
TEST_08780,2.2633097,-0.25203815,0.6389403
TEST_08781,2.3368967,0.14675334,-0.56994116
TEST_08782,1.4485499,-0.23577356,-0.07991434
TEST_08783,4.4308534,0.12608838,-0.92531
TEST_08784,3.3754706,0.036449037,-0.59334016
TEST_08785,4.7449512,1.3068521,-0.028643854
TEST_08786,1.416252,-0.18307857,-0.5055361
TEST_08787,3.3901074,0.14770254,0.7738145
TEST_08788,2.372391,-0.034485668,-0.03345109
TEST_08789,3.0642736,-1.5292808,1.0428523
TEST_08790,1.4127816,-0.43803972,0.49902296
TEST_08791,2.8350794,-0.018993985,0.16757351
TEST_08792,2.1388767,0.71806914,-0.75810724
TEST_08793,1.8645447,0.1438675,-0.2934858
TEST_08794,1.3338367,0.14693993,0.03832727
TEST_08795,0.9644854,0.047973074,-0.008801514
TEST_08796,1.9433273,0.0773664,0.14624992
TEST_08797,2.7555969,1.5386062,0.29800147
TEST_08798,1.9849063,0.44751063,-0.15511417
TEST_08799,5.404822,-0.7945935,0.30489618
TEST_08800,2.391001,-1.1052223,0.31429714
TEST_08801,4.56032,-1.4723632,-0.70534444
TEST_08802,3.0187802,1.3419995,0.26069453
TEST_08803,2.7959723,-0.08292819,0.57537156
TEST_08804,2.261863,-0.9964431,0.7379352
TEST_08805,2.8559363,0.80333096,0.7323795
TEST_08806,3.7404306,1.3353674,-0.1479724
TEST_08807,1.994357,0.12917958,-0.09396569
TEST_08808,2.6378033,0.17113692,0.5529482
TEST_08809,1.9937629,0.042760756,-0.12369142
TEST_08810,2.1373937,0.192568,0.27191058
TEST_08811,2.4083774,-0.018806769,-0.66341305
TEST_08812,1.7673563,-1.0626155,-0.725807
TEST_08813,1.1307579,-0.09408264,-0.09062433
TEST_08814,1.2958729,0.5465333,-0.453696
TEST_08815,1.4244999,-0.45051715,0.15204653
TEST_08816,1.1550487,-0.20228308,-0.37091023
TEST_08817,2.4763026,0.23139636,0.5812477
TEST_08818,4.468334,0.4034595,-0.6083996
TEST_08819,1.8487597,-0.8179867,0.50644886
TEST_08820,2.3093243,0.055493925,-0.5247922
TEST_08821,3.3597052,0.24865776,0.026409667
TEST_08822,1.951982,-0.40519136,-0.29458368
TEST_08823,1.5715505,0.31999704,0.14253399
TEST_08824,2.6775696,-0.1873819,0.18155293
TEST_08825,1.6780242,-0.5260328,0.9461662
TEST_08826,3.406154,0.26116407,-0.803415
TEST_08827,1.4592086,0.34039256,0.13582762
TEST_08828,2.3630495,-0.28319526,0.14931226
TEST_08829,0.8909372,0.35662135,0.47290668
TEST_08830,2.6211035,0.7072503,-0.75824136
TEST_08831,1.7975154,-0.3444057,-0.058877558
TEST_08832,2.6410797,0.5121989,0.3400031
TEST_08833,3.555235,0.8817296,0.47863942
TEST_08834,1.7138981,0.306629,-0.12736349
TEST_08835,1.5836914,0.42281288,0.50971514
TEST_08836,3.3199644,-1.4540286,1.2056808
TEST_08837,2.9736922,-1.6246194,-0.3804812
TEST_08838,3.1570525,-0.11014258,1.0565894
TEST_08839,5.3943043,-0.4872336,1.3411137
TEST_08840,3.735164,1.4471931,0.58230036
TEST_08841,1.0126251,0.20499387,0.19728667
TEST_08842,3.8629742,1.4399837,0.7128679
TEST_08843,2.6626582,-1.6846708,-0.7325077
TEST_08844,2.819435,0.019903159,0.19867155
TEST_08845,2.6106858,0.6014474,-0.16072275
TEST_08846,3.2938502,-0.33948785,-0.60009474
TEST_08847,1.9788902,1.2680635,-0.929138
TEST_08848,6.1956105,1.8098106,-0.69733995
TEST_08849,1.5984268,-0.36625975,-0.08245694
TEST_08850,2.9024024,-0.016615668,-0.714165
TEST_08851,0.9418847,0.20690343,-0.23731773
TEST_08852,1.1361349,-0.88469,0.33789918
TEST_08853,1.3252136,-0.16183323,0.01136989
TEST_08854,1.9165779,0.62011164,-0.19034444
TEST_08855,3.7229614,-0.5869289,0.5637781
TEST_08856,1.5222343,-0.39872465,-0.19600733
TEST_08857,3.9992177,-0.19607109,1.9715719
TEST_08858,2.6287277,0.744123,-0.7826218
TEST_08859,1.937789,0.38431466,-0.5112958
TEST_08860,0.9198619,0.275039,-0.041035257
TEST_08861,3.2936063,-0.2565866,0.8769033
TEST_08862,1.4126196,-0.24730764,0.16153586
TEST_08863,2.123957,0.37851605,0.070241995
TEST_08864,3.3102767,0.09729846,0.14258203
TEST_08865,3.606766,0.9556501,1.7537512
TEST_08866,1.6840616,-0.44563022,-0.42940763
TEST_08867,2.3274012,0.4928879,-0.29263848
TEST_08868,2.327157,0.7343653,-0.45633173
TEST_08869,3.1600018,-0.7338031,0.8744936
TEST_08870,4.801083,-0.72355044,1.5083934
TEST_08871,1.0686253,0.09378336,-0.01498932
TEST_08872,0.90618247,-0.18410595,0.25920853
TEST_08873,1.8496693,-0.34845388,-0.17250426
TEST_08874,2.3755884,0.19763279,0.0990614
TEST_08875,2.3401103,0.3992564,-0.026757274
TEST_08876,1.4792967,-0.29221067,0.20313492
TEST_08877,3.8036573,0.6916104,-0.24686527
TEST_08878,2.3094985,0.8342572,-0.4041507
TEST_08879,5.403381,0.08650005,1.1519365
TEST_08880,3.7794518,0.8803176,0.998095
TEST_08881,3.7673275,-1.5029662,0.30196232
TEST_08882,1.0230008,0.07946583,0.37198082
TEST_08883,2.6844506,1.7512422,1.136253
TEST_08884,3.0782492,-0.16150564,0.2896189
TEST_08885,1.0154111,0.24366325,0.024945019
TEST_08886,1.7058138,0.2653161,-0.06439346
TEST_08887,3.2279098,0.49812508,-0.0007893555
TEST_08888,2.5737216,0.50964206,-1.1802436
TEST_08889,1.4747325,0.22538255,0.10278371
TEST_08890,2.987093,0.33514383,-0.37074417
TEST_08891,1.5711201,-0.04514179,-0.29517502
TEST_08892,1.0093982,0.15333284,0.3273356
TEST_08893,2.9677427,-0.19374952,0.3196212
TEST_08894,2.7339184,1.52573,1.1103085
TEST_08895,2.396246,-0.43596807,-0.016082527
TEST_08896,1.9863364,-0.6102522,1.2170793
TEST_08897,4.118852,-0.24554878,-0.74142367
TEST_08898,1.2918341,-1.1675394,-0.48510173
TEST_08899,0.9580938,0.3221063,-0.12621008
TEST_08900,2.3697963,-0.39951396,0.42989892
TEST_08901,1.850956,0.08139046,-0.3126858
TEST_08902,2.0503669,0.38965032,-0.17828819
TEST_08903,3.3704128,-0.6816385,0.910531
TEST_08904,2.4159107,-0.4151341,0.38701034
TEST_08905,1.4465176,0.16287595,0.2552997
TEST_08906,2.7472389,0.27800524,-0.13205747
TEST_08907,2.4817624,0.4334999,-0.1691472
TEST_08908,2.267925,-0.8932558,0.5431338
TEST_08909,4.02495,1.4354812,0.768657
TEST_08910,3.019182,-1.6287919,0.81930065
TEST_08911,1.2740198,-0.22305664,-0.21270247
TEST_08912,1.9995719,-0.14674786,0.5372676
TEST_08913,2.8519528,0.38294116,-0.94248545
TEST_08914,2.9972804,-0.30458957,0.61223996
TEST_08915,1.3657736,0.05501946,-0.12819062
TEST_08916,2.9531763,-0.097289935,0.34967235
TEST_08917,3.5926938,-2.1560802,-0.5112353
TEST_08918,3.813248,-1.429419,-0.23936374
TEST_08919,2.317875,-1.437067,0.6301739
TEST_08920,4.8646626,-0.11726485,0.36807087
TEST_08921,4.942616,1.9859887,0.003984887
TEST_08922,3.755693,-0.21032587,0.60987526
TEST_08923,3.0026379,0.014927214,0.42784923
TEST_08924,1.5064327,-0.32769272,0.6065441
TEST_08925,2.1935275,0.45825782,0.3656325
TEST_08926,2.7244675,-0.28182897,-0.80768853
TEST_08927,2.961428,-0.1460192,0.4885235
TEST_08928,5.4429774,0.038491625,0.6382072
TEST_08929,4.311225,-0.07301864,-1.1093936
TEST_08930,2.7217321,0.4668071,-0.757685
TEST_08931,3.7185578,-0.5487028,-0.7299615
TEST_08932,4.129081,0.9329126,-1.235328
TEST_08933,0.9116976,0.41839123,-0.107503116
TEST_08934,2.2429807,1.6670005,-0.44000566
TEST_08935,1.2115035,0.41472498,0.25746605
TEST_08936,1.529994,0.27647194,0.1526609
TEST_08937,3.9528615,-1.6482177,0.7780744
TEST_08938,5.7631965,0.39876124,-1.1621794
TEST_08939,1.1150597,-0.07191154,0.18385601
TEST_08940,2.3281684,0.6805645,0.42978007
TEST_08941,1.1499367,0.13465853,0.2362494
TEST_08942,1.7027091,0.7805879,0.5365617
TEST_08943,1.8242587,-0.107801534,-0.2970929
TEST_08944,2.8498285,0.4709375,-0.18885002
TEST_08945,4.5919757,1.6894683,0.026076809
TEST_08946,3.3871682,-0.20106933,0.12839043
TEST_08947,1.3315656,0.3851766,-0.4589039
TEST_08948,3.1724575,0.24364458,-0.3001034
TEST_08949,4.5512967,0.60617507,0.9059402
TEST_08950,2.605543,1.6342573,0.56140125
TEST_08951,2.5991716,0.78436816,0.4339523
TEST_08952,3.183052,1.7246448,1.6950153
TEST_08953,3.8519926,0.46063986,1.071158
TEST_08954,1.7586263,0.37395135,0.36544457
TEST_08955,1.1198347,0.27593294,-0.19684862
TEST_08956,3.7863092,-1.4925851,0.49171454
TEST_08957,1.8170221,0.46167102,0.1357433
TEST_08958,1.8091177,-0.9680166,0.041103836
TEST_08959,2.663728,-0.907431,0.8674657
TEST_08960,1.4984014,-0.11734037,0.06806433
TEST_08961,5.1766505,0.97830135,1.0830386
TEST_08962,1.3992053,-0.6056205,0.33083695
TEST_08963,1.5410006,1.1029872,-0.58460516
TEST_08964,2.740394,-0.04281371,0.093256995
TEST_08965,2.4463933,0.034118295,-0.33044732
TEST_08966,5.1874986,0.5320764,0.5512316
TEST_08967,2.3666759,1.2804456,0.15808915
TEST_08968,4.9815397,-0.3152544,1.0207775
TEST_08969,4.033983,0.17853086,-0.81127864
TEST_08970,1.5131693,0.018732652,-0.21346611
TEST_08971,4.027544,-0.499164,-0.63192075
TEST_08972,4.5499525,-1.2346301,-1.0036616
TEST_08973,0.9086825,-0.2768595,0.27240026
TEST_08974,3.18419,-1.3698747,1.2633189
TEST_08975,2.907926,-0.6687085,0.45521304
TEST_08976,2.7548075,-0.5146936,1.6573459
TEST_08977,3.2109697,-0.27192336,0.9334587
TEST_08978,2.2828805,-0.7386947,1.3495237
TEST_08979,2.944523,-1.3773727,-0.8231829
TEST_08980,2.0496852,-0.24463847,0.4201126
TEST_08981,3.4847298,0.13563363,0.45512533
TEST_08982,2.0460746,0.03910245,-0.223419
TEST_08983,2.812201,-0.120245196,0.10612947
TEST_08984,3.0571012,-0.056974776,0.847654
TEST_08985,1.9983941,-0.27235347,0.61335033
TEST_08986,1.9024733,0.75296164,0.37268662
TEST_08987,3.6038148,-0.077214904,-0.021184282
TEST_08988,2.7247717,-0.18278795,0.010555375
TEST_08989,3.2197852,-1.0336368,0.84919006
TEST_08990,1.2641066,0.232085,-0.23641446
TEST_08991,2.4272075,0.02363718,0.03380923
TEST_08992,2.1394107,-0.698278,-1.0826141
TEST_08993,3.5116158,1.7606534,0.5415316
TEST_08994,2.780121,-0.27336693,0.13166013
TEST_08995,0.8069542,0.13549519,0.17164512
TEST_08996,2.4270253,0.49572584,0.32930166
TEST_08997,0.9879629,-0.4231068,0.32506213
TEST_08998,3.0964677,-0.7958699,0.68881196
TEST_08999,3.948424,-0.5803517,-1.1928778
TEST_09000,4.422696,-1.1960117,0.47458425
TEST_09001,2.5042126,-0.18793654,0.34327692
TEST_09002,1.7345843,0.27120432,0.79607415
TEST_09003,2.8064482,-2.3814926,-0.53956276
TEST_09004,2.640031,0.044682205,0.2527061
TEST_09005,1.3105336,0.6125231,-0.1747023
TEST_09006,4.4427857,-1.0430945,0.8305201
TEST_09007,4.0587068,0.47540173,1.1853993
TEST_09008,5.556998,-0.69936645,0.10840994
TEST_09009,0.9892452,0.31413898,0.15753646
TEST_09010,1.0725158,-0.18441656,0.11618433
TEST_09011,1.6424168,0.08826303,-0.07755393
TEST_09012,3.6042652,-0.015605537,0.38882226
TEST_09013,1.4508767,0.044731617,-0.1730085
TEST_09014,1.6440771,-0.05720056,0.718186
TEST_09015,3.0569096,0.4651894,0.48597232
TEST_09016,2.137347,0.14731714,-0.8367961
TEST_09017,1.3096062,0.68995327,0.6190695
TEST_09018,3.2075417,0.9239937,-0.69482446
TEST_09019,2.244209,-0.9793404,0.6340074
TEST_09020,2.109864,0.18321173,-0.9557536
TEST_09021,3.3250933,-0.35173744,0.8173695
TEST_09022,2.1868312,-0.14402638,0.06886436
TEST_09023,3.266469,-0.058754828,-0.3304219
TEST_09024,1.9384432,0.08345145,-0.1503291
TEST_09025,3.9780552,1.2370849,0.8974173
TEST_09026,1.2044805,-0.066122726,-0.43291473
TEST_09027,3.9638255,-0.49366602,-0.14555429
TEST_09028,2.9794447,-0.027668722,-0.096791625
TEST_09029,4.609974,0.78484166,-0.5485297
TEST_09030,5.262129,-1.0725425,1.7548412
TEST_09031,2.0369756,-1.0980811,-0.122174054
TEST_09032,2.164379,0.4565524,0.2504878
TEST_09033,2.1715775,0.2730909,0.6007589
TEST_09034,1.5490066,0.28933284,0.2014931
TEST_09035,1.4358546,0.2904644,0.20447636
TEST_09036,1.6298547,-0.6702098,-0.15090403
TEST_09037,3.991095,0.69465643,-0.5686473
TEST_09038,0.89541334,-0.26351514,0.41204432
TEST_09039,4.730613,1.7376095,-0.9300975
TEST_09040,1.6406964,-0.60355914,-0.12158979
TEST_09041,1.2454085,0.2516698,-0.29704225
TEST_09042,3.3310595,-1.5931728,0.8961782
TEST_09043,1.2246194,-0.5015913,-0.049098346
TEST_09044,3.4966993,0.24042208,-0.19009468
TEST_09045,2.130496,0.98611474,0.7109934
TEST_09046,1.5070722,0.9821921,0.07468579
TEST_09047,2.2369766,0.50455076,-0.006490104
TEST_09048,3.9451816,1.6406796,0.30282253
TEST_09049,2.8968356,0.4948434,-0.21150337
TEST_09050,1.4551795,0.20782685,0.11180961
TEST_09051,1.7108258,-0.21712692,0.17162238
TEST_09052,2.0654857,-0.13470873,-0.2390713
TEST_09053,3.0527625,0.22774725,-0.31645173
TEST_09054,3.4954917,-1.7358373,-1.1174933
TEST_09055,1.2041615,-0.35529724,-0.013438916
TEST_09056,2.7091453,-0.27341002,0.7044116
TEST_09057,3.1782565,-1.1174587,0.87589025
TEST_09058,4.2555423,0.046125956,-0.6349021
TEST_09059,1.416939,0.6868022,-0.18762963
TEST_09060,2.7933412,0.52394575,-0.95744216
TEST_09061,1.6108783,-0.5136967,0.3758901
TEST_09062,1.381727,-0.42394167,0.30791765
TEST_09063,2.1367283,-0.36375642,0.45635366
TEST_09064,2.025703,-0.0239603,0.35818782
TEST_09065,2.7351987,-0.08690296,-0.51678544
TEST_09066,2.6971369,0.33576572,0.031242453
TEST_09067,3.5332243,0.5946447,0.09199741
TEST_09068,3.267994,0.71330434,0.63917893
TEST_09069,3.042398,-1.3247995,-0.7826565
TEST_09070,2.2290783,-0.36329088,-0.6178999
TEST_09071,2.101003,0.12031612,0.33301103
TEST_09072,3.4896023,0.52189595,0.41457242
TEST_09073,2.2167106,-1.3558706,0.24291208
TEST_09074,2.628779,-0.5699673,0.37095258
TEST_09075,1.3006693,0.091785386,-0.043450635
TEST_09076,4.260489,0.72811496,-0.8446592
TEST_09077,2.2558582,-0.028142078,0.34625202
TEST_09078,2.7533545,-0.75038403,0.26726308
TEST_09079,1.9338589,-0.7766023,0.25650418
TEST_09080,4.468069,1.0386297,-0.1628048
TEST_09081,5.1095114,-2.0644526,-0.62312025
TEST_09082,1.4525915,-0.98336875,0.59397435
TEST_09083,1.1148005,-0.22794016,-0.024127334
TEST_09084,3.2834446,-0.32726577,0.5464299
TEST_09085,2.150382,0.73872876,-0.21646592
TEST_09086,3.9068754,-0.26164165,1.0881424
TEST_09087,2.0142841,1.4162433,0.6024775
TEST_09088,4.1485453,2.2314358,0.32907867
TEST_09089,3.1294324,0.55404764,-0.26684123
TEST_09090,2.3839147,0.431161,0.25791702
TEST_09091,2.567788,-0.1199346,-0.21122748
TEST_09092,4.32498,0.01959955,0.37759358
TEST_09093,2.5590496,0.08227997,0.12102228
TEST_09094,2.9255118,-0.8412927,0.8754187
TEST_09095,2.2900758,0.9606189,0.8567101
TEST_09096,3.3203688,0.57587326,0.74118894
TEST_09097,1.7429062,0.15900639,-0.3696822
TEST_09098,5.0934863,-1.4618492,0.06898272
TEST_09099,3.3505082,0.96657515,-1.1672411
TEST_09100,1.5546541,-0.26694104,-0.09020908
TEST_09101,1.8597089,0.27581272,-0.5162027
TEST_09102,2.1699212,0.16446652,0.62844694
TEST_09103,3.4273887,0.29301143,-0.15305316
TEST_09104,1.4275235,0.116918206,0.40706405
TEST_09105,3.9556942,-0.5133545,0.3576251
TEST_09106,2.536246,0.72891366,-0.5369685
TEST_09107,1.2525041,0.045280963,-0.20801695
TEST_09108,2.8300638,-0.41960058,0.18763593
TEST_09109,1.566398,-0.29065388,0.591181
TEST_09110,5.3058705,-0.57927555,-0.75361633
TEST_09111,2.6637483,0.9420069,-0.6602109
TEST_09112,1.9455023,0.6027058,0.6175878
TEST_09113,3.6280022,0.87943447,0.9728394
TEST_09114,1.8643914,-0.6536188,-0.19486775
TEST_09115,2.0878177,0.46073303,-0.4553282
TEST_09116,4.462158,0.5349681,-0.18818298
TEST_09117,2.6634567,1.0337378,-0.6090325
TEST_09118,1.5361546,-0.078044534,-0.26054963
TEST_09119,4.716002,-1.0588769,-0.7374455
TEST_09120,4.1901903,2.4639988,0.25716937
TEST_09121,4.0737247,-0.91669714,0.95046383
TEST_09122,1.9271148,0.9830411,0.2999807
TEST_09123,2.7344346,-2.234,-0.12259281
TEST_09124,1.4041101,-7.927045e-05,-0.25433448
TEST_09125,2.43881,0.47559786,0.3313043
TEST_09126,4.9613276,-0.59708405,-0.2749081
TEST_09127,1.6930972,0.11582552,-0.44601014
TEST_09128,2.0010939,0.15000704,0.58526385
TEST_09129,1.9590284,0.73774576,-0.15866038
TEST_09130,1.0675268,-0.05571382,0.2773938
TEST_09131,2.1605763,0.4808266,-0.28397295
TEST_09132,1.2215365,-0.5278312,-0.3614923
TEST_09133,1.6795024,-0.3023332,0.34459618
TEST_09134,2.426258,-1.6153823,1.2100464
TEST_09135,1.4548887,-0.64506406,-0.08490944
TEST_09136,2.1725528,0.33416528,0.9348733
TEST_09137,3.6269958,1.704881,0.86367863
TEST_09138,3.0848086,0.04625059,0.55127406
TEST_09139,4.3793807,-0.6785556,-1.09815
TEST_09140,2.2073553,0.7074414,-0.84422606
TEST_09141,3.1409533,0.2663697,-0.41893548
TEST_09142,1.5681134,0.04562057,0.43057248
TEST_09143,3.263631,0.17320415,0.17377847
TEST_09144,3.6487873,0.29521877,0.5125655
TEST_09145,4.4101977,-0.14237116,-0.7106071
TEST_09146,2.6118855,0.350068,0.19182014
TEST_09147,1.8333172,-0.66880697,0.017961193
TEST_09148,2.8343222,-0.3130912,-0.55033153
TEST_09149,3.5300064,0.6580425,0.0931752
TEST_09150,2.9952338,0.41278836,0.8673267
TEST_09151,2.794064,-0.39481717,0.0102331415
TEST_09152,2.9285626,-1.3288562,-0.41049674
TEST_09153,2.752102,0.9331767,-0.7050766
TEST_09154,2.2424765,0.1995006,-0.17355566
TEST_09155,1.0679207,0.005677715,-0.115815766
TEST_09156,1.5493618,0.3169353,0.50013155
TEST_09157,3.2798977,-0.5818813,-0.5614343
TEST_09158,2.8223188,-0.1506258,0.19494796
TEST_09159,5.6471934,0.765924,1.3901254
TEST_09160,4.52695,-1.3484066,-0.10226138
TEST_09161,1.9747826,0.23757699,0.2556648
TEST_09162,1.7362208,-0.031202272,-0.49582982
TEST_09163,2.0922487,0.1635937,0.44742066
TEST_09164,2.356382,0.42701218,0.16476287
TEST_09165,2.5297976,0.7614764,-0.10396296
TEST_09166,1.4538835,-0.4613938,0.20675029
TEST_09167,4.5559974,-1.384501,1.0762742
TEST_09168,1.6831106,-0.8404389,0.21851438
TEST_09169,1.1853058,0.34021726,0.251511
TEST_09170,2.5028865,0.4028468,0.8905677
TEST_09171,2.318572,-0.29320204,0.07887563
TEST_09172,2.1019113,0.16772096,-0.014259019
TEST_09173,2.507117,0.026473958,0.11365966
TEST_09174,3.5239215,0.055153944,-0.71694463
TEST_09175,1.2671087,0.07630846,-0.3328325
TEST_09176,1.0262535,0.00669498,0.027637638
TEST_09177,4.167761,0.11819416,1.5972718
TEST_09178,1.6830231,-0.01958631,0.45143273
TEST_09179,3.7300208,0.056262378,0.69979507
TEST_09180,2.5797255,-0.26176926,0.7693352
TEST_09181,0.83199245,0.25152516,-0.012595531
TEST_09182,2.095585,0.6471888,-0.050017715
TEST_09183,1.239327,-0.51630056,0.13986641
TEST_09184,3.231698,0.17695023,-0.19976957
TEST_09185,2.1000626,0.8895745,0.7455871
TEST_09186,3.261572,0.4402589,0.09509943
TEST_09187,3.9847758,-0.17362382,-1.2492598
TEST_09188,3.374934,1.120678,-1.1604892
TEST_09189,3.9812052,0.25838488,0.776978
TEST_09190,4.0348606,-1.2631894,0.94743633
TEST_09191,2.972139,0.06788275,0.36813858
TEST_09192,3.044943,0.08518218,-0.5046352
TEST_09193,3.0176446,0.6780621,-0.31222484
TEST_09194,1.7617826,0.33374596,0.06317399
TEST_09195,1.8564316,-1.0256101,-0.71968865
TEST_09196,4.272029,-1.357876,-0.450015
TEST_09197,1.6358173,-0.42075926,0.093915366
TEST_09198,2.093321,0.5961212,0.7759653
TEST_09199,2.1219141,-0.22645831,1.1058497
TEST_09200,2.7995436,-0.98291194,0.5239306
TEST_09201,4.0787635,-0.2233627,1.0971262
TEST_09202,1.927806,1.6805692,0.16425735
TEST_09203,1.747232,-1.8788029,-0.6387093
TEST_09204,1.7760006,0.56963426,-0.4926316
TEST_09205,1.6839138,-0.4485175,0.5676745
TEST_09206,4.2180786,-0.1449132,0.37451553
TEST_09207,3.6531746,-0.26989365,0.3545846
TEST_09208,2.9206731,2.2911923,-0.3698099
TEST_09209,3.13244,0.15189242,0.38774225
TEST_09210,2.8353636,-0.29172242,0.002393311
TEST_09211,1.4291146,0.17351854,-0.2121702
TEST_09212,4.386988,1.1894579,0.4333713
TEST_09213,3.087491,-0.37125352,-0.6763813
TEST_09214,1.5169176,0.38024506,-0.1809318
TEST_09215,3.3655052,0.722542,-0.44624525
TEST_09216,1.2721065,0.0896915,-0.29885307
TEST_09217,2.5889683,-0.01865393,0.69562227
TEST_09218,2.2022378,-1.7234168,0.19187358
TEST_09219,3.3970203,0.34213424,0.022177285
TEST_09220,2.3796134,-0.18653132,0.2707724
TEST_09221,3.0619678,0.09354502,-0.16273765
TEST_09222,1.5484216,-0.36679295,-0.25789222
TEST_09223,4.4453344,-0.47779816,1.1030791
TEST_09224,3.0611668,0.262592,1.1735952
TEST_09225,2.8903532,0.15230064,-0.88947064
TEST_09226,3.1363306,0.278052,-0.021158244
TEST_09227,2.3137875,-0.6406588,-0.179597
TEST_09228,2.7219238,0.035165444,-0.63712823
TEST_09229,2.7569075,1.4773252,0.69521964
TEST_09230,4.1142583,1.1900203,1.6799898
TEST_09231,2.2460177,0.60440826,-0.00016171881
TEST_09232,1.2119677,0.3214653,0.36823285
TEST_09233,3.7538974,1.916847,1.1686584
TEST_09234,2.5483832,-0.025871888,-0.030095227
TEST_09235,1.5499952,-0.07086839,0.3403175
TEST_09236,2.1625404,0.007593631,-0.78439516
TEST_09237,1.6034946,0.27030417,-0.12253753
TEST_09238,1.1778575,0.13962254,-0.23497498
TEST_09239,4.93847,0.7825532,1.3772857
TEST_09240,2.1638854,0.43944755,0.38283327
TEST_09241,2.6386986,-1.5767604,-0.33458713
TEST_09242,2.3330984,-0.9425038,0.41822067
TEST_09243,2.9091582,-1.1959931,0.65881246
TEST_09244,2.6839848,0.04868045,0.28744447
TEST_09245,1.8868856,-0.63758665,0.058867276
TEST_09246,5.063096,1.3182282,-0.946048
TEST_09247,3.39116,0.014989389,0.49900976
TEST_09248,3.7168725,-0.6262868,0.5283649
TEST_09249,4.620113,0.73921824,-0.20922455
TEST_09250,1.3201534,-0.0252304,0.17479128
TEST_09251,3.0474734,0.19294094,-0.14782031
TEST_09252,3.957285,1.1075703,-0.11224991
TEST_09253,2.707678,-0.026551567,0.17318815
TEST_09254,3.5110242,-1.5395293,-0.29408038
TEST_09255,2.4566216,-0.3950771,-0.60150474
TEST_09256,3.0514262,-1.4855955,-0.74564713
TEST_09257,1.5826983,0.47373077,0.58651733
TEST_09258,4.093149,-0.56978047,0.5422584
TEST_09259,1.6468078,-0.9927534,0.46532908
TEST_09260,1.2426487,-0.07154956,-0.25603086
TEST_09261,0.9889855,-0.0076709576,0.14873493
TEST_09262,2.0591238,0.30838445,0.0388275
TEST_09263,2.2100973,0.1573954,0.52601415
TEST_09264,3.3767674,-0.5659104,0.87245226
TEST_09265,2.0415857,-1.1047169,-0.85899603
TEST_09266,2.8024728,-0.47047326,0.6193297
TEST_09267,3.028674,-0.22316746,-0.10420108
TEST_09268,2.1054795,-0.30349132,-0.004921455
TEST_09269,1.9178128,0.34485212,-1.3115041
TEST_09270,2.2746544,0.4664092,-0.3640003
TEST_09271,1.7578069,-0.43751925,0.101552695
TEST_09272,2.0807848,-0.48199728,-0.5533141
TEST_09273,2.2238958,0.5205478,-0.1584469
TEST_09274,3.4978979,-0.7820808,0.816073
TEST_09275,1.9396261,-0.38398898,0.102378614
TEST_09276,2.0093732,0.14211118,-0.06538489
TEST_09277,3.5236363,0.70311904,0.29243314
TEST_09278,3.1464155,-0.40578592,0.19100174
TEST_09279,4.7583456,-0.050544403,0.40279806
TEST_09280,3.02466,0.6910012,0.77015346
TEST_09281,1.810443,1.2315874,-0.13383365
TEST_09282,2.2600148,-0.33831245,0.42644668
TEST_09283,2.6539292,1.2244059,0.3830727
TEST_09284,2.4265769,0.21592228,-0.12774086
TEST_09285,1.590041,-0.012727661,0.24491023
TEST_09286,5.109622,0.8138873,0.6959578
TEST_09287,2.6512916,-1.3645625,-0.38233852
TEST_09288,3.349775,0.9437631,-0.70092696
TEST_09289,4.2283626,0.045541164,0.8362574
TEST_09290,1.8265022,0.12209232,0.28742927
TEST_09291,1.5478377,-0.29805806,-0.40670034
TEST_09292,1.2434667,-0.08534745,-0.07995411
TEST_09293,1.1158683,0.14169098,0.12317755
TEST_09294,2.2543657,0.49655533,-0.6681921
TEST_09295,3.0693548,-1.1260139,-0.41194123
TEST_09296,1.0034451,0.58280975,-0.3700856
TEST_09297,1.9641123,-0.15120767,-0.29732007
TEST_09298,4.3935347,-0.98938507,-0.61097485
TEST_09299,1.7257186,-0.33078176,-0.3315388
TEST_09300,2.8841105,-0.43702278,-0.123214185
TEST_09301,2.107722,-0.44640687,-0.4514478
TEST_09302,1.3952543,0.31083477,0.36532182
TEST_09303,3.2370622,-0.21208964,0.11375019
TEST_09304,2.6186795,0.05385173,-0.13396055
TEST_09305,3.3912401,-0.23038262,0.025745895
TEST_09306,1.619617,0.44749853,0.18279047
TEST_09307,4.244997,0.14574985,-0.7074452
TEST_09308,1.9409112,0.5051565,0.04819194
TEST_09309,3.0064151,0.8159716,0.08412941
TEST_09310,4.449225,1.4841803,0.62482464
TEST_09311,3.035731,-0.63881433,-0.49805653
TEST_09312,1.4447287,-0.049582854,-0.0023708884
TEST_09313,2.1964602,-0.9853505,0.57441086
TEST_09314,3.3502433,0.53259045,-0.63696474
TEST_09315,1.3695287,0.6891539,0.33857673
TEST_09316,4.5234203,-1.871966,0.42499718
TEST_09317,1.6407866,0.101999424,0.44990048
TEST_09318,2.2293987,0.1721241,-0.80043364
TEST_09319,4.285085,-1.2902248,2.3033462
TEST_09320,3.938621,0.33832893,1.1015468
TEST_09321,4.769173,-2.485608,1.5866011
TEST_09322,3.5009131,-1.7192755,-0.68975866
TEST_09323,1.3164439,1.0364456,0.33083114
TEST_09324,2.23182,-0.2556978,0.55763245
TEST_09325,2.5106292,0.46865,0.32286325
TEST_09326,1.3887612,0.3506354,-0.17916141
TEST_09327,4.6534624,0.014933979,0.07329842
TEST_09328,4.7215962,0.49235052,0.28356
TEST_09329,2.095816,0.3216306,0.09474561
TEST_09330,2.7536254,0.045170832,0.64480156
TEST_09331,3.1165867,0.26401022,-0.5163355
TEST_09332,4.4699664,-0.73951876,0.23772362
TEST_09333,3.0188892,0.08338979,-0.02928105
TEST_09334,2.9724996,0.40292484,-0.12202711
TEST_09335,4.178646,0.56781167,0.039883252
TEST_09336,2.605508,-1.1005665,-0.38040614
TEST_09337,1.8642123,-0.22555962,0.8816679
TEST_09338,3.1710265,-0.11556545,-1.0680156
TEST_09339,1.1324108,-0.15283543,-0.28789267
TEST_09340,1.0437477,-0.23681083,-0.10694743
TEST_09341,3.5671787,-0.22007653,-0.26685345
TEST_09342,1.6824679,-0.6046197,-0.15878817
TEST_09343,4.356595,0.18857928,1.3641797
TEST_09344,2.042977,-0.6714577,0.3933127
TEST_09345,4.058024,1.6379248,0.46007258
TEST_09346,1.9902904,-0.32469195,-0.5132767
TEST_09347,3.6742585,0.36040488,0.45999554
TEST_09348,2.7472677,-0.6750249,0.31431007
TEST_09349,4.1687865,1.5676001,-0.89131546
TEST_09350,2.341147,-0.73490334,-0.39348394
TEST_09351,1.7416904,-0.24243937,0.20492013
TEST_09352,2.9412932,0.88984805,-0.6796823
TEST_09353,2.8324609,0.20329048,0.77207816
TEST_09354,1.0958575,0.11814955,0.11646497
TEST_09355,1.8448426,-0.93988556,0.3680778
TEST_09356,3.9355888,-1.6090629,0.30878168
TEST_09357,3.0463338,-0.56026596,0.35944742
TEST_09358,1.4561542,0.19148798,0.4524935
TEST_09359,3.7457561,-1.6899412,0.7629229
TEST_09360,4.479748,-1.6251613,0.19407065
TEST_09361,1.485411,-1.2521969,-0.012537092
TEST_09362,2.5828407,0.12926957,-0.39954108
TEST_09363,3.9434803,-1.3526988,-0.5898531
TEST_09364,2.2530282,0.21905497,0.47876516
TEST_09365,1.1262988,-0.1601034,-0.35543957
TEST_09366,3.5429418,0.056899,0.03110383
TEST_09367,1.2633339,-0.05539207,0.24308752
TEST_09368,2.9280634,0.9338255,0.1727843
TEST_09369,2.3961036,0.436843,0.34817138
TEST_09370,0.78977305,0.2669359,0.20827012
TEST_09371,1.6103485,0.07696572,0.38379553
TEST_09372,2.1360135,-0.571269,-0.5795004
TEST_09373,2.4352002,-0.44377434,0.2340272
TEST_09374,3.4119284,-1.2412905,-0.6249204
TEST_09375,1.0530845,-0.28757674,0.17120579
TEST_09376,2.4836159,-1.042104,0.66047406
TEST_09377,3.8231022,-2.0684195,1.4865937
TEST_09378,3.1221862,-0.80749,-0.16494133
TEST_09379,3.0424178,-1.0049514,0.72137284
TEST_09380,2.327296,0.20484245,0.10059335
TEST_09381,2.3576665,-0.43544507,0.18638033
TEST_09382,1.9079057,-0.29447648,0.49104762
TEST_09383,3.712862,-0.5499352,-0.6939884
TEST_09384,2.4447696,0.1467998,-0.042093076
TEST_09385,3.5653887,-0.14622487,0.8478288
TEST_09386,2.8210053,0.5096246,0.50343055
TEST_09387,3.0268202,0.2414671,0.59731495
TEST_09388,2.8432472,0.41133693,-0.6387331
TEST_09389,3.2835464,-0.50675565,-0.7260862
TEST_09390,3.997708,-1.4403481,-0.7373465
TEST_09391,2.6949568,0.41899234,0.5788548
TEST_09392,1.0456827,-0.1895261,-0.27839735
TEST_09393,2.4026194,-0.9087941,-0.4855904
TEST_09394,3.3595881,-0.44678462,0.089492455
TEST_09395,1.2680398,-0.4008007,-0.2634844
TEST_09396,2.698026,-0.0931108,0.26676264
TEST_09397,1.375833,-0.02813832,0.0012964047
TEST_09398,2.3709886,0.7263586,-0.017953914
TEST_09399,3.5609274,1.7762074,-0.41670284
TEST_09400,1.6696919,0.2843353,0.4704331
TEST_09401,3.3756113,0.5281481,-0.75979
TEST_09402,3.1971366,-0.9456927,0.27221015
TEST_09403,1.6959593,0.45369086,0.2308237
TEST_09404,3.2392848,-0.41396993,-0.13119479
TEST_09405,1.2640102,0.6487001,-0.15463987
TEST_09406,4.921674,0.5718547,-0.81801265
TEST_09407,3.5768847,1.1571425,-0.21763387
TEST_09408,1.8175483,-0.62649107,-0.57269263
TEST_09409,1.4699774,0.6572654,-0.092888676
TEST_09410,2.2812216,0.70414644,0.4515656
TEST_09411,2.4069946,-0.09240346,0.22934452
TEST_09412,4.955288,-1.1136391,-0.28891435
TEST_09413,3.0401828,0.6498644,0.079718545
TEST_09414,1.725731,-0.8351234,-0.35885823
TEST_09415,2.6812308,0.18476792,-0.1603312
TEST_09416,2.6074474,0.054680403,0.9564743
TEST_09417,3.8378644,2.3224974,0.6006208
TEST_09418,4.4255004,-0.04946232,1.4535854
TEST_09419,3.1367807,-1.3659005,-0.17824961
TEST_09420,1.7631255,-0.7097593,0.36636958
TEST_09421,2.0862572,-0.44461673,-0.33120003
TEST_09422,1.452966,-0.52220744,0.42611852
TEST_09423,3.9014175,-0.30057842,0.470522
TEST_09424,1.355598,0.076627076,0.34735408
TEST_09425,3.6025772,0.80434096,0.548392
TEST_09426,1.8952923,0.21938838,-0.7994941
TEST_09427,3.3241534,-0.6000543,0.18795854
TEST_09428,2.5905395,-0.33155665,0.03222256
TEST_09429,4.1206136,-1.0739031,0.2187644
TEST_09430,3.3696709,0.7457013,0.67260706
TEST_09431,1.7265606,0.6370191,0.18463516
TEST_09432,2.6634088,-0.9254979,1.1691318
TEST_09433,2.5819852,0.05182925,-0.0040679947
TEST_09434,1.9140941,-0.41523242,0.18322653
TEST_09435,1.39678,0.25888407,-0.43421355
TEST_09436,4.505411,1.9048212,-0.0032226546
TEST_09437,3.4181428,-1.4879375,-0.70188016
TEST_09438,1.2995312,0.014126023,-0.45052966
TEST_09439,5.91909,-1.6990321,-0.108080745
TEST_09440,2.4899583,-0.6761631,0.039495688
TEST_09441,3.1707308,-1.1848809,-1.0309759
TEST_09442,0.46140638,0.36822844,-0.20432949
TEST_09443,2.5223434,-1.5903112,0.91218436
TEST_09444,2.0018408,0.039360452,-0.09219335
TEST_09445,2.7787707,-0.30301768,-0.076478764
TEST_09446,4.3577595,-1.271394,-0.43564233
TEST_09447,4.9530497,-0.6677121,0.820256
TEST_09448,2.6568763,-1.3514895,-0.099170014
TEST_09449,2.4603803,-0.01466969,0.24283503
TEST_09450,3.1347325,0.64507276,0.8237886
TEST_09451,1.422522,-0.22831218,-0.26555815
TEST_09452,3.210494,0.98751754,-0.23312473
TEST_09453,1.0942693,-0.043553066,0.29638025
TEST_09454,1.5185206,0.51974654,-0.09872574
TEST_09455,2.3015459,0.6637063,-0.5667799
TEST_09456,3.1791687,0.21661082,-0.059092976
TEST_09457,3.186145,-0.14673117,0.596253
TEST_09458,5.5437536,0.33835456,-1.1712239
TEST_09459,1.3411967,0.58231914,-0.41387606
TEST_09460,2.7158825,0.5078382,0.25267017
TEST_09461,2.4129941,-0.48506793,-0.3887345
TEST_09462,1.9269323,-0.235192,-0.19336984
TEST_09463,1.9318204,0.5431323,-0.26069874
TEST_09464,2.8332393,0.13269147,0.1832749
TEST_09465,3.0775034,-0.5420253,1.62712
TEST_09466,2.5250351,0.44417608,-0.12487478
TEST_09467,1.1611196,0.22497408,0.12526564
TEST_09468,3.4325292,1.3343971,-1.1411692
TEST_09469,3.6674476,0.54568845,0.5036453
TEST_09470,2.7766728,1.5320785,0.12401951
TEST_09471,1.0687593,-0.36734158,0.026805785
TEST_09472,3.353479,1.4385979,0.16783099
TEST_09473,2.6136825,-1.4295262,-0.32784545
TEST_09474,3.5877721,-0.4942667,-0.13703163
TEST_09475,1.7131217,-0.050323557,0.2945955
TEST_09476,1.836844,0.67601085,0.042523537
TEST_09477,3.7052798,-0.3743983,0.43222955
TEST_09478,2.7870991,-0.035547767,-0.5082716
TEST_09479,5.157683,-0.5008032,1.4359314
TEST_09480,4.0006237,0.22264305,-1.4119707
TEST_09481,4.7779107,1.7719152,-0.57054853
TEST_09482,1.3172657,0.07189117,-0.33280545
TEST_09483,3.9804475,-2.2445188,0.6040503
TEST_09484,3.3207903,-0.15639696,1.0793403
TEST_09485,2.0843813,0.1614161,0.37281406
TEST_09486,4.7668934,-0.4498491,-0.39875317
TEST_09487,2.8160038,0.8566505,-0.4351532
TEST_09488,4.957858,-1.2854999,0.55895257
TEST_09489,3.465087,0.0285246,-0.16461413
TEST_09490,2.384076,0.16246197,-0.22016317
TEST_09491,3.3551128,-0.23156919,-0.13807058
TEST_09492,1.302115,0.3962134,-0.0015210342
TEST_09493,1.1040057,-0.1267606,-0.06585212
TEST_09494,1.6537462,0.96735054,0.6722079
TEST_09495,1.7108529,-0.5141091,0.021528712
TEST_09496,2.369998,0.93646646,0.40918463
TEST_09497,4.0557537,1.52827,1.2933785
TEST_09498,3.8208246,-1.2221735,0.71337104
TEST_09499,2.979272,-0.04405704,-0.88393605
TEST_09500,1.7054657,-0.031275418,0.20465809
TEST_09501,3.087683,-0.5398116,-0.15723942
TEST_09502,1.7916512,0.2687139,-0.3300326
TEST_09503,3.870118,0.31854498,0.47924048
TEST_09504,3.0379143,-0.68842524,-0.6543908
TEST_09505,4.1585813,-1.1252515,1.9765368
TEST_09506,3.1699808,0.39738733,-0.8443784
TEST_09507,2.2248652,0.48618272,0.439192
TEST_09508,3.0666537,-0.16029721,0.4894374
TEST_09509,2.1353896,-0.25197977,-0.32102638
TEST_09510,2.7307558,-0.86475575,-0.43467382
TEST_09511,2.0392325,-0.4437095,0.13523911
TEST_09512,2.1062322,-0.7928409,0.8031989
TEST_09513,2.2412012,0.063427374,0.3250562
TEST_09514,2.4252336,-0.1033928,0.101733685
TEST_09515,0.95416045,0.08503735,0.22797745
TEST_09516,4.779065,-0.7192342,0.7676121
TEST_09517,2.108167,0.5963756,0.5930258
TEST_09518,2.2056556,-0.33456188,-0.53327274
TEST_09519,4.465579,-0.4310835,0.8458695
TEST_09520,1.44416,-0.85972995,-0.35076004
TEST_09521,3.3917365,1.4356008,-0.8754714
TEST_09522,3.9759378,-1.4380149,-0.018105643
TEST_09523,1.8415517,-2.1449904,-0.28724113
TEST_09524,3.14382,-0.520786,-0.9894732
TEST_09525,1.8984694,-0.0075946804,-0.3796942
TEST_09526,3.3322468,-0.57346874,0.29621136
TEST_09527,4.819101,1.645755,-1.0170267
TEST_09528,2.0238883,-0.47831503,0.6180137
TEST_09529,3.081552,0.052045994,0.23519866
TEST_09530,2.985759,-0.23041502,0.17286767
TEST_09531,1.0494804,0.0110520115,0.1679214
TEST_09532,2.2304187,-1.132924,-0.64231676
TEST_09533,2.272418,-0.13370939,-0.08489248
TEST_09534,3.0478728,1.1565679,1.1973965
TEST_09535,2.0633152,-0.024093747,0.20805807
TEST_09536,1.7854968,-0.9947742,-1.0097897
TEST_09537,3.1811144,0.9150142,-0.35632145
TEST_09538,4.734864,-0.6953032,1.0964379
TEST_09539,2.917678,0.18335241,-0.045817144
TEST_09540,2.7038646,0.25756848,-0.006359704
TEST_09541,3.3707657,-0.61161065,1.0382961
TEST_09542,1.1312715,0.2876068,-0.24471907
TEST_09543,2.1205914,-0.338853,0.34117067
TEST_09544,2.204853,-0.1720672,0.3479764
TEST_09545,4.693643,1.3043524,1.5124065
TEST_09546,3.2103367,-0.43533567,-0.50607586
TEST_09547,1.3275447,0.12772858,-0.23449288
TEST_09548,3.0298078,-1.3519273,0.5530922
TEST_09549,1.6922022,-0.24251816,-0.58367544
TEST_09550,2.7336555,-0.6013475,-0.69693714
TEST_09551,3.0061877,-0.43288678,0.35045126
TEST_09552,1.983944,0.6546262,0.8035032
TEST_09553,2.840841,-0.8387016,0.5851354
TEST_09554,1.3017343,0.1847466,0.09131493
TEST_09555,2.0145187,0.16274074,0.0085182665
TEST_09556,3.8094697,0.090504184,0.48648986
TEST_09557,1.1657315,-0.458539,0.07082652
TEST_09558,1.7199484,0.7768906,-0.1537514
TEST_09559,3.6204512,-1.3484557,2.0829751
TEST_09560,2.9890227,-1.5260779,0.71410716
TEST_09561,2.2177196,-0.27606115,0.6223237
TEST_09562,1.5914819,-1.1274033,0.5898543
TEST_09563,2.3708732,0.08447756,-0.28603244
TEST_09564,1.6607991,-0.0427892,0.31595358
TEST_09565,2.1604602,-0.118384086,-0.12632886
TEST_09566,1.5119289,-0.2806124,0.29055154
TEST_09567,4.8004837,0.32220346,0.14801463
TEST_09568,2.7521398,1.7759044,-0.5121967
TEST_09569,1.8380902,-0.41216546,0.28843686
TEST_09570,1.7948575,-0.23568477,0.10133357
TEST_09571,2.0075512,-0.5298503,-0.24706313
TEST_09572,2.4150298,1.0023862,0.2884616
TEST_09573,1.8197773,0.2563028,0.4253617
TEST_09574,2.7172785,1.1912463,0.847412
TEST_09575,3.1133816,-0.16786893,-0.8315373
TEST_09576,2.430718,-1.2615902,0.15752
TEST_09577,1.9047492,-0.09686442,0.06776984
TEST_09578,3.8991446,0.5082925,-0.81871754
TEST_09579,1.376259,0.9102928,-0.33735484
TEST_09580,2.0622473,0.09666267,-0.5152904
TEST_09581,2.0374465,-0.61759996,-0.71953034
TEST_09582,1.6181624,0.025297254,-0.30910778
TEST_09583,3.0902874,-0.9343366,0.8492273
TEST_09584,2.8743634,0.40838587,-0.46208367
TEST_09585,4.4286256,0.922875,0.48373932
TEST_09586,1.6970533,0.48689973,-0.14644732
TEST_09587,3.0597396,0.5390389,0.5939821
TEST_09588,2.5694377,-0.6083022,0.40558264
TEST_09589,4.035638,1.4877231,0.29714206
TEST_09590,3.0578868,0.17997567,0.81126815
TEST_09591,2.7892451,0.30093265,-0.35978827
TEST_09592,3.6633403,1.6686206,1.9134252
TEST_09593,3.2529175,0.34005082,0.7145583
TEST_09594,3.5913224,-0.7583069,0.56527156
TEST_09595,2.1358483,-0.23287673,-0.8398699
TEST_09596,3.7602794,-0.4442045,-0.45476714
TEST_09597,3.2246907,2.3128083,0.6231543
TEST_09598,2.15665,1.031837,-0.06069607
TEST_09599,3.5715952,0.80892617,2.0046847
TEST_09600,3.5668771,0.100235835,1.2667613
TEST_09601,1.0060865,0.29529262,-0.19949874
TEST_09602,1.7274262,0.64159334,0.44451755
TEST_09603,2.2918797,2.007901,-0.118290424
TEST_09604,2.914656,0.08696146,-0.1384893
TEST_09605,1.510766,0.20868932,-0.34066388
TEST_09606,2.1504126,-0.15533088,0.19891715
TEST_09607,4.015504,-0.11589216,0.9430485
TEST_09608,4.8622103,-0.5526075,0.13139896
TEST_09609,3.6678154,0.108574174,0.16238552
TEST_09610,2.6142883,0.023076843,0.70790523
TEST_09611,2.2722437,-0.14684941,-0.46283442
TEST_09612,3.5171082,-0.7744495,0.37068242
TEST_09613,1.0170624,-0.40881732,0.19975519
TEST_09614,2.927403,-0.86248857,0.12766433
TEST_09615,3.65097,0.08756827,0.60597056
TEST_09616,2.6805458,-0.34982798,-0.3021381
TEST_09617,3.947874,1.2268649,1.2550611
TEST_09618,1.3724905,0.3200213,0.37303886
TEST_09619,1.6051265,-0.46196258,-0.54423416
TEST_09620,2.020339,-0.20147115,-0.02067571
TEST_09621,3.5277681,-0.0006479658,0.020339238
TEST_09622,1.7823406,0.09224383,0.4164478
TEST_09623,2.1186376,-0.3395069,0.6560844
TEST_09624,3.4537952,-0.23928821,-0.16788523
TEST_09625,4.8074465,1.0215572,0.6012622
TEST_09626,2.6707494,-0.32613087,-0.6213659
TEST_09627,1.9781675,0.33238062,0.6068736
TEST_09628,1.8023566,-0.09930959,0.25506228
TEST_09629,2.0272307,-0.38747045,-0.770309
TEST_09630,3.830701,0.8188986,-0.12365985
TEST_09631,2.630512,0.16369076,-0.0689872
TEST_09632,3.2065449,-1.1854566,-0.5820529
TEST_09633,1.6906784,-0.11628069,-0.47348866
TEST_09634,1.9306614,0.15734649,-0.36039743
TEST_09635,0.8167472,0.27273646,-0.12874791
TEST_09636,2.3758643,1.0976416,-0.6630374
TEST_09637,3.373538,0.39311007,0.70646834
TEST_09638,3.623154,-0.12632306,0.3902891
TEST_09639,1.9859579,0.8577889,0.5893577
TEST_09640,1.9702636,-1.2586877,0.035370886
TEST_09641,4.224298,1.081437,0.8896369
TEST_09642,1.8160274,-0.38713056,-0.7399237
TEST_09643,0.9841498,-1.0082556,-0.1648837
TEST_09644,2.2963588,0.94239753,0.5264917
TEST_09645,1.770888,-0.93614227,0.32894775
TEST_09646,3.6455503,0.009256832,-0.2648603
TEST_09647,3.60389,1.1808778,-0.39574978
TEST_09648,1.2892607,-0.9128738,0.38496962
TEST_09649,3.7721882,0.008192696,-0.06282237
TEST_09650,2.1472912,0.05666486,0.50558
TEST_09651,2.2239401,-0.05479358,0.061086297
TEST_09652,5.109573,-0.43280205,1.1641357
TEST_09653,2.3162298,0.28301805,-0.4038698
TEST_09654,3.3927636,1.7884363,0.18792732
TEST_09655,3.0280201,-0.22330883,0.40871528
TEST_09656,2.1223526,-0.31919533,-0.8062221
TEST_09657,1.8657359,0.39553347,-0.33191425
TEST_09658,2.423261,-1.5760473,-0.78489685
TEST_09659,3.6065164,0.47067487,0.31644472
TEST_09660,2.4274077,-0.20532766,0.017846473
TEST_09661,3.313086,-0.3063846,-0.033007745
TEST_09662,2.0572345,0.1441099,0.29509267
TEST_09663,3.0149782,-0.52010775,0.30052087
TEST_09664,3.8193755,0.0001004301,0.18919218
TEST_09665,1.7120346,0.39567626,1.03973
TEST_09666,2.496551,0.19247046,-1.282882
TEST_09667,4.288562,-0.42597735,0.15984143
TEST_09668,2.759933,-0.64265734,0.47110996
TEST_09669,5.060527,0.9344291,0.015575582
TEST_09670,1.0425159,-0.37781793,-0.04766505
TEST_09671,1.3503469,-0.15669554,-0.030211588
TEST_09672,2.5145822,1.509854,1.2119995
TEST_09673,3.409197,-0.4262833,-1.1713138
TEST_09674,1.8327941,0.17563307,-0.26467258
TEST_09675,2.3803217,-0.6595259,-0.6318652
TEST_09676,1.5570319,-0.78899544,-0.15029609
TEST_09677,1.3508075,0.29491448,0.17332996
TEST_09678,3.448926,0.7955743,-0.9194034
TEST_09679,2.3689113,0.6481795,-0.23044913
TEST_09680,4.449056,-1.8995919,-0.2366525
TEST_09681,4.6076856,0.37351817,-0.18886028
TEST_09682,2.5911512,0.738163,1.3230568
TEST_09683,1.3985846,0.4056529,-0.4320324
TEST_09684,3.7193084,0.9683392,0.24081914
TEST_09685,0.8777592,0.11905111,-0.1769962
TEST_09686,3.4023542,0.94916016,0.3606684
TEST_09687,3.5000896,1.0907717,0.47745588
TEST_09688,5.3472433,-1.1917615,0.6457615
TEST_09689,3.805992,-0.13906509,0.34409577
TEST_09690,2.107233,0.510103,-0.33282563
TEST_09691,3.3577352,-0.3502435,-0.37931764
TEST_09692,1.2363663,-0.18599297,0.14704989
TEST_09693,3.253738,0.62190056,-0.5504245
TEST_09694,1.1239458,-0.5646602,-0.2737524
TEST_09695,1.9988077,-0.07864638,0.4861689
TEST_09696,3.0362883,1.1267846,1.8992704
TEST_09697,2.9992666,0.36251447,0.063944094
TEST_09698,1.785095,1.4201027,-0.35855386
TEST_09699,4.6934195,1.4372716,0.5859743
TEST_09700,1.9572456,0.521385,0.5200682
TEST_09701,3.0206032,-0.07931552,-0.1874728
TEST_09702,1.7135041,-0.50441206,-0.12578522
TEST_09703,3.010771,0.76580524,-0.22161105
TEST_09704,3.4861038,0.32153502,1.0472978
TEST_09705,5.6479936,1.0126141,-0.37408996
TEST_09706,2.874539,-0.6057898,0.48025787
TEST_09707,3.60805,0.07352783,0.40605423
TEST_09708,1.5265818,0.657606,-0.44565332
TEST_09709,2.4604692,-1.2784054,0.06875568
TEST_09710,2.946962,0.051828295,0.92827445
TEST_09711,3.0776856,-1.0086606,-0.70768577
TEST_09712,1.8209047,0.39925516,0.1653932
TEST_09713,1.7694255,0.18330625,0.24318063
TEST_09714,2.6051018,-0.16656838,0.1022188
TEST_09715,2.2879348,-1.1665858,-1.0072993
TEST_09716,3.4419239,1.5952405,0.052823156
TEST_09717,3.2433772,-0.71276176,-0.36432636
TEST_09718,1.5924486,0.90853304,-0.16301073
TEST_09719,2.8199599,-1.3584025,1.1813669
TEST_09720,2.809051,-1.8528785,-0.89998704
TEST_09721,4.121306,1.0875039,0.5232865
TEST_09722,2.6977105,-0.49712044,1.5385914
TEST_09723,4.2487082,-1.3090371,0.56457204
TEST_09724,2.4334486,-0.017396286,-0.17888317
TEST_09725,1.3311012,-0.3107707,0.18171391
TEST_09726,1.8116606,-0.87063605,-0.34207886
TEST_09727,1.9273129,-0.4373692,0.25358483
TEST_09728,6.2427626,1.86592,-0.900424
TEST_09729,1.5475054,0.24980481,0.15196234
TEST_09730,3.1417627,-0.3422243,-0.72713035
TEST_09731,4.2648377,-0.21889609,-0.6276302
TEST_09732,2.3118494,0.83272773,-0.478289
TEST_09733,0.85019517,-0.05321953,0.023469388
TEST_09734,2.6292286,0.38076568,1.5385371
TEST_09735,2.0327215,0.6526541,0.43837053
TEST_09736,2.1372554,0.0035206545,1.2976898
TEST_09737,3.3817189,-0.966863,0.045462053
TEST_09738,3.2509744,0.54310876,1.3447341
TEST_09739,1.9366298,0.60237736,-0.024328517
TEST_09740,1.4721296,0.0662569,0.26183465
TEST_09741,2.3505228,0.109203294,0.30657262
TEST_09742,1.2996439,-0.42120153,0.24656084
TEST_09743,1.7869347,0.6679932,-0.244012
TEST_09744,3.928135,0.04942543,0.3463643
TEST_09745,2.863669,-1.641289,-0.8003267
TEST_09746,3.3718412,0.5686924,-0.7423062
TEST_09747,3.4905088,0.32468364,0.031651348
TEST_09748,2.6905682,0.1411,0.7193498
TEST_09749,4.50332,0.38978446,0.71598524
TEST_09750,4.861055,-0.25693002,-0.39353135
TEST_09751,1.5241399,-0.1468117,0.025837678
TEST_09752,3.2302465,-0.83842486,-1.1071303
TEST_09753,2.324938,-0.28272176,0.19762093
TEST_09754,1.9668826,-0.3000153,0.3058956
TEST_09755,1.0704147,0.15673515,-0.04815799
TEST_09756,2.4690144,-0.04581467,0.21211077
TEST_09757,1.5164558,0.70493925,0.42304286
TEST_09758,1.961424,-0.7683618,0.8986752
TEST_09759,3.1000383,1.847543,-0.27725667
TEST_09760,4.249732,-1.8378466,0.28633818
TEST_09761,4.786249,-0.22041024,0.51664793
TEST_09762,1.7769172,0.116604,0.66796863
TEST_09763,1.33571,1.0764762,0.5895052
TEST_09764,1.5178703,-0.00746968,0.23860613
TEST_09765,1.9944036,-0.29578334,-0.20850612
TEST_09766,1.4808388,0.30161807,-0.07535674
TEST_09767,4.4244304,1.0478987,-0.8342976
TEST_09768,1.4977248,-0.3627539,0.3469446
TEST_09769,2.999475,0.14550267,0.3308665
TEST_09770,1.9773791,0.2721352,-0.5906715
TEST_09771,3.5958292,-0.4078984,-0.060504388
TEST_09772,2.9897616,0.48600417,1.1502111
TEST_09773,1.3013841,0.03162919,0.13659331
TEST_09774,1.6326672,-0.07433698,0.51413304
TEST_09775,3.1426764,0.31327125,0.67700124
TEST_09776,2.190223,0.5412903,1.100935
TEST_09777,2.0165834,0.56490296,-0.26368093
TEST_09778,4.848942,-0.85761356,0.29660612
TEST_09779,2.6193714,-0.64047235,-0.6162984
TEST_09780,2.4609606,0.4111278,-0.29353034
TEST_09781,3.2273674,-0.28809732,0.4318418
TEST_09782,1.485993,0.32936412,0.36509764
TEST_09783,3.073352,-0.5176053,-0.8314446
TEST_09784,3.8548317,-0.06893503,0.91283476
TEST_09785,4.2812147,0.5464739,0.59376055
TEST_09786,2.3713164,-0.45399258,0.9138438
TEST_09787,4.2467523,0.55724484,0.069425106
TEST_09788,2.0289278,-0.19250244,-0.25356892
TEST_09789,4.385826,-0.77516687,-0.023622094
TEST_09790,1.1416572,-0.064570904,0.34901136
TEST_09791,2.3519483,-0.050432816,-0.048865523
TEST_09792,2.378158,-1.4693327,-0.27216947
TEST_09793,3.054993,-1.5517392,1.1262877
TEST_09794,2.9696703,0.19978988,0.62106156
TEST_09795,1.9139608,-1.1172932,0.2535545
TEST_09796,1.877292,0.2689903,-0.26631048
TEST_09797,2.109745,-0.30546877,0.49480587
TEST_09798,2.2462618,0.27989584,0.7880341
TEST_09799,5.4684715,1.1442288,2.0768185
TEST_09800,4.3482685,0.6056463,0.53146154
TEST_09801,2.0192983,-0.9437375,-0.3642689
TEST_09802,3.9925911,0.046215866,0.41083875
TEST_09803,1.2587532,-1.4949387,0.1727177
TEST_09804,2.2249477,0.18062651,-0.02204604
TEST_09805,2.814842,0.7764416,-0.53207815
TEST_09806,3.4743016,0.95753074,0.8899974
TEST_09807,3.3003058,-1.0301745,0.5744174
TEST_09808,5.4112835,0.11755531,0.8266728
TEST_09809,2.1567113,0.65268475,0.16301683
TEST_09810,3.23817,0.18453418,0.8997769
TEST_09811,1.1062238,0.45889345,0.038224973
TEST_09812,3.3306603,-1.6597654,-0.2133969
TEST_09813,2.816418,-0.33212614,-0.16614233
TEST_09814,2.6647801,0.96579593,1.3704777
TEST_09815,2.278119,-0.19192405,0.12894478
TEST_09816,2.557215,0.16763245,0.88060355
TEST_09817,3.1578047,-1.6627682,0.46619144
TEST_09818,3.7370708,-0.14542435,-0.8946192
TEST_09819,4.0477295,-0.11752672,-0.110939115
TEST_09820,2.4044657,-0.27597445,-0.34457922
TEST_09821,2.2045622,0.31485176,0.7070658
TEST_09822,1.4607201,0.45139378,0.504137
TEST_09823,1.8925333,-0.5067068,0.7252861
TEST_09824,3.9269092,-0.47942036,0.38862026
TEST_09825,5.286474,-0.83690894,-0.049972113
TEST_09826,3.4757447,0.3227965,0.64122826
TEST_09827,2.6631896,-0.6665067,-0.31594017
TEST_09828,3.7163513,-0.23011073,-0.50564957
TEST_09829,1.0117259,0.25466394,0.6638339
TEST_09830,2.8232064,1.2922744,1.1418091
TEST_09831,2.907455,0.77209514,-0.528001
TEST_09832,2.8526404,1.2162236,0.8244066
TEST_09833,3.561148,-2.1135182,-0.35261175
TEST_09834,2.8548174,-0.113489494,0.6564251
TEST_09835,1.7322619,-0.63419354,0.4513893
TEST_09836,4.012541,-0.6048888,1.1990203
TEST_09837,2.6486745,-1.2801291,-0.1974106
TEST_09838,2.8928301,0.33940235,1.2186066
TEST_09839,4.0001163,-0.7683263,-0.9075169
TEST_09840,4.121305,0.34346992,1.6023709
TEST_09841,1.9025385,0.5872193,0.17128175
TEST_09842,3.753007,-1.1503414,-0.369976
TEST_09843,1.4951923,-0.39764422,-0.06868589
TEST_09844,3.0285451,-0.5442661,0.86768466
TEST_09845,2.375316,-0.09941451,0.1968334
TEST_09846,4.2939787,-0.7200882,0.07125023
TEST_09847,2.686876,-0.88710266,-0.443527
TEST_09848,4.46135,1.4074644,0.12243594
TEST_09849,2.1095703,0.54906034,-0.1266232
TEST_09850,3.188953,-0.4938166,-0.52122164
TEST_09851,2.5959077,-0.036189497,-0.19408143
TEST_09852,4.8482056,0.92685777,1.2534229
TEST_09853,1.5040274,0.08029085,0.13590623
TEST_09854,3.040456,1.0468326,-0.84426993
TEST_09855,1.9508013,0.86328065,-0.40303046
TEST_09856,2.4274406,-1.0481465,1.25849
TEST_09857,3.8702395,-0.89266694,-0.565042
TEST_09858,1.6864423,0.72768545,-0.16909249
TEST_09859,1.987751,-1.0029494,0.44363505
TEST_09860,2.6000857,-0.6567093,-0.28600198
TEST_09861,3.3742976,-0.24118254,-0.59873676
TEST_09862,1.4729071,0.26769805,0.27970842
TEST_09863,3.6194649,-0.49358517,-0.06570547
TEST_09864,1.681553,0.3982511,-0.63584465
TEST_09865,2.9718647,1.577909,0.5945775
TEST_09866,1.633553,-0.72157043,-0.35713872
TEST_09867,1.842061,-0.49148777,0.051106475
TEST_09868,3.3744469,1.0352432,0.055453412
TEST_09869,3.02451,1.1050049,0.8773347
TEST_09870,1.7902008,0.8521642,-0.15159889
TEST_09871,1.3943568,0.57093096,-0.10410632
TEST_09872,2.9879384,1.016257,0.8013947
TEST_09873,2.5006866,-1.4616605,-1.1215926
TEST_09874,3.307146,-0.043908957,-0.046903882
TEST_09875,2.0852063,-0.14325275,0.22911827
TEST_09876,2.8030305,-0.84248143,-0.0706258
TEST_09877,3.4190686,-1.0518109,-0.65191686
TEST_09878,1.9306418,0.66469055,0.38970536
TEST_09879,4.351926,-1.0633321,2.0402677
TEST_09880,3.1299407,-0.05804542,0.8535936
TEST_09881,1.9121729,-0.9705391,0.2760409
TEST_09882,1.3789195,0.814313,-0.03435647
TEST_09883,2.538334,-0.31556097,0.047285706
TEST_09884,2.954913,0.52132756,1.5218331
TEST_09885,2.890394,-0.8507049,0.4293752
TEST_09886,3.0918143,0.35097167,0.9264833
TEST_09887,1.5057921,-0.4124147,-0.28592306
TEST_09888,4.8098636,-1.4659959,-0.13365674
TEST_09889,3.442548,0.020697817,0.07601377
TEST_09890,1.0421783,0.03324946,0.3735418
TEST_09891,2.0413036,-0.39706522,0.19780967
TEST_09892,2.3502955,-0.8031553,-0.086905204
TEST_09893,1.7903485,-0.5159378,0.22861311
TEST_09894,1.8235667,1.3988955,0.6671317
TEST_09895,1.8719223,0.77096605,0.43899128
TEST_09896,2.6724284,0.49831614,0.07411914
TEST_09897,2.291344,-0.2851699,0.45729253
TEST_09898,2.3925583,1.4030923,-0.6706015
TEST_09899,1.7349589,-0.79521483,-0.30005777
TEST_09900,1.5493755,0.3209011,0.06680196
TEST_09901,2.0047927,0.30559686,-0.12764469
TEST_09902,1.6910766,-0.63052666,0.4475746
TEST_09903,3.8263738,-0.16228704,0.61064
TEST_09904,4.247064,-0.7153048,0.19817747
TEST_09905,1.7925018,-1.418405,0.480985
TEST_09906,1.3735659,-0.49568826,0.20116845
TEST_09907,2.0104504,0.70102566,0.18126923
TEST_09908,1.8044236,-0.59798473,-0.22420096
TEST_09909,3.7625213,0.27782837,-0.38253307
TEST_09910,5.0225463,1.3353161,-0.529308
TEST_09911,2.876751,-0.53583163,-0.22761536
TEST_09912,2.5398867,1.6352696,0.104398854
TEST_09913,3.6837068,-1.174144,0.11889155
TEST_09914,1.5476255,-0.019308325,0.075317934
TEST_09915,0.74505216,0.23394956,-0.09609528
TEST_09916,2.4132056,0.08624085,-0.7004374
TEST_09917,2.3326585,-1.6811363,-0.22494338
TEST_09918,2.3502965,-1.4063513,0.97523725
TEST_09919,3.934272,-0.7798621,1.8948389
TEST_09920,2.9556355,-0.39247036,0.2334901
TEST_09921,2.1340704,1.1123748,0.2370652
TEST_09922,1.353329,-0.4188618,-0.38906226
TEST_09923,3.2562835,-1.0672469,0.65102434
TEST_09924,1.6831009,0.11400167,0.49385232
TEST_09925,2.0415764,0.7105263,-0.49206513
TEST_09926,4.5719085,-0.74797416,-0.15708618
TEST_09927,5.1005073,-1.0068805,0.89131826
TEST_09928,0.9522253,-0.34465992,0.2081064
TEST_09929,1.5739192,-0.17176253,0.10564235
TEST_09930,1.8827925,0.40415594,0.24305479
TEST_09931,2.513056,-0.074227646,-0.22049029
TEST_09932,1.4088607,-0.17942469,-0.5653829
TEST_09933,3.1743715,0.03560809,0.43275413
TEST_09934,1.657446,0.69097185,0.70879835
TEST_09935,1.6151994,0.73400587,-0.31251544
TEST_09936,2.7677908,-1.4088494,1.6052473
TEST_09937,1.143747,-0.15697536,0.53415674
TEST_09938,4.907945,1.4423537,0.38321066
TEST_09939,4.0937743,-0.6026959,1.2488695
TEST_09940,3.2513545,0.2757871,-0.70444745
TEST_09941,2.2085245,-0.57831997,-0.54984003
TEST_09942,1.6622816,0.063906215,-0.2361714
TEST_09943,4.1351995,-0.9573076,-1.0228229
TEST_09944,1.8060852,0.43352634,0.44906884
TEST_09945,3.7858436,0.61324507,1.2025496
TEST_09946,2.0648954,0.2072387,-0.4737047
TEST_09947,3.9715617,0.008311538,-0.10583836
TEST_09948,2.8394845,-0.5613742,0.7287164
TEST_09949,4.471314,-0.028648105,1.33021
TEST_09950,1.9834211,-0.487145,-0.38442108
TEST_09951,1.6863707,-0.6749184,-0.13396905
TEST_09952,1.1834201,0.28297514,0.47930488
TEST_09953,2.510611,1.0427911,-0.8390008
TEST_09954,2.8359945,0.1289126,0.285506
TEST_09955,1.3060021,-0.5013848,-0.15745492
TEST_09956,1.9639869,-0.77989084,0.0323632
TEST_09957,3.4261107,-1.2296808,-0.39999652
TEST_09958,2.9307578,-0.45631304,-0.59799296
TEST_09959,4.719063,1.1994854,0.0035484773
TEST_09960,3.0107045,0.83434206,-0.10732946
TEST_09961,3.2519462,-1.0749763,0.8728952
TEST_09962,2.8646123,-0.81468415,1.1257572
TEST_09963,3.6364853,-0.28860325,-0.24061382
TEST_09964,2.8415892,-0.079626575,-0.45725328
TEST_09965,0.94018036,0.3544002,0.22494642
TEST_09966,5.049359,-0.89101475,0.5913141
TEST_09967,4.0517597,-1.0928584,1.2947724
TEST_09968,5.1659436,-1.6740952,0.81252253
TEST_09969,1.919772,0.6377713,0.1431448
TEST_09970,2.2148442,0.23229,0.46469197
TEST_09971,0.72975695,0.11411693,0.045100413
TEST_09972,2.281441,0.01852278,0.5882567
TEST_09973,2.9563048,0.23248397,-0.1431189
TEST_09974,2.818578,0.932674,0.8775275
TEST_09975,2.0592186,-0.5791566,0.3054661
TEST_09976,0.9103797,0.076587126,-0.18160823
TEST_09977,1.1169809,-0.24257448,-0.15728037
TEST_09978,3.1222074,-0.5679409,1.0978075
TEST_09979,3.6095386,-0.4598145,-0.21298547
TEST_09980,3.1946483,1.0237857,0.6305296
TEST_09981,1.1017561,0.24692489,0.16929038
TEST_09982,1.3905873,0.27222106,0.34699816
TEST_09983,0.99986523,-0.0924298,0.118180804
TEST_09984,0.7820051,0.20391278,0.04252454
TEST_09985,4.134386,-0.3576837,0.97546256
TEST_09986,2.326861,0.41583768,-0.8481302
TEST_09987,1.5501482,0.51033384,0.60316586
TEST_09988,2.0124757,-0.063464776,0.19544059
TEST_09989,3.2810125,1.6130935,-0.60178035
TEST_09990,2.7072282,0.61182517,0.63083863
TEST_09991,2.7482107,0.42591402,0.54730815
TEST_09992,1.6552188,-0.6103037,-0.81536174
TEST_09993,2.787519,0.9929763,0.87277025
TEST_09994,1.5033118,-0.24161734,0.38804343
TEST_09995,1.0956094,0.45896035,0.37660974
TEST_09996,4.498866,-1.4880193,0.76469976
TEST_09997,3.0887332,0.6332672,0.69418484
TEST_09998,1.4109524,0.60343814,-0.3919176
TEST_09999,4.2362375,-0.23105976,1.6525112
TEST_10000,1.039032,-0.2675343,-0.07353991
