id,x,y,z
TEST_00001,3.9889636,-1.0531853,0.045003712
TEST_00002,1.9295526,0.61768115,0.79754037
TEST_00003,0.8061268,-0.18961836,0.14697747
TEST_00004,3.5294623,-1.6466303,-0.9404112
TEST_00005,2.3033195,0.016705874,-0.039607342
TEST_00006,4.998065,-0.7895912,0.4965756
TEST_00007,2.8997202,1.0030539,0.8353152
TEST_00008,1.4855363,-0.4247334,0.40627024
TEST_00009,1.455869,0.482976,0.14917797
TEST_00010,2.258461,-0.4104606,0.16935286
TEST_00011,2.3304973,-0.46270666,0.020818856
TEST_00012,4.02074,1.5030596,0.8976257
TEST_00013,2.5502503,0.5830218,-0.3133225
TEST_00014,2.157774,1.4930811,-0.2114784
TEST_00015,3.0015843,-0.68691415,0.8671197
TEST_00016,3.2885575,0.5014419,-0.5350983
TEST_00017,4.004326,0.8537106,1.1599997
TEST_00018,3.0722737,0.26242793,-0.48692045
TEST_00019,1.4123142,0.08644518,0.29015386
TEST_00020,1.8775212,0.06576652,0.030152798
TEST_00021,3.5106766,-0.3700503,-0.143217
TEST_00022,1.4016461,0.29743326,-0.2752041
TEST_00023,2.1412487,0.39892048,0.6790323
TEST_00024,3.7608793,-0.5852462,0.81746423
TEST_00025,4.925872,1.6184317,1.215938
TEST_00026,1.7891744,-0.5954771,-0.5102046
TEST_00027,3.460282,0.18745393,-0.33773062
TEST_00028,3.4266691,0.48253235,-0.06321665
TEST_00029,2.1746986,-1.144283,1.3395655
TEST_00030,3.534966,-0.19052494,1.2248739
TEST_00031,1.3512204,-0.9073452,-0.10260674
TEST_00032,2.4974666,-0.80966836,-0.020418055
TEST_00033,2.161663,-0.5923253,0.47327137
TEST_00034,1.9925188,-0.15064612,0.39663562
TEST_00035,2.044409,-0.1283312,-0.23869357
TEST_00036,3.5249596,-1.4053077,-0.54735833
TEST_00037,2.837837,-1.576068,0.18665166
TEST_00038,0.9643851,0.3990893,-0.32438022
TEST_00039,5.155953,0.77319545,-1.1260598
TEST_00040,2.3717666,0.32000697,-0.26277378
TEST_00041,3.2218149,-0.41219416,0.69320595
TEST_00042,3.3482707,-1.5039687,-0.50846356
TEST_00043,4.089101,1.6755168,0.9000085
TEST_00044,2.4163506,-0.7569861,-0.22560853
TEST_00045,1.5662388,0.4122679,-0.1222893
TEST_00046,4.44635,-0.16592441,0.6023872
TEST_00047,1.4812367,-0.2652323,-0.23029944
TEST_00048,4.149783,-0.9404579,0.49085212
TEST_00049,2.2219398,0.30302793,0.29583552
TEST_00050,1.0787263,0.54419434,-0.2397645
TEST_00051,3.2211943,-0.36095303,-1.05189
TEST_00052,4.3897853,0.57475895,1.5036036
TEST_00053,2.7874343,0.063364856,0.16307129
TEST_00054,2.5467901,0.21844058,0.9953927
TEST_00055,1.54661,0.08498735,0.36034247
TEST_00056,3.3773382,-0.76798207,-1.11252
TEST_00057,1.3446306,0.21793006,-0.1799857
TEST_00058,3.5343518,-0.6153937,-0.27192098
TEST_00059,3.1896112,-0.45081636,-0.1388651
TEST_00060,2.0202508,-0.9343371,-0.64068407
TEST_00061,1.9271766,0.016350724,0.341082
TEST_00062,2.1805308,0.04523819,0.7920814
TEST_00063,2.7110524,-0.012493329,-0.74232644
TEST_00064,1.8529129,-0.23852813,0.540848
TEST_00065,2.8616912,-1.3789611,-0.7446359
TEST_00066,2.3031542,0.5251719,-0.3312679
TEST_00067,3.6525853,0.13324033,0.18999207
TEST_00068,3.1239944,-0.21541312,0.03870551
TEST_00069,3.059827,-0.41836515,-0.2732386
TEST_00070,1.3569721,0.5207247,0.52248985
TEST_00071,2.6884563,-0.7873727,0.6603666
TEST_00072,2.2532244,1.0318158,0.777163
TEST_00073,3.1230295,-1.1809288,0.91895306
TEST_00074,1.3462186,0.53776383,0.22172202
TEST_00075,0.9277105,0.33282447,-0.263801
TEST_00076,3.964681,0.19650578,1.0478449
TEST_00077,3.3499067,-1.3250995,-1.0871751
TEST_00078,1.2690206,-0.47025523,0.19649825
TEST_00079,4.741403,-1.3918883,1.3061409
TEST_00080,1.4371945,0.48713103,0.41188365
TEST_00081,3.6234908,-1.1682876,1.2462331
TEST_00082,2.2152312,0.20679419,0.3995976
TEST_00083,2.9916368,0.6530618,0.5677423
TEST_00084,2.6033885,0.3029206,-0.18800002
TEST_00085,1.9782406,-0.43157768,0.026532687
TEST_00086,2.1129074,1.2898121,0.2034117
TEST_00087,3.9211345,-0.8748174,0.60580504
TEST_00088,5.236859,-2.183747,1.3130078
TEST_00089,3.313498,-0.0054523945,0.14577231
TEST_00090,3.02324,0.6220902,0.4757807
TEST_00091,1.2368389,-0.3134963,0.21146068
TEST_00092,2.003151,-0.46568486,-0.5268838
TEST_00093,2.4454498,0.49600878,-0.36781952
TEST_00094,1.7695719,0.5805047,0.2709427
TEST_00095,3.839544,-0.215064,-0.8680316
TEST_00096,2.0954788,0.8218534,-0.4302597
TEST_00097,2.818161,-0.08943431,0.24043208
TEST_00098,4.8079047,-1.0772929,-0.11924817
TEST_00099,3.6645017,0.8184827,0.72320676
TEST_00100,1.0389394,0.29572892,0.36957443
TEST_00101,1.5987841,-0.34629864,-0.10416039
TEST_00102,1.8436295,0.49808607,0.41845173
TEST_00103,3.7211401,0.08123352,0.79066145
TEST_00104,2.0062068,0.076141104,-0.2666827
TEST_00105,1.2628704,0.52203065,0.38964006
TEST_00106,3.1644938,-0.0821021,-1.1026039
TEST_00107,4.172829,-0.3867544,1.074362
TEST_00108,3.0059433,-1.0616512,-0.50062346
TEST_00109,1.0196073,-0.1690791,-0.121266976
TEST_00110,2.544837,-1.6523691,0.42661595
TEST_00111,2.9960558,-0.42642966,-0.6428588
TEST_00112,3.5250552,0.47880244,-0.5801713
TEST_00113,3.0505672,-0.14537114,0.4701029
TEST_00114,2.8361373,-0.44166595,1.1871239
TEST_00115,1.2120671,-0.18164527,0.38765454
TEST_00116,3.6925423,-0.849737,-0.71288735
TEST_00117,3.1341426,0.461071,0.74378616
TEST_00118,1.6760935,0.61367005,0.49531752
TEST_00119,4.8521767,-0.027096994,-0.35982051
TEST_00120,2.7239902,-0.99923325,0.49897078
TEST_00121,4.8521204,-1.0332278,1.3190136
TEST_00122,4.2684536,0.51277167,0.5594953
TEST_00123,1.7095197,0.9254804,-0.10404803
TEST_00124,1.7433596,0.19626477,-0.18936194
TEST_00125,2.1246138,-0.77902627,0.7409171
TEST_00126,1.5313466,-0.35033047,-0.30913472
TEST_00127,1.9118024,0.3291861,0.13407558
TEST_00128,3.3333144,1.9580779,0.5236916
TEST_00129,3.5477784,0.4507292,0.46787363
TEST_00130,2.7116888,-0.123145446,-0.012025262
TEST_00131,1.5863463,0.11060602,0.29669434
TEST_00132,4.5094786,0.594539,0.605215
TEST_00133,2.339927,0.6371947,0.4942181
TEST_00134,1.4212285,0.79073304,0.40977
TEST_00135,2.0447688,0.92857915,0.34417412
TEST_00136,3.3638983,-0.11922335,-1.0066361
TEST_00137,1.8376415,0.8521946,-0.7187396
TEST_00138,3.1638763,0.55865306,-0.8102046
TEST_00139,1.7885311,-0.77632284,-0.50457525
TEST_00140,0.89167637,0.5135319,0.28521836
TEST_00141,1.9457535,-0.56942517,0.1338383
TEST_00142,1.1592976,-0.05182585,0.2261724
TEST_00143,4.198456,0.16336986,0.9523257
TEST_00144,2.1366494,-0.19594365,-0.080339365
TEST_00145,5.174814,0.0104073305,-0.55008245
TEST_00146,3.0716143,-0.21938327,-1.281946
TEST_00147,2.1979005,-0.08601605,0.7353933
TEST_00148,2.797915,1.0034034,-0.5784583
TEST_00149,3.3623226,1.1906157,0.54141647
TEST_00150,4.735456,1.0729148,0.80332935
TEST_00151,2.311673,0.10234102,-0.13640986
TEST_00152,2.4549618,0.81538963,0.4208676
TEST_00153,3.7428968,-0.37591693,-0.57688046
TEST_00154,2.9440794,0.23193578,-0.20972908
TEST_00155,1.9803178,0.18080373,-0.5891689
TEST_00156,1.9520923,-0.47316003,0.39759886
TEST_00157,2.3910198,-0.56117505,0.6146574
TEST_00158,2.6705534,-1.4319922,1.0753279
TEST_00159,3.8418386,-1.2366627,2.1109343
TEST_00160,1.5121368,-0.018964633,-0.07925994
TEST_00161,1.1288098,0.59936976,0.026372813
TEST_00162,1.3213483,0.9341882,-0.08046079
TEST_00163,3.7010803,0.2031866,0.05223918
TEST_00164,2.508721,0.07720317,1.0394609
TEST_00165,1.9008973,0.45768732,0.50416017
TEST_00166,2.9381342,-0.56618714,-0.17722934
TEST_00167,3.781041,-0.055922396,0.2672304
TEST_00168,5.489986,0.30905896,0.0992297
TEST_00169,2.6291656,-0.46721655,-0.18093072
TEST_00170,0.90204275,0.3992143,0.27817088
TEST_00171,3.4558098,-0.13637407,-0.030899193
TEST_00172,4.9792337,0.78416246,-0.8785218
TEST_00173,1.2958452,0.17691371,-0.07782273
TEST_00174,3.1305933,1.9357218,-0.18204422
TEST_00175,3.3969734,0.57759,0.5184479
TEST_00176,0.9809028,-0.607554,-0.17624216
TEST_00177,1.5505,0.7667766,-0.21482942
TEST_00178,5.2261763,0.5664434,-0.12938447
TEST_00179,3.8257673,1.4290162,0.12526113
TEST_00180,3.137886,0.39267352,0.26815388
TEST_00181,2.8878188,0.16278186,0.019091714
TEST_00182,1.4788394,-0.4220273,-0.3232346
TEST_00183,2.0699217,-0.18568483,0.36518824
TEST_00184,3.085726,-0.0955531,-0.2553387
TEST_00185,3.0255046,0.84184366,-0.43909013
TEST_00186,2.4545777,-0.10654363,-0.3849231
TEST_00187,3.6135879,-0.6551178,0.33871633
TEST_00188,2.515123,-0.35465747,-0.0094979275
TEST_00189,1.4280453,0.73867214,0.30183223
TEST_00190,3.0131733,-1.8798385,1.152913
TEST_00191,2.7830317,0.41892996,0.35536167
TEST_00192,2.3568816,-0.6909198,1.1012713
TEST_00193,2.9057527,-1.1172601,1.1042829
TEST_00194,1.3766384,0.16942944,0.09340971
TEST_00195,2.217018,0.6490105,0.5334631
TEST_00196,3.3156834,-0.2770656,0.5285158
TEST_00197,1.9911466,-0.034747146,0.086825974
TEST_00198,3.7231817,-0.19879037,0.73684865
TEST_00199,3.2940438,-0.57785404,-1.1077372
TEST_00200,4.746538,0.2853609,-0.19587362
TEST_00201,1.8174168,1.0944872,-0.19654875
TEST_00202,1.7726469,0.4175903,-0.4809488
TEST_00203,3.1100106,-0.41347694,0.07177601
TEST_00204,3.2139325,0.9794572,-0.010282204
TEST_00205,1.2839137,0.49131638,0.24462181
TEST_00206,4.153561,0.4145021,0.5435871
TEST_00207,3.8168492,0.7554524,-0.15154594
TEST_00208,4.5854535,-0.34367377,0.8288297
TEST_00209,2.2390864,0.6648644,0.17212318
TEST_00210,2.4706173,-0.1710175,0.20913854
TEST_00211,4.084839,0.2682292,0.17921586
TEST_00212,4.0748324,1.0404551,0.039742365
TEST_00213,2.259808,0.69941556,-0.26126686
TEST_00214,3.0723915,0.07538263,0.4119457
TEST_00215,2.8163357,0.2898218,0.27717093
TEST_00216,2.7978508,-0.5211556,1.5584465
TEST_00217,1.5026232,0.1713504,0.7263588
TEST_00218,5.290456,0.22350307,-1.2233533
TEST_00219,1.3702921,-0.29423943,-0.2219839
TEST_00220,3.2236378,-0.20780748,-0.7830352
TEST_00221,2.9902747,0.26916155,-0.10598537
TEST_00222,1.3845855,0.48393074,0.28273228
TEST_00223,3.7503881,-0.4061086,0.26852646
TEST_00224,1.2967435,0.58179766,0.0886852
TEST_00225,4.9410706,-1.7261815,-0.4139535
TEST_00226,3.019755,-0.26809764,-1.1109262
TEST_00227,4.505945,0.03894113,0.6185923
TEST_00228,2.2625935,-0.42371336,0.2141923
TEST_00229,3.9496388,1.7091929,-0.57147336
TEST_00230,2.305136,0.19506781,0.58147246
TEST_00231,2.7338457,0.81092626,0.11926028
TEST_00232,3.4308884,1.7407417,0.062190626
TEST_00233,3.317681,1.0383157,-0.8375297
TEST_00234,1.9637389,0.67177516,-0.050771832
TEST_00235,1.9941005,0.062876746,0.20232213
TEST_00236,3.4551094,-1.7286718,1.3442075
TEST_00237,2.1017258,0.93571305,0.19695169
TEST_00238,1.7455009,-0.24242707,-0.6535456
TEST_00239,6.320916,-0.56927955,-0.8340368
TEST_00240,2.5658083,1.6294502,0.59730715
TEST_00241,4.710259,0.8788946,1.3302665
TEST_00242,1.3110845,0.40767345,-0.3935732
TEST_00243,2.0256865,0.8345902,-0.88178295
TEST_00244,3.3541036,0.20841177,0.05902635
TEST_00245,2.2545626,0.9655932,-0.270638
TEST_00246,4.0230083,-0.26847604,0.16061097
TEST_00247,4.4832854,-1.0398564,0.31205335
TEST_00248,1.2314152,0.57275134,-0.10511496
TEST_00249,3.7901447,0.26623482,-0.44336164
TEST_00250,2.0529652,-0.006630361,-0.004316818
TEST_00251,3.6684127,-0.06577882,-0.09479702
TEST_00252,3.0748231,0.22453915,-0.5785793
TEST_00253,2.7740684,-0.31027108,-0.22642362
TEST_00254,1.6005015,-0.65615153,-0.022172708
TEST_00255,1.8834541,0.020173255,0.025733031
TEST_00256,1.0772947,0.35835278,0.6369302
TEST_00257,1.7942137,0.15428516,0.090092406
TEST_00258,2.5180998,0.78258955,0.4539876
TEST_00259,3.2542253,0.29986882,0.9950368
TEST_00260,2.406234,0.8729973,0.20273058
TEST_00261,1.6555287,0.11828488,0.44914523
TEST_00262,1.054003,-0.022420038,0.21940668
TEST_00263,2.1265159,0.33734462,0.6623269
TEST_00264,3.4669673,-0.06009153,-0.40746728
TEST_00265,1.2032182,0.4898791,0.57717586
TEST_00266,2.792189,0.41152626,-0.016113851
TEST_00267,1.271731,0.5450599,-0.30712777
TEST_00268,3.255764,0.30009922,-1.024284
TEST_00269,2.7778704,-1.3008845,0.40552545
TEST_00270,2.7875376,-0.49507597,-0.44110426
TEST_00271,3.034077,0.90655255,0.28080115
TEST_00272,2.687173,0.26849023,-0.30277774
TEST_00273,1.7909825,0.12814233,-0.35473323
TEST_00274,1.5690807,0.7026417,0.13172653
TEST_00275,2.111638,-0.30343452,0.35056096
TEST_00276,3.945111,-0.5079725,0.67925876
TEST_00277,3.3120909,-1.2393887,0.94511414
TEST_00278,3.924537,-1.1216553,-0.59068894
TEST_00279,5.384362,-1.4729781,-0.99877006
TEST_00280,3.1144907,1.5760075,-0.91594034
TEST_00281,2.0829434,1.5672848,-0.5600576
TEST_00282,1.4632037,-0.71904886,0.89205676
TEST_00283,1.3225956,0.5859844,0.47072944
TEST_00284,2.7192311,0.009490704,0.26736385
TEST_00285,1.5476367,0.33608097,-0.35114792
TEST_00286,2.0264475,0.24469969,0.25486553
TEST_00287,2.4158165,-1.0688028,-0.5122355
TEST_00288,5.435077,2.321429,0.60860467
TEST_00289,4.3482823,0.3807246,0.83241534
TEST_00290,1.98096,-0.32509783,-0.0067448183
TEST_00291,0.89744836,0.28550845,-0.07439869
TEST_00292,4.118339,0.98648787,1.8948872
TEST_00293,1.6553941,0.2114051,0.25307724
TEST_00294,1.8237578,-1.150407,0.23972133
TEST_00295,3.4564054,-0.13559774,0.5286612
TEST_00296,3.0067585,-0.7940595,-0.5779008
TEST_00297,1.5971501,-0.7056987,-0.34095418
TEST_00298,3.512566,0.94486415,-1.3285956
TEST_00299,4.364138,0.79575604,-0.587496
TEST_00300,2.1138804,0.8731806,-0.56947935
TEST_00301,1.6552159,0.1872562,-0.2800872
TEST_00302,1.6603259,-0.079240054,0.2839526
TEST_00303,3.1915488,0.5145362,-0.034353238
TEST_00304,1.8668859,-0.16118926,-0.45851085
TEST_00305,4.012384,0.60027397,0.8226188
TEST_00306,1.0295019,-0.3624595,0.050888926
TEST_00307,4.1580286,0.01448746,-0.81220007
TEST_00308,2.867366,-0.52823275,0.072160214
TEST_00309,3.6944633,-0.81595474,0.6106131
TEST_00310,5.1277165,-1.3376086,1.5990468
TEST_00311,2.945677,-0.8489858,-0.07555305
TEST_00312,1.2096356,0.30386904,-0.17866121
TEST_00313,1.7533497,-0.06135381,0.34495935
TEST_00314,2.2356055,0.20864251,0.042667188
TEST_00315,1.6480147,-0.38749337,-0.4503436
TEST_00316,3.5774455,-0.3292314,1.2629762
TEST_00317,3.41306,1.8592255,0.18302499
TEST_00318,1.4696516,0.25771174,-0.075885735
TEST_00319,5.3117657,-0.06977454,-0.38250253
TEST_00320,1.3010985,-0.19738574,-0.17162514
TEST_00321,5.357471,0.5352937,0.642376
TEST_00322,3.957523,0.3324225,-0.47873545
TEST_00323,3.8427567,0.9133186,0.81272495
TEST_00324,2.7227938,-0.6446318,-0.26470163
TEST_00325,0.89866763,0.20572972,0.251681
TEST_00326,4.798104,0.43500134,-0.2220999
TEST_00327,2.0485766,0.17978798,0.17903584
TEST_00328,3.3711236,-0.24473587,-0.30279467
TEST_00329,2.9175208,0.45447865,0.060065012
TEST_00330,1.55389,0.6171153,0.030851904
TEST_00331,0.8138458,0.16990125,-0.056200713
TEST_00332,2.7954397,0.41295734,1.0730762
TEST_00333,2.6770182,-0.7827128,-0.3623582
TEST_00334,1.3811533,0.9559126,-0.16856603
TEST_00335,3.7010322,0.12283315,-0.05002246
TEST_00336,2.9543743,-0.34319308,0.22431438
TEST_00337,1.8121656,0.24594973,0.18283367
TEST_00338,5.4760733,0.0064937575,-0.8526393
TEST_00339,3.692139,0.09259608,-0.022163808
TEST_00340,2.2955215,0.9598104,0.5228036
TEST_00341,3.5998259,0.13731483,0.07154065
TEST_00342,1.8601255,-0.5569794,-0.77791107
TEST_00343,1.5911342,-0.6649786,-0.3174017
TEST_00344,1.5288478,-0.1416936,-0.045628574
TEST_00345,1.6629845,-0.10553982,-0.15772715
TEST_00346,2.5753512,0.4351799,0.5557755
TEST_00347,3.880488,0.3489926,-0.697251
TEST_00348,1.9767176,0.53695536,0.0038380735
TEST_00349,2.0793009,-0.9875118,0.10288433
TEST_00350,3.367958,-1.5562981,-0.3182177
TEST_00351,2.3474057,-0.76864874,-0.56585306
TEST_00352,3.388016,-1.1021733,1.2135499
TEST_00353,3.532725,1.1982638,-0.600146
TEST_00354,2.7608452,0.29463643,-0.065374024
TEST_00355,1.8960145,-0.064509094,0.08232158
TEST_00356,2.3080263,0.4674412,0.12021963
TEST_00357,2.8520918,-0.7467532,0.20030667
TEST_00358,1.3849618,0.11418602,0.10125387
TEST_00359,2.9055595,1.3892953,0.20911482
TEST_00360,3.1328251,1.9628251,1.36948
TEST_00361,4.6529865,0.2516797,0.44372198
TEST_00362,2.5619338,-0.5193844,0.17795907
TEST_00363,3.0029612,0.10471321,-1.2560467
TEST_00364,3.7420592,-1.5106577,0.10338506
TEST_00365,2.9213161,0.6754358,0.874907
TEST_00366,5.1745796,-0.440093,-0.18763994
TEST_00367,1.877576,-0.465577,-0.46368924
TEST_00368,1.0582455,0.18755768,-0.32748967
TEST_00369,4.3131065,0.4280824,-0.4993263
TEST_00370,1.4448396,0.7698584,0.16686478
TEST_00371,1.877419,0.3732497,0.22282575
TEST_00372,1.6460471,0.46040994,0.6514671
TEST_00373,2.9822378,0.3770438,0.20782885
TEST_00374,1.0846661,-0.30837098,-0.2619371
TEST_00375,3.4451594,0.9526865,-0.2295745
TEST_00376,1.0999963,-0.69810086,-0.12825808
TEST_00377,2.2331376,-0.16165134,0.39955476
TEST_00378,1.6298976,-0.6678959,-0.09968092
TEST_00379,1.8013878,-0.9105663,-0.46901706
TEST_00380,2.7968345,-0.66138595,0.32520643
TEST_00381,3.487175,0.019629035,0.32331207
TEST_00382,2.1674583,0.32181615,0.47868603
TEST_00383,4.040069,-0.42083836,-0.40877983
TEST_00384,2.160975,-0.45183247,-0.52620405
TEST_00385,3.5648708,-1.4720333,-0.090306036
TEST_00386,3.0196707,-0.037255,-0.17204168
TEST_00387,2.1873782,0.02831807,-0.037998617
TEST_00388,1.666773,-0.1142077,0.19068399
TEST_00389,2.4160473,0.4637507,1.4420997
TEST_00390,4.4287357,0.28467238,-0.6495176
TEST_00391,1.6134493,-0.54243326,-0.059692774
TEST_00392,3.0651932,1.5995092,1.5316927
TEST_00393,1.9282712,-0.18509318,0.5566629
TEST_00394,2.8767884,-0.5995653,0.5704238
TEST_00395,1.0250034,0.11339699,-0.22466613
TEST_00396,3.8285134,0.7654488,0.32305282
TEST_00397,3.3622377,0.82638377,-0.8416187
TEST_00398,1.1760738,-0.122559786,0.27941522
TEST_00399,5.7656484,1.0367646,0.27573243
TEST_00400,3.917721,-0.13590431,0.24322219
TEST_00401,1.8360893,-1.1801134,-0.18344276
TEST_00402,3.7229264,1.2819569,0.33243704
TEST_00403,3.0192435,-2.3590758,0.4047956
TEST_00404,3.1305668,-0.247448,-0.48503476
TEST_00405,2.2094042,1.0765208,0.72689855
TEST_00406,2.9692595,-0.36412215,0.83462965
TEST_00407,1.3093344,0.8488222,-0.13730015
TEST_00408,4.531483,1.4840356,1.0831735
TEST_00409,3.1913128,0.34500328,0.25173765
TEST_00410,1.601314,0.45174658,0.39870286
TEST_00411,3.5902376,0.24264687,-0.32898048
TEST_00412,2.0957763,-0.44761163,0.5534034
TEST_00413,2.3258314,-0.35099024,-0.093108684
TEST_00414,1.7280447,0.4142948,-0.12139938
TEST_00415,3.962798,1.0073408,-0.5868527
TEST_00416,1.6181256,0.27518213,-0.20882227
TEST_00417,3.6101067,-1.4414577,1.20227
TEST_00418,1.8503785,0.26199695,0.23617743
TEST_00419,4.00236,0.40666753,0.48023966
TEST_00420,1.3500903,0.12975627,0.050137326
TEST_00421,2.94143,-0.44753343,-1.0073377
TEST_00422,1.6404855,-0.104980536,-0.6656803
TEST_00423,2.6164732,-0.73012996,-0.8528432
TEST_00424,1.1194396,-0.5279473,0.3413382
TEST_00425,2.571083,0.81921816,0.2944146
TEST_00426,3.1044624,0.2531904,-0.74313855
TEST_00427,2.9565947,-0.28572983,-0.5295238
TEST_00428,1.7653679,0.013778184,0.21986261
TEST_00429,4.1504984,0.041241918,0.07654211
TEST_00430,1.1414183,0.23536572,-0.32240212
TEST_00431,2.1839867,0.4130057,-0.0560849
TEST_00432,2.776311,0.46225291,0.5206825
TEST_00433,2.615296,1.1250374,-0.064353704
TEST_00434,1.2353524,-0.3613577,0.043588676
TEST_00435,1.8708518,0.75266564,-0.34139857
TEST_00436,2.166439,0.5169673,-0.023305563
TEST_00437,3.070877,-1.0209208,0.43535584
TEST_00438,2.8009028,1.5581156,0.05256997
TEST_00439,2.4631221,1.4366204,1.5507789
TEST_00440,2.9578161,0.4444748,0.62921464
TEST_00441,2.2672396,1.076182,-0.9028836
TEST_00442,2.77104,0.38924322,-0.23796198
TEST_00443,3.5451002,1.0077131,0.07252788
TEST_00444,2.664919,0.606009,0.4535569
TEST_00445,2.4716318,0.44590873,0.6257153
TEST_00446,1.9134943,0.45054042,0.0303819
TEST_00447,2.5100489,-0.38445684,-0.60332
TEST_00448,5.0505867,-0.36405957,-0.55898947
TEST_00449,4.759227,0.7668968,0.17651339
TEST_00450,3.252936,0.4328006,1.0882851
TEST_00451,3.2910843,0.108768724,0.33938712
TEST_00452,4.2688117,-0.372949,-1.0925238
TEST_00453,2.873288,0.058070667,-0.27405494
TEST_00454,2.780566,-0.3530752,0.66096276
TEST_00455,3.2564244,0.25041124,-0.42517796
TEST_00456,1.9472014,0.4266234,0.72769773
TEST_00457,3.7921832,1.1019155,-0.6950941
TEST_00458,4.397936,0.059108112,-0.28800288
TEST_00459,4.480389,1.4959027,-0.99782825
TEST_00460,1.8792373,0.4710412,0.33762625
TEST_00461,3.5751872,0.42034838,1.2329557
TEST_00462,2.3363695,-0.0696623,0.893137
TEST_00463,1.2656587,0.42442137,-0.19470851
TEST_00464,4.004154,0.6145832,-0.5298454
TEST_00465,2.8541288,0.09023889,0.050224178
TEST_00466,1.3158966,-0.65389794,0.21277109
TEST_00467,4.1750646,-0.1272573,0.53196734
TEST_00468,2.08061,0.11465912,-0.025725327
TEST_00469,2.353794,-0.31322613,-1.5476104
TEST_00470,2.6919773,-0.15435681,-0.41375178
TEST_00471,1.3211138,-0.58378065,0.13879679
TEST_00472,1.2893091,-0.7130654,0.54299575
TEST_00473,3.0421774,0.852089,0.6859925
TEST_00474,2.8009887,0.38703212,-0.28675377
TEST_00475,1.584242,0.023015726,0.71064943
TEST_00476,4.4501586,1.3598404,0.5744852
TEST_00477,1.7832339,0.30545044,0.21727346
TEST_00478,1.3470174,0.69534516,0.5688443
TEST_00479,3.6195047,-0.2951482,1.6325973
TEST_00480,3.8290768,-0.5503851,0.056334108
TEST_00481,4.036546,0.009523891,1.024284
TEST_00482,2.4624465,-0.32205424,0.2075846
TEST_00483,0.9788234,-0.4747228,-0.15819527
TEST_00484,2.1445446,0.05178798,0.52256376
TEST_00485,1.6304661,0.58795494,0.04593621
TEST_00486,1.1851141,-0.42392987,0.28292003
TEST_00487,1.0881157,-0.026814144,0.36519992
TEST_00488,2.3046186,1.1050804,-0.24510463
TEST_00489,3.2049356,0.28261903,-0.23133081
TEST_00490,2.007693,0.8541657,0.37744218
TEST_00491,3.5991707,0.1905969,1.1405662
TEST_00492,4.1992097,0.889999,1.5458972
TEST_00493,2.536224,-0.11784232,0.3203158
TEST_00494,1.9092366,1.0548059,0.002172112
TEST_00495,1.7772065,-0.36640608,-0.060002442
TEST_00496,2.1772187,0.70849794,0.37691322
TEST_00497,1.9894822,-0.6802608,0.047464386
TEST_00498,5.374448,-0.8177906,1.7891474
TEST_00499,4.111827,0.30281115,0.24223144
TEST_00500,1.964909,0.675212,0.4691076
TEST_00501,2.9580896,0.23353559,1.3224088
TEST_00502,1.8905861,0.43657494,0.14938806
TEST_00503,1.7936298,0.34951288,0.05905821
TEST_00504,1.9885486,0.0988615,-0.4889749
TEST_00505,3.5431776,1.5464458,-0.24728678
TEST_00506,1.8897983,0.32027727,0.4807469
TEST_00507,1.388148,-0.004552515,-0.24814723
TEST_00508,2.2856762,-0.9677425,0.37341303
TEST_00509,1.3155142,-0.43217146,0.67123365
TEST_00510,2.0282178,-1.5552016,0.59909064
TEST_00511,2.6789274,-1.0272484,-0.45897478
TEST_00512,2.6219113,1.1531583,-0.53540903
TEST_00513,2.54036,0.6387472,-0.5991596
TEST_00514,1.9100667,0.4985876,-0.22696592
TEST_00515,1.3278669,0.3199397,-0.105132736
TEST_00516,4.0274467,-0.37483138,1.0245223
TEST_00517,1.6387819,-0.38405558,-0.17581697
TEST_00518,3.8345394,0.49164706,-0.045523956
TEST_00519,3.5910528,-0.8184528,-0.9647483
TEST_00520,5.060102,-0.57738006,0.47951832
TEST_00521,2.1879728,-0.84598815,-0.08736723
TEST_00522,3.6270185,1.3114616,-0.0918587
TEST_00523,2.168128,-1.3563259,-0.27452806
TEST_00524,3.0838099,0.29526442,-0.37783584
TEST_00525,1.5831629,0.7103724,-0.20711613
TEST_00526,2.8019414,-0.7970052,-0.7562292
TEST_00527,1.7795728,1.0436074,0.23271726
TEST_00528,5.808572,-0.63643533,-0.6314317
TEST_00529,3.483751,0.24188344,-0.12711897
TEST_00530,2.9340587,-0.068923764,-0.80923665
TEST_00531,3.8675418,-0.2717008,-1.0477968
TEST_00532,2.4884071,-0.94988763,0.25884476
TEST_00533,2.67603,0.2256086,-0.23312253
TEST_00534,1.6690438,0.9851066,0.7510563
TEST_00535,1.8882599,-0.67640185,-0.07900751
TEST_00536,3.0200584,0.26199475,1.6444725
TEST_00537,4.033759,-0.6904789,-0.6159319
TEST_00538,3.514718,-0.0646645,-0.5731721
TEST_00539,2.4137325,0.9354881,-0.3225678
TEST_00540,1.0804151,-0.04532197,-0.1674466
TEST_00541,3.8257184,-0.4018434,0.3382219
TEST_00542,1.7713274,0.7809201,-0.107107475
TEST_00543,1.5221602,0.47098497,0.16463232
TEST_00544,3.7227316,-0.39492065,-0.5493126
TEST_00545,2.8225796,0.07961151,1.5223596
TEST_00546,1.1837755,-0.31921417,-0.18708745
TEST_00547,3.1180422,0.37079307,-0.46892354
TEST_00548,2.9269269,1.1841999,-0.39311326
TEST_00549,3.2647505,0.100841135,-1.0511395
TEST_00550,3.8791292,1.2188452,0.00075078197
TEST_00551,2.820006,-0.30780208,-0.2557213
TEST_00552,2.2931986,-1.2512863,0.4491738
TEST_00553,3.2000232,-0.22731942,0.56201226
TEST_00554,1.7447499,0.18319514,0.10234566
TEST_00555,2.072204,-0.7841115,0.12369605
TEST_00556,3.025644,-1.2314897,0.8306048
TEST_00557,2.5102868,-0.34551343,-0.13341615
TEST_00558,2.9580772,-0.4033525,-0.44717774
TEST_00559,3.8113463,-0.7269428,1.4343568
TEST_00560,3.440963,-0.4345619,0.9673062
TEST_00561,5.0170302,-1.9268656,1.2392479
TEST_00562,1.9285989,-1.584321,0.97833633
TEST_00563,1.0739098,-0.9263693,-0.11368208
TEST_00564,1.8339363,-0.120582476,0.2221835
TEST_00565,2.1715221,0.23521781,0.60554266
TEST_00566,3.096393,-0.4980647,0.4624207
TEST_00567,3.2756271,-0.59472424,0.33517513
TEST_00568,3.30224,0.87780267,-0.8296
TEST_00569,3.5617652,-0.09390918,0.76047975
TEST_00570,2.2169032,0.21381424,0.37578636
TEST_00571,3.0933938,-0.39218262,0.01330374
TEST_00572,1.5370843,0.16174704,-0.30147368
TEST_00573,0.96386665,-0.35872594,-0.102010995
TEST_00574,1.6157446,0.29903388,0.59053296
TEST_00575,3.1427205,0.1521184,0.15444748
TEST_00576,2.0327682,0.7510202,0.6301981
TEST_00577,2.3582215,0.9938381,0.33572292
TEST_00578,3.896529,0.23641065,0.620844
TEST_00579,2.5888324,0.07246763,-0.15344669
TEST_00580,1.6679449,-0.5920165,0.6307379
TEST_00581,2.849372,0.402045,0.67931646
TEST_00582,1.3696147,-0.12513232,-0.34657964
TEST_00583,3.7301812,0.05137799,-0.68072534
TEST_00584,4.074909,-0.30997258,0.08479734
TEST_00585,4.492596,-0.39482054,-0.47135165
TEST_00586,1.3486503,-0.14930177,-0.3373064
TEST_00587,2.0159082,-0.05153939,-0.122991
TEST_00588,2.6084557,-0.7830235,0.47237912
TEST_00589,1.0174937,-0.011981219,0.4526326
TEST_00590,4.0237393,-0.71010953,0.70902085
TEST_00591,3.0434308,0.062541604,-0.056812413
TEST_00592,1.790668,-0.67832047,-0.14185125
TEST_00593,3.3411477,0.7913699,1.1852206
TEST_00594,2.388743,0.43098697,0.44557545
TEST_00595,1.1233047,0.117886566,-0.17075887
TEST_00596,4.5601864,1.138917,-0.783625
TEST_00597,2.8506665,-0.3543342,0.5698859
TEST_00598,2.308487,0.11375351,0.7321257
TEST_00599,4.4751062,-1.8835975,2.2408454
TEST_00600,2.9286656,1.1588105,1.054298
TEST_00601,2.7688344,1.1129982,-0.47315156
TEST_00602,1.1647586,0.63445944,-0.107107036
TEST_00603,1.3436207,0.36749324,0.015151426
TEST_00604,3.5182076,-0.008099105,0.19242059
TEST_00605,1.1353261,0.5528916,-0.019473612
TEST_00606,4.7314124,0.74185026,0.9874095
TEST_00607,1.6756394,1.1987567,0.5332101
TEST_00608,2.0037546,1.5521978,0.35101333
TEST_00609,2.5276027,0.06750337,-0.5865638
TEST_00610,2.0789595,0.59380716,-0.1311593
TEST_00611,3.7423708,0.024120359,0.88121635
TEST_00612,3.4948256,-0.9825263,0.029439073
TEST_00613,2.7170236,-0.044278502,-0.38425902
TEST_00614,1.5467072,-0.2601905,0.33185652
TEST_00615,1.1934973,0.025586896,-0.14838749
TEST_00616,2.1134431,-0.444091,-0.5834555
TEST_00617,2.9407966,-0.26640645,0.946312
TEST_00618,2.374221,0.78269047,0.64286834
TEST_00619,3.3149004,1.0608,0.8738449
TEST_00620,2.224134,0.030189915,0.4831155
TEST_00621,3.033644,-0.46351543,0.4301232
TEST_00622,1.8778495,0.18286781,0.18435743
TEST_00623,3.9973128,0.5046791,-0.044893928
TEST_00624,3.105004,-0.09635861,-0.25348198
TEST_00625,2.96576,1.026073,-0.09090878
TEST_00626,3.1955235,-0.5699237,-0.83439827
TEST_00627,2.7322133,-0.1868771,0.15670541
TEST_00628,2.1545677,0.046767145,-0.15699026
TEST_00629,3.9778438,-1.0617788,-0.24646622
TEST_00630,3.3786442,-0.87027484,-0.76276827
TEST_00631,3.0539308,-0.73385423,-0.102580674
TEST_00632,2.9692779,0.60947025,0.56671387
TEST_00633,2.7006664,-0.81647587,0.77733725
TEST_00634,1.6728989,-0.25018615,0.20782985
TEST_00635,2.6366866,0.9129575,0.840821
TEST_00636,1.4064817,-0.4980136,-0.34006342
TEST_00637,3.1066208,0.16197604,1.0187334
TEST_00638,2.7532735,0.1453866,-0.06346771
TEST_00639,4.81301,0.7440944,-1.1881205
TEST_00640,4.617027,0.46271256,-1.0488284
TEST_00641,4.672174,-2.2073982,1.2087932
TEST_00642,1.6924621,1.0539142,0.8383734
TEST_00643,1.9293778,1.1274811,0.29025295
TEST_00644,1.706037,0.35463408,-0.29558057
TEST_00645,1.2950274,0.00999751,0.021262463
TEST_00646,2.4046776,-0.88371843,0.54841185
TEST_00647,2.3986063,-0.73390687,0.47397733
TEST_00648,3.3987892,-0.2935709,0.3911075
TEST_00649,1.7424625,0.6849974,0.2922987
TEST_00650,2.2148056,-0.11090999,-0.15839596
TEST_00651,2.1011221,0.6280667,0.2326637
TEST_00652,1.295673,-0.84717584,0.09014176
TEST_00653,2.5087583,-0.5736578,0.19770956
TEST_00654,2.1812606,-0.47602093,0.32240114
TEST_00655,2.7947295,-0.32180008,0.02550992
TEST_00656,1.4300843,0.714088,0.2297233
TEST_00657,2.0316594,0.54770815,-0.5478435
TEST_00658,1.7654082,1.0362084,-0.5548108
TEST_00659,2.7275944,-1.6298938,0.38735133
TEST_00660,2.8961544,0.41737467,-0.026577508
TEST_00661,1.4142623,-0.63805026,-0.22103526
TEST_00662,1.3506789,0.045187797,0.0829277
TEST_00663,3.2088935,0.55587614,0.21812901
TEST_00664,3.4440227,-0.26104823,-0.20936747
TEST_00665,3.562679,0.087187074,0.8019141
TEST_00666,2.833731,0.21359667,-0.12652707
TEST_00667,4.175459,-0.5307358,0.44522756
TEST_00668,2.9046323,-0.8855623,0.04584827
TEST_00669,2.6441424,0.9480276,1.1904018
TEST_00670,3.03648,-0.23766753,-0.5950084
TEST_00671,2.4036753,0.24773966,-0.011969738
TEST_00672,2.9163105,1.0031704,0.962117
TEST_00673,2.8747609,-0.76811594,0.4523554
TEST_00674,2.090547,-0.43616626,0.58977675
TEST_00675,1.8019743,-0.045808583,-0.5088765
TEST_00676,1.9749426,0.6863158,0.034500748
TEST_00677,3.207024,2.120363,0.5499286
TEST_00678,2.2212012,0.54887044,0.59085685
TEST_00679,5.8582153,0.6794825,-0.72226644
TEST_00680,3.0264404,1.5978972,0.21703191
TEST_00681,3.2378762,-1.3867415,1.0886242
TEST_00682,3.6596406,0.17661907,0.2757331
TEST_00683,2.5230687,0.26349992,0.9141329
TEST_00684,2.3412964,-0.16787829,0.6358876
TEST_00685,2.3516617,0.67285883,0.10980891
TEST_00686,1.5225211,-0.062685825,0.1911526
TEST_00687,5.0232334,1.3318148,-0.92168
TEST_00688,4.072921,-2.0944245,1.4569244
TEST_00689,3.3385012,0.017321592,0.71069026
TEST_00690,2.7240105,0.42999676,-0.6714315
TEST_00691,2.254375,-0.052058652,0.69700277
TEST_00692,1.9613864,-0.43190423,0.6076924
TEST_00693,2.314458,0.5505879,0.10274138
TEST_00694,2.879609,1.6700798,0.7975434
TEST_00695,0.94504416,0.5559829,-0.03411427
TEST_00696,2.6872842,0.43037236,-0.5824386
TEST_00697,2.4655929,-0.3752178,0.3936486
TEST_00698,5.295445,-1.6422212,-0.6353839
TEST_00699,1.2070658,-0.023261849,0.053621765
TEST_00700,1.0965942,0.059328824,0.37653708
TEST_00701,2.7232256,0.35650435,0.25860688
TEST_00702,1.4315251,-0.5636433,-0.27222914
TEST_00703,2.241959,0.15922403,-0.028866895
TEST_00704,2.210054,-0.70108986,-0.3799013
TEST_00705,2.6151521,1.3487519,-0.31426653
TEST_00706,2.6997464,-0.23291084,-0.10899379
TEST_00707,4.4026775,-0.20513004,-0.34064862
TEST_00708,2.0954819,0.14047945,-0.16067502
TEST_00709,4.1933365,-1.7235932,1.5042555
TEST_00710,2.494035,-1.7065487,0.7669697
TEST_00711,1.4843683,0.19954693,0.084590636
TEST_00712,2.6210897,0.16300808,0.9320715
TEST_00713,2.237592,0.82553804,-0.6074403
TEST_00714,2.932977,-0.15592624,0.049181066
TEST_00715,1.0694376,0.07386084,-0.07262905
TEST_00716,2.2046914,0.057495303,-0.66654336
TEST_00717,2.222155,0.22728108,0.28137615
TEST_00718,3.1277103,-0.6377856,0.934145
TEST_00719,3.1513846,-1.263933,-1.4979365
TEST_00720,2.9891677,2.3398075,0.4462987
TEST_00721,1.7849947,-0.7124271,-0.05484768
TEST_00722,4.1115704,0.3321334,0.43609095
TEST_00723,2.2127132,-0.3139436,0.75267863
TEST_00724,2.0606375,-0.2970839,-0.35831997
TEST_00725,0.84724563,-0.03241974,-0.18850292
TEST_00726,3.2426057,-1.0268306,-0.061160855
TEST_00727,3.4484642,-0.8947486,-0.6047113
TEST_00728,5.789099,-0.48169598,-0.39858228
TEST_00729,3.9426491,0.46050757,0.43779263
TEST_00730,2.8773,0.6302603,-0.011567241
TEST_00731,2.244181,0.5119918,0.15074192
TEST_00732,1.4396081,0.10329369,0.028664064
TEST_00733,2.832459,0.3480029,0.14247093
TEST_00734,1.4375128,-0.6178369,-0.11085598
TEST_00735,1.2071718,-0.01858532,0.3599015
TEST_00736,2.2238321,0.62756497,-0.3124763
TEST_00737,3.0441136,-1.4078869,0.704795
TEST_00738,4.8737326,0.90158844,-1.2854621
TEST_00739,4.0695696,1.509414,1.2740129
TEST_00740,2.60668,-0.47036666,-0.07487428
TEST_00741,1.191033,-0.4263085,0.41826743
TEST_00742,1.9409692,0.039704952,0.6022905
TEST_00743,3.6422653,-0.46376634,0.22883752
TEST_00744,2.2575812,-0.4152257,0.45827693
TEST_00745,2.5977027,0.3760892,1.0803034
TEST_00746,1.6429467,0.30528495,0.02925482
TEST_00747,3.6005652,-0.5789767,-0.7709675
TEST_00748,1.7326163,0.025685817,0.107631825
TEST_00749,3.717323,-0.31592956,1.198065
TEST_00750,1.3581953,0.7224033,-0.3108642
TEST_00751,2.8588166,-0.30174413,-0.31123707
TEST_00752,3.4067528,0.2902527,0.66135
TEST_00753,3.1532588,-1.3768256,0.8460571
TEST_00754,2.814571,0.04787546,0.412142
TEST_00755,1.819302,0.09178368,-0.21081121
TEST_00756,4.0645804,-0.7968128,0.32100958
TEST_00757,1.6631882,0.38795838,-0.08644764
TEST_00758,2.5387285,1.068188,-0.39764714
TEST_00759,4.937105,1.2244469,0.105540976
TEST_00760,4.749262,-0.08239277,-1.4658793
TEST_00761,1.0072349,0.023190223,-0.057329897
TEST_00762,2.700829,0.09399895,-0.07823959
TEST_00763,3.316826,0.8643579,0.31322265
TEST_00764,2.432786,0.25085592,-0.029196665
TEST_00765,1.5902643,0.42608666,-0.015102087
TEST_00766,2.1130207,-0.7661775,-0.35909542
TEST_00767,2.8813684,0.84200203,0.9437432
TEST_00768,2.5134208,0.29679385,-1.0993465
TEST_00769,2.1053267,0.85274976,0.03396277
TEST_00770,3.3803685,0.34911537,1.1007084
TEST_00771,1.645086,-0.35797617,0.33188847
TEST_00772,1.3888732,-0.19350426,-0.15643941
TEST_00773,1.9470997,-0.11245342,0.24108398
TEST_00774,2.1768973,1.2879548,-0.80816257
TEST_00775,4.126617,1.068032,-1.1009339
TEST_00776,2.8704815,0.22614706,0.7712771
TEST_00777,3.1933322,-0.8913759,0.18382876
TEST_00778,4.891173,0.42395592,-0.32107115
TEST_00779,4.777752,-1.3911284,-1.4049833
TEST_00780,1.9709507,0.6691036,0.4794775
TEST_00781,3.1933107,-0.08857233,-0.18486972
TEST_00782,1.9157877,-0.46407726,0.4986416
TEST_00783,3.918809,0.79145336,-0.005993428
TEST_00784,2.3221126,-0.18040675,0.46757135
TEST_00785,2.8090463,0.4440542,1.5253798
TEST_00786,2.7908366,-0.2769346,0.09309549
TEST_00787,2.4968734,0.67116237,0.9079362
TEST_00788,2.2799118,-0.48930037,0.38394937
TEST_00789,2.730516,-0.9556082,-1.2860028
TEST_00790,4.1029434,0.082708135,0.5878144
TEST_00791,2.3807802,-0.31356272,0.29385993
TEST_00792,2.2186124,0.9859357,-0.14580573
TEST_00793,2.95402,0.5484526,-0.042038668
TEST_00794,2.4887543,-0.58656067,0.41144472
TEST_00795,1.7873735,0.34408742,0.4248528
TEST_00796,4.59959,-0.50087076,0.13105643
TEST_00797,2.853704,-1.5011128,0.9958519
TEST_00798,3.3382018,1.4379567,1.0093262
TEST_00799,3.6562676,-0.6422158,-1.2779427
TEST_00800,3.4984527,1.5876262,0.29219574
TEST_00801,3.6358814,1.3985014,-0.2440976
TEST_00802,4.496206,-1.4322103,-0.11845643
TEST_00803,3.229362,-0.10813244,0.065561436
TEST_00804,2.0881033,-0.5306764,-0.7608802
TEST_00805,2.0840762,1.0713733,-0.6336104
TEST_00806,4.2230844,-0.19716129,0.3337351
TEST_00807,1.1356452,0.4111269,0.164411
TEST_00808,5.605709,0.37235057,0.14754039
TEST_00809,2.419953,0.6997328,-0.06403029
TEST_00810,1.5644974,0.23794186,-0.2137511
TEST_00811,0.78714377,0.4159717,-0.033792794
TEST_00812,2.4835699,0.5739411,-0.31413567
TEST_00813,2.3804784,-0.11300726,0.03751171
TEST_00814,3.708513,1.6839923,-0.80964035
TEST_00815,2.3649104,0.8873124,-0.21221851
TEST_00816,2.59125,-1.1398126,-0.20628282
TEST_00817,3.7331898,-1.938545,1.7388757
TEST_00818,5.4465957,0.4597916,-1.1678339
TEST_00819,1.6664262,0.49903542,0.30883357
TEST_00820,1.463245,0.2979597,-0.022658547
TEST_00821,2.65775,-0.400074,0.64769113
TEST_00822,2.0853684,0.67256415,0.15925615
TEST_00823,2.4019454,-0.5685777,-0.4569902
TEST_00824,1.6760427,-0.3315127,-0.258096
TEST_00825,1.4089811,0.49542165,-0.68562156
TEST_00826,1.6077876,0.45437294,-0.312129
TEST_00827,1.1178986,0.4009925,0.061739683
TEST_00828,2.393556,0.9290785,-0.64842844
TEST_00829,1.2740532,-0.08624822,-0.29635715
TEST_00830,4.747182,-1.3100659,1.8359979
TEST_00831,2.2015512,-0.41492972,0.16472924
TEST_00832,1.4441216,0.6198618,0.286721
TEST_00833,3.20763,-0.95597583,1.4999824
TEST_00834,2.0556324,0.15522027,0.23324974
TEST_00835,1.9083815,0.6804428,0.10632225
TEST_00836,1.4138688,-0.91781193,0.0027646422
TEST_00837,1.3695538,-0.17734534,0.0050523635
TEST_00838,2.4117718,-0.34402236,-0.15363164
TEST_00839,5.786263,0.44854575,-0.07359069
TEST_00840,1.5007253,-0.08285254,-0.24757922
TEST_00841,3.991228,1.4934903,1.4679176
TEST_00842,3.063905,0.5717533,1.5539643
TEST_00843,2.4329839,0.67162764,0.057765037
TEST_00844,3.4901717,0.3146672,0.70928854
TEST_00845,2.5086741,0.13281319,-0.051455155
TEST_00846,4.590779,-0.4127929,0.7697139
TEST_00847,3.6572495,0.3523644,0.13425297
TEST_00848,3.8743525,1.0652719,0.004089201
TEST_00849,3.5780113,-0.07685459,-0.055138145
TEST_00850,3.1038125,-0.31955266,-0.31098095
TEST_00851,4.2622495,0.13959049,-0.13755469
TEST_00852,3.2209888,-0.7023477,0.4848012
TEST_00853,1.6534158,-0.6940447,-0.15410985
TEST_00854,3.1146457,1.3394973,-1.086621
TEST_00855,1.0755292,0.088620156,-0.27206388
TEST_00856,3.2684042,-0.22675338,1.5047706
TEST_00857,3.7374089,-1.950081,0.33164725
TEST_00858,4.275076,-0.16770709,-0.56620854
TEST_00859,1.2968072,0.28336397,-0.39513838
TEST_00860,2.1554477,0.30056143,-0.13581191
TEST_00861,3.3557746,0.038047545,0.23693275
TEST_00862,1.5938746,0.30088577,-0.20801882
TEST_00863,3.4548836,-0.0147964,1.0345975
TEST_00864,4.0600743,0.13081044,0.8412952
TEST_00865,4.9080853,0.3469361,0.13135475
TEST_00866,1.389543,0.45138228,-0.043924876
TEST_00867,1.8348261,0.49197575,0.18424025
TEST_00868,2.4257808,-0.766891,0.22908679
TEST_00869,4.376854,-0.5495127,-0.10983745
TEST_00870,0.9793476,0.42265314,0.00246399
TEST_00871,1.4875761,-0.37756735,-0.08404944
TEST_00872,3.3609157,0.9852837,0.13756788
TEST_00873,3.5381627,0.25619537,0.5713306
TEST_00874,1.6568396,0.14677566,-0.04499434
TEST_00875,1.0665061,0.30747008,0.094248496
TEST_00876,3.4578166,-0.29380614,0.35715324
TEST_00877,2.617605,0.8259161,0.19178842
TEST_00878,2.279984,0.71288425,-0.29185325
TEST_00879,3.610476,-1.036009,1.9679437
TEST_00880,4.228542,-1.5200573,0.31758344
TEST_00881,4.6428814,1.3726373,0.8980699
TEST_00882,2.0373244,-1.0435352,1.2699339
TEST_00883,4.1530743,0.1291369,-1.1229495
TEST_00884,1.8817273,-0.20314223,0.20745233
TEST_00885,2.695577,0.34042278,0.60314256
TEST_00886,2.0768332,-0.33477,0.2616833
TEST_00887,3.8696482,-0.08005985,0.13907488
TEST_00888,4.29419,-2.2051392,0.9337899
TEST_00889,3.5200984,0.055736545,0.07606663
TEST_00890,1.5858305,0.30430964,0.16901082
TEST_00891,4.078853,0.3079228,-1.1415414
TEST_00892,4.4424696,-1.1024212,0.73111594
TEST_00893,1.2818134,-0.029355897,-0.032777153
TEST_00894,1.6799961,0.6376588,0.74884903
TEST_00895,2.8569624,0.32725784,0.30880043
TEST_00896,2.3849645,-0.17800246,0.5243346
TEST_00897,3.679811,-1.0767355,1.7011814
TEST_00898,1.951544,-0.48454678,0.55180454
TEST_00899,3.222784,-0.9464511,-0.33863053
TEST_00900,3.09632,0.47443897,0.9155503
TEST_00901,3.244,0.43014017,-1.1316974
TEST_00902,2.500223,-0.21417001,0.16478223
TEST_00903,2.767693,-0.34264946,-0.4116145
TEST_00904,3.8283694,-0.019624192,0.8190124
TEST_00905,4.105522,-0.35929725,0.742793
TEST_00906,1.9771538,-0.060328864,-0.06743602
TEST_00907,4.133427,0.40908754,-0.48487467
TEST_00908,3.0964139,-0.8157922,-0.57451344
TEST_00909,4.2138977,0.018723108,0.44105312
TEST_00910,1.9963455,-0.8874654,0.5529113
TEST_00911,1.8014659,0.046466496,0.26264265
TEST_00912,3.1885202,-0.69881594,0.5864898
TEST_00913,3.2753394,0.91035926,0.4925798
TEST_00914,2.4045372,-0.28992212,0.2457525
TEST_00915,1.5964174,-0.8292675,-0.30795276
TEST_00916,4.3586483,-0.02524331,0.15230031
TEST_00917,3.0546565,-2.275257,-0.8488521
TEST_00918,1.5996393,-0.4655199,-0.50181276
TEST_00919,1.1715118,0.09613298,-0.13187438
TEST_00920,2.8103945,-1.6650028,-0.7018914
TEST_00921,2.0183985,1.2369224,-0.31713974
TEST_00922,4.288477,-0.7825103,0.49899852
TEST_00923,2.3482163,0.5370705,0.63227105
TEST_00924,3.3011415,1.0813719,-0.049925365
TEST_00925,0.8801226,-0.12676273,-0.3172782
TEST_00926,4.591342,-0.8259232,-0.60207653
TEST_00927,5.0622387,-0.4683746,1.1922492
TEST_00928,4.4238095,1.4925494,-0.105026215
TEST_00929,2.1112795,0.27952042,0.25625297
TEST_00930,2.7255201,-0.043357477,-0.6343391
TEST_00931,3.1576567,-0.42404205,-1.2163254
TEST_00932,3.4182572,-0.9734118,0.43933824
TEST_00933,1.231369,-0.36373934,0.040486515
TEST_00934,2.4830334,-0.6463687,-0.42278388
TEST_00935,1.2618533,0.490794,0.23364247
TEST_00936,1.7939436,-1.1041732,-0.60865676
TEST_00937,2.1082532,0.79396755,0.38681084
TEST_00938,2.4346983,-0.7011791,-0.78593194
TEST_00939,2.385859,0.60601664,-0.09396045
TEST_00940,2.9175496,-0.2705604,-0.14022933
TEST_00941,3.621016,-0.44244245,-0.6954243
TEST_00942,1.797531,-0.41491714,0.058041595
TEST_00943,3.9894078,0.472792,0.944658
TEST_00944,3.700041,-0.29446745,-0.580942
TEST_00945,2.1914208,1.7466195,1.074125
TEST_00946,2.0476346,0.08193952,-0.1813128
TEST_00947,2.2894611,-0.14868431,0.0829496
TEST_00948,2.0272386,0.4324547,-0.19731157
TEST_00949,1.2328703,0.18588215,0.5554066
TEST_00950,2.3063715,-0.14962211,0.26812372
TEST_00951,1.7843825,0.8101911,0.31569195
TEST_00952,2.1289804,0.18206097,-0.47395483
TEST_00953,3.113809,-1.5686973,0.84911066
TEST_00954,2.7951536,0.062095642,-0.6395114
TEST_00955,2.0821855,-0.05208061,-0.48289883
TEST_00956,1.4009596,0.047557447,-0.5772816
TEST_00957,2.0616562,0.20046559,0.014687883
TEST_00958,3.291529,-1.6197758,-0.45729887
TEST_00959,5.495034,1.7148843,0.29643133
TEST_00960,3.9307876,-0.3381194,0.2787036
TEST_00961,4.1333404,1.0381345,0.7632714
TEST_00962,3.3720858,0.609267,-0.5448798
TEST_00963,3.3228931,1.6851003,0.088564165
TEST_00964,2.5863838,-0.1306046,-0.5939461
TEST_00965,2.3257327,-0.5880215,0.6053478
TEST_00966,4.8511615,1.0772442,0.49166247
TEST_00967,4.796194,-1.2695357,0.5861394
TEST_00968,1.6996886,0.17652044,-0.026675869
TEST_00969,2.0331872,-0.13712664,0.02853274
TEST_00970,2.2719755,0.25680757,-0.11517079
TEST_00971,3.2945044,0.099077165,-0.3530599
TEST_00972,2.9528396,-0.081369,-0.3646181
TEST_00973,1.027474,-0.017797777,0.06955178
TEST_00974,2.8684978,1.3185242,-0.4414988
TEST_00975,2.3014553,-0.7531692,-0.094473585
TEST_00976,1.8505336,1.0176989,1.1079657
TEST_00977,3.3498752,0.16180223,-0.2973055
TEST_00978,2.0137,-1.61182,0.35692465
TEST_00979,4.467342,-0.66838247,-1.2974414
TEST_00980,1.1753767,-0.3444364,-0.095775686
TEST_00981,2.9617014,-0.09771214,0.071183525
TEST_00982,1.6776263,0.41474932,0.025630197
TEST_00983,1.2816662,0.3042348,-0.12948214
TEST_00984,1.8124826,-0.10410975,-0.17511712
TEST_00985,1.504436,0.53051585,0.6432298
TEST_00986,3.2148888,-0.108662374,-1.3700525
TEST_00987,2.963404,-0.29343334,0.084868304
TEST_00988,2.596062,-0.044808682,-0.07011367
TEST_00989,1.8714966,-0.11564683,0.7769878
TEST_00990,2.480427,1.6059718,0.6099898
TEST_00991,1.7182922,-0.8774677,0.09141858
TEST_00992,1.5829452,0.91775304,0.45683727
TEST_00993,3.9999218,0.13645661,1.0713978
TEST_00994,1.3528531,0.14206462,-0.09667769
TEST_00995,0.7507128,0.021233702,-0.012106542
TEST_00996,2.7875445,-1.6113442,-0.2663732
TEST_00997,2.255878,-0.1926102,0.17346303
TEST_00998,1.4186294,0.58304894,0.073915765
TEST_00999,1.3711119,-0.62467456,-0.6937247
TEST_01000,2.7657125,0.87714803,-0.83376455
TEST_01001,3.3558488,-0.9528221,1.0739204
TEST_01002,3.5563517,0.9449445,-0.42736095
TEST_01003,3.672308,-0.9606071,-0.5132812
TEST_01004,2.2002056,0.8369914,-0.0904744
TEST_01005,1.317506,0.7171315,-0.08112275
TEST_01006,3.7796862,0.7974487,1.2544711
TEST_01007,3.2861562,-1.4131926,-0.6388522
TEST_01008,4.9821453,-0.13057947,1.4668037
TEST_01009,2.443209,0.17009015,0.18722337
TEST_01010,2.2657557,-0.10269466,-0.39515084
TEST_01011,2.5046244,-0.015821645,0.09843156
TEST_01012,4.838248,0.58713204,0.3904385
TEST_01013,2.6580565,0.16358292,0.39530054
TEST_01014,2.545442,1.2912817,0.99961776
TEST_01015,3.0978959,-0.2668507,-0.1470483
TEST_01016,1.9252971,-0.8342689,1.0686433
TEST_01017,3.298828,-1.0913981,-0.7878635
TEST_01018,3.057422,1.4171774,-1.1935107
TEST_01019,3.8319762,0.70149946,-0.19532992
TEST_01020,1.5564224,0.27857053,0.64103425
TEST_01021,1.6792128,0.44199994,0.44829586
TEST_01022,1.7887129,0.08284733,0.098593764
TEST_01023,3.7089643,-1.0492508,0.5864897
TEST_01024,2.6143174,0.376129,-0.23329139
TEST_01025,2.486557,-0.4618596,-0.5380982
TEST_01026,1.5232923,0.38749897,0.33516222
TEST_01027,2.9494846,-0.03978507,-0.47494406
TEST_01028,2.5878289,-0.50207025,0.33113968
TEST_01029,1.0686051,-0.49421853,-0.6087651
TEST_01030,1.1498929,-0.21487504,0.1466612
TEST_01031,1.8733883,-0.23192793,0.18856941
TEST_01032,1.6439296,0.5277278,0.6624879
TEST_01033,2.2484548,0.27884692,0.59108573
TEST_01034,2.8263826,-0.021238638,-0.59595966
TEST_01035,1.3565305,0.35864967,0.6272873
TEST_01036,0.9795682,-0.29860154,-0.41843015
TEST_01037,3.2519467,-1.9458581,0.94014096
TEST_01038,2.45237,0.78959227,-0.7286707
TEST_01039,5.320576,-1.6027421,1.8577232
TEST_01040,3.5688248,0.03195198,0.22648221
TEST_01041,3.4596796,0.20506465,-0.31343794
TEST_01042,1.5202327,-0.33092344,-0.15027876
TEST_01043,3.8430305,-1.94713,0.9596701
TEST_01044,2.4451208,-0.86486673,0.19144866
TEST_01045,1.3806826,-0.049470685,0.06701274
TEST_01046,2.0375972,0.19601604,0.21605583
TEST_01047,1.5963516,0.73462605,0.6024738
TEST_01048,3.406812,-2.2810926,-0.3726964
TEST_01049,3.719743,0.20576297,0.38812456
TEST_01050,1.3864509,0.029548481,0.37253815
TEST_01051,1.4281869,-0.15629737,-0.037398197
TEST_01052,1.4187509,-0.05237582,0.13127908
TEST_01053,2.2643971,-0.7308476,0.5162812
TEST_01054,3.6780314,-1.0802149,-0.2998008
TEST_01055,1.9130216,-0.15894058,0.366119
TEST_01056,2.1737564,-0.008240739,0.9673619
TEST_01057,3.4528704,-0.81946987,1.1686038
TEST_01058,4.6905627,-0.977499,-0.40849513
TEST_01059,4.0701523,-0.5627704,-1.0757643
TEST_01060,1.7416775,0.52549076,-0.17157611
TEST_01061,3.0312068,-0.33361933,0.74073005
TEST_01062,1.9485928,0.71925193,0.17978506
TEST_01063,3.3187065,-0.4731951,-0.427238
TEST_01064,2.2378206,-0.31884485,0.9393884
TEST_01065,3.522976,1.1084328,1.6692007
TEST_01066,2.5626533,0.14123392,-0.0041448846
TEST_01067,4.6314964,-0.15479761,0.36564565
TEST_01068,3.1404693,1.2229933,-1.0655326
TEST_01069,3.4846785,0.8526445,0.45970756
TEST_01070,4.557475,-0.55219686,1.0413052
TEST_01071,1.3729736,0.22201559,-0.1504828
TEST_01072,1.5156616,-0.054170452,0.7118683
TEST_01073,3.1658337,0.5598296,0.4687641
TEST_01074,2.7954025,0.03796129,0.1783121
TEST_01075,1.5635612,-0.78202945,0.5678283
TEST_01076,2.954013,0.50056744,1.1095774
TEST_01077,3.498657,1.487478,-0.51020133
TEST_01078,2.4185815,-1.0227306,-0.39152086
TEST_01079,5.366052,-0.83360714,0.7499817
TEST_01080,3.6054437,1.5598662,0.28860852
TEST_01081,2.2750509,0.80274683,0.57767445
TEST_01082,1.5660981,0.4695886,0.033733282
TEST_01083,2.1262913,-2.0084884,-0.55033267
TEST_01084,2.246625,0.6198268,-0.21161363
TEST_01085,2.241846,-0.1742748,-0.040420912
TEST_01086,2.2248783,0.87562656,-0.3124829
TEST_01087,4.8459744,-0.1705264,-0.42451316
TEST_01088,4.9834714,-2.057127,0.15643278
TEST_01089,3.5066767,-0.11944148,0.098532125
TEST_01090,2.7193918,0.26400992,0.12835261
TEST_01091,4.1519275,0.29653126,0.30430672
TEST_01092,5.043763,-0.96683747,1.2177193
TEST_01093,2.1234057,0.49679425,-0.18630928
TEST_01094,2.046002,1.2618972,0.84383506
TEST_01095,3.3847678,0.9253176,-0.61697
TEST_01096,2.001353,0.49217534,-0.23542829
TEST_01097,3.8993697,1.5678023,0.8833226
TEST_01098,1.7858717,-1.1748946,-0.76835406
TEST_01099,1.2502546,-0.56863487,-0.27519196
TEST_01100,2.5308034,0.4748895,-0.7590506
TEST_01101,1.0554302,0.26906195,-0.40465963
TEST_01102,1.4741275,0.19931866,0.24408978
TEST_01103,3.3974423,0.01854705,0.564401
TEST_01104,1.2626033,-0.48837194,-0.19457655
TEST_01105,1.7272267,-0.75984496,0.041546788
TEST_01106,3.5065103,0.15099275,-0.40126887
TEST_01107,1.6702577,-0.19691256,0.5096464
TEST_01108,2.679228,-0.046575382,-0.11039538
TEST_01109,3.4489334,-1.409568,-1.0501137
TEST_01110,1.0712836,-0.30673796,0.009201375
TEST_01111,3.160356,0.109116115,-0.31250262
TEST_01112,1.532967,0.14733641,-0.055556506
TEST_01113,3.592099,-0.7804057,-0.16673425
TEST_01114,3.1262803,-0.10218792,0.7608777
TEST_01115,2.1150122,-0.2250235,-0.54808056
TEST_01116,1.8196616,-1.0533724,-0.36402434
TEST_01117,2.3831704,-1.2341577,-0.32119074
TEST_01118,3.7512097,-1.5351597,-1.1214517
TEST_01119,1.8776925,0.08808229,-0.3673105
TEST_01120,4.6577673,-1.1206961,0.24640706
TEST_01121,3.0798306,1.5084245,0.81751984
TEST_01122,2.107049,-1.031251,-0.19277537
TEST_01123,2.8229241,-0.78852624,-0.4721379
TEST_01124,1.112704,-0.17314766,0.39813983
TEST_01125,1.4968852,0.5773491,0.055258173
TEST_01126,4.379492,0.35192814,1.0797389
TEST_01127,2.9667497,0.042525947,0.8749644
TEST_01128,3.779879,0.604591,0.96933144
TEST_01129,3.1947474,0.0044730306,0.6441575
TEST_01130,2.599669,0.019594766,-0.529693
TEST_01131,2.2694924,-0.18516453,-0.041497774
TEST_01132,3.2180595,-0.28426996,0.6582093
TEST_01133,1.4022707,0.26163408,0.094372354
TEST_01134,3.0584435,0.5513368,-0.9399511
TEST_01135,1.8555944,0.75734043,0.34702125
TEST_01136,2.7613316,-0.022359854,-0.46371865
TEST_01137,0.8143368,0.053574756,0.26478556
TEST_01138,3.285442,1.4796617,0.8804292
TEST_01139,2.2235491,-1.2678175,-0.33695567
TEST_01140,2.5237164,-1.0007199,-0.9298668
TEST_01141,2.8029103,0.037728116,-1.0992924
TEST_01142,1.7880646,-0.50992584,0.062175907
TEST_01143,2.110831,-0.44453228,-0.21358854
TEST_01144,3.1577137,0.1555707,0.09085622
TEST_01145,1.0947424,-0.12710913,-0.08095526
TEST_01146,2.9167562,0.59342957,-0.015281329
TEST_01147,4.38436,-0.113971174,-1.0523065
TEST_01148,2.0962102,0.18880844,-0.07738802
TEST_01149,3.3092942,0.4022473,-0.59609324
TEST_01150,0.9018338,-0.45237237,0.02656197
TEST_01151,2.895204,-0.41582486,-0.3859748
TEST_01152,1.4730787,0.030822422,0.54905844
TEST_01153,3.7029579,-1.7527068,-0.5961968
TEST_01154,1.5308467,0.10903931,-0.1313583
TEST_01155,2.2270787,0.07820374,0.72150797
TEST_01156,4.7827044,0.15389006,0.38725832
TEST_01157,1.9809179,-0.30279177,0.28690344
TEST_01158,3.5131876,0.7810581,-0.3076349
TEST_01159,4.701464,-0.5605242,1.8442118
TEST_01160,4.4038196,1.8543649,0.056890704
TEST_01161,2.0168085,1.3615508,-0.30749997
TEST_01162,2.3005648,-1.2685206,0.479725
TEST_01163,3.498355,0.9041319,-0.81405586
TEST_01164,2.0620515,-0.09406276,0.48046488
TEST_01165,1.4717739,0.01959364,-0.3358489
TEST_01166,2.7809894,0.42044345,-0.088261366
TEST_01167,2.4192824,-0.22298734,0.9897492
TEST_01168,1.0943663,0.6306757,0.025418561
TEST_01169,3.517354,-0.09367245,0.06927647
TEST_01170,1.9366074,0.3190391,-0.5747699
TEST_01171,1.8950115,-0.039080456,0.22189102
TEST_01172,4.8537345,-0.28624547,0.9351923
TEST_01173,2.8266423,0.46815148,0.52103704
TEST_01174,3.435425,0.34620333,1.0814153
TEST_01175,1.9248433,-0.22163706,0.23903736
TEST_01176,1.6710942,0.6519842,0.8203684
TEST_01177,3.3993545,0.489537,-0.50276965
TEST_01178,5.1731205,0.2607985,0.44299525
TEST_01179,3.4151037,0.38660166,-0.836294
TEST_01180,1.3153088,0.3703138,0.056458633
TEST_01181,1.6332101,-0.13738647,0.5689554
TEST_01182,1.5631506,0.7042615,0.48833463
TEST_01183,1.9943725,0.06466369,-0.19117272
TEST_01184,2.5692186,-0.1933298,-0.7914528
TEST_01185,3.0909727,-0.57658863,1.1753029
TEST_01186,2.712289,-0.29053375,-0.07062927
TEST_01187,4.062807,0.60320663,-0.998527
TEST_01188,2.274271,-0.06467019,-0.20887144
TEST_01189,2.4650507,1.3812201,-1.0165542
TEST_01190,1.6697714,0.8272136,0.57094413
TEST_01191,1.4020376,0.5134764,0.19914196
TEST_01192,2.6253035,-1.7987685,-0.881517
TEST_01193,3.612642,0.9081762,0.64368224
TEST_01194,2.3969216,0.61101836,0.39935443
TEST_01195,2.1842911,-0.41770545,0.17620826
TEST_01196,3.1862195,-1.5910921,0.7050873
TEST_01197,2.9367688,-1.7850912,0.3380066
TEST_01198,3.1563442,1.3161616,0.581472
TEST_01199,5.4066668,-1.5019664,2.0076966
TEST_01200,1.8363868,0.86171305,0.09335658
TEST_01201,2.6205792,-0.14124429,-0.46840042
TEST_01202,1.8569438,-1.0410771,0.87015855
TEST_01203,1.4194646,0.27905303,0.40557352
TEST_01204,3.3456144,-0.6563348,0.067868546
TEST_01205,2.4158087,0.050719664,0.13362277
TEST_01206,4.1456656,-0.16047403,-0.017557539
TEST_01207,4.696344,-0.440972,-0.59449065
TEST_01208,3.1193888,-1.1012206,-1.1095122
TEST_01209,3.5661812,-0.08793613,-0.7934525
TEST_01210,2.1855257,0.33888915,0.09768847
TEST_01211,4.325825,0.53525233,0.46661174
TEST_01212,2.6894927,-0.70359385,1.123009
TEST_01213,1.6517321,0.4135123,0.31445575
TEST_01214,3.1884224,0.6610724,1.5908417
TEST_01215,2.7039237,-0.5965991,-0.11986247
TEST_01216,2.3569987,0.44290853,-0.07292636
TEST_01217,1.9328824,-0.122590415,0.552162
TEST_01218,1.2352141,0.6221214,0.09217572
TEST_01219,3.7475126,0.41637185,0.25785825
TEST_01220,2.7083468,0.7591063,-0.019604124
TEST_01221,3.6312976,-0.5136883,-0.24013746
TEST_01222,2.1791341,0.289758,-0.79854834
TEST_01223,2.5809882,-0.75929904,0.21750788
TEST_01224,4.1901026,0.11897838,1.0843179
TEST_01225,1.93599,-0.8777229,0.59684515
TEST_01226,2.24149,0.015985887,-0.0061440845
TEST_01227,1.3264046,-0.1898018,-0.39641896
TEST_01228,2.2881525,0.21679378,-0.043568015
TEST_01229,3.6797264,-0.6705606,0.6265898
TEST_01230,1.1091405,-0.6498515,0.16586557
TEST_01231,3.0104294,0.39082658,0.069223784
TEST_01232,2.0783217,0.2980351,-0.1266078
TEST_01233,2.6560693,0.19122761,0.3028061
TEST_01234,2.240046,-0.037690062,0.37314972
TEST_01235,1.299159,-0.4322773,-0.05977246
TEST_01236,3.4746478,-0.14554411,-0.26225123
TEST_01237,3.079169,-0.8210379,0.16674209
TEST_01238,2.3249912,0.58322,0.053663313
TEST_01239,4.9075503,-1.5226272,0.92208564
TEST_01240,3.014572,-2.1529088,-1.0719404
TEST_01241,4.129881,-0.68785155,1.0515183
TEST_01242,2.903584,-0.054716937,-0.63409287
TEST_01243,3.0723908,0.7975948,-0.4692917
TEST_01244,3.802958,-0.8673641,1.3579712
TEST_01245,2.44466,-0.8553479,0.40076143
TEST_01246,2.6418066,0.1039342,-0.16268142
TEST_01247,2.9638965,-0.33577913,1.0242738
TEST_01248,3.1908367,0.6021173,0.957486
TEST_01249,2.7603846,0.5358953,0.42451352
TEST_01250,2.169908,0.354546,0.4585879
TEST_01251,3.0493314,0.25085688,0.09529809
TEST_01252,3.6022072,0.39141104,-0.8773826
TEST_01253,2.3061726,0.22148651,-0.3930318
TEST_01254,2.5210361,-0.5003732,0.29389894
TEST_01255,1.8839293,1.2126826,0.17335111
TEST_01256,3.2560933,-0.35733402,0.77756846
TEST_01257,3.3858895,-1.89724,1.5822065
TEST_01258,1.8965322,1.4351107,-0.025919847
TEST_01259,3.1630216,1.4492784,-0.36050916
TEST_01260,1.2420261,-0.014091348,-0.49495593
TEST_01261,1.9444249,-0.44742522,-0.29292557
TEST_01262,2.007162,-0.49254492,0.51512545
TEST_01263,4.1309447,-0.6803288,1.2967335
TEST_01264,3.7528477,-0.17245111,-0.0778511
TEST_01265,1.1884443,0.4463181,0.31164268
TEST_01266,3.0121856,0.09720913,-0.15892875
TEST_01267,3.4774754,-0.36946085,-0.22804153
TEST_01268,2.4766502,-0.0947222,0.22193171
TEST_01269,4.384463,1.7790488,0.8164593
TEST_01270,4.1490903,-0.6123228,1.0697886
TEST_01271,2.8464713,0.49720868,0.07569792
TEST_01272,2.0285761,-0.85755974,0.8301626
TEST_01273,2.026895,-0.14708306,0.24071689
TEST_01274,2.700543,0.17887992,0.07630131
TEST_01275,1.2373986,-0.3198402,-0.1180003
TEST_01276,3.8667862,0.09515275,0.06660948
TEST_01277,1.4848114,0.015431361,-0.16166994
TEST_01278,3.1639132,-1.2133778,-0.98901814
TEST_01279,4.885523,0.07198421,0.3023891
TEST_01280,3.540876,-0.68752444,-0.5130832
TEST_01281,4.253721,0.5760186,0.06824547
TEST_01282,3.6828883,-1.4236602,0.29924393
TEST_01283,2.7449787,-1.6009146,-1.117192
TEST_01284,1.6877446,0.25181535,-0.23330824
TEST_01285,1.5220691,-0.036335982,0.5661937
TEST_01286,2.089732,0.18959278,0.26387444
TEST_01287,1.9638295,0.7784561,-0.020486904
TEST_01288,5.214086,-2.1140478,0.85064155
TEST_01289,3.675425,-0.05631456,0.3506235
TEST_01290,1.6733291,0.6408406,-0.22808592
TEST_01291,1.7882421,0.089094184,0.11560002
TEST_01292,4.3766036,1.2797704,1.4107174
TEST_01293,3.034987,0.27548096,0.20628896
TEST_01294,1.68749,-0.52319425,-0.6542248
TEST_01295,3.7769902,1.1600696,0.38310105
TEST_01296,1.2411377,-0.25772983,0.079922125
TEST_01297,3.3045852,1.3362056,1.3909966
TEST_01298,1.904777,0.09332831,-0.4605642
TEST_01299,3.079065,-0.19198424,-0.27589053
TEST_01300,2.6423051,-0.42191562,-0.27386045
TEST_01301,2.390916,-0.16410962,-0.23683919
TEST_01302,1.5009791,-0.4428269,0.24434537
TEST_01303,2.9764757,0.07088347,0.076508276
TEST_01304,1.8429759,-0.04601309,-0.49249017
TEST_01305,5.490253,0.8671468,1.1432794
TEST_01306,2.93313,0.51599246,-0.39760816
TEST_01307,2.035297,-0.65290195,0.25264367
TEST_01308,2.2062538,0.35053423,0.48724937
TEST_01309,2.8469462,-1.4080356,0.614078
TEST_01310,4.146614,0.3437726,0.5968915
TEST_01311,2.6453247,1.0022705,-0.16031638
TEST_01312,1.5078136,-0.3134227,0.040614426
TEST_01313,3.2388813,-1.4734803,-0.37041384
TEST_01314,2.1566117,-0.6891007,0.11464468
TEST_01315,0.85751384,-0.06502804,-0.1828654
TEST_01316,1.8639659,-0.5140502,-0.06764291
TEST_01317,3.508392,-2.2154655,1.1377529
TEST_01318,3.04278,-0.6060827,0.4600012
TEST_01319,5.490234,-0.2525301,0.34336895
TEST_01320,1.4347286,0.6040954,-0.442542
TEST_01321,4.8509073,0.5592035,0.13078085
TEST_01322,4.721877,-1.5246584,-0.8059621
TEST_01323,4.2149167,-1.660886,-0.17418887
TEST_01324,1.0142145,-0.15170662,-0.20903708
TEST_01325,1.9831626,0.295815,0.35244688
TEST_01326,4.1688623,-0.8045265,-0.03225537
TEST_01327,1.9475302,0.95107114,0.44625172
TEST_01328,5.387386,-1.3473092,1.5161012
TEST_01329,3.3944254,0.29121336,0.21819563
TEST_01330,2.8150272,0.6297514,-0.7325122
TEST_01331,3.1035016,0.106336996,-0.07519869
TEST_01332,3.0951397,-0.08802916,-0.14520274
TEST_01333,2.4642706,0.09717702,-0.14636879
TEST_01334,3.1859906,0.23721822,0.20637245
TEST_01335,3.7666538,-0.2612085,-0.10480397
TEST_01336,1.6481899,0.37219733,0.34894475
TEST_01337,3.072574,2.0020778,1.9308325
TEST_01338,1.2855123,0.756571,-0.19054066
TEST_01339,1.3034945,-0.19206013,-0.028058348
TEST_01340,1.9248334,-0.24844071,-0.3395519
TEST_01341,3.4439125,-0.27817243,1.1277101
TEST_01342,1.685318,-0.9751779,0.29084054
TEST_01343,3.4432745,0.22968192,0.8352975
TEST_01344,3.8607047,-0.7045718,0.9945964
TEST_01345,1.3847299,-0.48166966,0.02374762
TEST_01346,2.2762234,-0.59315586,0.22426404
TEST_01347,2.2647996,-0.67115796,0.45948657
TEST_01348,2.697875,-0.0014906423,-0.16904862
TEST_01349,1.893775,0.43214014,-0.37934804
TEST_01350,3.33911,-1.2010596,0.9843542
TEST_01351,2.2855809,1.0475714,0.15579061
TEST_01352,3.3082829,-0.043425106,1.6765751
TEST_01353,1.640968,0.053469107,-0.0044428483
TEST_01354,1.8607411,0.624791,0.30187866
TEST_01355,2.2766683,0.14550163,-0.057778582
TEST_01356,3.471135,1.7606194,-0.31624392
TEST_01357,3.2081826,0.073991746,0.8281567
TEST_01358,3.684127,0.079578176,0.77872145
TEST_01359,5.569368,1.6517988,0.22505483
TEST_01360,4.4288282,0.9772138,0.9094195
TEST_01361,2.7013245,1.5381365,-0.16455188
TEST_01362,2.418377,0.43543768,0.67964685
TEST_01363,3.0852358,-2.0831149,-1.1511226
TEST_01364,3.6999357,0.68559605,1.0845511
TEST_01365,1.4986902,0.4822227,-0.07414741
TEST_01366,2.408907,-0.41831255,0.393621
TEST_01367,2.5090642,-0.19437912,-0.22156434
TEST_01368,2.8143153,-1.0078444,1.2060587
TEST_01369,2.2013342,0.32006204,0.26006624
TEST_01370,1.5778384,0.773914,-0.00022773165
TEST_01371,2.1714337,0.04174947,-0.4480339
TEST_01372,3.8704312,0.5809437,-1.0015863
TEST_01373,2.3834913,-0.6250581,-0.09474353
TEST_01374,1.2629755,-0.28522423,0.28098854
TEST_01375,3.1587474,-0.508806,-0.012933966
TEST_01376,2.6698031,0.4040056,1.0162749
TEST_01377,1.5576291,0.6902824,0.028538654
TEST_01378,2.6671002,0.6902684,-0.7220938
TEST_01379,4.372497,1.161356,-1.31881
TEST_01380,2.2089746,-0.6902347,-0.2717942
TEST_01381,2.7090032,-0.539789,-0.32503626
TEST_01382,1.559236,0.18878599,0.08518209
TEST_01383,2.3450494,0.58385885,-0.011255888
TEST_01384,2.4600298,-0.06641018,0.059372842
TEST_01385,2.5632913,0.28355384,0.4084299
TEST_01386,2.4681246,-0.20502761,0.35537785
TEST_01387,3.546261,-0.100804135,0.04987819
TEST_01388,2.3554459,0.16385838,0.28383315
TEST_01389,3.8811636,0.30119967,-0.31342387
TEST_01390,0.9861324,-0.12580952,0.07180934
TEST_01391,1.2427255,-0.06114575,-0.052954704
TEST_01392,2.6672573,0.6177517,-0.4904532
TEST_01393,2.1966965,-0.17260563,0.53854954
TEST_01394,2.785493,0.0064623207,0.06811291
TEST_01395,2.0279887,-0.43889233,-0.13733658
TEST_01396,2.6237605,1.1659968,-0.6465138
TEST_01397,2.1978683,0.5875944,0.6526956
TEST_01398,1.7066889,-0.2751188,-0.04869489
TEST_01399,5.8651013,1.4077336,-0.42476785
TEST_01400,4.6832533,2.2254024,-0.49507713
TEST_01401,4.3617563,1.4955071,0.7313391
TEST_01402,2.4945142,-1.2743531,1.1279023
TEST_01403,1.8151835,-1.7072091,-0.60449636
TEST_01404,1.780517,0.9367005,0.28792325
TEST_01405,2.8591754,0.43433803,-0.3142415
TEST_01406,3.8009589,-0.3233132,-0.22125791
TEST_01407,1.3831681,-0.8809559,-0.078938976
TEST_01408,4.372428,-0.71572196,0.91244316
TEST_01409,2.4578726,-0.340009,-0.46034864
TEST_01410,2.1287029,0.2830192,0.21730462
TEST_01411,0.8146954,0.3339831,-0.047633927
TEST_01412,2.5738258,-0.37466106,-0.1911079
TEST_01413,1.191555,-0.11298481,0.3179194
TEST_01414,1.6825097,-0.3246547,0.021895349
TEST_01415,4.0335026,0.83874106,-0.8315923
TEST_01416,3.2204275,1.0687495,-0.59644836
TEST_01417,2.8570025,1.225338,0.3457584
TEST_01418,5.2861786,-0.7020117,0.59536177
TEST_01419,1.8516158,0.62238145,-0.20813192
TEST_01420,2.4650788,0.90820307,-0.7997173
TEST_01421,2.5469477,-0.34956276,0.21290725
TEST_01422,2.0901425,-0.075499766,-0.21478565
TEST_01423,2.8922026,-0.47324565,0.11963564
TEST_01424,2.6508975,0.1376788,-0.045321167
TEST_01425,2.2141697,0.6586584,-0.56657654
TEST_01426,1.0759889,0.2060196,0.26524234
TEST_01427,3.9071045,0.77126145,0.9091948
TEST_01428,2.1541111,-0.11990646,-0.15228367
TEST_01429,3.6493669,1.0365812,0.4309805
TEST_01430,3.008422,-0.5905299,0.7466742
TEST_01431,1.5244832,-0.9323669,-0.35653067
TEST_01432,2.8430452,1.3469168,0.37257165
TEST_01433,1.9240986,-0.38588986,-0.2205888
TEST_01434,1.8102208,-0.0004277397,-0.10903191
TEST_01435,2.0516458,-0.7192131,-0.69118357
TEST_01436,1.7837684,-0.04961715,-0.1388023
TEST_01437,1.6614132,-0.5422245,0.14511153
TEST_01438,3.4261136,1.6698041,-0.5639846
TEST_01439,5.6317935,1.0258279,0.37116674
TEST_01440,4.4008946,-0.7765537,-0.80731523
TEST_01441,3.1009805,2.143778,-0.18856089
TEST_01442,1.6469297,-1.5983093,-0.6791117
TEST_01443,3.425626,0.42088622,0.55123246
TEST_01444,1.8207422,0.32801887,0.5190689
TEST_01445,1.0310084,-0.13492167,0.19261444
TEST_01446,1.7067425,0.1463368,0.0543209
TEST_01447,5.1156116,-1.0259392,1.2864376
TEST_01448,4.057898,1.1376091,1.2075521
TEST_01449,3.856188,-0.28398448,0.8596513
TEST_01450,1.959336,0.65712976,-0.119043775
TEST_01451,2.4866748,-0.31924987,0.37774608
TEST_01452,3.854881,0.5840097,1.6441287
TEST_01453,1.0966274,0.12501088,0.123036176
TEST_01454,1.7077142,0.9885809,-0.5996206
TEST_01455,0.88320345,0.3788867,0.12750222
TEST_01456,2.0628114,0.50231874,0.043072175
TEST_01457,3.773281,-1.7820529,-0.4395359
TEST_01458,2.5856924,0.9423567,-0.77234334
TEST_01459,3.4598773,0.27517667,0.24962175
TEST_01460,1.7590517,-0.13408622,-0.31320888
TEST_01461,3.2323096,-0.021954102,0.5899023
TEST_01462,1.9473485,-0.45750692,0.21016397
TEST_01463,1.9699794,0.55716276,-0.68091697
TEST_01464,1.6812209,-0.60679984,0.111959904
TEST_01465,3.603153,-0.23870547,0.5597684
TEST_01466,3.1931262,-0.04692156,0.21112524
TEST_01467,4.026622,0.79033375,-0.8209868
TEST_01468,2.5314417,-0.46580407,0.09711307
TEST_01469,3.2661092,-1.2289603,-0.3996748
TEST_01470,3.6614814,-1.3733532,-0.31112307
TEST_01471,2.0268817,0.058794774,-0.045256127
TEST_01472,3.7195983,0.738669,1.2258388
TEST_01473,3.6147265,-1.0640618,-0.14069395
TEST_01474,1.8379554,0.12997109,0.46140778
TEST_01475,1.7612946,0.4348937,-0.11803565
TEST_01476,2.2295554,0.25720206,-0.55114865
TEST_01477,2.423244,-0.03644422,-0.35090747
TEST_01478,1.2921604,-0.3823051,0.5208732
TEST_01479,5.617271,0.77159894,0.7665857
TEST_01480,3.4063487,-0.5984321,-0.59634745
TEST_01481,2.7132342,-1.9588671,-0.45360786
TEST_01482,1.3120866,-0.80487686,-0.67446744
TEST_01483,2.6715016,-2.107505,-0.04458695
TEST_01484,1.8672203,0.35311404,0.41294894
TEST_01485,2.0848577,1.0058932,-0.47220013
TEST_01486,2.4911637,-0.43120423,-0.3977735
TEST_01487,3.910882,0.7055426,-0.45328116
TEST_01488,2.9276187,1.5603664,1.1107959
TEST_01489,3.3661878,0.15307248,-0.40641925
TEST_01490,2.891086,0.07482818,-0.12554906
TEST_01491,2.7237887,-0.04995144,-0.9043852
TEST_01492,2.5625198,-1.5667033,-1.1405606
TEST_01493,2.2715895,0.29903102,-0.25481036
TEST_01494,2.843992,-0.031955883,0.6235602
TEST_01495,3.361725,0.18589184,-0.26814777
TEST_01496,2.591342,0.5789616,1.2871995
TEST_01497,2.1747396,1.0666252,-0.24247922
TEST_01498,3.3496125,-0.778825,1.3793769
TEST_01499,3.6920788,-1.0986099,0.19888252
TEST_01500,2.1920524,0.58007586,0.20536599
TEST_01501,2.046717,-0.18356621,-0.6470253
TEST_01502,1.756764,-0.9163633,0.65428996
TEST_01503,4.3319616,0.7114174,0.25980338
TEST_01504,3.4711094,0.12566313,0.4431057
TEST_01505,3.4260838,-1.1421096,1.7567252
TEST_01506,1.4849654,0.08978048,-0.08901855
TEST_01507,2.7348983,-0.29441273,0.287673
TEST_01508,2.99012,-0.5497474,-0.20767541
TEST_01509,2.259178,-0.021304965,-0.43765438
TEST_01510,3.3949296,-1.305504,0.80418754
TEST_01511,1.9174682,-0.3883282,0.09041364
TEST_01512,1.2667432,0.48140314,0.1941001
TEST_01513,2.97529,-0.57300156,0.5913941
TEST_01514,1.485866,-0.14198789,0.2658673
TEST_01515,1.0143259,-0.48437876,0.25692752
TEST_01516,2.335268,-0.07798007,0.7458462
TEST_01517,3.0538642,0.13222896,-0.828764
TEST_01518,2.3855078,-1.0383488,-0.8237617
TEST_01519,4.911468,1.0800709,2.3256752
TEST_01520,4.0974193,-0.33196023,0.35540763
TEST_01521,1.1616771,0.46717045,0.3498299
TEST_01522,4.2490764,0.19283602,0.06120348
TEST_01523,1.5329608,0.57703686,-0.45507607
TEST_01524,3.3062367,0.028914385,1.1299478
TEST_01525,1.8517722,0.32122073,-0.21632022
TEST_01526,4.785048,0.81758237,0.8423007
TEST_01527,2.3436358,0.32625192,0.5261379
TEST_01528,1.3773648,-0.16024514,-0.16913265
TEST_01529,1.7715101,-0.014914192,0.061372034
TEST_01530,2.2432625,0.10742903,0.54356766
TEST_01531,2.3636088,0.0022858726,-0.36130008
TEST_01532,4.877041,1.0227455,1.8313595
TEST_01533,2.2405612,0.010155789,-0.21247253
TEST_01534,3.1375723,0.5719104,0.67472893
TEST_01535,3.0594974,0.4730315,0.7169941
TEST_01536,2.6349049,-0.96045864,1.3331048
TEST_01537,1.7127142,0.6323655,0.75801146
TEST_01538,3.8965225,-0.65542436,1.5534327
TEST_01539,2.8561656,-0.48178563,-0.078667745
TEST_01540,2.1775906,0.7673824,-0.44303682
TEST_01541,1.3257583,-0.6111274,0.0575384
TEST_01542,1.2942952,0.20767134,0.21220008
TEST_01543,1.2919395,0.038309112,-0.31978017
TEST_01544,4.1518803,-0.08968598,-0.4360878
TEST_01545,2.8669283,0.25808707,-0.7304008
TEST_01546,2.8873453,0.22175327,0.122945145
TEST_01547,1.661984,0.14338681,0.0956454
TEST_01548,2.883737,1.2968141,-0.88884944
TEST_01549,3.998079,-0.61455286,0.8114922
TEST_01550,1.6286982,1.0938131,0.0070328927
TEST_01551,1.8074301,-0.5262902,0.08596298
TEST_01552,2.4664,-1.1126436,0.46855137
TEST_01553,2.6746356,0.6653558,-0.2750336
TEST_01554,2.182452,-0.34833077,-0.35344252
TEST_01555,1.6695712,-0.22102201,0.12119007
TEST_01556,3.75064,0.037780687,0.66658115
TEST_01557,3.646915,1.1980108,1.0538373
TEST_01558,3.519555,1.1139512,0.623684
TEST_01559,5.140855,1.4635404,-0.8449986
TEST_01560,4.4928794,0.30814812,1.1570663
TEST_01561,4.089621,-0.8691776,1.201496
TEST_01562,1.7399428,1.2413528,-0.79849696
TEST_01563,3.8939536,1.5019196,1.2928962
TEST_01564,3.2547085,0.14380561,-0.31935206
TEST_01565,2.0001278,-0.5243379,0.464693
TEST_01566,2.5748343,-0.50235283,0.14226644
TEST_01567,3.2318127,0.5745681,0.32858452
TEST_01568,3.2406037,-1.8622352,-0.2643673
TEST_01569,3.4506974,-0.17505063,-0.3542518
TEST_01570,2.6464777,0.22245793,-0.49121597
TEST_01571,3.9175818,0.3135023,-0.41122887
TEST_01572,3.8544452,-1.4555707,-0.8247454
TEST_01573,2.627396,0.15437707,0.077665634
TEST_01574,2.0482404,1.1523916,0.022830889
TEST_01575,2.0721645,-0.5613583,0.5794372
TEST_01576,1.3202344,0.44025362,0.7360378
TEST_01577,2.7338154,0.77254605,0.7148993
TEST_01578,4.5691175,0.23338231,0.33923346
TEST_01579,1.6155211,-0.5788071,0.35492125
TEST_01580,1.6911778,0.51252437,0.62252194
TEST_01581,1.9529679,0.13251081,-0.9175439
TEST_01582,1.533847,-0.5389671,-0.25779963
TEST_01583,4.316749,-0.78786135,0.9193423
TEST_01584,2.4570162,-0.13136244,-0.036131367
TEST_01585,0.9284893,-0.53445935,0.31259966
TEST_01586,2.8125823,0.3141663,-0.5018263
TEST_01587,2.7377372,0.63177407,-0.49260908
TEST_01588,2.6450186,0.53352463,-0.06523128
TEST_01589,4.5665073,1.2130086,0.9330333
TEST_01590,1.3671852,0.9517921,0.032684978
TEST_01591,2.4196937,-0.41472068,0.17015074
TEST_01592,1.3678111,0.13527918,0.270813
TEST_01593,2.718492,0.7701503,-0.76363987
TEST_01594,1.583246,-0.1734774,-0.06300498
TEST_01595,1.0657717,-0.33081856,0.12781017
TEST_01596,3.2918944,-0.2670962,0.89055234
TEST_01597,0.9625337,-0.16501042,-0.07856347
TEST_01598,2.5652142,1.1910583,1.0459754
TEST_01599,5.278815,-0.54423106,0.26869226
TEST_01600,4.6357684,2.0374882,1.1756617
TEST_01601,4.329106,0.13266025,-0.7623345
TEST_01602,3.444714,-1.2291334,0.22074258
TEST_01603,4.0207176,-1.481561,-0.6113842
TEST_01604,2.5198233,0.6857588,-0.07388211
TEST_01605,1.9208827,-0.26359227,-0.07094213
TEST_01606,4.057361,-0.27872416,0.15955283
TEST_01607,4.5048585,-1.1825536,-0.33122063
TEST_01608,3.5611486,-0.9396565,1.2869755
TEST_01609,2.96202,0.47141013,-0.11910661
TEST_01610,1.9761918,-0.45969898,0.3848222
TEST_01611,3.551827,-0.26379386,-0.03432601
TEST_01612,2.9996533,0.956524,0.18882579
TEST_01613,1.8063905,0.04995422,0.16778696
TEST_01614,1.6933595,-0.8590787,0.8580541
TEST_01615,2.578457,-0.22876477,-0.60463685
TEST_01616,2.7845466,-1.2714269,-0.31808227
TEST_01617,1.9597293,-0.7154438,-0.20938557
TEST_01618,1.3041707,0.06585583,0.40044266
TEST_01619,2.0078123,0.43993407,0.25321555
TEST_01620,2.3145401,-0.8860829,0.11862916
TEST_01621,3.3225298,0.12092793,0.11764977
TEST_01622,1.8933209,-0.41164762,0.29903072
TEST_01623,2.4613154,-0.66690004,-0.5706223
TEST_01624,4.1429696,0.22839108,-0.8189422
TEST_01625,4.612228,-1.6963884,1.0348521
TEST_01626,1.80376,0.10155597,0.43941367
TEST_01627,3.5642393,-0.24142411,-0.27152422
TEST_01628,2.8693776,-1.1539203,-0.33009115
TEST_01629,3.6230114,-0.2704208,0.860264
TEST_01630,1.2107105,0.48262772,0.32669395
TEST_01631,3.1338797,-0.78585136,-0.5584659
TEST_01632,3.494323,1.452205,-1.0379854
TEST_01633,3.4393966,0.8646648,0.7683157
TEST_01634,3.711403,-0.4501555,-0.6488211
TEST_01635,1.5495472,-0.27547884,-0.18396716
TEST_01636,2.5558152,-1.4953403,1.0633805
TEST_01637,3.0130985,-0.2946447,-0.10592772
TEST_01638,2.8462741,0.5066595,0.16754057
TEST_01639,4.108404,0.9992289,1.8110286
TEST_01640,3.600382,1.1013956,-0.64800256
TEST_01641,3.419804,-0.07439281,1.1046658
TEST_01642,2.919006,1.5974841,-0.640272
TEST_01643,2.8767066,-1.1772242,0.33669898
TEST_01644,1.814428,-0.1995475,-0.19122879
TEST_01645,2.1178493,0.56918293,-0.1425037
TEST_01646,4.70502,-0.15374589,1.2315356
TEST_01647,4.9412355,-0.9005926,0.2668807
TEST_01648,5.131888,1.2434745,-0.33556953
TEST_01649,2.7811863,-0.20805502,-0.27711153
TEST_01650,1.7425467,0.1489701,-0.112846754
TEST_01651,1.7657361,0.000793295,0.20502143
TEST_01652,3.5635324,1.3842305,-0.3237656
TEST_01653,1.5141745,-0.23000431,0.3445003
TEST_01654,3.250957,0.7328465,-0.6212899
TEST_01655,1.298148,-0.83147645,-0.21446638
TEST_01656,2.664523,-1.2727431,1.062305
TEST_01657,3.886064,0.5298577,0.5829621
TEST_01658,1.4876803,-0.33431602,0.20985636
TEST_01659,3.7502937,-1.4795732,-0.61940706
TEST_01660,2.1139185,0.8857058,0.7770918
TEST_01661,2.1324205,0.25492343,-0.4960156
TEST_01662,1.562595,0.17178181,0.18641211
TEST_01663,1.6666248,0.6609135,-0.5702963
TEST_01664,2.8705776,-0.48177195,0.28043088
TEST_01665,4.597015,1.3297807,-0.93370724
TEST_01666,1.7999783,0.14884977,-0.481909
TEST_01667,1.1764164,-0.24866116,-0.27658486
TEST_01668,2.666333,-0.45621657,0.6579505
TEST_01669,4.6350484,-1.2155185,1.2792634
TEST_01670,2.5274107,0.33915552,0.68596864
TEST_01671,1.14158,-0.26505616,0.051979065
TEST_01672,1.7428844,-0.590223,0.4662965
TEST_01673,2.603586,-0.69545287,0.5960078
TEST_01674,3.1685488,-0.5362829,0.08224977
TEST_01675,1.9094414,0.5518291,-0.26356417
TEST_01676,3.747902,-1.950286,1.0235288
TEST_01677,2.627369,-0.6597721,0.41523713
TEST_01678,1.7915795,-0.053408783,-0.44722754
TEST_01679,5.418647,-1.9426537,1.331559
TEST_01680,3.2800057,1.4288343,-0.3167399
TEST_01681,4.149045,-0.024534069,-0.6699697
TEST_01682,2.290414,-0.26093203,0.8288247
TEST_01683,3.3384051,0.4792143,0.46722788
TEST_01684,2.0259397,-0.33018982,0.22451319
TEST_01685,1.6401742,-0.8262861,0.58154815
TEST_01686,4.3872223,0.7768366,-0.089967154
TEST_01687,2.0794795,-1.0661057,-0.22824344
TEST_01688,0.971116,-0.77335376,0.30429223
TEST_01689,2.9732392,0.2528559,0.33369967
TEST_01690,1.9108081,-0.090310335,-0.037771378
TEST_01691,3.411634,0.018206004,0.12929344
TEST_01692,4.6779094,-0.11796232,1.4325765
TEST_01693,2.9539237,0.23909369,0.58622265
TEST_01694,3.8196871,-0.1601636,-0.22845107
TEST_01695,2.5628166,-0.3412295,0.03085785
TEST_01696,2.709497,0.117041245,-0.426997
TEST_01697,2.7290008,-1.4560905,0.5157861
TEST_01698,1.2235929,1.0310535,0.4492011
TEST_01699,4.647507,-1.1106675,-0.62337375
TEST_01700,1.0523503,-0.37185225,-0.12007008
TEST_01701,1.4750459,-0.26931575,-0.4816238
TEST_01702,1.881678,0.8305991,-0.47802034
TEST_01703,1.3737739,0.68069816,0.34578162
TEST_01704,1.8026133,-0.049498677,0.083975405
TEST_01705,5.0060086,1.3939915,1.1729867
TEST_01706,1.089888,0.44759822,0.5836428
TEST_01707,1.3330699,-0.032371704,-0.23389292
TEST_01708,2.7231946,-0.06105265,0.035483263
TEST_01709,3.3835735,0.16324145,-0.13450423
TEST_01710,4.5205617,1.0326343,1.5345795
TEST_01711,2.0840068,0.26491556,0.13308123
TEST_01712,2.0123043,-0.8104187,-0.22421058
TEST_01713,2.278389,-1.1341441,0.31772536
TEST_01714,1.5865928,0.13648757,-0.021291696
TEST_01715,1.8842062,-1.1859428,-0.62537616
TEST_01716,3.2692208,1.4260758,0.9157771
TEST_01717,3.7425117,0.59740853,0.6835595
TEST_01718,1.4671919,-0.24673046,0.35682118
TEST_01719,2.3137393,-1.1672992,-0.13524437
TEST_01720,3.2760687,2.340927,0.98244107
TEST_01721,3.719733,-2.3822281,-0.7569632
TEST_01722,4.224567,0.14866787,1.524408
TEST_01723,1.1596316,0.6080689,-0.33717352
TEST_01724,2.273495,0.97828466,-0.20844871
TEST_01725,2.4704173,-0.025880279,-0.07439401
TEST_01726,4.6512513,1.2295824,0.08081572
TEST_01727,3.0265927,1.0324969,-0.17450723
TEST_01728,4.6857767,0.15752621,-0.37362432
TEST_01729,3.052574,-8.907169e-05,0.3788794
TEST_01730,1.4667734,0.5871853,0.054127008
TEST_01731,1.0121623,0.29030383,-0.30851462
TEST_01732,3.5621884,-1.0368272,0.17187117
TEST_01733,1.1541178,-0.44751126,0.17250022
TEST_01734,1.8099105,-1.0462719,1.1844058
TEST_01735,1.4102935,-0.5232035,0.521126
TEST_01736,2.637786,-0.21644795,-0.53587455
TEST_01737,3.7226593,2.1736324,2.0288792
TEST_01738,5.426295,-1.1179919,1.6799941
TEST_01739,1.3093597,0.2777569,0.053955037
TEST_01740,2.1512856,-0.6996028,-0.13762316
TEST_01741,1.1754359,-0.4437478,-0.21124165
TEST_01742,1.9850844,0.9014815,0.61796826
TEST_01743,3.274279,0.6055686,1.141781
TEST_01744,2.8520448,-0.34942085,0.21002048
TEST_01745,1.4848881,-0.49481535,-0.17635392
TEST_01746,1.2944658,-0.8108663,-0.5513106
TEST_01747,4.1167283,0.34130937,-0.830692
TEST_01748,1.7550814,-0.2372656,0.103342295
TEST_01749,4.4549994,-0.7722673,0.739041
TEST_01750,2.3954408,1.4458934,0.013154338
TEST_01751,1.5639708,0.110085785,0.119869865
TEST_01752,2.7685251,1.6021669,0.38644746
TEST_01753,3.0677974,-0.68819165,0.61757624
TEST_01754,1.603114,-0.15759593,0.19567622
TEST_01755,1.7863903,0.18426707,-0.52277195
TEST_01756,3.3866289,1.3839628,0.55201614
TEST_01757,2.7045856,-0.018579062,0.5921091
TEST_01758,1.652969,-0.49050558,0.03524226
TEST_01759,5.899599,0.26494107,0.38550472
TEST_01760,4.7457147,-1.1189841,-1.499361
TEST_01761,4.34918,-1.8468796,1.1436336
TEST_01762,1.8783661,1.6587766,-0.5556658
TEST_01763,1.2779095,-0.17566296,-0.49823073
TEST_01764,3.1967256,1.1780297,-0.037215527
TEST_01765,1.096857,0.24449196,-0.110488124
TEST_01766,3.3320084,0.14001936,-0.7454602
TEST_01767,3.5231311,0.028703215,-0.6075618
TEST_01768,0.84138185,-0.1476101,0.273839
TEST_01769,3.4991837,-0.06868621,-0.3197686
TEST_01770,3.6060512,0.36197993,0.2601244
TEST_01771,2.6274388,-0.22921053,-0.07375902
TEST_01772,1.9914669,-0.09795547,0.43576938
TEST_01773,2.7743618,-0.32753608,0.23145595
TEST_01774,2.7632885,0.23641853,-0.45022744
TEST_01775,1.068455,0.41874284,-0.3106497
TEST_01776,2.9486055,0.2653344,1.3141538
TEST_01777,2.215972,0.11407388,-0.57938075
TEST_01778,1.6202972,0.036393605,0.17827769
TEST_01779,3.6513257,1.2078346,-0.43955144
TEST_01780,1.8869343,-0.4809013,-0.6129278
TEST_01781,3.3032026,-0.1666294,0.5639835
TEST_01782,1.9108298,-0.38845453,0.4210682
TEST_01783,2.3806446,-0.3101436,0.5397506
TEST_01784,3.136884,-0.5336041,0.79552156
TEST_01785,1.9264985,0.07808677,-1.0071566
TEST_01786,2.8551943,-0.020863019,-0.020277087
TEST_01787,2.3226268,-0.19220217,-0.40134913
TEST_01788,1.9299884,-0.34246266,0.24012889
TEST_01789,4.974339,0.86617786,0.111613475
TEST_01790,5.3478007,-1.1835474,1.2913024
TEST_01791,1.9357433,-0.27650917,0.083106205
TEST_01792,1.5160545,0.27297404,0.3703332
TEST_01793,3.273035,1.2343471,1.6580936
TEST_01794,1.8938563,0.52933884,-0.013577364
TEST_01795,1.6535186,0.30198398,0.3524007
TEST_01796,1.2509238,0.36216125,0.49066016
TEST_01797,2.9989545,-0.5287372,0.043963134
TEST_01798,2.52166,0.25644615,0.37910762
TEST_01799,1.7881862,-0.8836378,0.44682577
TEST_01800,1.4213059,1.00114,0.29387674
TEST_01801,3.1141517,-0.2055545,0.61989063
TEST_01802,1.490224,0.5938175,0.7361262
TEST_01803,1.1753441,-0.5604058,-0.0047743153
TEST_01804,1.9440143,0.75449026,-0.12051827
TEST_01805,1.6728063,0.360141,-0.3528087
TEST_01806,4.210729,0.33128288,0.7113079
TEST_01807,3.4223967,-1.3113942,0.61020577
TEST_01808,3.8290863,1.4809494,-0.35646483
TEST_01809,2.038803,-0.11336519,-0.16946365
TEST_01810,1.6862148,0.24321601,0.4353212
TEST_01811,2.2126029,0.07003194,-0.16603725
TEST_01812,1.6055292,-1.1763932,0.09169091
TEST_01813,2.632663,-0.38337427,-0.61461914
TEST_01814,1.5112809,0.44971856,0.12539661
TEST_01815,1.0323626,0.019598262,-0.18546921
TEST_01816,2.0462706,0.84301084,-0.8968361
TEST_01817,3.755548,-0.18250829,0.549007
TEST_01818,1.0437781,-0.111047775,0.012318024
TEST_01819,1.8001792,-0.9713355,-0.03636043
TEST_01820,2.1325893,0.06787741,0.5650629
TEST_01821,3.2205675,0.2166561,-0.21062519
TEST_01822,1.9318296,0.7408911,0.39127177
TEST_01823,4.085682,0.28830916,0.6789129
TEST_01824,3.7360158,-0.68771744,-0.22796649
TEST_01825,3.2265804,1.4776967,0.54036504
TEST_01826,2.4924874,-0.114863776,-0.17001842
TEST_01827,4.254205,0.16179863,0.86162233
TEST_01828,3.1237266,1.0539788,-0.6425597
TEST_01829,2.7063177,1.7880101,-0.46792158
TEST_01830,3.6330087,1.6938528,0.48254555
TEST_01831,1.9490918,-0.043361947,-0.16978067
TEST_01832,3.419993,-0.9673509,0.99983203
TEST_01833,3.0328152,0.76205444,-0.09561133
TEST_01834,2.0206263,-0.29127854,-0.06429672
TEST_01835,2.0952187,-0.3882521,-0.55727327
TEST_01836,1.7256421,0.56582814,-0.51293916
TEST_01837,1.973686,-0.2971734,0.2746487
TEST_01838,2.9567938,-1.6064519,-0.28258556
TEST_01839,3.2775018,-0.46007884,1.1287153
TEST_01840,4.8471594,-0.13509572,-0.8367273
TEST_01841,4.5284605,-0.2248343,-0.5427887
TEST_01842,2.0903938,-1.2154031,-0.71764594
TEST_01843,2.3902612,-1.1909261,-0.048613183
TEST_01844,2.1126702,0.2918483,-0.55791736
TEST_01845,2.1691887,-0.15338248,-0.45199773
TEST_01846,2.2710125,0.33667457,-0.55606234
TEST_01847,4.8433433,-1.2804403,0.6393626
TEST_01848,5.686751,-0.99540645,0.38620192
TEST_01849,4.394579,0.56114274,0.016304743
TEST_01850,2.4375653,-0.1332745,0.6517328
TEST_01851,2.7631292,0.033650875,-0.4773717
TEST_01852,1.7544746,-0.30432704,-0.6179245
TEST_01853,2.0492978,-0.20838033,-0.005164477
TEST_01854,2.9497051,0.009429599,0.54092
TEST_01855,3.06329,0.7601799,0.2239087
TEST_01856,1.2537792,0.5073934,0.3171951
TEST_01857,2.4960313,-0.7889257,1.1540295
TEST_01858,2.9090805,0.81695086,0.353183
TEST_01859,1.9329891,-0.9131678,0.20252044
TEST_01860,2.3858364,-0.46195453,-0.8641572
TEST_01861,1.6799566,0.5340674,0.48829758
TEST_01862,1.8955373,0.68192184,-0.15844345
TEST_01863,2.4306607,-0.082957394,0.32297492
TEST_01864,2.4230618,0.009106459,0.113363974
TEST_01865,3.8078768,0.08476996,0.85296565
TEST_01866,3.0931408,0.6629145,0.33745378
TEST_01867,2.4492981,-0.5601011,0.24778503
TEST_01868,3.1017344,-0.39219275,-0.052281566
TEST_01869,4.347743,-0.76437604,0.27159902
TEST_01870,3.7487075,0.719086,0.6564752
TEST_01871,1.3301016,0.27618346,0.12585527
TEST_01872,2.433615,0.63954467,0.72953206
TEST_01873,1.8192065,0.27158058,-0.27998853
TEST_01874,2.149951,0.60285014,0.3073481
TEST_01875,1.8723509,0.05992523,0.52521074
TEST_01876,4.0918226,-1.3899609,0.3821652
TEST_01877,3.1060824,1.2397047,-0.55904865
TEST_01878,2.8106427,-1.2351899,0.29531884
TEST_01879,5.144411,-0.38972798,0.95298743
TEST_01880,4.7056627,-0.20345311,-0.5152201
TEST_01881,5.2908278,-0.9913756,1.2637705
TEST_01882,3.9312096,0.583952,0.83804286
TEST_01883,2.3199036,-1.528456,0.28353435
TEST_01884,2.1047926,0.7805148,0.2501792
TEST_01885,1.1193974,-0.14493309,-0.26226774
TEST_01886,1.5431089,0.9814947,-0.45370758
TEST_01887,3.8008282,-1.3306408,-0.87332475
TEST_01888,4.4405704,1.9363109,0.17374183
TEST_01889,1.2800912,-0.3871444,-0.16406511
TEST_01890,1.4015003,0.09152798,-0.13361283
TEST_01891,2.1038349,-0.08017477,-0.8184756
TEST_01892,5.1310835,-1.191567,-0.852063
TEST_01893,1.4468002,-0.26653746,0.20047437
TEST_01894,3.0921319,0.25023204,-1.2065212
TEST_01895,2.5044978,0.63240314,0.099518694
TEST_01896,2.7016423,-0.23087583,0.7713189
TEST_01897,1.6485295,0.5029978,-0.38645673
TEST_01898,5.14598,-0.9806807,0.004810332
TEST_01899,2.0004258,1.3108337,0.32538623
TEST_01900,2.7633443,-0.23881954,0.35427654
TEST_01901,1.8487267,0.08640368,0.08742803
TEST_01902,2.2612987,0.27231973,-0.8511397
TEST_01903,1.3276136,0.36448377,0.36432487
TEST_01904,3.529149,-0.32624218,-0.079367466
TEST_01905,1.2973169,-0.284775,-0.37325448
TEST_01906,2.4915817,0.3883921,0.44817472
TEST_01907,3.6206114,-0.4711511,-0.10970751
TEST_01908,2.8620422,-0.07532194,0.071189746
TEST_01909,3.720086,-0.107993186,1.0703441
TEST_01910,2.3086603,-0.6669397,0.3152123
TEST_01911,3.0201702,-0.71381545,-0.003752462
TEST_01912,1.1817197,0.035017237,-0.20113973
TEST_01913,1.8433841,0.7103056,-0.7398422
TEST_01914,3.376502,0.53904474,0.8635081
TEST_01915,1.7310199,-0.8308447,0.44325507
TEST_01916,2.3797977,0.22136144,-0.07999138
TEST_01917,3.0485487,-0.5730085,0.32818714
TEST_01918,2.606883,0.3786193,0.029529272
TEST_01919,4.898237,1.0498317,-1.0721289
TEST_01920,4.355625,-0.8823528,0.5055159
TEST_01921,2.8029325,0.24887624,0.6371764
TEST_01922,3.437772,0.6434222,0.8836814
TEST_01923,2.4813592,-0.97111034,-0.982575
TEST_01924,2.9072223,-0.5002881,0.14607158
TEST_01925,2.3362024,0.35533598,0.17500223
TEST_01926,4.279187,-0.13855767,0.16234632
TEST_01927,3.1074069,-1.3684621,0.0700752
TEST_01928,1.3447387,0.4731685,0.58805823
TEST_01929,3.6667082,-0.0057534706,0.374438
TEST_01930,1.1809971,-0.16673471,-0.14315094
TEST_01931,4.3180594,0.47374174,-0.21004431
TEST_01932,3.6409483,-0.28918472,-0.24873081
TEST_01933,1.6598729,-0.2669802,-0.27387118
TEST_01934,1.7402622,0.12736577,-0.5233622
TEST_01935,2.9134796,0.59617895,-0.8126127
TEST_01936,1.1388441,0.19316936,-0.060411416
TEST_01937,2.6898468,0.34451592,0.28790465
TEST_01938,5.3137035,0.53904253,0.37678805
TEST_01939,3.3847802,-1.0171577,0.25903922
TEST_01940,2.7341585,0.7916279,-0.08717589
TEST_01941,2.1268885,0.4476428,-0.7001172
TEST_01942,1.7044625,0.29515517,0.28295487
TEST_01943,1.422137,0.23223211,-0.19258472
TEST_01944,1.3122221,0.24429032,0.26732975
TEST_01945,2.0373807,0.16326177,1.1027529
TEST_01946,1.9168266,-0.009115789,0.4345433
TEST_01947,3.9443858,0.13354038,0.0049432125
TEST_01948,1.9597619,-0.5781031,0.3232112
TEST_01949,3.2273176,-0.83609873,0.25705722
TEST_01950,4.005604,-0.2133663,-0.7645085
TEST_01951,2.813504,0.549101,-0.5707118
TEST_01952,2.686338,1.4266151,-0.47310194
TEST_01953,1.6986312,-0.2691897,0.18059182
TEST_01954,2.6761057,-0.19476308,0.10475027
TEST_01955,1.9467618,-0.21253163,0.22004078
TEST_01956,1.6352606,0.6487119,0.43143952
TEST_01957,2.0867038,-0.039654404,0.4273076
TEST_01958,2.6590345,-0.556606,-0.40165418
TEST_01959,3.955901,-1.3567605,2.3964624
TEST_01960,4.577827,0.46009657,0.96763545
TEST_01961,3.6363518,1.9851689,-0.61709845
TEST_01962,2.2631116,0.3401405,1.0343039
TEST_01963,1.7734987,0.395632,-0.54134196
TEST_01964,3.315412,0.6475135,-0.8481045
TEST_01965,2.0204656,1.1121639,-0.67535377
TEST_01966,1.30615,0.77281445,-0.17519791
TEST_01967,4.0942984,-0.30948105,0.16102406
TEST_01968,3.9453945,-0.39477587,0.7225935
TEST_01969,4.3700066,-0.07655741,-0.98020643
TEST_01970,2.3832872,0.4456499,0.62857586
TEST_01971,3.2012851,-0.04732625,0.62364674
TEST_01972,4.8843727,-0.0048708627,-0.9869436
TEST_01973,1.0373352,0.16849568,0.21253885
TEST_01974,3.2891533,-0.61960024,1.0458997
TEST_01975,1.1971916,-0.18339896,0.41238457
TEST_01976,2.6727812,-0.8054986,-0.6524425
TEST_01977,3.68134,2.2406516,-0.1416275
TEST_01978,5.6538777,0.5225696,0.7213999
TEST_01979,4.6454325,1.3807037,0.03312072
TEST_01980,2.085083,-0.8098268,-0.26488382
TEST_01981,3.1144707,-0.20301582,0.075525835
TEST_01982,1.9727712,-0.7689087,0.69460577
TEST_01983,2.6004882,0.40609968,0.5057368
TEST_01984,1.5748003,-0.40817213,-0.32603037
TEST_01985,4.868544,-0.16468245,-0.045694605
TEST_01986,2.7162387,-0.337376,0.4575477
TEST_01987,4.671208,0.39319438,0.33295032
TEST_01988,2.389752,0.5331988,-0.32957497
TEST_01989,3.0965023,1.3903617,-0.7655821
TEST_01990,4.9108634,0.76052403,1.582514
TEST_01991,3.181524,0.4790923,0.46082446
TEST_01992,2.0171914,0.643792,0.47194687
TEST_01993,2.793313,0.10836339,0.19115141
TEST_01994,2.3380213,0.43426508,0.11530155
TEST_01995,1.7297163,-0.60315746,-0.09896134
TEST_01996,1.88454,0.1991458,0.46275437
TEST_01997,2.0806277,0.2303982,-0.18078454
TEST_01998,2.7156694,1.5268173,1.0212736
TEST_01999,3.164702,1.8972111,-0.81464636
TEST_02000,3.9334512,-0.108092844,-0.6053064
TEST_02001,3.483746,0.289029,0.0010586316
TEST_02002,1.7865732,-1.4476517,0.49112627
TEST_02003,3.45633,-0.71591634,0.0050744005
TEST_02004,4.019333,-0.66945887,-0.183497
TEST_02005,2.2299848,-0.081813164,-0.39790657
TEST_02006,4.3001466,1.1223613,0.60459435
TEST_02007,3.0454247,-0.9631019,-0.022858944
TEST_02008,5.078185,1.6739006,0.008209861
TEST_02009,2.792181,0.36924514,0.4717776
TEST_02010,2.0127802,0.06421538,0.08847961
TEST_02011,2.451842,-0.3481241,-0.18747203
TEST_02012,3.0385323,-0.81194407,0.11022656
TEST_02013,2.8066216,0.20938334,-0.0099115
TEST_02014,3.3388085,0.064460516,1.2662926
TEST_02015,2.7227132,0.48060262,-0.2004137
TEST_02016,3.024225,0.37952027,-0.51455235
TEST_02017,3.6399262,-1.7693633,-0.444323
TEST_02018,3.4143674,-0.18958701,-1.0441756
TEST_02019,3.620669,0.9237494,0.9882716
TEST_02020,2.6922932,0.93800473,0.8792797
TEST_02021,1.5015455,-0.2251953,-0.15137786
TEST_02022,1.1487551,-0.26904705,0.44867775
TEST_02023,3.5523138,-0.16151124,0.1751508
TEST_02024,2.461453,-0.2273952,-0.34432495
TEST_02025,1.3053803,0.35750294,-0.09664314
TEST_02026,1.6656841,-0.48645383,-0.37212133
TEST_02027,2.946708,-0.24112792,0.92445415
TEST_02028,1.9760815,-0.13817336,0.21487047
TEST_02029,4.6861653,1.0940393,0.49223688
TEST_02030,1.9629494,-0.78646296,0.7496374
TEST_02031,2.35192,-0.14008023,-0.43011892
TEST_02032,3.801613,-0.3370232,1.9650953
TEST_02033,3.3315892,0.18965675,0.31325692
TEST_02034,2.1497574,-0.058874242,-0.10426395
TEST_02035,2.3550477,0.6484282,0.5509844
TEST_02036,4.16026,1.7722025,0.32243052
TEST_02037,1.5926974,0.34383714,0.22545241
TEST_02038,2.3548498,0.9804455,0.96011835
TEST_02039,2.6591146,0.6086815,1.4020723
TEST_02040,4.2466908,1.014157,1.5781869
TEST_02041,3.2224016,-2.60285,-0.0098707415
TEST_02042,4.7339053,0.42987752,-0.5916405
TEST_02043,3.7539833,0.38246587,0.12073925
TEST_02044,3.3970506,-1.6818672,1.3650726
TEST_02045,1.4445971,-0.47630876,-0.013207249
TEST_02046,4.5006914,-0.79012114,1.1758264
TEST_02047,4.989243,-1.1529623,-0.08584961
TEST_02048,2.8405817,-0.8977864,-0.92354494
TEST_02049,2.84191,0.290371,0.46800274
TEST_02050,2.9692802,0.3992484,0.14950271
TEST_02051,3.3754737,-0.065742455,0.093590215
TEST_02052,2.1296675,1.096404,-0.727796
TEST_02053,3.1205556,0.31853083,0.22154655
TEST_02054,2.8643203,-0.18052623,0.79486465
TEST_02055,1.8772955,-0.6135123,0.30414695
TEST_02056,3.5751226,0.632476,-0.43474263
TEST_02057,3.6964579,0.49526608,1.1589633
TEST_02058,2.9415357,1.5321769,1.1099209
TEST_02059,2.7317724,-1.5518658,-0.82942
TEST_02060,1.1086144,-0.30098316,0.1139447
TEST_02061,3.0685349,0.46187058,0.8900287
TEST_02062,1.6213363,0.13275973,-0.09378393
TEST_02063,2.8307984,-0.6605761,0.45925686
TEST_02064,1.5168064,-0.04986123,0.2365639
TEST_02065,2.6225379,-0.16809303,0.26684868
TEST_02066,2.4032464,0.38494536,0.21643017
TEST_02067,3.94936,0.45636138,0.5080759
TEST_02068,2.7942796,0.1319979,0.14273348
TEST_02069,3.2156713,1.207642,0.5150801
TEST_02070,1.8235723,-0.6836857,-0.3583745
TEST_02071,2.5354753,0.9940043,-0.6687812
TEST_02072,2.8035681,1.5668927,0.11885456
TEST_02073,2.947306,-1.2776158,0.7527463
TEST_02074,2.7865603,0.06496335,0.14368227
TEST_02075,1.8192983,0.36141557,0.32104528
TEST_02076,2.2172525,0.9037706,-0.47237733
TEST_02077,3.0983825,-1.1812847,0.018503293
TEST_02078,3.4463725,1.7328988,0.84977686
TEST_02079,5.1442027,1.4029225,1.8701199
TEST_02080,2.723237,1.4251444,0.5976779
TEST_02081,2.065229,0.35444367,-0.6144345
TEST_02082,4.4681153,0.37703657,-0.53182316
TEST_02083,2.228071,-0.22894809,0.63017297
TEST_02084,1.4470352,-0.07811737,0.19394279
TEST_02085,2.7429893,0.42950168,-0.12602077
TEST_02086,3.3587751,-0.0009903042,0.9628655
TEST_02087,4.4466114,-0.5866536,-0.16313127
TEST_02088,1.2763867,-0.04020569,-0.2866229
TEST_02089,2.4460468,-0.06513487,0.08000432
TEST_02090,2.6320584,0.55429834,0.08551429
TEST_02091,3.1987917,-0.1469794,0.5574438
TEST_02092,2.1666453,-0.98196226,-0.24126081
TEST_02093,2.425038,-0.16699663,-0.070222214
TEST_02094,2.7178109,1.0512233,-1.0232104
TEST_02095,2.8320022,0.014713183,0.0371298
TEST_02096,1.6365961,0.68010336,0.8804274
TEST_02097,4.285053,1.0582091,2.2202964
TEST_02098,4.870439,-0.56046504,-0.1798377
TEST_02099,3.8751538,-0.5662934,-0.43732157
TEST_02100,2.728086,0.0049524615,-0.77182126
TEST_02101,3.4401565,0.008782398,-0.63001543
TEST_02102,1.8551037,0.3329503,-0.35075772
TEST_02103,4.3484125,0.17481084,0.6240036
TEST_02104,2.6318038,-0.17698282,0.3783629
TEST_02105,3.7307186,-0.9468177,1.3171222
TEST_02106,1.7402704,-0.65782773,-0.4843106
TEST_02107,2.330403,-0.35290194,-0.4233256
TEST_02108,2.7746146,1.2832831,0.86891824
TEST_02109,1.7451134,-0.7043217,-0.31621557
TEST_02110,4.9152045,-1.1046445,0.98259723
TEST_02111,3.4575,-0.5718859,-0.27442938
TEST_02112,3.3743753,0.591375,0.44879508
TEST_02113,2.7904284,-1.0188332,0.66479206
TEST_02114,1.9597026,-0.39203155,-0.028335815
TEST_02115,1.8001524,0.25696105,-0.20737463
TEST_02116,1.4982126,-0.3094225,-0.13080762
TEST_02117,1.9007448,0.056470953,-0.17699856
TEST_02118,2.9530978,-0.766536,0.7804774
TEST_02119,4.0646753,1.1079187,0.6400325
TEST_02120,3.1781023,1.6533034,1.0396043
TEST_02121,1.3329982,0.8862742,0.07661053
TEST_02122,2.931772,-0.76232046,1.3843889
TEST_02123,1.7535764,0.47606838,-0.28028482
TEST_02124,2.6897688,0.12305314,0.21964963
TEST_02125,2.20879,-0.53409857,0.7486999
TEST_02126,1.7514285,0.90650254,0.25993294
TEST_02127,3.4586263,-0.1289133,1.2674092
TEST_02128,5.656272,-1.5212303,-0.6926612
TEST_02129,2.78383,0.69071233,-0.16512856
TEST_02130,1.9276899,0.39005294,-0.3330476
TEST_02131,2.6211307,-0.3259321,0.2861274
TEST_02132,3.6192067,1.3916051,1.1822149
TEST_02133,3.1457813,0.27763635,-0.11164177
TEST_02134,3.0717332,-1.2105689,0.05420468
TEST_02135,2.0589979,-0.09923917,0.062315278
TEST_02136,2.2565572,-0.16452548,-0.30527923
TEST_02137,3.49227,0.12118594,1.9549606
TEST_02138,4.0988107,0.98187673,-0.7756329
TEST_02139,1.1805309,-0.6600912,-0.16753641
TEST_02140,2.4558604,0.006512652,-0.014627595
TEST_02141,1.9499773,-0.17437607,-0.61454415
TEST_02142,1.7486151,0.012377631,0.46785033
TEST_02143,2.657302,0.27776426,-0.019991476
TEST_02144,2.6911635,-0.2886007,0.8421846
TEST_02145,1.6424803,0.093252406,0.012656425
TEST_02146,1.1456281,0.11069197,0.33331075
TEST_02147,2.5534282,-0.6443521,0.96214956
TEST_02148,2.4833114,-0.04551112,-0.08359358
TEST_02149,1.7780598,-0.21529259,-0.7469393
TEST_02150,1.1855822,-0.17681615,0.24496803
TEST_02151,1.8531184,0.24632774,0.40704894
TEST_02152,3.3772075,1.5428839,0.5473175
TEST_02153,2.992137,1.3757516,-0.46918595
TEST_02154,2.7474043,0.16740596,-0.2585208
TEST_02155,1.8317919,-0.034825403,-0.53615993
TEST_02156,4.20174,0.5412025,-0.24608071
TEST_02157,2.5739014,0.55970836,-0.45738816
TEST_02158,3.6673899,-1.3391492,0.36870447
TEST_02159,4.122391,1.6878042,-1.3396071
TEST_02160,3.113546,1.3359371,-0.5260409
TEST_02161,4.925504,2.3268044,0.001168251
TEST_02162,2.8146794,1.4864793,0.004918129
TEST_02163,3.4913297,-1.3491962,-0.0027493406
TEST_02164,3.0602384,1.3258525,-0.11335548
TEST_02165,2.6614904,0.81483996,0.4315251
TEST_02166,4.58564,-0.56255984,1.0599929
TEST_02167,1.7206335,0.011350507,-0.48089883
TEST_02168,5.267189,0.7667514,1.3298266
TEST_02169,4.060423,0.0069833547,-0.2128841
TEST_02170,3.1358676,-0.013858698,0.64695305
TEST_02171,2.0998833,-0.3774015,-0.4402833
TEST_02172,3.5023003,1.2061002,-1.0850961
TEST_02173,1.6726165,-0.5143959,0.08793472
TEST_02174,3.5245523,1.2833159,1.3044982
TEST_02175,2.4141333,0.09986348,0.4395134
TEST_02176,0.919594,-0.26004064,0.17881353
TEST_02177,2.450681,-0.82218105,1.433479
TEST_02178,4.5403996,1.5507647,1.1177974
TEST_02179,3.9137921,0.8437479,0.95062274
TEST_02180,1.6197032,-0.31019706,0.7444243
TEST_02181,2.631563,-0.17365293,-0.82048696
TEST_02182,1.8695971,0.34497002,0.07151055
TEST_02183,4.340498,-0.36022833,-0.6266712
TEST_02184,1.9541377,-0.1760967,0.4762031
TEST_02185,1.182955,-0.63097745,0.24317414
TEST_02186,1.1685634,-0.061760686,0.39172742
TEST_02187,3.598863,-0.42898753,-0.034508318
TEST_02188,3.1568744,-0.5976404,0.85340345
TEST_02189,3.7796805,-1.5059226,0.25258067
TEST_02190,2.7930956,-0.14427659,0.25456348
TEST_02191,2.05981,-0.77084905,-0.22515225
TEST_02192,1.350969,-0.20306909,0.27612966
TEST_02193,2.1857708,-0.6094915,-0.16847113
TEST_02194,2.044445,-0.1420612,-0.009904241
TEST_02195,1.1094562,0.24575557,-0.15671577
TEST_02196,1.374165,-0.39854163,0.22037748
TEST_02197,2.061373,-0.8184985,-0.05823762
TEST_02198,3.565848,0.55565614,1.2771772
TEST_02199,5.8704653,-1.2214801,0.519806
TEST_02200,4.1073413,-0.10406389,0.13049409
TEST_02201,3.4485242,-0.56883454,0.545177
TEST_02202,1.3130423,0.8303211,0.09426685
TEST_02203,3.545586,0.9511473,-1.1495429
TEST_02204,1.3810426,-0.5143122,0.13497378
TEST_02205,2.770674,-0.9708116,-0.8635077
TEST_02206,3.5100062,0.25118488,0.121143326
TEST_02207,1.9602824,-0.28680226,0.13308257
TEST_02208,5.303412,0.93989545,0.07836823
TEST_02209,2.6905637,0.2989213,0.12462606
TEST_02210,2.6542094,0.33573073,-0.76456964
TEST_02211,4.378337,0.28103292,0.09045043
TEST_02212,1.3570951,0.011498152,0.38953108
TEST_02213,2.5348625,-0.19853732,0.19667111
TEST_02214,2.8007686,0.010380714,0.9660534
TEST_02215,2.0019429,0.10785833,0.55813795
TEST_02216,2.5969617,0.14232562,0.84245384
TEST_02217,2.2086637,-0.03961331,0.85514563
TEST_02218,3.014505,1.0730941,1.5618634
TEST_02219,3.9932375,1.0392417,-0.6560005
TEST_02220,2.4824023,-0.8859932,-0.6113981
TEST_02221,1.2279433,0.37902823,0.5100121
TEST_02222,1.9534798,-0.38652426,0.36069924
TEST_02223,3.7890608,0.58876157,0.9264094
TEST_02224,3.0757296,-0.035775423,-0.12271879
TEST_02225,1.683269,0.98854744,0.2451135
TEST_02226,1.3922089,0.39877552,0.24815086
TEST_02227,3.3344917,0.47570628,0.38318604
TEST_02228,2.9375837,0.79945314,-0.39136124
TEST_02229,1.5199972,-0.58926487,0.9844405
TEST_02230,4.019719,-1.4719868,0.22585827
TEST_02231,2.0946167,-0.354743,0.12432418
TEST_02232,3.1154325,0.56205237,-0.08613826
TEST_02233,3.7822735,1.3528755,1.023622
TEST_02234,3.510143,0.31845105,1.3360312
TEST_02235,2.2351203,-0.3867594,-0.044887114
TEST_02236,1.5166336,0.095049515,0.20563626
TEST_02237,3.412851,-0.61682993,-1.107596
TEST_02238,1.089676,0.17758477,-0.21487442
TEST_02239,3.280034,1.4891536,-0.74232316
TEST_02240,4.271982,-1.8763978,0.8693029
TEST_02241,5.1362257,-1.009486,0.68717724
TEST_02242,1.1404766,-0.45897868,-0.5496495
TEST_02243,2.5767736,0.62974876,-0.042576082
TEST_02244,2.152503,0.7940694,-0.026619315
TEST_02245,1.4803754,-0.20598747,-0.54822385
TEST_02246,2.3937287,-0.19925407,-0.13527095
TEST_02247,4.6683483,0.33434153,-0.18708691
TEST_02248,1.8537525,1.1849575,-0.6851261
TEST_02249,2.017076,0.12443118,-0.3625668
TEST_02250,2.9002745,0.30457726,-0.7255791
TEST_02251,2.3836658,-0.28924108,0.29938444
TEST_02252,4.1499915,-1.4458182,1.2325988
TEST_02253,1.5225388,0.031483762,0.1409452
TEST_02254,2.7730818,0.7832228,0.37746105
TEST_02255,3.430402,0.345762,0.2701149
TEST_02256,3.4246814,0.36639,0.9985075
TEST_02257,3.1547868,0.85594136,-0.22772902
TEST_02258,2.341352,0.2946209,0.00756293
TEST_02259,4.1179633,1.0240707,0.15969597
TEST_02260,2.8673663,-0.023145083,0.07652728
TEST_02261,3.1210237,-0.14691243,0.10322928
TEST_02262,2.330617,0.075228825,-0.31446162
TEST_02263,3.97851,0.40703514,-0.063678116
TEST_02264,3.9388351,0.038636815,0.15175653
TEST_02265,3.653231,0.41332233,1.6760913
TEST_02266,1.3081179,0.08839692,0.31348357
TEST_02267,3.244441,-0.14140318,-0.37675568
TEST_02268,2.043044,0.40947214,0.3063366
TEST_02269,4.83863,-1.4121363,0.80871665
TEST_02270,3.208268,-1.4060298,0.4672035
TEST_02271,2.9973938,0.9484675,-0.64526594
TEST_02272,2.7071474,0.47972286,0.5759436
TEST_02273,1.6303734,-0.8201307,0.1901666
TEST_02274,3.4906924,0.019273829,-0.6735853
TEST_02275,0.98040247,-0.31233358,0.27234176
TEST_02276,3.7277555,-1.1080664,1.0088831
TEST_02277,3.8125114,1.0444946,-0.19902965
TEST_02278,1.3159661,-0.19457994,0.5145755
TEST_02279,4.473651,1.1347779,-1.1918881
TEST_02280,3.9684055,0.76597095,-0.45500427
TEST_02281,3.2060325,-0.26696193,0.88317823
TEST_02282,4.2216516,-0.49942726,-0.5360452
TEST_02283,2.2421498,0.41042295,0.08825989
TEST_02284,1.7344097,-0.41853377,0.29534653
TEST_02285,2.6568143,-1.0284065,0.2889641
TEST_02286,4.6129785,0.19024734,0.2814311
TEST_02287,3.8373308,0.87495196,-0.40768343
TEST_02288,1.1685407,-0.34221527,-0.104462504
TEST_02289,3.577334,-0.12863155,-0.34745494
TEST_02290,2.1992104,-0.13860413,-0.24689485
TEST_02291,2.1993828,0.4160021,0.72504795
TEST_02292,1.335696,-0.5583002,-0.15739821
TEST_02293,2.6738846,0.49561548,-0.29383165
TEST_02294,1.3263714,-0.79686606,-0.52783185
TEST_02295,2.6859238,0.5228921,-0.028973049
TEST_02296,2.4859533,-1.7985544,-0.18389013
TEST_02297,1.794535,0.42048025,0.6210451
TEST_02298,2.2354238,-0.9627981,0.42024106
TEST_02299,2.815085,1.1862276,0.1618314
TEST_02300,2.3028662,-0.69402146,0.24134596
TEST_02301,2.1417398,-0.17748593,-0.30354676
TEST_02302,2.038021,-0.33573422,-0.04366678
TEST_02303,1.5841005,0.084639035,0.10545887
TEST_02304,1.9973819,0.27268994,0.1023523
TEST_02305,2.577268,-0.7231995,0.57642215
TEST_02306,2.7706604,0.4518773,0.13019335
TEST_02307,2.6105564,-0.5687199,0.47152886
TEST_02308,2.125765,-0.5554569,0.4560995
TEST_02309,2.832459,-0.14746669,-0.37023675
TEST_02310,3.278233,0.6501549,-0.36688343
TEST_02311,1.7610999,-0.9924956,-0.2016397
TEST_02312,2.2540867,-0.19739461,-0.11930915
TEST_02313,3.0789044,0.655282,0.018137526
TEST_02314,2.7234757,-0.007348057,0.13031343
TEST_02315,2.370394,-0.7792894,-0.9458654
TEST_02316,4.078664,0.6547813,0.38398534
TEST_02317,2.3531277,1.1847155,0.5773773
TEST_02318,3.0995662,-1.4713649,0.15235859
TEST_02319,5.7468953,-1.0352834,0.3653878
TEST_02320,4.710124,-0.48942727,1.1410646
TEST_02321,2.752368,0.5556437,-0.120338455
TEST_02322,4.594775,-0.14684281,-0.63637626
TEST_02323,2.4733546,-0.40858108,0.3097024
TEST_02324,2.527688,-1.0002258,-0.8464346
TEST_02325,2.5336342,-0.16437568,0.34251282
TEST_02326,4.7886176,-0.38669983,-0.14312907
TEST_02327,3.9946587,0.9892266,-0.5214817
TEST_02328,5.237648,-0.39379215,0.3496316
TEST_02329,4.233116,-0.59265935,-0.22665694
TEST_02330,1.1712401,-0.15842588,0.09523205
TEST_02331,1.5078783,-0.19480658,-0.20999323
TEST_02332,4.2906795,-1.4776493,1.9530153
TEST_02333,0.7086556,0.2437842,-0.19529936
TEST_02334,2.8654435,-0.80568767,0.6981415
TEST_02335,3.1318667,-0.7764601,-0.46425596
TEST_02336,2.6679616,-1.4260231,-1.0201291
TEST_02337,3.0433242,0.24241677,0.7368247
TEST_02338,3.3919344,-1.1289072,-0.7283261
TEST_02339,2.9834208,0.7570882,0.57851136
TEST_02340,1.3485756,0.22776863,0.41344157
TEST_02341,1.6678562,-0.36096346,0.67980725
TEST_02342,1.8289658,0.12124033,-0.14772248
TEST_02343,4.2952204,-0.49422446,0.2588669
TEST_02344,3.4485621,0.26614454,0.21728739
TEST_02345,4.9424744,1.5679514,1.8243287
TEST_02346,1.5450215,0.73574305,-0.13030453
TEST_02347,2.8558602,0.4212042,0.25459594
TEST_02348,2.8809628,-1.1181508,-0.999747
TEST_02349,2.6404603,1.8313367,1.4060258
TEST_02350,2.605452,-0.63196695,0.74006754
TEST_02351,2.1693692,-0.7806854,-0.22918962
TEST_02352,2.4234343,-1.5656765,0.38279065
TEST_02353,2.1114068,-0.65156627,-0.28007793
TEST_02354,2.2542958,-0.405336,0.42143217
TEST_02355,1.137827,-0.031490497,0.22986141
TEST_02356,3.804368,1.7941189,1.4695516
TEST_02357,2.113124,-0.39429522,0.5668592
TEST_02358,3.4220302,-1.0227356,-0.77012175
TEST_02359,5.015687,-0.94564646,-0.17786308
TEST_02360,2.1205575,0.6658504,-0.2136183
TEST_02361,1.926864,1.324838,-0.015112169
TEST_02362,3.9470649,0.72056156,0.028317325
TEST_02363,2.1639607,-0.08141899,-0.68790025
TEST_02364,1.568639,-0.10385695,0.20625435
TEST_02365,1.9232872,0.20091207,-0.07371191
TEST_02366,4.077142,0.11329186,-0.3977343
TEST_02367,3.226433,0.6889615,-0.21886078
TEST_02368,3.4650164,0.3858715,-0.8934902
TEST_02369,3.3842576,-0.20617929,-0.30178824
TEST_02370,1.8602566,-0.22757342,0.39603364
TEST_02371,2.603382,0.010270295,-0.31303084
TEST_02372,2.4176464,-0.39546955,-0.11694815
TEST_02373,2.8690271,-0.30686408,-0.523909
TEST_02374,2.5429378,-0.9403018,1.1212573
TEST_02375,3.6050406,0.27188158,-0.07534843
TEST_02376,2.6241913,0.09029626,0.845648
TEST_02377,2.8949373,-0.24967031,1.1504278
TEST_02378,2.0916917,0.33432257,-0.36942446
TEST_02379,1.7178144,-0.9989447,0.58602875
TEST_02380,1.9255452,0.65767384,0.10714162
TEST_02381,1.6081686,-0.41953352,-0.40895578
TEST_02382,1.6122621,0.35624173,0.31002828
TEST_02383,1.4565411,-0.19759285,0.3168649
TEST_02384,3.6903822,-0.29322317,0.8154604
TEST_02385,2.3492734,-1.8978771,-0.1767413
TEST_02386,1.7600594,0.042098742,0.16708724
TEST_02387,2.6133492,0.26892895,0.3035393
TEST_02388,2.8677826,0.68096423,-0.72197264
TEST_02389,4.6128144,0.01952717,0.9763554
TEST_02390,5.2632804,-0.16441678,1.074156
TEST_02391,2.7180126,0.33272544,0.61458236
TEST_02392,2.1001344,0.621789,0.26831695
TEST_02393,2.7237675,1.4834943,0.8020091
TEST_02394,3.0786626,-0.07065872,0.45174292
TEST_02395,1.4622489,0.6359453,0.35100102
TEST_02396,2.2355225,0.7211757,0.005441034
TEST_02397,3.9889553,-1.0034305,0.43401322
TEST_02398,1.8291606,-0.34274793,-0.53842366
TEST_02399,3.3594162,1.0918967,1.4799595
TEST_02400,3.1256876,1.1903182,0.30628437
TEST_02401,3.5199351,-0.26655015,-0.82272834
TEST_02402,3.9865806,-0.8451921,-0.7655582
TEST_02403,1.9110054,0.5455641,0.48433748
TEST_02404,3.0958114,0.9108378,-0.7588639
TEST_02405,1.6256588,0.06968366,-0.011564869
TEST_02406,2.7070916,0.6340916,0.14421844
TEST_02407,2.0108366,-0.8658167,0.07073572
TEST_02408,2.1696422,1.6467779,-0.5169341
TEST_02409,2.8531725,0.38777688,-0.520294
TEST_02410,2.4172008,-0.096708685,0.012045579
TEST_02411,1.6548296,0.31208634,-0.42912176
TEST_02412,1.5653713,-0.5309093,-0.38959798
TEST_02413,1.7877952,-0.4208422,0.28486216
TEST_02414,3.4970748,0.529912,1.8651992
TEST_02415,2.0480464,-0.082898274,0.19144656
TEST_02416,1.5138988,-1.2560959,-0.22330406
TEST_02417,2.5466404,-1.2971065,0.22229138
TEST_02418,5.1238794,0.37340832,1.3986942
TEST_02419,3.032844,1.5865599,-0.09155305
TEST_02420,2.7153018,0.2927877,0.34827355
TEST_02421,3.458269,-0.11307862,0.35953423
TEST_02422,1.7595859,0.18536882,0.22827733
TEST_02423,2.1927583,0.8518423,-0.31748894
TEST_02424,3.245361,-0.09130237,0.11443339
TEST_02425,2.1952019,0.031968858,1.1346972
TEST_02426,3.3684368,-0.7522615,-0.41923645
TEST_02427,1.9349324,0.013944866,0.64733076
TEST_02428,2.141399,0.46080655,0.18011336
TEST_02429,3.5016763,0.5244306,0.082324535
TEST_02430,2.051279,0.362626,0.108638614
TEST_02431,2.5365276,0.5756597,0.027726663
TEST_02432,2.2721782,0.13758212,-0.42105165
TEST_02433,3.677858,-0.12044388,0.5652339
TEST_02434,1.5547286,-0.046672903,0.03574932
TEST_02435,1.2484771,0.43828186,0.20200916
TEST_02436,2.0061889,-0.24025823,0.603427
TEST_02437,2.13031,-1.1935872,0.08197094
TEST_02438,2.780215,0.99992985,-0.21923622
TEST_02439,2.0684986,1.4766858,-0.6317446
TEST_02440,2.855288,1.8125587,-0.6626347
TEST_02441,2.3719506,1.8370214,-0.8592568
TEST_02442,1.2179724,-0.5833499,0.40019
TEST_02443,2.01942,1.9833807,0.85935533
TEST_02444,3.174644,0.017068075,0.21325804
TEST_02445,1.9264508,0.41491383,-0.17424536
TEST_02446,1.1718048,-0.2919102,-0.16407853
TEST_02447,1.7429718,0.122260295,-0.38702
TEST_02448,3.516317,-1.1818528,0.054860912
TEST_02449,2.1540372,0.47732538,0.13052274
TEST_02450,2.1498501,0.35395956,-0.061249908
TEST_02451,3.271586,-0.06371378,-0.06952763
TEST_02452,4.6809635,1.4346101,0.65965724
TEST_02453,3.1043427,-0.21092306,0.35760406
TEST_02454,3.5701406,1.2575159,-1.1831801
TEST_02455,3.5382404,-1.1701069,1.109669
TEST_02456,2.9569445,1.1550703,0.28483078
TEST_02457,2.2317739,0.07961267,0.06351216
TEST_02458,4.4848905,-1.3941975,-0.52077407
TEST_02459,3.0247178,0.3240533,-0.6651786
TEST_02460,2.2576482,-0.06035558,0.64321905
TEST_02461,3.4485226,-0.2632002,1.042898
TEST_02462,2.3958893,-0.32905623,0.3525128
TEST_02463,2.8858607,0.15107757,0.56346256
TEST_02464,3.7326317,-0.07947051,0.29582012
TEST_02465,3.66024,-0.39606908,0.47594926
TEST_02466,1.8814996,-0.5508583,0.6515715
TEST_02467,2.9133046,0.20819923,-0.6291084
TEST_02468,2.481717,-0.9074505,-0.5536188
TEST_02469,2.8157415,0.7475698,-1.1207838
TEST_02470,2.4673085,-0.30086014,0.5768876
TEST_02471,3.1143088,-1.1804241,0.5651011
TEST_02472,2.0843623,-0.83250666,0.019471731
TEST_02473,3.3900824,-0.27189493,0.27370337
TEST_02474,2.0492544,-0.10023208,-0.006507639
TEST_02475,2.415756,0.6198478,-0.3739158
TEST_02476,4.648809,-1.5480101,-0.7643781
TEST_02477,3.1596403,-1.1817913,0.061881624
TEST_02478,3.6573517,-0.09930112,0.93603504
TEST_02479,4.8003917,0.399229,-0.16579904
TEST_02480,4.0232005,-0.72095937,-1.1423204
TEST_02481,4.640144,0.04671423,-0.5263571
TEST_02482,2.3150373,0.47214448,-0.3507394
TEST_02483,2.0442019,1.06891,0.32823816
TEST_02484,3.4335601,-0.04999362,-0.5059223
TEST_02485,1.8689489,0.7679468,-0.47666806
TEST_02486,2.710665,-0.46904415,-0.8995114
TEST_02487,2.74993,-0.8405798,-0.26967618
TEST_02488,5.4347878,-0.30259648,1.2064391
TEST_02489,2.0756726,-0.10773899,-0.06188602
TEST_02490,1.102854,-0.16618691,0.092858896
TEST_02491,3.4975095,0.38802028,-0.6429485
TEST_02492,3.0511298,1.074745,0.2639336
TEST_02493,2.5305634,0.34105998,0.24583755
TEST_02494,1.6760534,1.0343128,0.4706255
TEST_02495,3.4376135,-1.275538,1.1816121
TEST_02496,2.7797804,-0.8413961,1.3386228
TEST_02497,3.2287571,1.5367168,-0.4796141
TEST_02498,1.4157248,0.5068543,-0.44996342
TEST_02499,2.5300832,-1.1738368,-0.18195407
TEST_02500,2.521761,-0.63121384,0.08372402
TEST_02501,3.1058629,0.34935638,-0.46270943
TEST_02502,1.4680992,0.432657,0.2377586
TEST_02503,2.1120694,0.29739413,-0.5901029
TEST_02504,2.106827,-0.604199,1.0228959
TEST_02505,1.9870145,0.89864516,0.33588073
TEST_02506,2.4825745,-0.34846702,0.45223
TEST_02507,1.1757282,0.46047294,-0.15987377
TEST_02508,2.1863968,-0.5036724,0.1015326
TEST_02509,4.300079,0.8403224,-0.39827847
TEST_02510,5.2050977,-1.6342077,1.818076
TEST_02511,1.3797851,-0.32098907,-0.034464598
TEST_02512,3.035198,0.17038122,0.14253046
TEST_02513,3.7550693,-1.6389893,-0.5096612
TEST_02514,2.057767,0.44502953,0.010964099
TEST_02515,1.6735086,-0.09507053,-0.25716648
TEST_02516,3.110786,-1.0466893,1.1331515
TEST_02517,3.283617,0.22665812,0.3928525
TEST_02518,0.9964559,0.3178185,0.33347592
TEST_02519,3.316087,-0.3560726,0.9184948
TEST_02520,1.6743886,0.9031452,0.20779024
TEST_02521,1.2542132,-0.4030635,-0.28042197
TEST_02522,3.0510929,-1.1999694,1.1325097
TEST_02523,4.151102,0.3700018,-1.0709074
TEST_02524,2.352644,-0.9417679,-0.53316957
TEST_02525,2.613566,-0.0428887,-0.6364666
TEST_02526,3.9272473,-0.89649314,-0.9029126
TEST_02527,1.332319,0.62764,-0.15747264
TEST_02528,2.0233436,0.9855361,0.41205233
TEST_02529,2.1285467,0.05906428,0.32542896
TEST_02530,3.1641378,-0.51332915,-0.6435989
TEST_02531,3.1676452,-0.056755666,0.017361227
TEST_02532,1.7594619,0.36607093,0.10429318
TEST_02533,2.1060588,0.22487628,0.37466884
TEST_02534,1.9133028,1.350718,-0.16529451
TEST_02535,2.3161995,-1.0785036,0.27689457
TEST_02536,2.3915906,0.7384527,0.62116754
TEST_02537,3.3314474,1.6879961,1.4014567
TEST_02538,4.3250394,0.4371282,1.3914421
TEST_02539,0.9124817,0.34761146,-0.09318886
TEST_02540,3.405463,0.033575553,0.92083246
TEST_02541,2.8297236,0.20814565,0.26531133
TEST_02542,1.426114,0.07994622,0.11830752
TEST_02543,3.7159977,0.24703395,-0.26769322
TEST_02544,2.7364736,-0.28580427,1.1345395
TEST_02545,4.5473237,0.9543963,1.033582
TEST_02546,1.6639783,-0.2004278,0.36759922
TEST_02547,2.9318306,-0.032935146,0.6198381
TEST_02548,3.096785,-0.06303751,0.5859418
TEST_02549,4.4514914,-0.0016504638,-0.823326
TEST_02550,1.7125746,-0.9448383,-0.69604063
TEST_02551,2.9453614,0.02870084,-0.11558557
TEST_02552,2.389033,-0.80778193,0.38030165
TEST_02553,3.0401626,-0.08916755,0.40597606
TEST_02554,2.186589,0.12903345,0.27507278
TEST_02555,2.3766406,0.39497036,-0.05833654
TEST_02556,1.8326072,0.7791574,-0.297446
TEST_02557,1.8633815,0.09514081,0.49765107
TEST_02558,2.2516031,-0.5154197,-0.84711176
TEST_02559,4.96491,-0.39085045,0.7726873
TEST_02560,4.105807,1.0766718,0.15626237
TEST_02561,4.367858,0.86352974,-0.72884613
TEST_02562,3.4074202,0.32562265,0.12534139
TEST_02563,3.7612474,-0.3541407,0.6291193
TEST_02564,2.795549,0.5670605,0.15187886
TEST_02565,2.343009,0.23410052,-0.9472881
TEST_02566,1.0951098,-0.6863014,-0.38638097
TEST_02567,4.7845125,0.117989674,0.5736825
TEST_02568,4.394808,1.0368208,-0.70996815
TEST_02569,3.4520724,-0.41271722,-0.59667534
TEST_02570,2.4432592,-0.035602495,0.12850752
TEST_02571,1.3835874,-0.15904473,0.056797512
TEST_02572,2.6674836,0.74710995,-0.929361
TEST_02573,3.0006635,-0.3791587,0.5507379
TEST_02574,2.5749097,-0.7145251,1.0878855
TEST_02575,0.99484575,0.15978369,-0.07126239
TEST_02576,2.4431844,-0.33723718,0.6142151
TEST_02577,3.6051445,2.1154485,0.06587967
TEST_02578,5.621081,0.114558965,1.15605
TEST_02579,2.738167,0.7330309,-0.22563076
TEST_02580,2.6117926,-0.5726364,-0.23743294
TEST_02581,1.0483963,-0.3453942,-0.28071463
TEST_02582,1.5626515,0.49130732,0.12249618
TEST_02583,4.475951,-0.51567554,-0.71041405
TEST_02584,3.8090298,0.09420003,0.1695229
TEST_02585,4.870112,-1.768483,0.08411207
TEST_02586,2.39336,-0.46302432,0.3554961
TEST_02587,2.8428934,-0.43847993,0.40219077
TEST_02588,2.6205018,-0.22569863,0.19476753
TEST_02589,2.1109252,-1.4117047,1.0603184
TEST_02590,2.699546,-1.361263,-0.06731417
TEST_02591,2.850164,0.04353401,-0.6118746
TEST_02592,2.1407235,0.7071395,0.6187886
TEST_02593,1.5233675,-0.44723094,0.5314527
TEST_02594,2.082116,0.36867338,0.03995866
TEST_02595,1.6244849,-0.14090802,-0.10567541
TEST_02596,1.9017926,0.0013568997,-0.013799246
TEST_02597,1.6496584,-0.067465566,0.26840317
TEST_02598,2.737126,-0.32450953,0.22356007
TEST_02599,5.9276195,1.3739436,0.8216153
TEST_02600,1.9597404,0.668348,0.24440221
TEST_02601,4.8658476,1.4295828,0.22523737
TEST_02602,2.9700625,0.82186174,0.47807634
TEST_02603,3.118511,1.2384952,0.8297387
TEST_02604,2.5816655,-0.32548487,0.104511715
TEST_02605,1.0652701,-0.072280906,-0.25842112
TEST_02606,4.6417236,0.1953525,0.46646142
TEST_02607,1.1319829,0.55717283,-0.36184373
TEST_02608,3.0581174,-1.0472327,0.31515345
TEST_02609,4.288837,-0.009891908,1.0125334
TEST_02610,1.3400953,-0.036855772,-0.009438171
TEST_02611,2.6077414,-0.20127577,-0.22597194
TEST_02612,2.216908,0.355249,-0.2221852
TEST_02613,1.2425873,0.33640847,0.16009267
TEST_02614,2.6493275,0.036354944,-0.5859839
TEST_02615,0.9644966,0.45330477,-0.05603937
TEST_02616,2.3328335,-0.39986166,-1.0075117
TEST_02617,3.501814,-1.880255,0.9813691
TEST_02618,4.2382855,1.2059243,0.9875121
TEST_02619,1.5977519,-0.18607125,-0.5131533
TEST_02620,2.0930183,-0.76745445,0.07736565
TEST_02621,2.902357,-0.05354152,-0.3657312
TEST_02622,1.9195794,0.72424626,-0.053746562
TEST_02623,3.7258868,-0.33252966,-0.2971042
TEST_02624,4.060205,0.23903728,0.410458
TEST_02625,3.1904316,-1.1547887,-0.49751347
TEST_02626,0.88538516,0.066177785,-0.3051229
TEST_02627,4.17198,0.14288834,0.24078184
TEST_02628,1.6162254,-0.74846286,0.37175077
TEST_02629,3.9099946,0.6640826,-0.089479536
TEST_02630,4.0598183,-0.9079621,-0.4060786
TEST_02631,3.2640922,-0.44238764,0.7190322
TEST_02632,1.5740485,0.5809059,0.4395935
TEST_02633,2.0149086,0.1482167,0.54119223
TEST_02634,2.7373428,0.14589064,-0.41948196
TEST_02635,1.139238,0.36613667,-0.06447203
TEST_02636,4.6211414,-1.1324643,1.0022897
TEST_02637,1.177508,-0.29238608,0.28177473
TEST_02638,3.4167187,-1.5638088,-0.8364173
TEST_02639,5.3022914,-0.564494,0.15574823
TEST_02640,2.9934654,0.25469625,1.1062444
TEST_02641,1.1219988,-0.8821096,0.1640392
TEST_02642,2.2694902,-0.57083446,0.27606317
TEST_02643,1.3184465,0.5194067,0.13702086
TEST_02644,3.116293,-0.8175757,-0.85627115
TEST_02645,2.2349498,-1.0772866,-0.78195715
TEST_02646,4.508458,0.72048956,0.19147743
TEST_02647,1.9546077,0.6549072,0.82217026
TEST_02648,3.8785887,2.036313,0.009927515
TEST_02649,2.5154092,0.11941247,-0.0372855
TEST_02650,1.9473947,0.08242057,0.5358255
TEST_02651,2.7699082,0.10167184,-0.035346378
TEST_02652,1.6224836,-0.93422097,-0.6153666
TEST_02653,3.112173,-0.053267557,-0.41031066
TEST_02654,1.116918,-0.38118485,-0.27238598
TEST_02655,1.372192,0.42092645,0.19202372
TEST_02656,2.9356673,-1.0301435,0.71474105
TEST_02657,2.7640305,-0.88252693,0.28307837
TEST_02658,4.5828156,-0.13345139,1.0037637
TEST_02659,2.1756146,0.76607615,0.2497689
TEST_02660,1.6421126,0.040935405,-0.6177314
TEST_02661,3.4671998,0.12449002,0.8253399
TEST_02662,1.9234993,0.20583554,0.03367313
TEST_02663,3.0954666,-1.0259584,1.1054527
TEST_02664,1.9255327,-0.36429393,-0.34664965
TEST_02665,5.3599143,1.2954758,0.46280286
TEST_02666,2.9008937,-0.287691,-0.3430531
TEST_02667,3.3354247,0.3892473,0.1939205
TEST_02668,3.3337977,0.045117907,-0.26923248
TEST_02669,3.7423737,0.29124284,0.52538496
TEST_02670,4.2942376,0.70954293,-0.83604157
TEST_02671,2.6888542,-0.11103927,0.001500377
TEST_02672,2.3280418,-0.1386895,0.5288253
TEST_02673,1.9355277,-0.68505,0.051065788
TEST_02674,1.7797751,-0.1226394,0.2835124
TEST_02675,2.5027313,-0.5167446,0.4654916
TEST_02676,3.0312421,1.0318605,0.3278525
TEST_02677,2.132158,-0.22934246,0.3232628
TEST_02678,1.2436239,0.14006755,-0.09205408
TEST_02679,3.1012826,1.7306561,0.96589047
TEST_02680,2.2785206,-0.9918818,0.16956961
TEST_02681,1.519192,-1.4755288,-0.35728326
TEST_02682,1.4711632,0.61968094,-0.66537243
TEST_02683,1.1699505,0.063399516,0.1528902
TEST_02684,2.456072,1.3640009,-0.59927016
TEST_02685,2.1811175,0.3479803,-0.4514956
TEST_02686,1.9554513,0.7599545,0.38278058
TEST_02687,4.218427,-0.4880282,0.1832585
TEST_02688,4.8176155,-0.62773764,1.1577564
TEST_02689,3.7876372,-0.16317587,-0.66354495
TEST_02690,1.408276,0.32982773,-0.41611695
TEST_02691,2.0271933,0.32180315,0.40640768
TEST_02692,2.1795843,-0.68186176,0.7067528
TEST_02693,2.4167483,-0.1806364,0.287401
TEST_02694,2.3864825,0.8584684,0.70512575
TEST_02695,2.9551647,0.0065400116,-0.04385257
TEST_02696,2.8659413,0.7669833,1.0993879
TEST_02697,2.3143723,-0.4392424,1.0381869
TEST_02698,1.3309457,1.0343461,-0.69521016
TEST_02699,3.7643766,-1.3829463,1.2044288
TEST_02700,2.18844,-0.28397882,0.8126784
TEST_02701,2.1315842,0.18196824,0.6357671
TEST_02702,1.329303,0.23225568,0.105950594
TEST_02703,3.2296863,-0.6927692,-0.03567176
TEST_02704,2.5782256,-0.2061663,-0.27814335
TEST_02705,3.3490303,-1.0820248,-0.8517211
TEST_02706,1.2865034,0.17907691,-0.30224964
TEST_02707,2.1127243,-0.1810605,-0.60854536
TEST_02708,2.2608757,0.9885317,0.3021268
TEST_02709,3.2375896,1.8619792,0.8310371
TEST_02710,1.5414046,-0.50818634,-0.44022697
TEST_02711,1.9265873,0.97673076,-0.40929863
TEST_02712,1.2317284,-0.19577067,0.070998915
TEST_02713,3.7785592,1.2409413,-1.045864
TEST_02714,1.22946,0.13310224,-0.0047746114
TEST_02715,1.7528913,-0.14727953,-0.035027802
TEST_02716,4.098559,1.2997985,0.41117987
TEST_02717,3.188681,-0.81036717,-0.51244956
TEST_02718,3.5000687,-1.7833165,-0.27376467
TEST_02719,3.5751488,-0.3022652,-1.495256
TEST_02720,2.4876008,-0.865016,-0.4884328
TEST_02721,5.2930098,0.68207073,0.7087944
TEST_02722,2.2408502,1.1681688,1.0620306
TEST_02723,3.1976655,-0.71491,0.5303344
TEST_02724,2.6967146,0.42207015,-0.27678028
TEST_02725,1.5894833,-0.53988737,-0.01367109
TEST_02726,2.066349,0.3324331,0.5300568
TEST_02727,1.4656606,-0.51153946,0.38579684
TEST_02728,5.64945,0.7012342,-0.20215824
TEST_02729,2.3540719,-0.22220835,0.5277357
TEST_02730,2.889368,-0.4496374,0.40707994
TEST_02731,0.96527123,-0.22066659,-0.10832308
TEST_02732,4.8448825,-1.1784186,0.9393431
TEST_02733,2.5169075,0.17811063,-0.017484808
TEST_02734,3.0933151,-0.36087435,-1.0394937
TEST_02735,2.478428,-0.20088485,-0.015905358
TEST_02736,1.3042091,-0.17164539,0.4537389
TEST_02737,2.6668336,-0.7015353,-0.099592
TEST_02738,1.2943653,-0.73072803,0.24813293
TEST_02739,1.7170866,-0.90119934,0.10032174
TEST_02740,1.3999815,-0.3479708,-0.58696914
TEST_02741,1.2172468,-0.12604351,-0.28099683
TEST_02742,1.2703782,0.44873396,-0.19003825
TEST_02743,3.8648999,0.12130991,-0.46319586
TEST_02744,1.3396661,-0.37775928,-0.35934773
TEST_02745,4.214861,0.8053768,0.10302417
TEST_02746,2.0655468,0.44597185,0.5073968
TEST_02747,3.6888163,-0.4168951,0.684302
TEST_02748,1.8887014,-0.009618312,0.08203962
TEST_02749,4.5368514,0.7058492,0.87608445
TEST_02750,3.1266294,1.1851804,-0.37409937
TEST_02751,1.4758794,-0.7288585,-0.095704615
TEST_02752,0.79907763,0.032046102,-0.123478934
TEST_02753,1.9047225,-0.43953502,-0.006102409
TEST_02754,3.577465,0.4342247,-0.9814961
TEST_02755,1.9682895,-0.82867956,-0.21210085
TEST_02756,3.9976609,-1.2427412,-0.33884582
TEST_02757,1.5230169,-0.20378086,0.082411796
TEST_02758,2.1223726,0.43099505,-0.6618819
TEST_02759,2.4682307,-1.1655909,-0.8838169
TEST_02760,2.5949862,1.4377166,0.55297315
TEST_02761,3.7663682,1.7121501,0.86631507
TEST_02762,1.5443581,-0.8626452,0.7328837
TEST_02763,2.033343,-0.06931088,0.56177247
TEST_02764,2.9336605,0.9376294,0.113802075
TEST_02765,1.8034103,0.19373621,-0.53996253
TEST_02766,4.093843,0.7675321,0.16801494
TEST_02767,1.6925027,0.1907694,0.26102257
TEST_02768,2.7697086,-0.07976776,-0.17108266
TEST_02769,2.5699012,-0.03336799,0.013938374
TEST_02770,2.0159209,-0.5468138,0.27960667
TEST_02771,1.986048,0.10650482,0.26534003
TEST_02772,4.954521,0.007990085,0.97305405
TEST_02773,2.5911477,-0.19479716,0.20469542
TEST_02774,3.1612766,-0.91990596,-0.7652018
TEST_02775,1.8196381,-0.2615549,0.055526458
TEST_02776,1.5016233,-0.2578179,0.38126513
TEST_02777,3.7336333,1.9031125,1.8283141
TEST_02778,1.7337704,-0.13190061,0.5632056
TEST_02779,4.338577,-0.39857435,-0.20419548
TEST_02780,2.64783,0.56101507,-0.8977164
TEST_02781,2.8175628,-0.36232293,-0.5947115
TEST_02782,1.2634387,0.21099536,-0.04201041
TEST_02783,3.2412183,-0.5970675,-0.29846215
TEST_02784,4.198056,-0.8036195,-0.57489365
TEST_02785,5.390282,-0.1453352,0.63484365
TEST_02786,2.7402337,-0.07875991,-0.054971762
TEST_02787,1.1644622,0.02558586,0.22175288
TEST_02788,2.2007554,0.46476796,-0.09111774
TEST_02789,4.4110894,1.5863317,-0.32932502
TEST_02790,5.0502768,-0.4818929,0.6091669
TEST_02791,1.9206228,0.12969685,0.200282
TEST_02792,1.3429208,0.22346595,0.33700013
TEST_02793,2.1192377,-0.1876556,0.25882632
TEST_02794,2.532629,-0.3293015,0.40201864
TEST_02795,1.9996346,0.33840907,0.30892107
TEST_02796,3.26985,-0.5350072,0.07259485
TEST_02797,1.8000458,-0.8509166,0.06898164
TEST_02798,1.8217542,-1.0900563,-0.8531996
TEST_02799,3.3165896,1.0031087,-0.79084074
TEST_02800,3.3066132,0.5000287,0.034009393
TEST_02801,1.5593307,-0.1339207,-0.15204617
TEST_02802,3.2701862,-1.7332076,1.2469387
TEST_02803,1.0924993,-0.6105298,0.37651134
TEST_02804,2.932142,-0.74843186,0.085528165
TEST_02805,2.704967,0.07591288,-0.19491076
TEST_02806,5.0220304,-0.13426945,0.33927122
TEST_02807,3.570007,0.014095869,-0.7885093
TEST_02808,4.9146237,0.27638596,-0.057969205
TEST_02809,2.4920013,0.25144887,-0.22979724
TEST_02810,3.4703474,0.5552587,1.1625048
TEST_02811,1.9521934,0.4313309,0.39399374
TEST_02812,2.4126081,-0.15104653,-0.3850767
TEST_02813,1.953122,0.11007969,0.13785899
TEST_02814,2.1989067,-0.3994214,-0.4110726
TEST_02815,3.0490818,0.16527492,0.361789
TEST_02816,2.6838677,0.09209819,1.3734329
TEST_02817,3.6545682,-1.8760724,0.13097662
TEST_02818,3.4851158,-0.30200684,0.89453876
TEST_02819,1.7727262,-0.5554576,-0.078380354
TEST_02820,2.8527396,0.5811293,-0.123478025
TEST_02821,2.575428,0.13643546,-0.49003172
TEST_02822,1.5707221,0.37283626,-0.46118772
TEST_02823,1.9896601,-0.56713796,0.74444485
TEST_02824,1.8369879,0.04011467,-0.74849844
TEST_02825,3.7153106,-0.1113905,0.46404052
TEST_02826,2.6532962,0.23597944,-0.10296586
TEST_02827,2.2317019,-0.40225863,0.39289203
TEST_02828,2.8986225,-0.1706318,0.44249922
TEST_02829,4.588447,1.1334565,0.91702014
TEST_02830,1.8317188,1.2474202,0.56135356
TEST_02831,3.1056929,0.8855289,-0.4603762
TEST_02832,1.2505215,-0.33972478,-0.17563047
TEST_02833,3.5333798,1.2513283,1.2799151
TEST_02834,2.9546697,0.17899264,-0.16334635
TEST_02835,2.442448,0.45638615,-0.0007939115
TEST_02836,2.2269685,-0.17322782,-0.44150236
TEST_02837,2.19591,0.2763403,0.7518311
TEST_02838,1.3884311,0.22945504,-0.40585256
TEST_02839,3.6631718,1.2919738,-1.047773
TEST_02840,3.429386,-0.91346544,-0.015438845
TEST_02841,4.516788,1.2685927,1.477239
TEST_02842,3.5119042,-0.69519836,0.87161267
TEST_02843,3.3901381,1.8489164,-0.77792
TEST_02844,3.395014,-0.18070316,-0.30418482
TEST_02845,1.6800237,0.774353,-0.3614892
TEST_02846,4.5573964,0.9556668,-0.5762384
TEST_02847,2.6198666,-0.16518562,0.00834397
TEST_02848,1.4173511,-1.2874291,0.027220456
TEST_02849,3.733762,0.19497749,0.70648533
TEST_02850,2.183754,0.32289553,0.33447495
TEST_02851,4.130865,0.19294727,0.974017
TEST_02852,3.8620884,-0.6860373,1.0230033
TEST_02853,1.0272977,-0.3209571,0.22719379
TEST_02854,0.9837162,-0.7641713,0.14209378
TEST_02855,1.8062707,0.08753687,-0.34198898
TEST_02856,1.6297414,-0.053132243,0.45655137
TEST_02857,2.3039668,0.4531351,0.48469734
TEST_02858,2.061309,-1.0344787,0.5286198
TEST_02859,3.9339492,0.888417,-0.5591068
TEST_02860,0.706327,-0.39523113,0.35995173
TEST_02861,2.9003918,0.14164737,0.4141714
TEST_02862,1.9333,-0.15535815,0.16407539
TEST_02863,3.5432174,-0.5255007,0.92424333
TEST_02864,4.074215,0.6100588,0.8315797
TEST_02865,3.4358647,-0.2118346,-0.3393889
TEST_02866,2.6636128,-0.2539243,0.46937972
TEST_02867,3.1694005,0.03196666,-0.97628856
TEST_02868,3.0508826,-0.14963773,0.06653634
TEST_02869,1.6719185,-0.23350224,0.8530197
TEST_02870,4.5846725,-0.057921406,0.7507457
TEST_02871,0.9811742,-0.6905453,-0.21308969
TEST_02872,2.9719362,1.1945008,-0.77341133
TEST_02873,2.4016836,0.43729353,0.22745323
TEST_02874,2.3966045,-0.24671829,-0.024921581
TEST_02875,0.8787009,0.11186569,0.27401927
TEST_02876,1.507402,0.43549174,0.44309068
TEST_02877,3.1009502,-1.3961185,0.58866304
TEST_02878,1.8442538,0.02890573,-0.49868456
TEST_02879,2.4608498,1.2423906,0.4111074
TEST_02880,2.8123345,1.485886,-0.73965234
TEST_02881,4.9036303,-1.833255,0.39592385
TEST_02882,4.042077,0.094850436,-0.7059173
TEST_02883,2.309421,0.23402797,0.13077463
TEST_02884,2.610564,0.11318578,0.29518467
TEST_02885,2.0828595,0.23229665,0.34955087
TEST_02886,2.9088433,-1.0449954,-0.68661803
TEST_02887,4.2844834,-0.02918415,-0.6785087
TEST_02888,5.850504,-0.09681432,0.9260711
TEST_02889,3.8643448,0.46615815,0.09206652
TEST_02890,3.220171,0.24931031,-0.08532004
TEST_02891,1.4945397,-0.012267679,0.025690634
TEST_02892,2.4153132,0.87610084,0.87326527
TEST_02893,2.8423543,-0.2490032,0.09662046
TEST_02894,1.9865131,0.01540151,0.06466077
TEST_02895,1.7325479,-0.32659468,-0.1959286
TEST_02896,2.4546075,-0.54467946,1.0499763
TEST_02897,3.054628,0.74164444,-0.17714441
TEST_02898,4.4481225,-0.54194593,-0.17456786
TEST_02899,3.329503,-0.44773227,-0.053975005
TEST_02900,2.8517299,0.5235302,0.30397505
TEST_02901,3.6605582,-0.42770177,0.040396422
TEST_02902,1.4711484,-0.36842707,0.28949252
TEST_02903,1.0751832,-0.2999475,0.23716521
TEST_02904,1.8823934,-0.3143177,-0.26942626
TEST_02905,1.5729641,-0.040927056,0.91808456
TEST_02906,2.4313087,-0.18292245,0.3419109
TEST_02907,4.499319,-0.04267099,0.6451344
TEST_02908,2.6098397,-0.1608958,0.10535096
TEST_02909,4.051183,0.34707722,0.46015784
TEST_02910,3.5845096,1.7971709,-0.15017101
TEST_02911,1.658686,0.46137893,-0.20745242
TEST_02912,3.8131225,-1.5830004,1.8323033
TEST_02913,2.8386385,0.24913174,0.5935823
TEST_02914,2.4427605,0.161196,0.032248545
TEST_02915,1.8948357,-0.10923896,-0.41017643
TEST_02916,3.7255416,-1.0912547,-0.04327681
TEST_02917,2.7455292,-1.4721867,0.60695654
TEST_02918,2.9041338,-0.5549372,-0.7453337
TEST_02919,4.3717084,1.4147837,1.8108891
TEST_02920,4.236019,-1.428607,0.80364335
TEST_02921,4.6088233,0.21009503,0.32140997
TEST_02922,2.3539362,1.7185909,0.32772654
TEST_02923,3.585881,0.30349994,0.10116558
TEST_02924,1.4336945,-0.05134952,0.48354968
TEST_02925,1.1142336,0.24152668,0.071334794
TEST_02926,2.2561908,-0.840695,-0.3027391
TEST_02927,4.9093223,-1.1531391,0.22535667
TEST_02928,1.5305969,0.26032123,-0.29421353
TEST_02929,3.7214224,-0.13034731,-0.44499832
TEST_02930,2.1822343,-0.009344064,0.14678328
TEST_02931,1.8315477,-0.33530366,-0.14789104
TEST_02932,1.6001598,-0.12235296,-0.026556967
TEST_02933,2.6934967,-0.18692084,0.25965852
TEST_02934,3.4160864,1.5377656,1.2921855
TEST_02935,0.7906614,0.027423859,-0.27902633
TEST_02936,2.014128,0.9938307,0.24711321
TEST_02937,1.473917,-0.54566896,0.11258392
TEST_02938,4.035022,-0.19600315,1.0984669
TEST_02939,3.1275415,-1.4447236,1.0802702
TEST_02940,2.4671023,0.19380772,-0.050738074
TEST_02941,2.2905984,-0.26120257,0.114388935
TEST_02942,2.2521539,-0.7609209,-0.7913784
TEST_02943,3.98722,0.641422,-0.9334499
TEST_02944,0.9648319,0.3265581,-0.20619442
TEST_02945,4.952372,1.4407294,-0.86579406
TEST_02946,2.5478652,0.19491544,-0.040175773
TEST_02947,1.9968631,0.324147,0.36105084
TEST_02948,1.705796,-0.6137203,0.24148704
TEST_02949,3.5225508,-0.6323803,0.82304895
TEST_02950,0.96553576,0.3814103,0.27010843
TEST_02951,2.326269,0.4380297,-0.24556027
TEST_02952,2.5681894,0.3552369,-0.06522296
TEST_02953,4.0623937,1.4050965,0.76335055
TEST_02954,1.5418665,0.24187721,-0.055062786
TEST_02955,2.3872502,-1.0347269,0.07553291
TEST_02956,3.7003748,1.1749954,0.86063206
TEST_02957,2.7568693,0.93294966,0.27344495
TEST_02958,1.2853837,0.49578092,0.20212945
TEST_02959,5.33338,-0.49662024,-0.3843596
TEST_02960,3.9652104,1.4593728,-1.1567091
TEST_02961,2.864617,1.103904,0.2071279
TEST_02962,1.9415762,-1.0967804,-0.6580314
TEST_02963,3.6789548,1.2545879,0.8717652
TEST_02964,3.393649,1.0053732,-0.055224597
TEST_02965,2.6400604,-0.71349716,0.5770555
TEST_02966,4.3293643,0.4073059,0.0016017742
TEST_02967,2.287207,-1.0717683,0.532286
TEST_02968,3.5110557,-2.068706,0.52634543
TEST_02969,1.890766,-0.46792835,0.09785344
TEST_02970,2.9950325,-0.10212044,1.073924
TEST_02971,0.91947204,0.15874943,-0.28698483
TEST_02972,1.6853238,-0.584611,-0.8112743
TEST_02973,1.5355088,0.23070028,-0.039196547
TEST_02974,2.8843174,0.10329223,0.2749732
TEST_02975,2.697043,-0.43907917,-0.56682193
TEST_02976,1.0016564,-0.7958918,0.35441318
TEST_02977,3.199015,0.5770087,-0.62342083
TEST_02978,2.3134906,-1.0591313,0.112363696
TEST_02979,1.619353,0.27489895,0.01111634
TEST_02980,1.5378788,0.36260107,0.032558084
TEST_02981,2.4649978,0.123919144,0.44726282
TEST_02982,1.5193262,0.52939224,-0.011131749
TEST_02983,3.1064203,0.5538485,-0.12541057
TEST_02984,3.4031324,-0.11509673,0.23363855
TEST_02985,3.734008,-0.580098,-0.39747456
TEST_02986,2.9476676,0.56106246,-0.18978925
TEST_02987,3.9142783,-0.37912154,-1.1333177
TEST_02988,1.6007833,0.34318608,0.22339593
TEST_02989,4.459727,0.07317337,-0.92060137
TEST_02990,2.4022117,-0.6608099,1.0243696
TEST_02991,2.6367273,-0.30612186,0.027191745
TEST_02992,2.9397917,0.9113114,0.42698017
TEST_02993,2.3191843,-0.6021221,0.50001633
TEST_02994,1.5882777,-0.5447721,0.28507766
TEST_02995,2.0738025,-0.3433081,-0.39983156
TEST_02996,4.4058013,-1.3335247,-0.7756805
TEST_02997,3.0408735,1.9556432,1.0386258
TEST_02998,1.5436172,-0.9117138,0.14089108
TEST_02999,3.4005504,-0.34539342,-1.4214176
TEST_03000,3.9371316,0.32843077,0.4670775
TEST_03001,3.1888928,1.3611706,0.28460068
TEST_03002,1.8313928,-1.2573946,-0.7389081
TEST_03003,4.188518,-0.54532236,1.3451612
TEST_03004,3.1899087,0.9136427,-0.7541998
TEST_03005,1.3413844,0.47571424,-0.051953778
TEST_03006,4.920773,0.42484358,-0.31769544
TEST_03007,4.3546257,-1.490898,1.2013417
TEST_03008,4.043095,1.4692609,-0.46482977
TEST_03009,4.325358,0.18786126,-1.0013064
TEST_03010,2.6679718,0.01980175,0.19690314
TEST_03011,1.6980559,-0.42534065,0.29034847
TEST_03012,2.9016535,-0.0045117103,-1.208848
TEST_03013,1.228064,-0.049844246,0.054681644
TEST_03014,3.1015735,-0.055734932,0.19385104
TEST_03015,1.425312,-0.020591214,0.04029028
TEST_03016,2.5126247,-0.045572333,-0.8823384
TEST_03017,3.6532433,-0.56522876,1.1292892
TEST_03018,2.354421,-0.42044002,1.2231433
TEST_03019,2.3643446,-0.06691566,0.73911923
TEST_03020,1.1119721,-0.5639335,0.076531544
TEST_03021,2.1455877,-0.62333035,-0.2540659
TEST_03022,1.3101768,-0.32304522,0.11653387
TEST_03023,1.3602355,-0.21843754,0.4487745
TEST_03024,3.3494387,-0.39395446,1.2380463
TEST_03025,3.6737812,-1.257333,0.79013
TEST_03026,3.168871,0.09536791,0.374736
TEST_03027,2.711989,0.04614493,-0.0742397
TEST_03028,1.9509144,-0.27051196,0.1934451
TEST_03029,3.3564491,-0.7485823,0.97975427
TEST_03030,0.9068316,-0.48316282,0.2516476
TEST_03031,2.675953,0.769641,0.54986405
TEST_03032,1.968094,0.12149535,-0.031282686
TEST_03033,2.730669,0.20193052,0.07785757
TEST_03034,1.5650156,0.07177534,-0.05400233
TEST_03035,2.0453312,0.6853538,0.036672033
TEST_03036,2.1508512,-0.25926244,0.62667567
TEST_03037,3.5527859,0.98817986,-0.2296389
TEST_03038,1.3659022,-0.0029659048,-0.27459848
TEST_03039,5.2295485,-0.9184277,1.7397983
TEST_03040,4.6264286,0.3102938,0.13513854
TEST_03041,4.4422393,-0.71120757,-0.008389797
TEST_03042,3.8683014,0.10485792,0.1924626
TEST_03043,2.8259046,-0.7188289,1.0728276
TEST_03044,2.7053812,-0.5537072,0.8120466
TEST_03045,1.1235847,0.59551615,-0.18383566
TEST_03046,1.3673618,0.42399806,0.2644691
TEST_03047,1.8519515,-0.7401009,0.11382929
TEST_03048,4.9431486,2.1007807,1.034143
TEST_03049,1.7474958,-0.52222055,-0.024396332
TEST_03050,2.6603248,-0.41703123,-0.9370804
TEST_03051,1.9431447,0.3658146,-0.32950148
TEST_03052,3.5463772,0.014619674,0.977828
TEST_03053,2.6253486,-0.64831877,0.651179
TEST_03054,2.0400333,1.0630194,0.40948018
TEST_03055,1.6732388,-0.24174902,0.11797674
TEST_03056,2.305071,0.8429071,-0.78353304
TEST_03057,2.5967886,0.51946664,0.65911245
TEST_03058,2.9562957,-0.7459164,-1.0044849
TEST_03059,4.3018513,0.70975375,-0.057386223
TEST_03060,2.5447867,-0.35293746,0.6409388
TEST_03061,0.78481954,0.10750951,0.2665564
TEST_03062,1.7962648,0.9588158,-0.32322672
TEST_03063,3.234127,0.36513653,1.1463716
TEST_03064,3.1500943,-0.3446689,-0.23003574
TEST_03065,4.3252354,0.4179327,1.730644
TEST_03066,3.2613785,-0.36842132,-0.10525139
TEST_03067,2.6371737,0.70358413,-0.56848156
TEST_03068,1.5350654,-0.510842,0.4298301
TEST_03069,3.341757,0.9439864,1.1039976
TEST_03070,2.3196206,1.6933907,-0.6093235
TEST_03071,1.2463686,-0.2285557,0.3309948
TEST_03072,2.1833858,1.3069004,0.71147543
TEST_03073,3.08326,-1.22358,1.2438812
TEST_03074,3.0460753,0.09014062,0.8702929
TEST_03075,1.3386238,-0.15277469,-0.22198781
TEST_03076,1.5184898,-0.120079204,0.038776945
TEST_03077,2.1475205,-0.27083936,0.43111807
TEST_03078,3.6254141,-1.0948085,0.590013
TEST_03079,4.9812393,-1.6395804,-0.6159427
TEST_03080,4.8227215,1.0420263,-0.6314901
TEST_03081,3.9458766,1.6643339,1.3701392
TEST_03082,1.2570293,0.16615745,-0.036176674
TEST_03083,3.775829,-1.6636546,0.32727763
TEST_03084,2.3128898,0.71742785,-0.20334265
TEST_03085,1.0124075,0.18595542,-0.3380355
TEST_03086,3.0113373,0.65044534,0.24997984
TEST_03087,3.57932,-0.51656413,0.66239166
TEST_03088,1.1286674,-0.77920204,-0.30702266
TEST_03089,4.170422,-0.1369914,-0.20653659
TEST_03090,1.7838539,0.4388471,-0.549923
TEST_03091,4.31807,-0.29754198,0.33406234
TEST_03092,4.8100805,1.3314252,-0.56543815
TEST_03093,2.1638536,0.39567167,-0.131901
TEST_03094,1.8353628,-0.6320953,-0.30270663
TEST_03095,2.4992938,-0.2868511,0.15342669
TEST_03096,0.9978159,-0.2750713,0.32483077
TEST_03097,2.987788,-1.131643,0.7538826
TEST_03098,3.8548987,-0.16382807,0.23356679
TEST_03099,3.7543654,0.2548571,0.65717345
TEST_03100,2.16552,0.4338991,1.0215341
TEST_03101,1.475637,0.3171484,0.34184474
TEST_03102,1.912213,-0.07126665,0.20987388
TEST_03103,1.9892888,-0.047975045,0.38577408
TEST_03104,2.4919906,-0.110636905,0.56220305
TEST_03105,1.6179142,0.09043838,0.22501187
TEST_03106,1.8552935,-0.08716923,-0.4473623
TEST_03107,3.6032937,0.041746475,0.5596769
TEST_03108,2.8732347,0.044289093,-0.49897873
TEST_03109,1.6432475,-0.23595403,-0.16386338
TEST_03110,4.519354,-0.39176095,-0.24511431
TEST_03111,1.644349,-0.68923247,0.25459984
TEST_03112,1.4618134,0.78651077,0.23212664
TEST_03113,2.4908974,-0.9394915,0.086408615
TEST_03114,1.7876629,0.099805556,0.10643233
TEST_03115,0.86850864,-0.20062597,0.27132666
TEST_03116,2.180007,0.9975388,-0.4712202
TEST_03117,2.9273183,-0.23747051,0.032152917
TEST_03118,3.2067487,0.36616313,1.3014642
TEST_03119,4.72678,0.99431324,2.046193
TEST_03120,1.4576712,-0.04766558,-0.23976631
TEST_03121,2.6880693,0.99122566,0.45905304
TEST_03122,1.5135741,-0.47742075,-0.74097055
TEST_03123,2.4640582,-2.2412581,-1.1661265
TEST_03124,1.5021645,-0.11760974,-0.033684418
TEST_03125,2.733397,1.0371175,0.58868164
TEST_03126,4.3072624,0.09523301,-0.58782876
TEST_03127,3.0195458,-0.479923,-0.8427006
TEST_03128,4.6141667,-1.0357499,1.066249
TEST_03129,2.7974994,0.51935935,-0.33922407
TEST_03130,1.7905829,-0.45301855,0.34933928
TEST_03131,4.3614955,-0.5811913,-1.0571959
TEST_03132,1.2783033,0.5662911,-0.27788097
TEST_03133,3.3867717,0.3490748,-0.4740329
TEST_03134,2.5757136,1.3087993,1.140495
TEST_03135,2.158173,1.0275513,0.44147167
TEST_03136,1.982313,-0.5558407,-1.0059996
TEST_03137,1.6310554,-0.10909618,0.2173538
TEST_03138,2.2607281,0.6936511,1.2538618
TEST_03139,1.445389,0.13966154,0.15174627
TEST_03140,2.9938378,-0.20449622,-0.4995977
TEST_03141,3.277397,-0.11260305,0.4149098
TEST_03142,1.3414354,0.39880756,0.011537258
TEST_03143,3.0756354,-0.9930604,0.52914655
TEST_03144,3.620508,-0.008668169,0.58178866
TEST_03145,5.2089124,0.7394443,0.3062204
TEST_03146,2.7238681,0.18033662,0.7052532
TEST_03147,4.3712926,-0.5681131,0.9626629
TEST_03148,3.289583,-0.73136085,0.745321
TEST_03149,4.3518467,-0.8318229,1.2373153
TEST_03150,4.2077813,-0.075197965,0.5829295
TEST_03151,1.2313528,-0.14696796,0.18820016
TEST_03152,3.3200338,0.0127871735,-0.31350702
TEST_03153,2.5809462,-1.492846,-0.4549729
TEST_03154,3.0584755,0.41961873,0.32186347
TEST_03155,2.687615,-1.0229255,0.69701743
TEST_03156,2.7926462,1.262204,0.3177394
TEST_03157,1.754739,-0.29985136,0.3916525
TEST_03158,1.3927692,0.87584597,-0.44505677
TEST_03159,4.662019,-1.6140739,-0.94011337
TEST_03160,2.6627057,0.26401958,0.3559829
TEST_03161,4.597091,1.2539982,1.1156989
TEST_03162,3.6327028,-0.31312823,0.06254005
TEST_03163,2.776449,-1.604194,1.2427928
TEST_03164,2.1212656,0.07886858,0.97316533
TEST_03165,1.8306127,0.9855595,-0.12352282
TEST_03166,1.9544573,0.07576814,-0.44124636
TEST_03167,2.4877536,0.37641624,-0.60816324
TEST_03168,0.7860742,0.3245654,0.06535263
TEST_03169,4.497631,0.4003124,-0.087618954
TEST_03170,2.8521998,-0.56922114,-0.46696135
TEST_03171,2.8596509,0.5036711,0.72220063
TEST_03172,3.7846453,0.41365743,1.2388726
TEST_03173,1.2043954,0.38408497,0.0002972614
TEST_03174,1.7933455,0.96814406,-0.41162956
TEST_03175,2.5010319,-0.22717056,-0.5056887
TEST_03176,2.4999464,0.677564,0.058720376
TEST_03177,3.882137,0.8969472,0.4722412
TEST_03178,4.4164057,-1.0789319,-1.0727177
TEST_03179,3.7879388,0.5679006,-0.3982452
TEST_03180,2.4620757,-0.5090351,-0.37655663
TEST_03181,3.097906,0.047371626,0.51455015
TEST_03182,2.2506187,0.525939,0.5274149
TEST_03183,1.5181698,-0.8275137,0.29605147
TEST_03184,3.4326038,0.3603912,-0.36527464
TEST_03185,1.8164244,0.31486696,-0.07854533
TEST_03186,2.489159,-0.5361364,-0.49299347
TEST_03187,3.3292358,0.41492328,-1.1052735
TEST_03188,2.5914364,-0.8156837,-0.1150594
TEST_03189,3.819893,-1.1899166,-0.69407773
TEST_03190,2.7247045,0.9390328,-0.3103099
TEST_03191,2.9161751,-0.9035341,-0.32696003
TEST_03192,2.355811,1.2295507,-0.47698376
TEST_03193,1.3834891,-0.41882348,0.25986362
TEST_03194,3.2540972,-0.28707224,0.9615147
TEST_03195,2.2432015,0.43060055,0.4069224
TEST_03196,3.266886,1.0087099,-0.33125862
TEST_03197,2.6002166,-1.0915855,-0.5206929
TEST_03198,1.7123972,0.34008735,-0.55953574
TEST_03199,4.6115837,-1.7472837,2.0676033
TEST_03200,1.2898852,-0.17873183,-0.37302133
TEST_03201,4.9698863,-0.6431026,0.7568852
TEST_03202,4.6814013,-0.8975876,-0.5751559
TEST_03203,3.7262087,-1.62537,0.29809642
TEST_03204,2.6817732,-0.2174192,0.06322133
TEST_03205,1.3025284,0.048015207,0.07083784
TEST_03206,4.256103,-0.90649,0.06163352
TEST_03207,3.0491335,1.0494173,-0.1571293
TEST_03208,6.4031677,-1.4373178,1.6087607
TEST_03209,2.909943,0.025739145,0.25183296
TEST_03210,1.7014565,-0.46463484,-0.019163642
TEST_03211,4.0868917,-0.34196204,0.7331383
TEST_03212,4.1907845,0.5136687,1.1275688
TEST_03213,1.4783969,0.15572208,0.26621646
TEST_03214,2.1478286,0.14525738,1.1167519
TEST_03215,0.9272257,0.0946316,0.16832896
TEST_03216,2.394559,0.68115187,1.0341763
TEST_03217,1.4373744,-0.09139882,-0.016147051
TEST_03218,3.4496708,-1.0344793,0.46398503
TEST_03219,2.0568495,0.96334857,0.25633317
TEST_03220,1.2035758,-0.12513514,-0.14147949
TEST_03221,3.1403756,-0.19341885,-0.10071564
TEST_03222,1.4338375,0.29016194,0.25962746
TEST_03223,2.7392592,-0.583156,-0.010997305
TEST_03224,1.9799697,0.62047327,-0.3261018
TEST_03225,3.591815,1.5060945,1.586096
TEST_03226,2.1135604,-0.06268068,0.058052763
TEST_03227,4.1627026,-0.68633074,0.64392483
TEST_03228,3.0043356,-0.5134163,0.027461836
TEST_03229,3.6322541,0.38959992,0.51127666
TEST_03230,2.6937747,0.53496814,-0.07149109
TEST_03231,3.2610033,-0.34144756,-0.13706313
TEST_03232,3.2199588,-1.4308456,-0.129092
TEST_03233,2.3354182,0.03326546,0.49004674
TEST_03234,2.4753141,0.29801008,0.088324755
TEST_03235,1.0895402,0.34576002,0.0042116214
TEST_03236,2.6333106,-0.5172157,0.64167744
TEST_03237,2.4293003,-0.24144286,0.5313178
TEST_03238,3.2696185,-0.7563675,0.86232907
TEST_03239,4.549836,0.6114939,0.46709457
TEST_03240,1.6609786,0.7185291,0.19147776
TEST_03241,4.976445,-0.69128174,0.9095455
TEST_03242,3.6210735,0.6079747,1.1090798
TEST_03243,1.5438395,-0.3089006,0.010161405
TEST_03244,2.8691459,-0.8157294,-0.2433186
TEST_03245,2.612506,1.1705282,0.95172536
TEST_03246,4.466972,1.37234,0.04954493
TEST_03247,2.3422856,-0.25380632,0.49997208
TEST_03248,0.8716643,-0.90032804,0.20874542
TEST_03249,2.8743517,-0.1193066,-0.370726
TEST_03250,2.3286762,0.61619914,0.058580697
TEST_03251,3.0630393,-0.07252081,0.19808099
TEST_03252,4.225392,0.87365806,-0.96157503
TEST_03253,1.6100749,-0.31092378,-0.19203088
TEST_03254,1.7555252,0.9887513,-0.5563474
TEST_03255,1.8286395,0.64321816,0.24673586
TEST_03256,2.7507246,-1.0212324,-0.81973654
TEST_03257,2.879364,0.49549216,0.7357432
TEST_03258,2.435347,0.1804626,0.8973559
TEST_03259,2.631887,-0.7491904,0.18342339
TEST_03260,2.4139977,0.1407078,0.8224043
TEST_03261,1.7003008,-0.12129887,-0.037888505
TEST_03262,2.1179295,-0.40423724,-0.58085704
TEST_03263,3.8302808,0.18427895,-0.7713702
TEST_03264,2.659058,-0.1882261,1.0009559
TEST_03265,4.921972,-0.8218057,1.6236248
TEST_03266,3.3551965,-0.4897793,0.6637721
TEST_03267,3.4523249,-0.2301374,0.11561469
TEST_03268,2.700355,1.0874696,0.74780536
TEST_03269,3.21758,0.0071567353,0.095179945
TEST_03270,2.67567,1.0740647,0.32506424
TEST_03271,1.3231479,-0.29187027,-0.062103573
TEST_03272,2.826984,-1.0358608,0.13037871
TEST_03273,2.866542,-1.0529684,0.59970814
TEST_03274,2.4619985,-0.0015841853,-0.19722834
TEST_03275,2.5622175,0.8110705,0.1922022
TEST_03276,2.440152,-0.23868006,0.5696949
TEST_03277,1.6267557,-0.70775574,0.19751106
TEST_03278,1.461236,-0.31113514,0.1104343
TEST_03279,3.9866471,0.40734044,1.6688097
TEST_03280,4.9576526,1.3968138,0.6708214
TEST_03281,1.8933616,0.9557049,-0.4929126
TEST_03282,3.0238686,0.8206881,1.0967009
TEST_03283,2.9024355,0.58721,0.40387285
TEST_03284,3.1955602,0.6274328,-0.4433233
TEST_03285,2.05815,0.93904024,-0.117837444
TEST_03286,4.1900554,-0.74923193,-0.26370782
TEST_03287,2.5015748,-1.3007405,1.1734111
TEST_03288,1.8804247,0.6209861,0.26016256
TEST_03289,4.39884,0.24198055,-0.1967916
TEST_03290,2.0837085,0.23274635,0.22407535
TEST_03291,3.3257868,0.16236223,0.7601951
TEST_03292,1.5830848,-0.2749779,-0.015191946
TEST_03293,1.5730093,-0.5268383,0.19283372
TEST_03294,1.3282242,0.9186322,0.30226967
TEST_03295,0.9200845,-0.27610362,0.19340402
TEST_03296,2.7727294,-1.1559682,-0.06374749
TEST_03297,1.9226543,0.4340617,0.42208835
TEST_03298,4.07355,-0.49473113,0.8455613
TEST_03299,1.8922753,-0.68008035,0.33615246
TEST_03300,2.7356381,0.23465012,0.7036145
TEST_03301,1.85668,-0.46138278,-0.25950015
TEST_03302,1.6896098,-0.20145212,0.21540482
TEST_03303,2.5870113,-0.7403097,0.5528801
TEST_03304,1.8945047,0.18556504,-0.34702808
TEST_03305,4.8880725,-1.7212454,0.40796223
TEST_03306,2.383746,0.32065266,0.7289161
TEST_03307,3.0276742,-0.09471187,0.59961516
TEST_03308,3.1321793,0.15068236,0.16279429
TEST_03309,1.8726108,0.48258385,0.10431742
TEST_03310,3.6428063,1.0544008,0.5363204
TEST_03311,2.611392,0.15545845,-0.09527509
TEST_03312,3.4974754,0.4064443,0.70819443
TEST_03313,3.2004287,1.3492452,0.22955127
TEST_03314,1.316435,0.11192596,0.117209636
TEST_03315,2.0093286,-0.6580261,-0.6896622
TEST_03316,1.8942889,-0.47190952,0.2440273
TEST_03317,3.5749543,0.033925645,0.2788657
TEST_03318,1.4730561,-0.3654411,-0.1954219
TEST_03319,4.539812,0.67111367,-0.22852683
TEST_03320,2.3413143,0.72893196,-0.101952516
TEST_03321,3.4489613,1.9323404,1.2126875
TEST_03322,4.496155,1.4252769,-0.2900716
TEST_03323,1.4526329,-0.73767436,-0.23652805
TEST_03324,1.4319874,-0.16216503,0.16037732
TEST_03325,2.3424494,-0.67876446,-0.2986014
TEST_03326,2.8619502,-0.7006787,0.21952786
TEST_03327,4.433941,0.7086151,-0.44369215
TEST_03328,4.983191,-1.8707149,-0.6520091
TEST_03329,2.4837754,-0.07288824,-0.67376035
TEST_03330,2.282426,-0.20394339,-0.56386006
TEST_03331,1.6432194,-0.32140386,-0.21233068
TEST_03332,2.2273967,0.11375731,-0.28949982
TEST_03333,1.2121816,0.4142611,-0.0045214263
TEST_03334,2.8959608,-1.7639858,-0.8962852
TEST_03335,3.8895016,0.2747911,1.248989
TEST_03336,1.1587567,0.33702484,0.09404589
TEST_03337,2.0333748,0.24514954,-0.041874293
TEST_03338,3.8884897,1.2744547,-1.1854081
TEST_03339,3.880623,-1.08862,0.29070327
TEST_03340,1.7981768,-0.031190652,-0.3338917
TEST_03341,2.4636679,-0.4000071,0.8260677
TEST_03342,2.0842862,-0.28473604,0.1297983
TEST_03343,3.1967838,0.441697,-0.56923926
TEST_03344,1.3909152,0.43066743,0.6190294
TEST_03345,1.74835,1.2382767,0.6506515
TEST_03346,1.5127398,-0.298234,0.48439947
TEST_03347,1.3280103,-0.20630614,0.12721112
TEST_03348,2.7792182,-0.6562977,0.5815512
TEST_03349,1.412803,0.47081167,0.22329451
TEST_03350,2.6292675,0.8354508,0.56830746
TEST_03351,1.9750624,1.1258072,-0.34866667
TEST_03352,2.8174455,-1.2869408,-0.79174066
TEST_03353,1.5818281,-0.36345053,0.014279192
TEST_03354,2.5011005,0.40133464,0.24255137
TEST_03355,1.8039992,0.21581268,-0.32658812
TEST_03356,2.7488847,1.7545528,-0.60110855
TEST_03357,3.2407966,1.05026,0.41801456
TEST_03358,1.3214071,-0.6192666,-0.51077795
TEST_03359,2.4903355,-1.5482862,-1.477355
TEST_03360,1.285517,0.8892465,-0.078979
TEST_03361,4.238112,1.4397465,1.0115261
TEST_03362,1.4801236,-0.51528615,0.13099077
TEST_03363,2.9073246,1.4812393,-0.31986263
TEST_03364,2.5396607,0.5544822,0.8587216
TEST_03365,2.112004,0.08891392,0.087534554
TEST_03366,1.8771863,-0.16407596,-0.3103941
TEST_03367,4.105693,0.086003065,0.15430024
TEST_03368,1.4061929,-0.09437637,0.70347345
TEST_03369,2.3662834,-0.12718055,-0.09202221
TEST_03370,2.0311146,-0.2653897,-0.062510744
TEST_03371,3.0628936,0.2592555,0.04519999
TEST_03372,4.0102425,0.47898144,-0.21591479
TEST_03373,2.3844578,0.13951667,-0.27582657
TEST_03374,3.200879,-0.4441358,0.69430256
TEST_03375,1.2260351,0.079261824,-0.118457064
TEST_03376,3.1046515,-0.71856517,1.6997222
TEST_03377,4.004658,-0.8665952,-0.06860958
TEST_03378,2.8985674,0.74505895,-1.3219666
TEST_03379,4.15461,1.8188909,1.3473588
TEST_03380,1.3196604,0.07309659,-0.18813056
TEST_03381,2.6439466,-0.31645492,0.19428925
TEST_03382,2.09426,-0.12094802,-0.32482067
TEST_03383,1.6874957,0.07465725,0.5888686
TEST_03384,4.0257797,-0.21465845,0.14472619
TEST_03385,5.6120925,-0.9993484,1.8111395
TEST_03386,2.238726,0.19563593,0.8890215
TEST_03387,4.0856113,-0.60636115,-0.5594223
TEST_03388,2.4596226,1.3430103,0.24956705
TEST_03389,3.197622,-1.7857764,1.1789085
TEST_03390,5.2740526,-1.743718,1.1271983
TEST_03391,2.4523625,0.37989384,-0.1905691
TEST_03392,2.5461779,0.9978803,0.80155003
TEST_03393,3.2931383,-1.8405108,1.1061072
TEST_03394,2.3239918,-0.653261,0.40771827
TEST_03395,2.3271594,-0.76578116,0.65063536
TEST_03396,4.004636,1.4455606,0.07477474
TEST_03397,2.4544668,-0.8560872,0.14104895
TEST_03398,2.9806283,0.017390983,0.77375865
TEST_03399,4.811552,-1.0714743,1.676945
TEST_03400,4.536235,-0.5605624,0.5926025
TEST_03401,3.2710207,-0.63031214,0.51770544
TEST_03402,3.0749164,-0.19485569,-0.6452395
TEST_03403,2.316351,0.7025109,0.9916283
TEST_03404,3.2092934,0.8950157,0.058197018
TEST_03405,2.4721653,-0.78808117,-0.34122416
TEST_03406,3.3621864,-0.15652455,0.8534461
TEST_03407,2.4137282,-0.36427897,0.27860975
TEST_03408,5.6407685,-2.358622,0.72077906
TEST_03409,3.3741522,0.22371691,-0.19911975
TEST_03410,1.8412257,-0.21233979,-0.23267858
TEST_03411,1.0226495,-0.011041586,-0.1790236
TEST_03412,3.7182972,0.628625,0.38821462
TEST_03413,1.0623375,-0.33717525,0.14056084
TEST_03414,3.6691139,-0.4850843,1.7991148
TEST_03415,1.0156242,-0.41463962,0.07290303
TEST_03416,1.360566,0.34274313,-0.16845232
TEST_03417,2.8289802,1.2708331,-0.24285501
TEST_03418,1.0802217,-0.20015237,-0.27107897
TEST_03419,3.0264952,1.4024537,0.1676487
TEST_03420,2.461555,-0.5813546,-0.20776369
TEST_03421,3.3096056,0.17755221,-0.2770623
TEST_03422,2.3534107,-0.10644255,0.20277914
TEST_03423,1.8257316,0.787873,0.5405155
TEST_03424,3.1185057,-0.07137307,-0.44766384
TEST_03425,3.857498,1.1353809,-0.26804435
TEST_03426,2.8946242,-0.21921007,0.5125059
TEST_03427,1.9474514,0.26787707,-0.3692699
TEST_03428,3.2251933,-0.32722786,-0.2594438
TEST_03429,4.194337,-0.077926725,0.093231186
TEST_03430,1.9011235,1.0058758,0.048495583
TEST_03431,2.8162453,-0.90865546,0.55509984
TEST_03432,1.7037487,0.723259,-0.07284995
TEST_03433,2.8849258,0.45545948,-0.59809196
TEST_03434,1.2664124,-0.40289855,0.0303341
TEST_03435,2.2623017,0.06798539,-0.19637538
TEST_03436,4.433925,-0.18256478,-0.033948317
TEST_03437,1.2142574,0.32160008,0.32652545
TEST_03438,2.7159965,1.3281595,-0.32564038
TEST_03439,5.8504124,0.8659698,1.2336658
TEST_03440,3.6982002,-2.00468,-0.8928373
TEST_03441,4.211649,0.2523041,1.3381863
TEST_03442,4.403032,0.022336047,0.56619245
TEST_03443,0.9792454,0.42080227,0.3513552
TEST_03444,1.9473275,0.3215698,-0.28629363
TEST_03445,2.1634202,-0.48596367,-0.2750592
TEST_03446,4.8085203,-0.60551095,0.94628537
TEST_03447,1.8744788,-0.97309154,-0.24775003
TEST_03448,5.2965713,-2.5096846,-0.9369908
TEST_03449,2.186901,0.4866319,0.06858965
TEST_03450,1.0191265,0.44580474,0.26484758
TEST_03451,4.223059,0.5111454,0.24687114
TEST_03452,3.2085059,1.2677674,0.38206065
TEST_03453,2.2007546,0.5364447,0.08058519
TEST_03454,2.9231985,-0.21590781,-0.2800843
TEST_03455,3.6698112,0.79565465,-0.45087063
TEST_03456,2.0794241,1.233387,-0.9408601
TEST_03457,3.3398962,1.0691763,0.16410829
TEST_03458,5.455391,-0.36674327,0.13920188
TEST_03459,1.663265,0.20670798,-0.15194097
TEST_03460,2.9260821,0.7405554,-0.07603747
TEST_03461,1.450869,0.042719424,0.02612428
TEST_03462,1.963107,-0.14179197,-0.43417084
TEST_03463,3.277962,-0.24326856,0.0974718
TEST_03464,1.4044085,0.4489649,0.5866131
TEST_03465,5.9391007,-1.7933115,1.7314173
TEST_03466,2.7861204,-0.37595496,0.7923759
TEST_03467,1.7997012,0.42486343,-0.3051069
TEST_03468,2.9600372,-1.1428468,0.8847581
TEST_03469,2.2279477,-0.2583899,0.5841698
TEST_03470,4.7322865,0.6168129,1.6564924
TEST_03471,2.0852044,0.47868156,0.028006062
TEST_03472,2.2462397,-0.18072212,-0.62370926
TEST_03473,2.7352576,-0.7160656,0.054439027
TEST_03474,2.7045662,-0.08779688,0.06296196
TEST_03475,0.9146015,0.1697175,0.09330722
TEST_03476,3.4224913,-0.76837564,0.42909747
TEST_03477,1.9608675,-0.46388292,0.13454208
TEST_03478,2.9394712,-0.50527585,-0.35480878
TEST_03479,4.857045,-0.6253526,-0.27260068
TEST_03480,1.660132,-0.18329546,-0.18318689
TEST_03481,1.2087827,-0.9460033,0.066511035
TEST_03482,4.5458493,-1.589664,-0.32385486
TEST_03483,4.1729183,-0.38944116,0.005000077
TEST_03484,1.7103708,0.30963898,0.30961764
TEST_03485,1.102401,-0.18536308,0.23898728
TEST_03486,3.6489365,-0.8439742,-0.6162501
TEST_03487,1.5964521,0.17430942,0.7293465
TEST_03488,5.157895,0.9112146,-0.18234345
TEST_03489,2.1222107,-0.107465304,0.19182798
TEST_03490,2.7030346,0.12676835,0.11536831
TEST_03491,2.533987,0.21277708,-0.4270627
TEST_03492,5.0542617,-0.9924101,-0.56079364
TEST_03493,0.9793572,-0.3337771,0.058391996
TEST_03494,1.4558301,-0.48746985,0.22930722
TEST_03495,1.4974258,0.29151684,0.095521644
TEST_03496,3.1027772,-1.2308079,0.30915782
TEST_03497,3.7536101,-0.36210158,0.11797369
TEST_03498,1.0758984,-0.6608538,0.4859883
TEST_03499,4.0149007,0.41944075,0.33920977
TEST_03500,2.525347,-0.5651928,-0.79158556
TEST_03501,3.5414875,-0.4622081,-0.61174804
TEST_03502,1.8716025,0.5785353,-0.42638347
TEST_03503,3.0783284,-0.43858412,-0.23799652
TEST_03504,2.7010329,0.23764247,0.19567984
TEST_03505,6.054473,0.5833847,0.9731987
TEST_03506,2.3612971,0.17859353,0.61906165
TEST_03507,2.5289872,-0.11386327,-1.0481942
TEST_03508,1.7440013,-0.57860565,0.26028645
TEST_03509,4.482488,0.78373563,1.077553
TEST_03510,5.1841908,1.1350986,-0.8900139
TEST_03511,3.5331798,-0.7737188,0.27431402
TEST_03512,2.3082347,0.33588794,-0.3127753
TEST_03513,3.2108073,0.18434188,-0.5761191
TEST_03514,2.9719296,0.23588967,-0.75092274
TEST_03515,2.099012,0.40412965,-0.7454039
TEST_03516,4.4632273,-1.0601696,1.1778101
TEST_03517,2.7738445,1.385028,0.20584711
TEST_03518,2.557896,-0.5935021,-0.41201365
TEST_03519,3.0499022,0.023238413,-0.7103371
TEST_03520,2.3353875,-0.06747336,0.45810822
TEST_03521,3.3388426,-1.7438452,0.5029394
TEST_03522,2.835738,1.0216439,0.6453423
TEST_03523,1.8563209,-0.95075625,0.21500424
TEST_03524,2.8431795,-0.94016844,1.0906376
TEST_03525,1.0514318,0.03938929,0.03111121
TEST_03526,3.4950783,-1.0340477,0.5495035
TEST_03527,1.0791315,-0.19091895,0.3172345
TEST_03528,4.7788534,-0.8337674,-0.9164356
TEST_03529,2.816818,0.45835996,-0.27322972
TEST_03530,2.841886,0.11993056,0.40051532
TEST_03531,2.7863965,0.27187935,0.71627575
TEST_03532,2.751354,-1.1193277,0.91514176
TEST_03533,2.6407447,0.0146851195,0.15511125
TEST_03534,1.3510965,0.14245224,0.34359145
TEST_03535,1.6366885,0.110905185,0.12762187
TEST_03536,1.9143395,-0.26914746,0.25758085
TEST_03537,2.2765086,1.0015078,1.2117742
TEST_03538,3.7828584,1.5978953,-1.3623632
TEST_03539,1.7559706,-0.7279025,0.17225368
TEST_03540,2.290956,-0.05116292,0.1999129
TEST_03541,1.5201255,-0.6734126,0.09429181
TEST_03542,1.5361463,0.24592914,0.22010046
TEST_03543,1.7875112,-0.07288964,-0.58793545
TEST_03544,4.0331197,-0.9396204,0.2306023
TEST_03545,1.2336267,0.2212678,-0.21468456
TEST_03546,3.0091953,-0.6996814,1.0911548
TEST_03547,2.6818192,0.46464288,-0.61719286
TEST_03548,3.4727116,0.3333396,0.25351694
TEST_03549,2.980817,-1.5325841,-1.0956277
TEST_03550,4.840429,0.233008,1.4120991
TEST_03551,1.8452456,0.11620816,0.34400854
TEST_03552,3.4311616,-0.48983073,-0.1546091
TEST_03553,2.3576274,-0.71207345,0.37093192
TEST_03554,2.3867702,0.31054887,0.0027614776
TEST_03555,1.1747737,-0.4402143,-0.12350425
TEST_03556,4.515818,-0.9601031,-0.033159975
TEST_03557,3.4242215,0.2968267,1.0065259
TEST_03558,3.609002,-0.09128295,0.69307715
TEST_03559,3.6442637,-0.07872302,0.16162816
TEST_03560,2.3344731,1.4991702,-0.6683084
TEST_03561,5.0000763,-1.8517685,-0.23819576
TEST_03562,4.5520787,-0.42760897,-0.162305
TEST_03563,1.2452544,-0.5030655,-0.27556822
TEST_03564,2.6316643,-0.02510157,-0.36746657
TEST_03565,1.3168305,-0.107910246,-0.2570851
TEST_03566,1.3239377,-0.05059016,0.24168448
TEST_03567,2.3008733,-0.04239427,0.28867915
TEST_03568,2.2123067,-0.49534115,0.16628751
TEST_03569,1.1999568,-0.043501798,0.11773826
TEST_03570,2.03285,0.4174418,0.059013896
TEST_03571,2.2203865,-0.15005068,0.2938202
TEST_03572,2.6928878,-1.3742905,-0.5680047
TEST_03573,2.5960312,0.61492246,0.43892878
TEST_03574,3.0458035,-0.8622769,-0.25523332
TEST_03575,2.3644085,0.6604376,0.43179017
TEST_03576,1.178491,0.4653511,0.16119875
TEST_03577,3.2874656,-1.9477475,2.1393356
TEST_03578,3.9938905,1.213851,1.6013243
TEST_03579,2.1823854,1.0839525,-0.34525394
TEST_03580,2.999578,0.033316147,-0.9515988
TEST_03581,1.1766095,-0.5886659,0.27636105
TEST_03582,1.2689005,0.234427,-0.14911076
TEST_03583,1.8922051,-1.0631886,-0.43300542
TEST_03584,3.844921,-0.6006716,-0.12788926
TEST_03585,4.176822,1.5774091,1.3183684
TEST_03586,1.9200487,-0.40331483,0.12788233
TEST_03587,3.2390158,-0.54836184,-0.4052534
TEST_03588,1.8145232,0.11716853,0.21003665
TEST_03589,2.9603684,1.7194821,-0.7856596
TEST_03590,1.7085863,-0.38061863,0.0010971148
TEST_03591,3.0972567,1.0241284,-0.5676985
TEST_03592,3.2065737,-0.8909877,1.7772816
TEST_03593,2.6267974,-0.86927044,-0.28103518
TEST_03594,1.4840881,-0.12872432,0.18007301
TEST_03595,1.4553695,-0.454551,0.4154425
TEST_03596,3.5865521,0.9510312,0.7548398
TEST_03597,3.2034333,1.1319058,0.30218983
TEST_03598,1.8512832,-0.46305352,-0.6947052
TEST_03599,4.2808566,-1.6342752,0.74031484
TEST_03600,4.065741,-1.0874437,1.1211843
TEST_03601,2.3871756,-0.11830837,-0.7022513
TEST_03602,4.059435,1.7186502,-0.8913331
TEST_03603,3.516877,1.0084066,0.8156488
TEST_03604,1.7973418,0.0129413195,0.23269643
TEST_03605,2.4484231,-0.8214468,0.48230013
TEST_03606,3.2158017,0.034691513,0.31738582
TEST_03607,0.80624664,-0.34944406,-0.18834354
TEST_03608,6.288656,1.0509263,-1.1482043
TEST_03609,3.6475325,0.5167932,0.2205745
TEST_03610,3.0013082,0.5693059,1.1805923
TEST_03611,3.4603982,-0.06515896,-0.028143773
TEST_03612,4.7895455,0.50025004,-0.049628012
TEST_03613,2.449969,-0.24590823,0.08170494
TEST_03614,1.6412627,1.2066873,0.80878085
TEST_03615,2.5872462,0.81245834,0.49519712
TEST_03616,2.7422638,0.24190411,-0.18570542
TEST_03617,3.9225538,-1.6298918,0.4560598
TEST_03618,1.0669708,-0.2746188,-0.39185807
TEST_03619,2.753007,-0.295594,0.0674321
TEST_03620,1.6257663,-0.7482755,0.27206463
TEST_03621,1.7452987,-0.6913289,0.3592011
TEST_03622,1.6661738,0.21779409,0.30934456
TEST_03623,1.1933554,-0.4287519,-0.45969906
TEST_03624,1.8814834,-0.2527802,0.624869
TEST_03625,4.8800573,0.14322393,0.23193465
TEST_03626,1.6463346,-0.30048567,-0.2605164
TEST_03627,4.5650444,0.3249407,-1.2666073
TEST_03628,2.8013356,0.700999,0.3679839
TEST_03629,4.504352,0.63942343,0.47241148
TEST_03630,4.7121596,-1.8293183,-0.99398065
TEST_03631,2.3918037,0.021285428,-0.19698094
TEST_03632,1.742814,-0.06789173,-0.6887282
TEST_03633,2.4450088,-1.0081736,0.6809538
TEST_03634,3.0490968,0.6109461,-0.9171025
TEST_03635,2.4367645,-1.0005075,-0.53875685
TEST_03636,1.1433625,0.6769614,-0.40035194
TEST_03637,2.0926433,1.3503913,0.28811687
TEST_03638,3.4478092,-1.6097782,0.57850367
TEST_03639,4.8756533,-0.20579359,-0.9022104
TEST_03640,4.8411155,-0.8079877,-0.86805457
TEST_03641,1.9476243,-0.4954363,0.10089538
TEST_03642,4.7132263,0.049819395,1.6244999
TEST_03643,1.3293242,-0.16973846,0.28763294
TEST_03644,1.4880883,0.4715055,-0.24235006
TEST_03645,2.7250576,0.69653976,0.9119388
TEST_03646,4.8705006,-0.37832254,-0.60348153
TEST_03647,4.113727,-0.267297,0.4313485
TEST_03648,3.0130932,0.7213262,0.12448838
TEST_03649,1.9136533,-0.3539788,0.24755281
TEST_03650,2.3681946,-0.13645071,-0.03786815
TEST_03651,3.666174,-0.30268946,-0.41105172
TEST_03652,2.4959319,-0.32191774,0.51787466
TEST_03653,0.7892114,0.19512008,0.17825632
TEST_03654,2.5063956,0.52934337,0.9255288
TEST_03655,1.4723396,-0.4203606,0.38600275
TEST_03656,2.8126707,0.38696498,1.1236718
TEST_03657,3.0796995,-0.6985904,1.5453775
TEST_03658,4.672793,-1.0355095,-1.203774
TEST_03659,1.8362225,-1.0917821,-0.5022807
TEST_03660,1.1910956,-0.07334958,0.23215804
TEST_03661,2.643445,-0.3155088,-0.06026285
TEST_03662,2.1008697,0.32206866,-0.5807812
TEST_03663,4.256207,0.36499703,0.48902228
TEST_03664,3.5787835,0.0319551,0.9057786
TEST_03665,2.3843212,-0.15344039,0.68777174
TEST_03666,1.619341,0.033760555,-0.025622394
TEST_03667,3.865149,0.48997712,-0.31822827
TEST_03668,1.6084721,-0.16576907,-0.025777906
TEST_03669,4.055423,0.22182123,0.20597221
TEST_03670,4.3266535,0.5784046,1.4042311
TEST_03671,2.4834085,-0.12282577,-0.0456605
TEST_03672,2.0399842,0.6479758,0.9544462
TEST_03673,3.5685775,-1.6124204,-0.18301255
TEST_03674,2.5204632,0.38586274,0.03744163
TEST_03675,1.2640611,-0.2573938,0.43671787
TEST_03676,1.4140344,0.1653,-0.1140563
TEST_03677,1.92935,0.19397411,0.52354723
TEST_03678,3.1835835,-1.89399,-0.7425518
TEST_03679,4.8220243,-0.049210407,-0.14755154
TEST_03680,2.0962615,-0.46759456,0.43002662
TEST_03681,5.1530366,-1.6236298,-0.5544974
TEST_03682,3.6250803,-0.2779769,0.5540444
TEST_03683,1.9717771,1.7429398,0.6322265
TEST_03684,1.0067065,0.067741215,-0.15479928
TEST_03685,2.494342,0.15558107,-0.5572086
TEST_03686,2.829621,0.3303895,0.3515856
TEST_03687,3.8941684,1.3506649,0.9546496
TEST_03688,4.545966,0.2570277,-0.6432203
TEST_03689,2.699318,0.36355177,0.49442652
TEST_03690,2.4541392,0.15923783,0.77595246
TEST_03691,1.8591248,-0.40990958,0.61696017
TEST_03692,2.63194,0.0041416925,0.0978482
TEST_03693,1.071799,0.45781264,0.08045319
TEST_03694,2.1272993,-0.80410135,0.6464586
TEST_03695,3.307832,-0.24060579,-0.7149671
TEST_03696,3.0275614,1.0189165,0.058407217
TEST_03697,2.7976325,0.64582163,0.08178224
TEST_03698,3.579184,0.38866904,-0.6089877
TEST_03699,2.6547058,-0.8158956,0.09400916
TEST_03700,2.4894035,-0.2724392,-0.1381466
TEST_03701,3.0952458,0.018609202,0.19090839
TEST_03702,1.7295582,-0.002936184,-0.18456933
TEST_03703,1.6817774,-0.0135183185,-0.038160056
TEST_03704,4.011498,-0.21430013,0.5247028
TEST_03705,2.1487284,0.46337625,0.6379318
TEST_03706,2.6860194,-0.1475859,-0.53855324
TEST_03707,2.9733458,0.13775545,0.12641332
TEST_03708,3.080844,-0.14649084,-0.16906922
TEST_03709,0.9560888,-0.5778904,0.51592755
TEST_03710,4.506908,0.7714019,-0.72750664
TEST_03711,1.112844,0.19208987,0.10006213
TEST_03712,2.8590906,1.5917567,1.1909149
TEST_03713,1.3425503,-0.54304695,-0.074115306
TEST_03714,1.4052584,0.08103688,-0.050247584
TEST_03715,2.6212106,-0.23096995,-0.462409
TEST_03716,2.711784,-0.91982716,-0.3627266
TEST_03717,3.1624522,-1.8415297,1.0452212
TEST_03718,1.3313546,0.25736868,0.014644656
TEST_03719,4.098278,-0.26919308,-1.1164196
TEST_03720,1.8129759,0.09714362,0.21817273
TEST_03721,3.4309318,0.6440572,-0.10450387
TEST_03722,2.56824,-1.1731085,0.99731165
TEST_03723,2.5785167,1.7989472,-0.7380687
TEST_03724,2.3768559,1.076462,-0.28993854
TEST_03725,2.418407,-0.16941476,0.0173513
TEST_03726,1.1086524,-0.09748289,0.10173473
TEST_03727,2.5899923,-0.89290357,0.661381
TEST_03728,5.8306837,-1.7290653,-0.7535656
TEST_03729,2.9907176,0.68203485,0.006832096
TEST_03730,2.5425231,0.117491394,0.20902999
TEST_03731,3.8781505,-0.53143626,-0.0006842185
TEST_03732,2.5676732,0.022288246,-0.08332678
TEST_03733,1.6518995,0.57310516,-0.025644582
TEST_03734,1.7398281,0.15016386,0.3123811
TEST_03735,1.7117879,-0.4380635,0.49060497
TEST_03736,3.007532,0.56340325,0.4966374
TEST_03737,2.488542,-1.0915825,0.67303497
TEST_03738,5.1700315,1.232087,-0.3054934
TEST_03739,1.3817632,0.6496286,0.092289105
TEST_03740,2.752684,0.12616046,-0.015957672
TEST_03741,2.11835,0.23614283,0.23068008
TEST_03742,1.9204327,-0.077512726,-0.32681745
TEST_03743,2.7192764,0.3993834,0.47202536
TEST_03744,1.1739981,-0.007846845,-0.11155224
TEST_03745,3.1839988,0.12820628,0.14531595
TEST_03746,1.1604943,0.44137505,0.043590583
TEST_03747,4.303953,-0.86341625,0.47013858
TEST_03748,2.8907187,-0.5710716,0.36109862
TEST_03749,4.144458,0.05892203,-0.3376881
TEST_03750,5.635038,0.72951,1.3182086
TEST_03751,3.186656,-0.64188683,-0.57255656
TEST_03752,1.551107,0.6845545,0.48244777
TEST_03753,2.7058563,-0.49550182,0.6337957
TEST_03754,2.8129272,0.26596978,0.31508136
TEST_03755,1.8518889,0.7859249,0.575687
TEST_03756,3.7334445,1.1111726,-0.091324955
TEST_03757,2.3345327,-0.005872134,-0.016634718
TEST_03758,2.6471775,1.0912294,0.9843031
TEST_03759,3.4455345,1.319314,1.842586
TEST_03760,4.3776975,1.3236841,1.2808934
TEST_03761,3.3061895,-1.8714579,0.5985664
TEST_03762,3.7383564,0.5120603,0.28592733
TEST_03763,3.0193794,0.64109856,-1.0235915
TEST_03764,3.27053,0.19531752,0.10441734
TEST_03765,2.5947568,0.40943918,0.5876545
TEST_03766,3.814643,0.23440991,1.1681664
TEST_03767,2.295332,-0.15632729,1.0588862
TEST_03768,1.6160531,-0.15254651,0.014395634
TEST_03769,3.1386254,0.30863622,0.23985314
TEST_03770,3.128827,0.064023435,0.04998324
TEST_03771,0.8316839,0.007365684,-0.28957248
TEST_03772,1.7255901,0.8678278,0.3737517
TEST_03773,3.1694436,0.6341272,-0.47672373
TEST_03774,3.4138694,-0.9706389,-0.61676425
TEST_03775,3.6881924,-0.12511073,-0.50298464
TEST_03776,2.354715,-0.020490501,1.3227594
TEST_03777,3.2795823,-0.5788092,0.95125306
TEST_03778,3.0985987,1.428958,-1.0380296
TEST_03779,3.0511248,0.50951135,0.4394768
TEST_03780,2.0155914,1.1678939,-1.0258793
TEST_03781,3.3222103,-0.39266792,-0.18758053
TEST_03782,1.1989462,-0.12362206,-0.22791305
TEST_03783,2.7774296,0.40234983,0.121453956
TEST_03784,2.3429337,0.07463377,-0.08117606
TEST_03785,3.718383,1.2074091,1.5580024
TEST_03786,2.3374507,0.023231557,-0.38050574
TEST_03787,4.3605247,0.61666274,0.23194422
TEST_03788,2.5436637,0.0058755595,-0.11459792
TEST_03789,4.595677,0.55562675,-0.3950373
TEST_03790,1.631234,-0.672973,0.37298357
TEST_03791,1.5368358,0.3530942,0.00021242909
TEST_03792,1.4054207,0.431808,0.12855521
TEST_03793,2.899441,-0.3130152,0.6290319
TEST_03794,1.7154018,-0.2236591,0.09623362
TEST_03795,1.5585675,-0.39146167,0.32349595
TEST_03796,2.5635874,0.42496306,-0.24265695
TEST_03797,2.8090749,1.8157518,-0.24531192
TEST_03798,2.5286639,-0.5569615,0.17836273
TEST_03799,3.315234,1.6594876,0.34581274
TEST_03800,3.935444,-0.14617391,0.10549351
TEST_03801,4.6062512,1.7726556,0.46643987
TEST_03802,2.4241176,1.832275,1.5117245
TEST_03803,1.0062287,-0.6928956,-0.23460907
TEST_03804,1.9600585,0.69902927,0.51405674
TEST_03805,2.5016253,-0.5000478,-0.24904862
TEST_03806,2.433486,-0.6724278,0.588295
TEST_03807,2.7644877,0.2569553,-0.7187468
TEST_03808,5.510109,0.20550759,-0.5170834
TEST_03809,3.7769287,0.06964131,0.08174495
TEST_03810,2.6879056,0.08669103,0.45740783
TEST_03811,3.3761942,-0.2647752,0.014563172
TEST_03812,4.837502,1.4832087,1.7203039
TEST_03813,1.5432111,0.33407554,-0.25010148
TEST_03814,1.4576064,-0.737096,0.30936256
TEST_03815,2.1313338,-0.057040215,-0.23273465
TEST_03816,3.1512985,1.0509112,-0.01783627
TEST_03817,1.4726082,-0.114179604,0.38007805
TEST_03818,5.4276004,1.5412005,1.0784438
TEST_03819,2.6937675,-0.82350636,-0.23642445
TEST_03820,1.2438931,0.1550375,-0.04455279
TEST_03821,3.1638408,0.075579464,1.1208471
TEST_03822,2.154103,-0.2208643,-0.17925999
TEST_03823,3.139486,-0.9967555,-0.26691866
TEST_03824,2.8589656,-0.32142153,-0.31664205
TEST_03825,1.349674,-0.3568701,-0.5479394
TEST_03826,1.3676666,0.23009485,-0.0805806
TEST_03827,1.3134539,-0.10296363,-0.24223016
TEST_03828,2.5428598,-0.5543597,0.37429303
TEST_03829,3.5998094,1.425723,-0.20010221
TEST_03830,2.8456364,1.6451203,-0.5433958
TEST_03831,2.2868178,0.20553154,-0.14032492
TEST_03832,3.1662104,0.22650722,0.24048789
TEST_03833,3.7863154,-2.5123694,1.0520935
TEST_03834,2.021503,-0.11255169,0.51581836
TEST_03835,1.1016456,0.0066110464,0.013709129
TEST_03836,2.9375262,0.44126275,0.8420051
TEST_03837,2.7827659,0.32759136,0.4324277
TEST_03838,1.161087,-0.19659872,-0.2451866
TEST_03839,1.724214,0.39562666,-0.45908442
TEST_03840,2.424085,-0.75331247,0.8200401
TEST_03841,4.6919413,0.068587884,0.37820995
TEST_03842,3.8176923,-1.0877104,0.5332171
TEST_03843,1.5096471,0.46621203,-0.6160333
TEST_03844,1.7129486,0.04652054,0.19930808
TEST_03845,1.9850429,-0.6857856,0.5683481
TEST_03846,4.5932684,-0.5861842,-0.6817055
TEST_03847,3.65853,-1.1906954,-0.13332501
TEST_03848,2.5229077,-0.67266554,0.40229928
TEST_03849,3.4517198,-0.14294498,-0.030071031
TEST_03850,1.7888436,0.45762056,0.16390769
TEST_03851,3.0852854,0.17192654,-0.26923153
TEST_03852,1.1921338,-0.44981363,0.13200735
TEST_03853,1.8888271,-0.073131874,0.11092275
TEST_03854,1.784107,1.5542554,-0.7393088
TEST_03855,1.7135465,0.7283683,0.39868024
TEST_03856,1.5697268,0.9374627,-0.3717335
TEST_03857,2.3213804,-0.33354467,0.79935896
TEST_03858,3.6665704,-0.8694725,-1.0980248
TEST_03859,2.7915113,-0.82914597,0.597313
TEST_03860,2.8234375,-0.03331219,-0.29888484
TEST_03861,2.694005,0.0987541,-0.43474162
TEST_03862,1.9203829,-0.31279275,0.02907356
TEST_03863,3.6893668,-0.52391434,0.71564585
TEST_03864,2.5781145,-0.19527958,0.792201
TEST_03865,4.233696,1.2755919,0.15459086
TEST_03866,3.3340423,0.17234425,0.90621287
TEST_03867,3.2654572,0.5959465,0.43385577
TEST_03868,2.9851615,-0.48723918,-0.16975863
TEST_03869,3.091883,-1.4153649,0.16438892
TEST_03870,2.0594294,-0.013960678,0.45869
TEST_03871,2.8053014,0.7621449,0.060844127
TEST_03872,3.7464607,0.96676797,0.8790404
TEST_03873,2.5972447,-1.333071,0.6791959
TEST_03874,2.050272,-0.3150443,0.32752776
TEST_03875,2.0208368,0.0028696973,-0.21612284
TEST_03876,3.156744,-1.0776697,-0.2866369
TEST_03877,1.5858067,-0.0710563,0.38081926
TEST_03878,3.7330105,0.03666028,-0.46421397
TEST_03879,5.3997207,-1.6383333,-0.5702342
TEST_03880,3.6342347,-1.8245839,0.6852709
TEST_03881,4.8812623,-1.6740178,-0.78103304
TEST_03882,3.1493688,1.1428233,0.8734688
TEST_03883,1.1963573,0.49258068,0.22099553
TEST_03884,3.2167265,0.9691882,-0.7313007
TEST_03885,2.5400965,0.95492345,-0.4912345
TEST_03886,2.248683,0.6605655,0.26954418
TEST_03887,4.00554,-0.096913554,-0.71277326
TEST_03888,4.4261827,-0.87129503,0.8791876
TEST_03889,2.8991842,0.018810362,-0.08260415
TEST_03890,1.4786538,0.0546909,-0.14625745
TEST_03891,1.8051646,0.258164,-0.04645521
TEST_03892,1.9736099,-0.18204771,0.40331653
TEST_03893,1.3289442,0.034566715,0.3004666
TEST_03894,2.7124226,0.20408526,1.3443452
TEST_03895,1.9710106,0.86735874,-0.27276903
TEST_03896,1.9667069,0.12578683,-0.60624665
TEST_03897,1.8030605,-0.65987986,0.2073639
TEST_03898,1.0804443,-0.46808782,-0.2010898
TEST_03899,4.519542,-0.5270378,-0.16244839
TEST_03900,1.9503392,-0.28949156,-0.39302823
TEST_03901,1.7967303,-0.15577973,0.27871192
TEST_03902,1.8668301,-0.16130021,-0.3910467
TEST_03903,3.2784896,-0.71494406,-0.8846252
TEST_03904,1.5775527,0.30266187,0.34142447
TEST_03905,4.1551485,-1.0758353,1.130419
TEST_03906,2.6020796,0.0651844,-0.74236274
TEST_03907,4.3154545,-0.15138684,0.3440382
TEST_03908,2.7079277,-0.1697177,0.26171553
TEST_03909,2.2589853,-0.11609021,-1.0998683
TEST_03910,4.5912023,1.5085187,0.49009812
TEST_03911,1.305098,-0.3191243,0.14598037
TEST_03912,2.70256,-1.1337568,1.304642
TEST_03913,3.3590682,-0.7439512,0.8456597
TEST_03914,3.3399618,0.18737997,-0.056288913
TEST_03915,1.8445376,-0.51889867,-0.52726996
TEST_03916,3.4758732,1.9036015,0.3753912
TEST_03917,1.9345342,0.002755873,0.31714636
TEST_03918,2.5634148,-1.221129,1.0606723
TEST_03919,3.0651581,1.3006152,-0.5869405
TEST_03920,3.6776533,1.1659099,0.65331423
TEST_03921,2.3419802,-0.22048476,-0.7221191
TEST_03922,2.9314516,-0.8679583,0.9119711
TEST_03923,2.4394383,-1.9498562,0.51662374
TEST_03924,2.0221379,-0.74588555,-0.18562928
TEST_03925,1.3903275,-0.12478656,-0.03600356
TEST_03926,4.276978,-1.1124861,-0.68950546
TEST_03927,4.4580684,-0.57324153,0.6480692
TEST_03928,0.7669499,0.14997809,-0.11091863
TEST_03929,2.9001756,-0.29913422,-0.13853312
TEST_03930,2.0857718,-0.21674192,-0.18454583
TEST_03931,1.7594464,-0.3088714,0.11559853
TEST_03932,4.796237,0.3508058,0.38820538
TEST_03933,2.6905947,-0.51778245,0.29791826
TEST_03934,3.1441002,0.67323685,0.27695504
TEST_03935,2.1970906,-0.2703131,-0.58710086
TEST_03936,2.8434741,0.5425376,1.0558165
TEST_03937,2.1874123,-0.33532256,0.87400156
TEST_03938,2.4784782,-0.89591986,0.3069134
TEST_03939,1.4316269,0.49532664,0.030045446
TEST_03940,1.5331347,0.5461432,0.12518573
TEST_03941,3.1949296,-0.27080715,0.05846491
TEST_03942,1.7677913,0.2204857,0.20086235
TEST_03943,1.205978,-0.5373739,-0.4272493
TEST_03944,2.4747863,0.16628149,-0.069175705
TEST_03945,2.416691,-0.82102084,0.18297705
TEST_03946,1.4277536,-0.318029,0.31105334
TEST_03947,3.201117,-0.009948334,-0.5572264
TEST_03948,2.8597226,-0.6709873,-0.6589269
TEST_03949,2.8630311,1.6003462,-0.054712437
TEST_03950,1.0532075,0.77852595,0.25154084
TEST_03951,2.7317047,0.46427613,-0.15117094
TEST_03952,3.643568,-0.21648167,1.6529932
TEST_03953,2.4050066,1.0564305,-0.602577
TEST_03954,2.497424,-0.11488186,-0.4422971
TEST_03955,1.8053218,-0.61990476,0.22596338
TEST_03956,3.0563197,-1.0444653,-0.71869665
TEST_03957,1.6831847,0.3765486,-0.04128679
TEST_03958,2.7621,1.289393,0.9428528
TEST_03959,2.974413,0.6333268,1.3058122
TEST_03960,1.9803598,-0.63774997,0.32531318
TEST_03961,2.6488092,0.12417798,-0.42145
TEST_03962,0.8722551,0.3831303,-0.3560528
TEST_03963,2.5860546,1.3842039,-0.7888337
TEST_03964,3.0009499,-0.037503738,0.4629483
TEST_03965,1.0024991,0.34903142,-0.32497957
TEST_03966,1.5503299,0.36337036,0.3137546
TEST_03967,2.5282283,-0.051674496,-0.15665314
TEST_03968,2.1264312,-0.8439088,-0.17385854
TEST_03969,2.1179256,-0.3254014,-0.2896322
TEST_03970,1.8967052,0.31305674,-0.6642726
TEST_03971,3.6968496,-0.7899636,0.3304221
TEST_03972,2.5839982,0.51198435,-0.79654634
TEST_03973,2.5506299,-0.011950131,0.49341604
TEST_03974,3.6727808,-1.1440991,-0.774066
TEST_03975,3.5279505,-0.5778313,-0.10289965
TEST_03976,1.7159421,-0.9419771,-0.30237192
TEST_03977,1.5860839,0.29987958,0.024352834
TEST_03978,3.965936,-0.28655583,0.101998195
TEST_03979,2.0975842,-0.76468545,-0.17063357
TEST_03980,3.1177568,-0.8361027,0.14205037
TEST_03981,1.5835272,0.3524711,0.5447181
TEST_03982,1.734357,0.68604475,0.007387552
TEST_03983,3.1693125,0.64273095,-0.33975205
TEST_03984,1.6823869,0.31664228,0.6365924
TEST_03985,3.1751802,1.1387424,-0.6957366
TEST_03986,2.1814432,0.33259127,-0.350817
TEST_03987,4.4831414,-0.067309976,0.53117216
TEST_03988,1.4605366,0.46250367,-0.35174888
TEST_03989,3.6695797,1.2308519,-0.6667189
TEST_03990,4.805656,-0.510359,0.4628016
TEST_03991,1.5695571,0.14658591,0.021877585
TEST_03992,2.1153133,1.4112122,-0.8699406
TEST_03993,2.424302,-0.19291551,-0.14405587
TEST_03994,2.815742,0.31213012,0.93293756
TEST_03995,2.1162612,-0.33495593,-0.012985282
TEST_03996,3.0102632,-0.2088083,0.6689304
TEST_03997,2.1911035,-0.3581367,0.07445398
TEST_03998,3.3894975,0.7113434,-0.45300743
TEST_03999,5.3873315,1.3061967,0.84238493
TEST_04000,2.3861635,0.1203965,0.26661068
TEST_04001,4.697308,-0.16529356,0.76051867
TEST_04002,3.580502,0.95299375,1.3773954
TEST_04003,3.1682518,1.8186184,-0.799296
TEST_04004,3.2755854,-0.09434751,0.25303173
TEST_04005,1.4626153,-0.31404626,0.060060367
TEST_04006,1.1767327,-0.33962885,0.39828926
TEST_04007,3.5775282,1.2324172,-0.4798235
TEST_04008,2.0099647,0.8978115,0.51864076
TEST_04009,1.2445571,0.1421251,0.30766135
TEST_04010,3.0863173,0.029487366,-0.82446444
TEST_04011,1.5007733,-0.046140257,0.15781276
TEST_04012,3.3749628,1.1827389,-0.6443592
TEST_04013,2.5129507,0.6994396,-0.26852545
TEST_04014,2.0183372,-0.9189635,-0.12537098
TEST_04015,1.9089648,-0.31011763,-0.21566875
TEST_04016,1.1636178,0.24483334,-0.37218282
TEST_04017,1.4747608,0.47484824,0.47955668
TEST_04018,4.961799,-1.0303696,1.6277685
TEST_04019,1.8471141,0.24246274,0.37764823
TEST_04020,1.9128816,0.106623486,-0.12446201
TEST_04021,2.408196,-0.45139235,-0.7642333
TEST_04022,1.6281842,-0.2979423,0.17698687
TEST_04023,3.51906,-0.17081356,0.31274688
TEST_04024,1.501447,-0.2428498,-0.40379736
TEST_04025,2.6648195,1.3067628,0.45713097
TEST_04026,1.8355267,-0.06724684,-0.26137722
TEST_04027,2.6368425,0.25273585,-0.7536821
TEST_04028,2.8144803,0.11766064,0.38224745
TEST_04029,4.127447,1.3499757,-1.0543718
TEST_04030,3.1087291,1.4478652,-0.76169145
TEST_04031,2.8477335,-0.21470144,0.35850316
TEST_04032,2.6894252,-1.3243563,-0.53752375
TEST_04033,2.7640162,-1.5279506,0.8017786
TEST_04034,3.7563767,-0.2449899,-0.13843766
TEST_04035,2.1785479,-0.88030463,-0.8856275
TEST_04036,2.8399484,-1.2849559,0.6654117
TEST_04037,1.2871515,0.39241865,-0.15271482
TEST_04038,3.244954,-0.045341887,-0.254049
TEST_04039,4.881497,-0.8726612,-0.0675607
TEST_04040,2.1681914,-0.21644166,0.39594138
TEST_04041,5.0913615,1.232656,0.80915743
TEST_04042,2.9478,1.0965662,-0.56889594
TEST_04043,4.2513638,-2.2341945,-0.42274392
TEST_04044,3.204489,-0.18875065,1.1084882
TEST_04045,2.2561266,-0.9351787,0.7876306
TEST_04046,2.6329417,0.69506407,-0.5429886
TEST_04047,1.4625446,0.6423341,-0.31343344
TEST_04048,3.3911312,-1.935129,-0.1243508
TEST_04049,1.658549,0.44136634,0.19253534
TEST_04050,3.2265592,-0.14303818,0.23143622
TEST_04051,1.4948632,-0.3362981,0.34246203
TEST_04052,4.5298676,-0.9773495,1.3997109
TEST_04053,2.328857,0.46009687,-0.1731633
TEST_04054,0.77378196,-0.5487099,0.4406974
TEST_04055,3.0364318,0.953378,0.741918
TEST_04056,2.9314463,-0.10762732,0.23852414
TEST_04057,1.5823476,0.2968159,0.32378733
TEST_04058,4.597312,0.45231217,0.8166663
TEST_04059,4.698635,-0.9188181,-0.8007939
TEST_04060,2.1038184,0.15704927,-0.54157084
TEST_04061,2.5811057,0.025633395,0.9573939
TEST_04062,1.3852863,0.18833965,0.2564349
TEST_04063,1.2011242,-0.08045902,-0.21718827
TEST_04064,2.6368878,-0.20833784,0.64612836
TEST_04065,5.559922,-0.07326126,0.6860455
TEST_04066,2.782585,0.51108545,-0.77003926
TEST_04067,2.5528667,-0.017341912,-0.09312552
TEST_04068,1.732698,0.47251254,-0.27886182
TEST_04069,2.0714543,-1.0448418,0.8211301
TEST_04070,2.2610247,-0.7930034,-0.7590422
TEST_04071,3.2088776,0.48307377,0.38717893
TEST_04072,2.868521,-1.7533915,-0.18949088
TEST_04073,3.3846276,-0.63327914,-0.09963409
TEST_04074,2.7819784,-0.34371728,0.114237115
TEST_04075,1.3076978,-0.48997313,-0.19255175
TEST_04076,3.8975935,1.0441965,-0.059576333
TEST_04077,1.9051118,-0.8202666,0.11806764
TEST_04078,1.2952313,-0.21394628,0.4561298
TEST_04079,4.9181724,-1.306488,-0.15943089
TEST_04080,3.094308,-0.77997285,1.0551428
TEST_04081,3.1651504,1.0924882,-0.34717047
TEST_04082,3.460894,1.1005867,0.35526398
TEST_04083,1.9798521,0.60339725,0.43533608
TEST_04084,3.032202,1.0149955,0.9838407
TEST_04085,1.448554,-0.21763724,0.21683194
TEST_04086,1.754754,0.07716103,0.36617956
TEST_04087,4.556401,0.5566589,-0.39745286
TEST_04088,1.6148812,0.8174762,-0.3635286
TEST_04089,3.7010345,0.044072837,-0.31174892
TEST_04090,2.5932376,0.30323094,-0.7182911
TEST_04091,2.2120228,0.25033295,0.09519343
TEST_04092,1.285336,-0.17696907,0.45301902
TEST_04093,1.1188284,0.06866243,0.1745305
TEST_04094,2.1275382,0.77244747,0.4485979
TEST_04095,2.6159236,0.6022017,-0.35790312
TEST_04096,2.3664742,-0.63606155,0.3098183
TEST_04097,3.1292129,-0.71734947,0.050691053
TEST_04098,3.6143963,-1.0699205,-0.6223242
TEST_04099,3.241667,0.06293171,-1.0468043
TEST_04100,2.0956175,-0.35478455,-0.39948106
TEST_04101,3.1691628,0.049518485,-0.077232316
TEST_04102,1.8072304,0.033526894,-0.1430606
TEST_04103,3.14157,0.8206505,-0.6824521
TEST_04104,2.128704,0.040071923,0.50022423
TEST_04105,5.2623615,1.425075,1.8769904
TEST_04106,2.2401755,-0.5348286,-1.0659711
TEST_04107,3.447217,0.70353603,0.70055825
TEST_04108,3.2557845,0.40343043,-0.9287903
TEST_04109,3.3335707,1.0859709,0.69340014
TEST_04110,5.264086,1.1093045,1.9875877
TEST_04111,2.686841,0.65967,0.36351883
TEST_04112,2.278333,-0.37265703,0.73623013
TEST_04113,2.5092113,-0.5562793,0.18382645
TEST_04114,2.5941696,-0.24936596,-0.5988215
TEST_04115,2.2514808,0.9078921,0.8572002
TEST_04116,4.640823,1.4440938,0.089497134
TEST_04117,2.0143049,-0.77367455,0.086585104
TEST_04118,1.3740462,0.13916014,0.19622321
TEST_04119,4.492508,-1.2154036,0.5924552
TEST_04120,3.896994,0.7663292,-1.3289665
TEST_04121,4.8446856,0.24407057,1.1338054
TEST_04122,2.2569523,0.72518486,0.91425204
TEST_04123,2.5424132,1.5265456,0.06457203
TEST_04124,1.752654,-0.33031568,-0.17476457
TEST_04125,2.1769373,0.9856076,0.12402988
TEST_04126,3.650724,-0.67877364,-0.1837685
TEST_04127,1.2353194,0.30317166,0.24932176
TEST_04128,2.9839377,2.4864378,-0.059615072
TEST_04129,4.1166635,0.3177916,0.75151664
TEST_04130,3.501187,-0.1474269,1.0178252
TEST_04131,4.155653,0.26421106,0.15074183
TEST_04132,2.4005966,0.7131787,0.7458685
TEST_04133,1.5043827,0.3584044,0.2632565
TEST_04134,3.4171083,0.60543615,-1.0139533
TEST_04135,1.5282346,0.65035915,0.08463067
TEST_04136,2.5646346,0.15057711,-0.5413751
TEST_04137,3.1615286,-1.7931411,0.39080456
TEST_04138,4.800732,1.3047812,0.12635334
TEST_04139,1.8684537,-0.33729637,-0.5244499
TEST_04140,2.4997294,-0.121730685,-0.024856772
TEST_04141,3.0851831,-0.5284291,-0.6929733
TEST_04142,1.9232143,0.089172155,-0.34968603
TEST_04143,2.575708,-0.12748046,0.68056434
TEST_04144,3.3392284,-0.39377397,0.32040668
TEST_04145,4.643624,1.5676665,0.65268874
TEST_04146,1.8497943,0.5831954,-0.72364885
TEST_04147,2.752085,0.15749665,1.0072294
TEST_04148,2.5487504,0.052200273,-0.093915276
TEST_04149,4.2227006,1.5927726,-0.42887878
TEST_04150,1.5550727,-0.5171994,0.42668894
TEST_04151,3.1241534,-0.79460925,-0.5856692
TEST_04152,1.8684775,-0.7722971,0.74927396
TEST_04153,1.8849844,0.992182,0.5794694
TEST_04154,2.7427785,0.019466039,0.023311555
TEST_04155,2.4753835,-0.11026703,-0.4002521
TEST_04156,2.780563,-0.20432617,-0.14504828
TEST_04157,2.2616174,-0.34450865,-0.61961985
TEST_04158,3.5336382,1.0684724,0.26271933
TEST_04159,5.062961,-1.520115,2.0390694
TEST_04160,2.6865091,0.29414108,0.14847639
TEST_04161,4.8605328,2.2649355,1.1959642
TEST_04162,4.159729,0.745071,-0.5656676
TEST_04163,1.1571176,-0.81434786,0.24836035
TEST_04164,2.249312,-0.1826554,0.16255552
TEST_04165,2.5908895,1.0119531,-0.6586232
TEST_04166,4.6852517,0.94301516,0.5333747
TEST_04167,0.89830744,0.21156794,-0.1250947
TEST_04168,3.886554,1.6557637,-0.06528456
TEST_04169,2.0659442,-0.45283872,-0.26744068
TEST_04170,2.87729,-0.038251072,0.034739148
TEST_04171,2.1120002,-0.3471236,0.47596562
TEST_04172,4.3237534,0.42428237,-0.23428798
TEST_04173,1.2596345,-0.41026872,-0.011736865
TEST_04174,1.3051269,0.08716421,0.5939285
TEST_04175,3.9638746,0.9528504,0.33979917
TEST_04176,2.0737946,0.109269984,-0.28935674
TEST_04177,1.6004411,-0.3669512,-0.354623
TEST_04178,2.0871549,-1.4094007,0.9009592
TEST_04179,2.6773412,0.7127139,-0.77751255
TEST_04180,2.7823467,0.48995668,0.7605882
TEST_04181,1.5549654,-0.35963207,0.0822592
TEST_04182,1.3160154,0.6388455,-0.17779687
TEST_04183,3.7363746,-0.1654677,-0.30050576
TEST_04184,4.0194464,-0.14551817,0.28892276
TEST_04185,3.2278018,-0.5722258,-0.5576482
TEST_04186,2.6588657,-0.10893768,-0.096430674
TEST_04187,3.9945893,0.505745,0.35293236
TEST_04188,2.1371975,0.9347178,0.40026322
TEST_04189,3.967229,-0.5083687,0.92573076
TEST_04190,1.82901,1.160011,-0.5048538
TEST_04191,2.5560126,0.66968167,-0.22473939
TEST_04192,3.5755644,1.4458088,1.1910462
TEST_04193,2.7158926,-0.09859834,0.39737368
TEST_04194,3.1112573,0.28288403,0.3444892
TEST_04195,1.4608281,-0.6023373,0.46844202
TEST_04196,2.0616908,-0.3184269,0.020118885
TEST_04197,1.7225559,0.7593742,0.29499742
TEST_04198,2.1746137,-0.27610978,-0.02143692
TEST_04199,3.8201394,-1.6115193,-0.18081945
TEST_04200,3.1533256,0.09432595,0.34943056
TEST_04201,4.2611613,-0.3087152,0.89864516
TEST_04202,1.2380073,-0.44362268,-0.58055425
TEST_04203,2.0296192,1.3115588,-0.6779048
TEST_04204,2.6305034,-0.47733486,-0.39707732
TEST_04205,1.957424,-0.82844466,0.16687976
TEST_04206,3.418511,0.80622226,-0.54532015
TEST_04207,3.7538557,0.66506255,0.321547
TEST_04208,2.6654994,-2.0510893,-0.4425902
TEST_04209,3.7642584,-0.017178033,-0.07253255
TEST_04210,2.18287,-0.062466443,0.45427465
TEST_04211,2.324854,0.10058385,0.0012237784
TEST_04212,2.3972707,0.6493393,0.42808777
TEST_04213,1.085731,-0.0961345,0.29748586
TEST_04214,1.3991897,0.6048651,0.462248
TEST_04215,1.1109004,0.42283118,-0.12785688
TEST_04216,3.2408843,0.9612984,-0.9604814
TEST_04217,1.6764215,0.48389018,0.332617
TEST_04218,4.034562,-0.18105273,1.2466422
TEST_04219,2.4074752,0.8073796,0.9438977
TEST_04220,2.4536228,-0.69929725,0.6449742
TEST_04221,3.2084718,0.34367764,0.38530248
TEST_04222,1.3283329,0.3412952,0.3176455
TEST_04223,3.9671953,-0.3109713,1.189968
TEST_04224,4.057213,0.08899978,-0.64845383
TEST_04225,2.595933,1.6963919,0.54232347
TEST_04226,3.341482,-0.03494884,0.76776624
TEST_04227,2.951382,0.6501441,0.72558933
TEST_04228,1.9591665,-0.06773583,0.2734474
TEST_04229,2.568913,1.6817603,1.2344133
TEST_04230,3.290417,1.117558,0.10292409
TEST_04231,2.437538,-0.20951083,-0.09522405
TEST_04232,1.5211233,-0.23326674,0.5537193
TEST_04233,3.387386,2.0960803,1.010666
TEST_04234,3.1633677,0.7709977,-0.8840202
TEST_04235,1.4522054,0.4747745,0.033000443
TEST_04236,1.371421,-0.6592655,0.21799794
TEST_04237,2.1679218,0.7346096,-0.2966775
TEST_04238,1.2020717,0.20558204,0.14965446
TEST_04239,3.2743776,-0.8684649,0.97829574
TEST_04240,4.674949,-0.45459127,-0.12386975
TEST_04241,2.5194743,0.7620781,-0.36297324
TEST_04242,1.9535402,-1.1996717,-0.44244668
TEST_04243,2.786769,-0.7326299,-0.09521236
TEST_04244,2.5010514,-1.1225581,1.0229522
TEST_04245,2.619665,0.98044807,-0.5977765
TEST_04246,3.5186393,0.50086147,-0.3436879
TEST_04247,2.3012114,0.43606693,-0.5621879
TEST_04248,4.8084064,1.9832448,0.2152313
TEST_04249,2.0970547,0.04979519,0.3167076
TEST_04250,2.582354,-0.028819537,0.15451892
TEST_04251,4.1640677,0.40376443,-0.18220414
TEST_04252,3.1200433,1.5965755,0.29560024
TEST_04253,0.7353039,-0.050248243,0.104595505
TEST_04254,2.7154284,-0.4888205,1.2042823
TEST_04255,1.0470628,-0.28585422,0.22539559
TEST_04256,2.7063801,-0.5614667,0.8702445
TEST_04257,2.2591045,1.3442534,-0.59513247
TEST_04258,1.8257341,-1.2656348,-0.42555287
TEST_04259,4.099692,-0.6827588,-1.1014531
TEST_04260,1.6084348,0.18321998,-0.4184493
TEST_04261,1.1357876,-0.5009666,0.121247455
TEST_04262,1.7002004,0.024621991,0.07581661
TEST_04263,4.0279055,-0.649514,1.1917105
TEST_04264,3.35985,0.28173852,0.02803547
TEST_04265,1.7566028,0.5210113,1.0353506
TEST_04266,1.1054125,0.2556326,0.46002597
TEST_04267,3.5654793,-0.07033238,0.019443726
TEST_04268,2.6471577,-1.1000056,0.6274793
TEST_04269,3.226182,0.816054,0.19508947
TEST_04270,3.424737,0.7686806,-0.38409618
TEST_04271,2.43452,0.49244,-0.08892038
TEST_04272,2.9477835,-1.3548688,0.26741052
TEST_04273,2.329316,-0.9182003,0.50849485
TEST_04274,1.4332962,-0.47603744,0.108427145
TEST_04275,1.4397101,0.059215978,-0.040635135
TEST_04276,2.8274615,-1.9959958,0.7002292
TEST_04277,3.323845,2.18272,-0.23256189
TEST_04278,3.1776896,-1.6522138,1.0051779
TEST_04279,3.181704,-1.9262736,-0.6889571
TEST_04280,4.38209,2.4781506,-0.1704043
TEST_04281,2.6237497,-0.48687038,-0.58781374
TEST_04282,3.1295252,-0.79141927,0.87402976
TEST_04283,1.6699797,-1.514728,-0.45039198
TEST_04284,1.0675453,-0.40196037,0.43228993
TEST_04285,2.2912812,0.20915891,0.06883534
TEST_04286,2.5339925,0.26324388,-0.28295565
TEST_04287,2.4012952,1.4520311,-0.86318994
TEST_04288,3.3039296,0.2686382,-0.9751681
TEST_04289,2.7013726,0.4897331,0.18686128
TEST_04290,3.2747617,-0.44857866,-0.6986068
TEST_04291,2.5054002,-0.14634572,-0.40615305
TEST_04292,3.5423348,1.2517502,0.24966738
TEST_04293,1.4207859,0.01958634,-0.011586444
TEST_04294,1.1152853,0.76181966,0.46708772
TEST_04295,1.3730044,-0.46494752,0.13790336
TEST_04296,1.5346833,0.38073257,0.5019472
TEST_04297,2.9157424,-1.8658489,0.26540938
TEST_04298,5.3918495,-1.0094776,0.8824584
TEST_04299,2.1930134,-0.07718636,0.72784567
TEST_04300,1.6895499,-0.2957151,0.4591238
TEST_04301,2.0798395,0.28881133,-0.28768662
TEST_04302,1.7926277,0.15088831,-0.5183126
TEST_04303,4.416905,-0.53921026,0.8378353
TEST_04304,3.719394,-0.03801388,-0.5440088
TEST_04305,2.211519,-1.4635733,-0.71088773
TEST_04306,0.8674144,0.48929802,-0.10874151
TEST_04307,3.8666787,-0.32696024,0.103714414
TEST_04308,2.7425213,-0.06695294,-0.4575604
TEST_04309,1.8983603,0.4685073,0.13879251
TEST_04310,1.9069315,-1.3864901,0.6418625
TEST_04311,1.9368833,0.20569372,0.096673295
TEST_04312,2.6314116,0.8064431,0.5715543
TEST_04313,2.0457327,-0.10232522,0.067993596
TEST_04314,2.2518067,0.18744832,-0.16567717
TEST_04315,2.2729392,-0.0860354,0.009459101
TEST_04316,4.2701635,-2.0573695,0.73113203
TEST_04317,1.5028752,-0.2931202,0.14786637
TEST_04318,1.5280699,0.63082826,0.1807656
TEST_04319,4.1398425,-0.27339298,2.2175705
TEST_04320,4.4584436,0.44518924,0.4866135
TEST_04321,3.2874677,0.97546697,-0.051353287
TEST_04322,2.8100054,1.6134756,0.24993767
TEST_04323,1.2521089,0.17126453,0.15902896
TEST_04324,1.6977477,0.21850328,0.17708367
TEST_04325,0.8816029,-0.30098286,-0.17238528
TEST_04326,1.2673697,-0.34235376,0.029963141
TEST_04327,5.1432533,1.582321,0.6261462
TEST_04328,4.6813884,1.3969464,-0.95268935
TEST_04329,3.331323,-0.071901135,0.16495913
TEST_04330,1.6719414,0.25722077,-0.24966247
TEST_04331,1.0763252,-0.27311373,0.10876533
TEST_04332,4.222137,1.3714657,0.74183995
TEST_04333,2.1567767,0.39936456,-0.062601544
TEST_04334,1.414391,-0.4171053,0.3222343
TEST_04335,1.2031612,0.453577,0.20825905
TEST_04336,1.5237151,0.409509,-0.21485464
TEST_04337,1.3254886,0.25423563,-0.32787067
TEST_04338,4.3754883,0.0034365188,-0.84614205
TEST_04339,1.2680135,0.588913,0.25238377
TEST_04340,1.309631,0.56248933,0.0031893705
TEST_04341,3.0071876,-0.4744304,0.40941277
TEST_04342,1.8679835,0.63567114,0.18751515
TEST_04343,1.2474781,-0.21988653,0.28917187
TEST_04344,1.8947324,0.13071835,-0.3930782
TEST_04345,4.9279323,-0.44775376,0.8725999
TEST_04346,3.1795535,0.046476487,0.01117877
TEST_04347,1.9241959,0.70838624,-0.3866795
TEST_04348,1.697041,0.4419939,0.40113384
TEST_04349,0.9151717,-0.15171313,-0.16965649
TEST_04350,1.9954286,0.5692889,0.08186062
TEST_04351,2.4094186,-0.74434763,0.5071959
TEST_04352,3.8085592,0.9478492,1.633824
TEST_04353,3.8519902,0.68066967,1.9535964
TEST_04354,1.9148982,0.51750636,0.11416903
TEST_04355,1.5636109,0.4030912,0.22971837
TEST_04356,1.911212,0.8038942,-0.48593134
TEST_04357,1.9620786,0.62606096,0.13225329
TEST_04358,1.1784651,0.5667431,0.27594152
TEST_04359,4.659208,-0.01869243,0.535694
TEST_04360,3.739176,-1.9345704,1.0793974
TEST_04361,3.6194696,2.2307966,1.2954867
TEST_04362,2.9489558,1.0797958,0.7099983
TEST_04363,3.3832512,-0.5322346,0.82537895
TEST_04364,1.7804174,-0.021634795,-0.3994829
TEST_04365,2.020868,-0.4963306,-0.20325705
TEST_04366,1.7640165,0.018160202,0.06871208
TEST_04367,2.7510846,0.13206688,0.61370784
TEST_04368,2.5758023,0.5291478,0.9473911
TEST_04369,2.5379221,0.04067944,-0.21975993
TEST_04370,1.4223483,0.37175816,0.25822827
TEST_04371,3.0693104,0.18028873,-0.08857169
TEST_04372,4.067328,1.633314,-0.6643793
TEST_04373,1.2686824,-0.024393603,-0.09434854
TEST_04374,1.9272339,1.5302724,-0.404972
TEST_04375,1.7336168,0.19848971,0.18717098
TEST_04376,2.6531842,0.6481269,1.5877767
TEST_04377,2.94688,0.53717446,0.5931189
TEST_04378,1.4800972,1.1852493,0.3709833
TEST_04379,3.7669206,0.83220494,0.05637529
TEST_04380,0.98494583,-0.30882007,0.10891196
TEST_04381,3.3542593,0.08211343,-0.15754585
TEST_04382,1.8141466,0.20612843,-0.17124043
TEST_04383,2.6134498,-0.5871629,0.64987934
TEST_04384,2.1676826,-0.014068756,0.38275316
TEST_04385,4.466785,0.43619958,0.31129456
TEST_04386,2.6388586,0.67042494,-0.8349843
TEST_04387,2.092278,0.3090803,-0.59961843
TEST_04388,2.2429883,-0.61574084,-0.3562257
TEST_04389,3.0606189,-1.7536005,1.357855
TEST_04390,2.4288673,0.6757534,0.8686698
TEST_04391,1.8461499,0.42280757,0.03771774
TEST_04392,3.1455925,0.73675346,0.9798868
TEST_04393,2.70196,0.30729404,0.07227267
TEST_04394,3.6893892,-0.7549866,0.5883773
TEST_04395,2.3802714,1.0872376,-0.90214145
TEST_04396,1.5475008,0.68934983,0.50331426
TEST_04397,1.8456125,0.015411478,0.5047162
TEST_04398,2.6134825,-0.13352229,0.18577202
TEST_04399,5.2940497,0.6121672,1.4072379
TEST_04400,4.121301,1.2178149,-0.08482702
TEST_04401,4.530593,-0.6251549,-0.28217956
TEST_04402,4.306958,-0.8163234,0.4098922
TEST_04403,3.0367343,0.06600359,0.42765325
TEST_04404,2.237354,0.33644748,-0.99896395
TEST_04405,1.8696201,-0.39084363,-0.41667122
TEST_04406,2.1197379,0.6827696,-0.24463621
TEST_04407,4.9707255,0.05052139,0.24712904
TEST_04408,1.2857575,0.5481664,-0.5826946
TEST_04409,3.4767866,-0.124914326,-0.15511785
TEST_04410,1.1377342,-0.1237099,0.056438494
TEST_04411,1.9485548,-0.41790542,-0.325407
TEST_04412,3.7135835,0.9459416,-1.1808392
TEST_04413,2.76703,-0.2448149,-0.16288483
TEST_04414,1.4777015,0.24820277,0.0785796
TEST_04415,3.794005,0.13705538,-0.64576507
TEST_04416,2.128378,-0.7203962,0.25391203
TEST_04417,4.105707,-1.7194719,1.927467
TEST_04418,4.6360765,-1.3643878,0.6745139
TEST_04419,2.592748,0.709247,-1.0413704
TEST_04420,1.7008667,-0.31327313,0.15881428
TEST_04421,3.2473269,-0.40084293,0.36229324
TEST_04422,1.1719805,-0.22899987,-0.10199194
TEST_04423,3.7176604,0.51491994,0.66418535
TEST_04424,2.5371616,-0.33923078,-0.35510254
TEST_04425,2.0729136,-0.7082535,0.5884432
TEST_04426,2.2529414,0.0690341,0.40725452
TEST_04427,4.2284074,-0.1819518,0.98253834
TEST_04428,3.1903005,0.17399834,0.15559965
TEST_04429,4.993398,1.3670597,-0.20068376
TEST_04430,5.3122873,-1.736812,-0.9370113
TEST_04431,1.9861114,-1.2204593,-0.5398502
TEST_04432,3.336826,-0.6072305,1.5639019
TEST_04433,3.8146844,0.12744239,0.77321464
TEST_04434,2.9584398,-0.40436715,0.9998102
TEST_04435,1.3937374,-0.11902599,-0.05206084
TEST_04436,1.9229323,-0.12674883,0.6879372
TEST_04437,1.6452681,-1.0782261,0.27894193
TEST_04438,1.9937598,0.14362648,0.4595813
TEST_04439,3.9851525,-1.5655123,1.4487723
TEST_04440,2.4577296,-0.95192885,0.56078917
TEST_04441,1.3988674,0.4748551,0.1411289
TEST_04442,3.8530364,0.28177747,-0.8723942
TEST_04443,3.6929684,-1.3080688,-0.326483
TEST_04444,2.399531,0.5817467,0.40112916
TEST_04445,2.3626513,-0.025976762,0.07906631
TEST_04446,1.6496233,0.4272374,-0.19357751
TEST_04447,4.23719,1.4130028,1.003366
TEST_04448,4.2943535,1.6219497,1.5018798
TEST_04449,3.279472,-0.34876883,-0.50189435
TEST_04450,1.2687651,-0.051632516,0.1917746
TEST_04451,3.0210814,0.53604263,0.1524902
TEST_04452,4.7299504,-0.20712015,1.6124542
TEST_04453,2.318029,0.08535985,0.38799918
TEST_04454,2.3080926,-1.5288873,1.4172146
TEST_04455,1.8613373,1.0443856,0.1372905
TEST_04456,3.3745341,-0.368036,1.0306481
TEST_04457,2.2841032,0.08208102,0.10424979
TEST_04458,2.7174828,0.2223003,-0.11698545
TEST_04459,4.609855,-1.4421525,1.0394694
TEST_04460,2.448615,-0.18686646,-0.69277203
TEST_04461,3.1827755,-0.47138324,0.76845074
TEST_04462,2.025599,-0.22350979,0.14536491
TEST_04463,1.8574399,0.021742009,0.5845093
TEST_04464,4.2871075,0.29430103,0.6952569
TEST_04465,4.283286,-1.6568584,-0.30931008
TEST_04466,2.093916,-0.056430362,0.30061322
TEST_04467,3.6616888,-0.7934047,-0.5909364
TEST_04468,2.584621,-0.796867,0.48729032
TEST_04469,2.636379,0.0892016,0.802873
TEST_04470,2.3033986,-0.103014916,0.6268784
TEST_04471,1.270117,-0.6041486,0.21102034
TEST_04472,1.2098459,0.48621497,0.022252388
TEST_04473,2.2253568,-1.0286509,0.87011087
TEST_04474,1.5206438,-0.20895632,0.108854234
TEST_04475,2.3479805,0.73000443,0.52816445
TEST_04476,2.8768795,0.4353248,0.83095604
TEST_04477,3.0679057,-0.24084885,0.9748128
TEST_04478,2.9425206,-0.87935585,0.77060443
TEST_04479,4.2174025,-0.18486772,-0.08807001
TEST_04480,4.3715,0.51274705,1.469138
TEST_04481,1.3924764,-0.20470983,-0.113181725
TEST_04482,2.4844596,1.4568602,1.6166924
TEST_04483,2.427313,-0.9825672,-0.8677646
TEST_04484,2.1199133,-0.29626077,0.07419888
TEST_04485,0.9421017,-0.013398575,0.3008746
TEST_04486,3.8000379,0.4940414,-0.66557
TEST_04487,4.23459,-0.689589,0.21734051
TEST_04488,4.5927258,0.4427719,0.24350758
TEST_04489,3.1715143,-0.08473013,-0.08111203
TEST_04490,2.592804,0.2675885,0.58883923
TEST_04491,2.86337,0.19439669,0.51296186
TEST_04492,4.6353936,-0.79359347,0.757379
TEST_04493,2.5537088,0.027903501,0.01191649
TEST_04494,2.207873,-0.18043351,0.01626777
TEST_04495,1.457877,0.83465797,-0.19926758
TEST_04496,2.9642265,-0.05144076,1.329642
TEST_04497,3.5410364,-1.8490419,1.8292683
TEST_04498,5.0821776,0.64004636,1.6246217
TEST_04499,1.992292,1.228451,-0.4300307
TEST_04500,3.0422997,0.35919604,0.513701
TEST_04501,1.1722542,0.07231933,-0.124903806
TEST_04502,1.9459239,-0.27949885,0.49747902
TEST_04503,2.2069275,0.11165919,0.59360665
TEST_04504,2.7138681,-0.13536194,-0.5984226
TEST_04505,2.7639747,0.95220596,1.046032
TEST_04506,1.5518556,0.5122521,0.31039304
TEST_04507,2.0730908,0.51748437,-0.14675859
TEST_04508,2.7942572,0.34603935,0.63862926
TEST_04509,3.3178291,0.490705,-1.1708907
TEST_04510,2.6830769,-1.1616737,0.7205166
TEST_04511,1.1461856,-0.40743563,-0.11213994
TEST_04512,2.20525,0.7405542,-0.31157917
TEST_04513,2.0811434,0.054507777,0.30646282
TEST_04514,3.0692136,0.14447547,0.012783051
TEST_04515,0.9829911,0.4962108,0.07135726
TEST_04516,2.906224,0.7130082,0.45115426
TEST_04517,1.4645793,0.40131712,0.40145743
TEST_04518,3.5135427,0.44096702,0.88126427
TEST_04519,5.468708,-1.0201659,-0.9382109
TEST_04520,1.9336876,0.95003295,-0.17124479
TEST_04521,1.6606836,-0.6802439,-0.19387317
TEST_04522,2.602039,-1.4356142,1.3563052
TEST_04523,3.3027937,1.9289361,0.14119646
TEST_04524,3.6494493,1.1541301,-0.52981126
TEST_04525,1.8260406,-0.089553505,-0.035579577
TEST_04526,2.9548607,0.2955004,-0.31252086
TEST_04527,2.8923528,-0.5956803,1.3318166
TEST_04528,2.754184,1.1228597,-0.48599625
TEST_04529,1.9727155,0.44266182,0.062636234
TEST_04530,2.571579,0.47600538,-0.3112636
TEST_04531,1.153619,-0.12412683,-0.3127918
TEST_04532,2.6640913,-0.5970187,-0.96032834
TEST_04533,0.92966765,-0.05465314,0.19306178
TEST_04534,1.6033837,0.23750246,0.21950749
TEST_04535,4.144935,0.3635453,-0.12915517
TEST_04536,3.2093167,-0.8758536,-0.6548513
TEST_04537,3.5633044,-0.357746,0.7413247
TEST_04538,2.9788795,-0.9060451,-0.3345048
TEST_04539,2.1395323,0.13303357,-0.73099893
TEST_04540,1.5820502,-0.68569165,-0.13667606
TEST_04541,2.3030539,-0.012395304,-0.33406997
TEST_04542,1.5471853,-0.38171786,0.43567535
TEST_04543,2.302478,-0.41374105,-0.62746894
TEST_04544,3.7679334,0.5443703,-0.22540525
TEST_04545,4.4367723,1.5935965,1.6837164
TEST_04546,1.2459533,0.19712585,0.04026878
TEST_04547,3.9394212,-0.5091257,0.6750375
TEST_04548,2.8268669,0.5932669,0.20365253
TEST_04549,2.6346211,-1.2488387,0.20966989
TEST_04550,1.9511168,-0.49050665,0.6152501
TEST_04551,1.3913745,0.20426165,0.024342984
TEST_04552,1.7246894,-0.6603726,0.046520136
TEST_04553,3.6677303,2.0837169,0.70725816
TEST_04554,3.691122,0.31346244,0.3326172
TEST_04555,0.7408226,0.37261578,-0.23084414
TEST_04556,2.7566485,1.1221086,-0.77767587
TEST_04557,2.8788068,0.98056304,-0.63476515
TEST_04558,2.30597,0.814098,0.32921174
TEST_04559,5.624424,1.564981,-0.5320067
TEST_04560,2.8801699,2.383603,-0.101646185
TEST_04561,1.5250608,0.3031984,-0.47496378
TEST_04562,3.7077115,-0.5013783,0.6455816
TEST_04563,2.4004414,-1.658535,1.2311084
TEST_04564,3.097981,0.22866052,1.4608666
TEST_04565,1.098751,-0.20281546,0.33153948
TEST_04566,2.7588952,-0.08390514,0.8442233
TEST_04567,2.897382,0.6246552,0.7050852
TEST_04568,4.713125,-1.6969253,0.9587647
TEST_04569,2.5217655,0.7036018,-0.1348587
TEST_04570,2.0125616,0.5859396,-0.31447908
TEST_04571,2.8199375,-0.26660344,0.79164547
TEST_04572,2.4092755,0.18726957,-0.76043624
TEST_04573,1.5433391,0.1831987,0.022196686
TEST_04574,2.2584298,0.113980725,0.40600336
TEST_04575,1.4500259,0.50913686,0.2851387
TEST_04576,3.1068628,-0.1688848,1.0531834
TEST_04577,3.2842743,-0.06547712,0.6539208
TEST_04578,4.867629,-0.63774216,-1.161437
TEST_04579,1.7305676,0.33778515,0.5312716
TEST_04580,2.4244938,0.08906305,0.002724791
TEST_04581,3.4816325,0.30006978,-0.6965836
TEST_04582,1.6183213,-0.5573884,-0.500214
TEST_04583,2.0603757,0.6413465,-0.37315738
TEST_04584,3.0842612,-0.53569365,-0.5132643
TEST_04585,2.1399684,-1.7417947,-0.47597736
TEST_04586,1.9249942,0.14458577,0.20493454
TEST_04587,2.5265656,-0.3180575,-0.38568935
TEST_04588,2.3527713,-0.8270399,0.095224716
TEST_04589,2.8260481,1.1760422,0.52929467
TEST_04590,5.0983233,1.4965163,-0.021928819
TEST_04591,2.1550496,0.23470621,-0.09515804
TEST_04592,2.2768466,-1.2633106,0.03654781
TEST_04593,3.5321288,0.726892,-0.30577943
TEST_04594,1.7866926,-0.050332077,0.25624192
TEST_04595,1.0633545,-0.33036596,0.4254409
TEST_04596,2.2167966,0.6619327,-0.122636095
TEST_04597,3.4926856,-0.8954161,0.7849181
TEST_04598,1.2993331,0.34882474,-0.054832075
TEST_04599,5.495761,-0.20846763,-0.26312336
TEST_04600,3.8880353,0.36430722,-1.0300438
TEST_04601,4.539013,-2.1486673,-0.3206243
TEST_04602,1.8854436,1.1018054,0.17432366
TEST_04603,3.4811237,-0.87843037,-0.07481192
TEST_04604,1.4323922,-0.13361016,0.50958174
TEST_04605,2.617443,-0.03052995,-0.6580706
TEST_04606,2.939434,-0.6827558,-0.6722389
TEST_04607,3.1863163,0.92545235,-0.69675887
TEST_04608,4.222379,-0.6683308,0.53569555
TEST_04609,3.408681,0.17198327,0.4681398
TEST_04610,2.9327917,0.3189543,-0.29219106
TEST_04611,2.6282384,-0.006223862,-0.21572638
TEST_04612,4.6232657,0.14308599,1.2417399
TEST_04613,1.3748099,0.09536705,-0.04068363
TEST_04614,1.7944578,1.137059,0.33261338
TEST_04615,4.0624456,-0.8437187,-0.63999724
TEST_04616,1.7307982,0.25587437,-0.24938239
TEST_04617,2.890558,0.06597319,0.93852305
TEST_04618,4.7309213,-0.7671831,0.4952077
TEST_04619,2.2471695,-0.42624995,0.10765408
TEST_04620,2.8306203,0.19923447,-0.008434213
TEST_04621,0.77200264,0.1453314,0.08389255
TEST_04622,1.7244564,0.49134892,0.5239304
TEST_04623,3.321148,-0.26512712,1.1019752
TEST_04624,3.2789276,-0.043241695,-0.14320348
TEST_04625,2.698026,-0.691887,1.5189399
TEST_04626,2.6393898,-0.27986446,-0.39517286
TEST_04627,3.9582229,-0.12963372,-0.135073
TEST_04628,1.7534446,-0.22741643,-0.022396304
TEST_04629,2.0085685,-1.0879738,0.36702475
TEST_04630,1.1514001,0.09581817,0.296128
TEST_04631,1.5294306,-0.7281373,0.44877762
TEST_04632,3.3312464,0.4750327,0.16338214
TEST_04633,1.6891448,0.52278215,-0.2337029
TEST_04634,1.726091,-0.3863569,0.19717829
TEST_04635,1.0542344,0.60774976,-0.35770285
TEST_04636,3.9159362,1.870906,-0.78195655
TEST_04637,2.3737352,-0.46252707,0.053793564
TEST_04638,1.3143704,0.7252568,0.17671248
TEST_04639,3.433815,-1.1129023,-1.2241054
TEST_04640,4.7812276,2.3059752,1.0613734
TEST_04641,2.7902532,0.27741402,0.5589823
TEST_04642,2.744963,-1.3869768,0.16848995
TEST_04643,3.7087731,-2.261106,0.16338673
TEST_04644,3.402545,-0.70814025,-0.8591237
TEST_04645,2.8133905,-0.6689282,0.19018103
TEST_04646,1.5352961,0.2690614,-0.23416276
TEST_04647,1.9223465,-0.23854205,-0.11301651
TEST_04648,2.8606205,0.5236774,-0.4741643
TEST_04649,4.0522866,0.6208391,-0.5342462
TEST_04650,2.7837076,0.63791543,0.26021978
TEST_04651,2.497998,0.19352153,-0.5298877
TEST_04652,4.293155,0.7122741,-0.3399308
TEST_04653,2.3447905,-0.04656811,0.20933367
TEST_04654,2.0045617,1.6331717,-0.1649703
TEST_04655,3.2090466,-0.5872322,-0.74206495
TEST_04656,1.9714744,-0.043255445,-0.35325313
TEST_04657,3.2951882,0.50102687,-0.2668152
TEST_04658,3.8497791,0.5491476,-0.83692384
TEST_04659,1.5446708,-0.5163336,-0.15998976
TEST_04660,0.98001915,-0.18231371,-0.10734272
TEST_04661,2.0534194,-0.03762892,0.5502111
TEST_04662,2.079956,-0.6728311,0.024369039
TEST_04663,3.8332415,0.20198944,-0.10415077
TEST_04664,3.9968736,-0.5411002,0.71309805
TEST_04665,4.1032767,1.1973305,0.08808158
TEST_04666,1.7835513,-0.5662521,-0.7932493
TEST_04667,3.377599,-0.20170209,-0.07216444
TEST_04668,2.792346,0.20294431,-0.14635167
TEST_04669,2.8749604,0.23753387,-0.5679973
TEST_04670,5.0367913,-1.1735502,1.1802264
TEST_04671,1.3026671,0.32976216,0.16543818
TEST_04672,3.0900908,-1.3612905,1.5139791
TEST_04673,2.5621552,0.4764622,0.3687376
TEST_04674,2.9327884,0.14325172,-0.047546964
TEST_04675,2.4136672,0.97987384,0.58358306
TEST_04676,2.234877,0.18476431,-0.057759825
TEST_04677,2.215661,0.5204427,0.03166739
TEST_04678,2.1756377,-1.1382201,-0.5247721
TEST_04679,4.9731407,-1.5944704,2.156092
TEST_04680,2.2597845,1.8100803,-0.37997517
TEST_04681,5.052976,0.8964673,0.95355767
TEST_04682,4.9121065,-0.040809054,-0.8147348
TEST_04683,2.6083927,0.7118134,0.20920882
TEST_04684,1.8018552,-0.34327054,0.70061123
TEST_04685,3.0573332,-0.046934012,0.06351164
TEST_04686,3.9081604,0.3671253,-0.22065796
TEST_04687,1.323167,0.2635598,-0.45826843
TEST_04688,2.4936306,1.3200147,-0.9731008
TEST_04689,2.3783698,0.32313353,0.0944204
TEST_04690,2.5620892,0.7508961,0.47309676
TEST_04691,2.9299567,-0.15165357,0.65181905
TEST_04692,4.0348134,-1.1817112,0.5137838
TEST_04693,1.3149252,-0.45116475,0.42521682
TEST_04694,3.1979766,0.06300078,0.5485519
TEST_04695,2.7218738,0.18924189,0.21381187
TEST_04696,2.7024975,0.55510044,0.0028078947
TEST_04697,1.4727701,0.050941173,0.21421695
TEST_04698,4.367546,0.060990993,0.82789284
TEST_04699,4.621132,-1.4983938,1.4188379
TEST_04700,2.8611696,-0.5043901,0.48984307
TEST_04701,1.4978764,-0.38587523,-0.110076495
TEST_04702,1.3601507,0.32959846,0.36945316
TEST_04703,1.5140226,0.09486364,-0.19338042
TEST_04704,1.2359399,-0.5533758,-0.27592802
TEST_04705,1.9829972,-1.5742443,0.9912603
TEST_04706,0.9749226,0.03289636,0.3321035
TEST_04707,1.7288209,-0.71271867,0.023634704
TEST_04708,2.526077,0.00698675,-0.19898741
TEST_04709,3.3329296,-0.059716586,1.4334843
TEST_04710,4.241658,-1.1413529,0.058357313
TEST_04711,1.7048115,-0.31228563,0.18137199
TEST_04712,1.8389903,0.40378988,0.5300013
TEST_04713,2.3475008,0.4598187,0.023720665
TEST_04714,1.2291191,0.11705663,-0.103561655
TEST_04715,1.5280268,0.37739673,0.33187935
TEST_04716,3.7891119,-0.29337874,0.08037384
TEST_04717,1.7418066,0.015033606,0.1690549
TEST_04718,1.994265,0.39128914,0.9124023
TEST_04719,4.1598234,-0.5581829,0.60119474
TEST_04720,4.0451074,-1.2798036,-0.5782248
TEST_04721,3.491587,2.2861876,-0.50178486
TEST_04722,1.7137877,-0.77141166,-0.5728392
TEST_04723,1.4740604,1.0790801,0.42212912
TEST_04724,2.7567186,0.66145426,-0.3566057
TEST_04725,2.7869925,0.24016485,0.5671774
TEST_04726,3.4890976,-0.013471395,0.16070683
TEST_04727,2.4749694,0.539322,0.871249
TEST_04728,2.5317059,-1.6282079,0.5701708
TEST_04729,2.8619654,0.4131009,0.09522101
TEST_04730,1.0687729,0.07803933,-0.2323075
TEST_04731,3.8166184,0.09181526,0.3538271
TEST_04732,2.8533964,-0.79473484,0.71288216
TEST_04733,2.2392216,-0.3039061,0.6228262
TEST_04734,1.9189178,1.550186,-0.31889084
TEST_04735,3.983764,1.3475523,-0.46406177
TEST_04736,2.8707285,0.022426352,0.9308305
TEST_04737,3.0002115,0.026480505,0.1582806
TEST_04738,2.3702543,0.10028811,0.40854537
TEST_04739,1.2459908,-0.42167398,0.15630443
TEST_04740,1.4231472,0.26147515,-0.14917041
TEST_04741,1.0488718,0.13281462,-0.35081372
TEST_04742,1.9891886,-0.20960872,0.3208844
TEST_04743,2.1533682,-0.7372975,-0.82418543
TEST_04744,2.8957732,-0.34194717,-0.037696235
TEST_04745,1.4931905,-0.08630267,0.471308
TEST_04746,1.2319577,-0.023752626,-0.16250947
TEST_04747,2.339907,-0.08347185,0.0754806
TEST_04748,2.7816093,1.0220213,0.31548622
TEST_04749,3.3750622,-0.44503456,-0.32990178
TEST_04750,4.1572804,-0.10221921,0.7664993
TEST_04751,1.2840186,-0.710612,0.068910874
TEST_04752,2.1555085,-1.3316789,-0.8040792
TEST_04753,2.5210207,0.8054676,1.080247
TEST_04754,2.2381783,0.29800537,-0.0061498275
TEST_04755,1.466208,0.44285715,0.24403052
TEST_04756,3.4740937,-1.2527317,1.4863336
TEST_04757,1.8293126,-0.23272243,0.32342535
TEST_04758,3.011599,-0.38914636,1.1536384
TEST_04759,3.8546052,0.37167427,2.1392672
TEST_04760,2.0010448,-0.827227,0.25170165
TEST_04761,2.5230932,2.2625852,-0.6221754
TEST_04762,1.7208576,0.4728816,-0.7217991
TEST_04763,3.1354618,1.4857842,-1.2408994
TEST_04764,2.5431724,0.08418977,-0.51236415
TEST_04765,1.0171609,0.14323044,-0.2040727
TEST_04766,4.4447064,-1.0214672,0.52435476
TEST_04767,1.3159983,0.7068265,0.48222733
TEST_04768,3.2425907,2.2395773,1.6093111
TEST_04769,1.8592206,0.094010636,-0.07951415
TEST_04770,2.2561498,0.18772978,0.29828605
TEST_04771,1.0694604,-0.4192902,0.11508338
TEST_04772,1.1511031,0.537148,-0.5796226
TEST_04773,2.2974305,-0.81742465,0.13593939
TEST_04774,1.8961244,0.6643727,-0.18491659
TEST_04775,2.759301,0.50987005,-0.10422554
TEST_04776,1.834957,-0.0657243,0.82497513
TEST_04777,1.9786842,-0.8854967,-0.015363222
TEST_04778,1.7723814,0.3627601,0.58248943
TEST_04779,2.2353475,-0.42596608,0.23988135
TEST_04780,1.4869268,-0.68721193,0.47721896
TEST_04781,3.357905,-0.5437355,-0.10171242
TEST_04782,1.8528397,-0.2780281,-0.5679043
TEST_04783,3.0975215,-0.41158316,1.2400365
TEST_04784,3.2647922,0.20185715,0.215231
TEST_04785,2.8201118,1.7663139,-0.58839846
TEST_04786,2.8242705,-0.57588756,0.28204548
TEST_04787,1.6528989,0.3168887,0.37382826
TEST_04788,3.444014,0.18405138,-0.09460223
TEST_04789,4.6952295,-0.40920258,0.40304184
TEST_04790,3.5799263,1.1865569,-0.25570303
TEST_04791,2.1714492,0.055992585,0.609169
TEST_04792,3.3237014,-1.3095626,0.5674015
TEST_04793,2.9619288,-0.0035107266,0.98881215
TEST_04794,2.1402426,-0.22185291,0.02975207
TEST_04795,0.8334528,0.0014008805,-0.038028512
TEST_04796,3.5493128,-0.8592017,0.51918435
TEST_04797,1.8768183,0.26571274,0.5099836
TEST_04798,2.1588378,-1.1856167,0.64350694
TEST_04799,5.0197577,0.059612516,1.6800978
TEST_04800,5.0050683,-0.21298732,0.6131923
TEST_04801,4.852926,-2.4348483,-0.95992583
TEST_04802,1.3537422,0.88968575,-0.19383803
TEST_04803,2.3826685,-0.9832747,-0.25380376
TEST_04804,2.1369405,0.18932313,-0.15233599
TEST_04805,1.1225792,-0.17903218,0.19063047
TEST_04806,2.4474971,0.029204533,0.15588157
TEST_04807,4.062582,-1.0032474,-0.62912726
TEST_04808,5.865066,-2.2721288,0.59927446
TEST_04809,1.7975225,0.45025823,-0.30655214
TEST_04810,2.0599608,-0.4287645,-0.54737
TEST_04811,2.0907936,0.105237186,-0.47382623
TEST_04812,3.0055714,1.3225175,0.45834664
TEST_04813,0.99912757,0.10215333,-0.22596587
TEST_04814,3.8950536,-0.17081517,1.1764741
TEST_04815,3.910808,0.34308195,0.41570985
TEST_04816,1.3949124,-0.7315794,0.4059334
TEST_04817,1.646681,-0.38343096,0.60454535
TEST_04818,4.764977,0.6760443,1.5719318
TEST_04819,0.80528325,-0.04782764,0.17753921
TEST_04820,1.3278897,0.6241665,-0.03874141
TEST_04821,1.1563082,-0.2298006,-0.07479651
TEST_04822,1.4906459,-0.013729436,-0.20593958
TEST_04823,3.7509398,0.06528196,0.21332273
TEST_04824,1.6066437,0.45716414,0.54642063
TEST_04825,1.7823627,-1.1005601,0.22601856
TEST_04826,2.5646236,0.33540812,0.121736996
TEST_04827,1.7528858,-0.29384026,-0.5814331
TEST_04828,2.7600055,0.9206583,-0.82756793
TEST_04829,3.4603317,-0.65758735,-0.90617055
TEST_04830,4.5643964,-0.06677652,-0.7621171
TEST_04831,1.3795968,0.077673234,0.046522163
TEST_04832,3.2017999,0.5407839,-0.4264036
TEST_04833,3.7033143,0.6024425,0.6760432
TEST_04834,2.3774493,0.1582953,-0.004056681
TEST_04835,2.4123473,0.16583404,0.3881859
TEST_04836,3.6141124,-0.37443784,0.8502221
TEST_04837,1.7618897,-0.16889302,-0.13114129
TEST_04838,2.1117926,-0.9552922,0.08232255
TEST_04839,5.348151,0.9582324,1.2790674
TEST_04840,2.0913894,-0.6801484,-0.19175512
TEST_04841,2.9373088,-1.3339444,-0.080295295
TEST_04842,1.8312016,0.17474283,0.112492464
TEST_04843,1.9485786,-0.32327217,-0.7698344
TEST_04844,2.5483222,0.31458414,0.2644114
TEST_04845,2.2598495,-0.32523382,-0.24235933
TEST_04846,2.2298813,0.34970436,-0.30269116
TEST_04847,4.0793777,-0.7333504,0.45092586
TEST_04848,4.0698824,-0.31914485,-0.6661119
TEST_04849,1.8773147,0.09863654,-0.041566633
TEST_04850,2.0950673,0.23790966,-0.26802114
TEST_04851,1.7927295,0.082443796,-0.026544334
TEST_04852,1.6288519,-0.21877953,0.20085107
TEST_04853,1.0395651,0.20199192,0.03644977
TEST_04854,1.0234318,0.33447722,0.17625757
TEST_04855,1.174946,0.62503785,-0.19759744
TEST_04856,3.3901882,0.6606181,1.5383116
TEST_04857,4.271729,1.5127454,0.15325505
TEST_04858,2.179736,0.13521288,-0.00038223062
TEST_04859,4.3653812,0.9450394,1.0487942
TEST_04860,2.864369,-0.88537085,0.67317796
TEST_04861,1.693044,0.011908865,-0.3525365
TEST_04862,1.3125197,0.3680896,-0.04414513
TEST_04863,3.2064312,-0.62477046,0.8000184
TEST_04864,1.7782582,0.6436269,-0.0062478697
TEST_04865,3.062114,0.7210181,0.35273275
TEST_04866,3.1882648,0.025043188,-0.07942953
TEST_04867,1.4778513,0.6409283,-0.058762476
TEST_04868,3.0004325,0.024876088,-0.063573346
TEST_04869,4.589066,0.24413136,-0.6913201
TEST_04870,2.4994252,-0.45899597,-0.21107633
TEST_04871,2.3026164,0.5244755,-0.45627153
TEST_04872,3.2035475,-0.19876203,-0.9100231
TEST_04873,2.8512506,-1.0038154,-0.20266461
TEST_04874,0.9886185,0.031061478,-0.14400882
TEST_04875,1.4398574,-0.3323396,-0.21612616
TEST_04876,3.7475479,-1.3913736,1.0696468
TEST_04877,2.35446,0.30437052,0.2560217
TEST_04878,3.1726794,-1.183577,0.13164751
TEST_04879,5.5519085,0.94877124,-1.2784116
TEST_04880,2.4955556,1.5669096,0.06034295
TEST_04881,1.6369734,-0.047834978,-0.05074419
TEST_04882,3.1842957,0.92891794,1.3972068
TEST_04883,2.5116756,-0.26577497,-0.70551074
TEST_04884,3.348631,-0.24568707,-0.56730103
TEST_04885,2.466202,0.14102659,0.17942223
TEST_04886,2.5452669,0.26001042,0.010163158
TEST_04887,1.1955559,-0.17954277,0.44847068
TEST_04888,2.2422495,-1.7705725,-0.647486
TEST_04889,2.902144,0.46328428,0.19653618
TEST_04890,3.092414,-0.17223698,0.1567861
TEST_04891,2.4452248,0.0026864372,-0.13984099
TEST_04892,1.523698,-0.38571578,0.29205194
TEST_04893,1.7103958,0.027873687,0.020150099
TEST_04894,1.9340343,-0.5782047,0.5889372
TEST_04895,4.0110807,0.6794095,-1.498464
TEST_04896,1.1687928,-0.8189083,-0.6090728
TEST_04897,1.5472465,0.09361321,0.3364324
TEST_04898,2.9342618,0.4991846,1.3200105
TEST_04899,2.7330003,-0.82978565,0.22065298
TEST_04900,2.491225,-0.49731305,0.2501199
TEST_04901,3.098997,-0.12532938,-1.1006383
TEST_04902,1.6186705,0.3497759,-0.20238149
TEST_04903,2.004956,-0.68535817,0.712562
TEST_04904,1.8022774,0.448455,-0.43786198
TEST_04905,3.9717422,0.65594137,0.63543284
TEST_04906,2.5401065,-0.16927621,0.27901772
TEST_04907,2.129774,-0.21529196,-0.731294
TEST_04908,2.0881653,-0.4559477,0.019390117
TEST_04909,3.559324,-0.7768474,-0.30678713
TEST_04910,2.2676055,-1.725816,-0.0352789
TEST_04911,1.8167596,-0.7392527,-0.047817208
TEST_04912,1.862344,0.15974739,-0.39157352
TEST_04913,2.9746325,-0.26317817,-0.0009547882
TEST_04914,1.9863256,0.37547714,-0.26821023
TEST_04915,2.253934,-0.42133683,0.25145018
TEST_04916,4.3126893,0.48641336,-0.11231466
TEST_04917,2.3277931,-1.6117545,0.7918093
TEST_04918,2.4677405,-0.69363856,0.39806744
TEST_04919,3.675588,1.2579616,-0.2256852
TEST_04920,2.5529974,0.58799046,0.76543033
TEST_04921,2.124646,0.07719912,0.49269634
TEST_04922,2.4823735,-1.0167781,0.008036653
TEST_04923,2.0244563,1.5636789,0.6847349
TEST_04924,2.6358259,0.102214694,0.056418456
TEST_04925,2.5951402,-0.45411977,0.16326402
TEST_04926,2.2465947,-0.51404715,0.3367874
TEST_04927,2.1059806,0.13310382,-0.47963503
TEST_04928,3.0142395,0.32274783,1.2619401
TEST_04929,2.3468502,0.62056136,0.051422592
TEST_04930,2.2187533,-0.33967873,0.41164595
TEST_04931,2.1799743,-0.023044337,0.116404764
TEST_04932,2.1630256,-0.94246817,0.3097603
TEST_04933,2.4040926,-0.211557,0.34344614
TEST_04934,2.188748,-0.27806348,0.70993674
TEST_04935,1.816554,-0.037547104,-0.1822735
TEST_04936,2.4877822,0.952007,-0.08233506
TEST_04937,3.2154658,-0.76314384,0.021116868
TEST_04938,3.4947734,-0.011476974,-0.810182
TEST_04939,4.4636145,0.97385114,-0.9533764
TEST_04940,2.0309,-0.8014743,0.88078094
TEST_04941,2.7715707,0.423027,0.7113027
TEST_04942,2.4772298,-0.100059174,0.5577548
TEST_04943,2.6974103,-0.25812453,0.102394916
TEST_04944,1.4108126,-0.68241143,-0.52190053
TEST_04945,5.3429627,-0.4940975,0.10842106
TEST_04946,2.4860375,0.36382383,-0.333264
TEST_04947,3.935106,0.2255248,-0.17024882
TEST_04948,2.7967203,-0.5179054,0.2414135
TEST_04949,4.2065296,-0.3353813,0.10983448
TEST_04950,2.7584424,1.005135,-0.5685892
TEST_04951,1.2363218,0.2178655,-0.2354715
TEST_04952,2.6104012,1.5917873,0.11113605
TEST_04953,2.2722824,0.7622048,0.5704732
TEST_04954,1.8307104,-0.047841694,0.2640871
TEST_04955,1.2485772,0.029441966,-0.06738936
TEST_04956,4.381646,0.5363582,-0.17268866
TEST_04957,3.517251,1.7299583,0.0112012625
TEST_04958,1.9912032,-0.4919595,-0.28111255
TEST_04959,5.690615,1.5076908,-0.5767376
TEST_04960,2.5281305,2.0328052,-0.56571984
TEST_04961,4.7652483,-1.5699452,0.93990093
TEST_04962,2.0098753,0.8737841,-0.39147925
TEST_04963,2.8155816,-1.6601222,-0.8354457
TEST_04964,2.065932,-0.36381307,0.519267
TEST_04965,2.5701187,-0.53828865,0.45735076
TEST_04966,1.6825763,-0.22103724,0.37188688
TEST_04967,4.960413,1.2022802,-0.50722873
TEST_04968,1.4127743,-0.6417739,-0.06774745
TEST_04969,2.5514107,0.08723756,-0.5658908
TEST_04970,1.7165235,0.5675874,0.54936355
TEST_04971,1.6910299,0.11659535,-0.38175386
TEST_04972,4.7446,0.8232775,-0.20478937
TEST_04973,3.036874,0.4897804,-0.51336974
TEST_04974,3.3759983,-0.7976108,0.8013209
TEST_04975,3.3307214,1.1635101,-1.0562329
TEST_04976,2.349883,0.4348329,1.1551954
TEST_04977,1.9554074,-0.06574546,0.85248744
TEST_04978,4.1321115,-0.17126504,0.35090566
TEST_04979,2.0733833,-0.3816935,0.27350157
TEST_04980,2.6506486,0.11277498,0.0026811035
TEST_04981,0.9141684,0.57636213,0.04897721
TEST_04982,1.919787,-0.7525307,0.59678096
TEST_04983,1.3796974,-0.29505637,0.30806744
TEST_04984,1.2461498,0.5072465,0.44841123
TEST_04985,1.3372,0.5241666,0.12337913
TEST_04986,2.0081313,0.49042714,0.5688845
TEST_04987,2.2811298,0.58436245,-0.4031704
TEST_04988,2.5895348,-0.17682104,0.68436325
TEST_04989,3.9189305,-0.006923262,0.31382132
TEST_04990,4.5588593,-1.0276027,0.48670712
TEST_04991,2.8987525,0.6427948,0.26331317
TEST_04992,2.422942,1.0924587,0.6023659
TEST_04993,2.975523,0.7853498,0.10056833
TEST_04994,1.2422945,0.29228425,0.21316068
TEST_04995,1.9862012,0.59987086,0.25396773
TEST_04996,4.116187,0.4686952,0.88130295
TEST_04997,1.690441,0.41936493,0.009853426
TEST_04998,1.3662434,-0.43474936,-0.46152583
TEST_04999,3.1807585,0.28917223,-0.16351442
TEST_05000,2.028054,-0.1105199,0.3529032
TEST_05001,2.757118,-1.7807882,0.8079405
TEST_05002,3.996358,-0.16050757,0.57257646
TEST_05003,3.9414763,1.7918555,-0.6351442
TEST_05004,2.8077114,-0.15083112,-0.2956071
TEST_05005,1.8003073,-0.82927465,-0.6581062
TEST_05006,1.5837097,0.31648457,-0.33380035
TEST_05007,3.99973,-0.9043571,0.7269736
TEST_05008,5.407181,-1.1156243,0.1316334
TEST_05009,2.0078883,-0.6420608,0.29649076
TEST_05010,1.557365,-0.558097,0.47069082
TEST_05011,3.0810041,0.19519116,-0.49312776
TEST_05012,1.7074779,0.11858052,-0.5972658
TEST_05013,2.5283563,-0.07151682,0.17691699
TEST_05014,2.052119,-0.10690294,-0.9945281
TEST_05015,1.9853772,-1.1467083,-0.42070836
TEST_05016,3.3691535,0.71963346,-0.45764193
TEST_05017,2.4371088,-0.60550785,0.045510665
TEST_05018,4.2238774,-0.8864958,1.6698238
TEST_05019,2.200744,-0.60513955,0.59738743
TEST_05020,0.9693623,0.13517088,-0.45834875
TEST_05021,3.3301837,-0.07594769,0.14018235
TEST_05022,1.9888408,-0.26350978,0.35125697
TEST_05023,4.3698754,-0.6688549,0.23425418
TEST_05024,1.701432,-0.3463748,0.117061175
TEST_05025,2.749373,-1.4373357,-0.5057986
TEST_05026,1.6478567,0.19140822,-0.2828795
TEST_05027,3.1366258,0.54315764,-0.043964773
TEST_05028,1.5886836,0.15646975,-0.34501335
TEST_05029,2.240549,-1.4690179,-0.35217047
TEST_05030,4.622108,0.32138422,1.6673403
TEST_05031,2.7120118,0.2665214,0.2795385
TEST_05032,3.1181839,1.0641601,-0.14020987
TEST_05033,4.2319226,-0.60430056,0.627843
TEST_05034,3.4381294,-0.11565052,0.529489
TEST_05035,1.0361768,0.3381744,0.2574677
TEST_05036,4.4681144,-0.7756637,0.26318946
TEST_05037,3.7565339,-1.5763217,0.09597567
TEST_05038,3.0505114,0.029672638,0.22398134
TEST_05039,4.5473104,-0.31719285,-0.16628198
TEST_05040,4.6813197,-1.6545879,1.3903883
TEST_05041,1.2924684,-0.23147751,-0.11794567
TEST_05042,3.0266955,-0.38884407,0.7656061
TEST_05043,3.4650364,-0.14964868,0.19125828
TEST_05044,2.8957093,0.95835674,-0.6083832
TEST_05045,1.8025653,-0.45224983,-0.29876313
TEST_05046,1.3643701,-0.25381908,0.46141955
TEST_05047,1.1611651,-0.31369293,0.010780601
TEST_05048,5.2971263,-2.0915797,-0.47892547
TEST_05049,3.51038,0.010110515,-0.52223194
TEST_05050,1.1968325,-0.4540637,0.087395385
TEST_05051,2.7493303,-0.33725706,-0.0044944175
TEST_05052,3.1363049,0.5293506,0.57625216
TEST_05053,2.3644686,0.3237353,-0.36051688
TEST_05054,3.2500274,-1.124159,-0.58730066
TEST_05055,1.5163518,0.7680461,0.19226383
TEST_05056,1.71542,0.87747824,0.95716816
TEST_05057,1.6414963,0.66074973,1.0593419
TEST_05058,2.429012,-1.2763426,0.5792918
TEST_05059,2.311792,0.4405024,-0.2844002
TEST_05060,2.9179926,0.34628165,0.62656593
TEST_05061,2.2310526,-0.13169135,-0.21709752
TEST_05062,1.5651331,0.15412344,0.11608461
TEST_05063,3.5645964,0.96989864,-0.8839652
TEST_05064,1.1188838,-0.4762888,0.054934666
TEST_05065,5.062919,1.4148579,0.61828524
TEST_05066,2.9020796,0.08544268,-0.9911532
TEST_05067,2.4490345,0.07740793,0.4847272
TEST_05068,2.821606,0.4291049,-0.3843376
TEST_05069,4.4851294,-0.52539396,-0.9009137
TEST_05070,2.4470904,-0.4136221,0.54156125
TEST_05071,2.3376374,0.43667793,0.24622867
TEST_05072,1.1461266,0.38628197,-0.255603
TEST_05073,2.0416179,0.3874896,0.14810044
TEST_05074,3.0014975,0.15529639,0.15007733
TEST_05075,1.6167493,0.41578048,0.6608088
TEST_05076,3.1658485,-0.34147736,-0.20033005
TEST_05077,1.5644029,-0.5910682,0.118280284
TEST_05078,2.681443,0.6227012,-0.8857215
TEST_05079,1.9581927,-0.14888382,-0.96271986
TEST_05080,2.9090269,-2.114839,0.81814367
TEST_05081,4.2502303,0.58526856,0.35159153
TEST_05082,1.8944212,-1.1363312,-0.24961361
TEST_05083,1.1289887,0.81802034,0.34495324
TEST_05084,1.9148318,-0.046028305,-0.13101107
TEST_05085,1.9204957,-0.6666341,0.2628764
TEST_05086,1.2957889,-0.45042095,-0.35268036
TEST_05087,3.520388,-0.82323384,-0.87403697
TEST_05088,4.6133385,-1.0226408,-0.5668963
TEST_05089,3.5385895,0.24474111,0.025569722
TEST_05090,1.2280676,0.25598463,0.18979613
TEST_05091,3.327112,0.28344503,0.6676347
TEST_05092,2.6495657,0.18485752,0.66378963
TEST_05093,2.0639505,0.5696143,-0.13399011
TEST_05094,2.7754834,-0.6001434,0.77615243
TEST_05095,3.9414744,-0.33087277,-0.26565543
TEST_05096,1.2585644,-0.7277932,0.03421084
TEST_05097,3.8292553,0.02108069,1.6585792
TEST_05098,2.990586,1.3214898,-0.8205276
TEST_05099,2.487332,1.4443021,0.36954376
TEST_05100,1.5376953,-0.46402737,-0.15329649
TEST_05101,0.94453454,-0.045470085,-0.19993253
TEST_05102,1.9616929,0.06258278,-0.02606748
TEST_05103,2.5501287,0.18614285,0.3028114
TEST_05104,1.4001296,0.048179097,0.033264235
TEST_05105,3.796466,-1.5249513,-0.025236402
TEST_05106,2.1739852,-0.3413065,-0.9508971
TEST_05107,4.1369915,-0.31260905,0.98151195
TEST_05108,2.4700763,-0.79499584,0.34398073
TEST_05109,4.865844,1.5687394,1.5549042
TEST_05110,4.209944,-0.3142638,-0.29395473
TEST_05111,1.80843,-0.8631004,0.1464672
TEST_05112,3.37697,-0.3798216,-0.9076806
TEST_05113,3.6473184,-0.29724586,1.1311619
TEST_05114,1.473285,-0.35183656,0.501477
TEST_05115,1.0744926,-0.04790262,-0.25734803
TEST_05116,3.416224,-1.8918295,1.5319107
TEST_05117,3.0671244,0.39542124,-0.8522251
TEST_05118,3.146979,-0.48140892,0.47492424
TEST_05119,3.663138,0.7653541,1.2204214
TEST_05120,4.081145,-2.0215957,1.3633183
TEST_05121,2.2080011,0.6027941,-0.100774944
TEST_05122,3.046549,-0.87077105,-0.6074451
TEST_05123,3.7993438,0.58042973,-0.2355263
TEST_05124,1.8115726,0.54263985,0.12633504
TEST_05125,0.91701233,0.16954894,-0.07857353
TEST_05126,5.2356014,-0.8525796,-0.4705481
TEST_05127,3.6023731,0.48311228,-0.8507685
TEST_05128,2.9776282,2.489116,-0.9521102
TEST_05129,2.8076332,-0.2725401,0.4188981
TEST_05130,2.1833959,-0.51101816,-0.26173204
TEST_05131,3.779233,0.4686857,-0.018186355
TEST_05132,1.4871927,0.09797608,0.6341266
TEST_05133,1.5706035,0.066586055,0.06808344
TEST_05134,2.6747775,0.06105553,1.3842065
TEST_05135,1.9928296,-0.15743163,-0.3506615
TEST_05136,1.0406297,-0.6144905,-0.5306984
TEST_05137,2.1355858,0.13370596,0.78247845
TEST_05138,1.19115,0.43494883,-0.03954012
TEST_05139,3.0337,-0.4230697,0.054555595
TEST_05140,1.0869994,0.09192957,-0.09486764
TEST_05141,3.4792411,-0.21563299,0.77524555
TEST_05142,1.6081139,-0.57793033,0.21900971
TEST_05143,2.8132396,-0.6336772,1.1532234
TEST_05144,1.6582556,0.46424603,0.32637483
TEST_05145,4.092232,-0.6639842,0.44089046
TEST_05146,2.5145237,0.3200884,-0.521056
TEST_05147,2.8353133,0.03352586,0.27671918
TEST_05148,2.2113302,-0.19736171,-0.10696711
TEST_05149,3.3178346,1.9534473,0.51782084
TEST_05150,4.4518185,-0.482979,0.7462404
TEST_05151,2.2667568,-0.19438343,-0.17287979
TEST_05152,1.6579494,-0.47964314,-0.31972674
TEST_05153,3.0097954,-0.8293703,-0.35213163
TEST_05154,1.782013,0.4163423,-0.16115126
TEST_05155,1.6356403,-0.7359918,-0.5523826
TEST_05156,4.041615,-0.4934763,-0.38660032
TEST_05157,1.811894,0.46968985,0.011202099
TEST_05158,2.6590948,-1.2243085,-0.13453256
TEST_05159,6.115044,1.6776891,-1.2306097
TEST_05160,1.6612884,0.2553779,-0.30218503
TEST_05161,1.3566633,0.21340404,0.029184654
TEST_05162,1.7355767,1.1303287,1.01876
TEST_05163,1.8722284,-0.6018741,-0.37592995
TEST_05164,1.6255338,-0.016198168,0.43213937
TEST_05165,2.9279423,0.61269397,-0.40606597
TEST_05166,1.9884499,0.499183,0.12056546
TEST_05167,4.8073406,-0.7918266,0.21967342
TEST_05168,2.6345596,-0.7351624,-0.37797543
TEST_05169,3.5327384,0.18930355,-0.18939655
TEST_05170,2.255728,-0.3891776,-0.24531277
TEST_05171,3.520383,0.10374293,0.06121269
TEST_05172,3.206979,1.2034156,-0.6711327
TEST_05173,1.9852046,-0.3864637,0.3722986
TEST_05174,1.6546825,0.46872193,-0.050184887
TEST_05175,1.9563148,-0.8302582,-0.22324136
TEST_05176,2.9552734,-0.5848718,1.1752923
TEST_05177,1.6682585,-0.5145532,0.6998207
TEST_05178,4.9312043,0.18045998,1.5030082
TEST_05179,1.971138,0.061332025,-0.52926475
TEST_05180,2.2177758,-0.15714368,0.10821479
TEST_05181,0.96202296,-0.45528775,0.0779048
TEST_05182,1.8665526,0.6625501,-0.45810625
TEST_05183,2.9585516,0.40137842,0.43787882
TEST_05184,1.8576751,0.43595394,0.6206928
TEST_05185,5.353911,-1.1991402,-0.7617043
TEST_05186,2.555041,-0.119688734,0.7760887
TEST_05187,1.6271429,0.51428974,0.535714
TEST_05188,2.6585917,-0.7184372,0.46133566
TEST_05189,4.805043,-1.4704545,0.77865446
TEST_05190,2.567894,1.5897576,0.095288575
TEST_05191,2.6259787,-0.25049508,0.612307
TEST_05192,3.5630279,0.64931583,0.63816166
TEST_05193,1.8898838,0.4884222,0.038985334
TEST_05194,2.441263,0.13388619,-0.24956237
TEST_05195,1.7392077,0.115566954,-0.5607422
TEST_05196,3.5961757,-0.090493,1.2593683
TEST_05197,3.1258247,1.0970302,-0.53613716
TEST_05198,3.3164601,0.9681893,-0.1947566
TEST_05199,5.3544602,0.95656323,-0.5592654
TEST_05200,2.5808308,-1.0676314,0.23114501
TEST_05201,4.3534546,-0.9100551,-0.49070212
TEST_05202,1.557529,0.39414772,0.75869673
TEST_05203,3.5678117,-2.0642693,-0.34568006
TEST_05204,3.293537,0.83645,-0.49431247
TEST_05205,2.191426,-0.5012936,0.13979085
TEST_05206,2.564726,-0.17893304,0.54605913
TEST_05207,2.8105564,-0.19787392,0.99238414
TEST_05208,1.6610167,0.39444497,0.721156
TEST_05209,1.7350017,-0.3521443,-0.18431132
TEST_05210,3.1078064,0.4776635,0.3982277
TEST_05211,3.1601546,0.0028485507,-0.011970529
TEST_05212,2.364976,1.2862778,0.31122947
TEST_05213,1.2640712,-0.4773253,-0.06205375
TEST_05214,2.9737759,0.12250671,0.22250763
TEST_05215,2.4824555,-0.59603745,0.20545925
TEST_05216,3.1320348,0.9978253,0.27009535
TEST_05217,3.2243946,-1.3077197,1.4637774
TEST_05218,1.1756209,0.79046273,-0.4047284
TEST_05219,4.4095235,1.0316722,1.1438519
TEST_05220,1.9892746,-0.89699423,0.1416367
TEST_05221,2.2849848,-0.14001656,-0.8132016
TEST_05222,1.2374139,-0.40715203,0.17610295
TEST_05223,3.5292275,-0.40449336,0.027498726
TEST_05224,3.1000063,0.10229522,-0.5000499
TEST_05225,3.3599286,1.8518819,2.0015204
TEST_05226,1.4689541,-0.3577219,-0.370802
TEST_05227,2.7925909,0.22495882,-0.96309155
TEST_05228,2.9076946,-0.36861864,0.44562703
TEST_05229,4.8718677,1.3356967,0.6811504
TEST_05230,3.5750957,-1.0699323,0.9734714
TEST_05231,2.6226387,-0.072548896,-0.107202575
TEST_05232,2.7371213,-0.14106685,0.24761595
TEST_05233,3.136099,0.2210248,0.52681077
TEST_05234,2.7663853,0.02148,0.08740159
TEST_05235,1.3889186,-0.30082414,-0.2014226
TEST_05236,2.7920218,1.1436653,0.0134322615
TEST_05237,2.4286861,0.84949994,-1.0776467
TEST_05238,2.564304,-0.52212024,-0.40645295
TEST_05239,4.2425547,-1.4967676,-0.39297062
TEST_05240,3.4775527,1.1408972,1.327262
TEST_05241,5.2761436,1.9727211,-0.27364653
TEST_05242,4.4473333,0.027041256,0.9282782
TEST_05243,2.6037595,1.4552486,0.8502622
TEST_05244,1.7843784,-0.23069619,-0.21890076
TEST_05245,1.887385,0.51471025,-0.33502144
TEST_05246,1.6383666,-0.57468396,0.13410018
TEST_05247,2.226476,-0.9211092,0.78676945
TEST_05248,5.6498446,-0.0020769127,-0.6628599
TEST_05249,3.5099459,0.07435883,0.17473918
TEST_05250,2.6382232,0.6140643,0.030089974
TEST_05251,3.9922354,-0.16390006,-0.26283276
TEST_05252,1.4584093,-0.17388667,0.04649837
TEST_05253,2.7804503,-0.06458213,0.23649622
TEST_05254,1.1390822,0.8163913,0.4296871
TEST_05255,2.6001194,0.010355147,-0.10806824
TEST_05256,1.135397,0.36096007,0.08759061
TEST_05257,3.15812,-0.25462633,0.54602313
TEST_05258,1.7006209,-0.8830143,-0.7692768
TEST_05259,1.8445946,0.7952837,-0.47154537
TEST_05260,1.6547459,0.03991334,0.3559189
TEST_05261,2.751937,0.06309979,-0.009089025
TEST_05262,1.3330358,-0.36057836,0.28462058
TEST_05263,1.96037,-0.70180476,0.28816664
TEST_05264,2.2878635,-0.06824189,0.51167566
TEST_05265,4.0795836,-0.73621684,0.7106435
TEST_05266,3.2981613,0.40462118,0.25474656
TEST_05267,3.7912333,0.7616018,0.32766342
TEST_05268,3.0366182,-0.59025866,-0.14463536
TEST_05269,4.089504,-1.0047154,-1.1997951
TEST_05270,4.920518,-1.3206428,1.7578027
TEST_05271,3.0351787,-0.065197125,-0.1470446
TEST_05272,2.7627037,-0.76459676,1.3872421
TEST_05273,2.4710355,-0.123129815,-0.14687118
TEST_05274,1.4126209,-0.032289036,0.51630384
TEST_05275,0.81364053,-0.2827419,0.13924472
TEST_05276,3.5078795,-0.76674765,0.24380092
TEST_05277,3.0026844,0.44831184,0.82422215
TEST_05278,1.6312538,-0.44322416,-0.5671611
TEST_05279,2.4917986,-0.003932759,0.7958858
TEST_05280,3.936847,0.42473257,0.5239031
TEST_05281,2.9678574,-0.22417529,-0.8852577
TEST_05282,3.989443,0.4937271,1.3858392
TEST_05283,1.6852492,1.2734842,-0.42961118
TEST_05284,2.085775,-0.8045257,-0.12173514
TEST_05285,2.5468447,-0.9000734,-1.0128325
TEST_05286,3.3805647,-0.18051678,-0.21556155
TEST_05287,2.2502143,0.026654912,0.80289394
TEST_05288,3.8566878,0.8111562,0.49547496
TEST_05289,3.0027936,-0.20394453,0.31213057
TEST_05290,1.8219764,0.24662651,0.365852
TEST_05291,2.574179,-0.0390841,0.4202917
TEST_05292,1.2978686,0.15080255,0.17520352
TEST_05293,2.07942,-0.059548095,-0.042492382
TEST_05294,1.2535112,-0.32666802,-0.09207549
TEST_05295,3.4583285,0.5722325,-0.6225102
TEST_05296,2.4503963,-1.2081755,-0.72923046
TEST_05297,2.9621105,1.0109055,-0.6236421
TEST_05298,2.0133796,0.3867452,0.049428012
TEST_05299,3.3530457,0.59872514,-0.57453454
TEST_05300,2.780947,0.32933968,-0.84438694
TEST_05301,2.0392363,-0.6027714,-0.0988664
TEST_05302,1.7042354,-0.23169585,0.07321076
TEST_05303,3.1921666,-0.60951906,-0.858895
TEST_05304,2.8274078,-0.5449293,0.26557776
TEST_05305,5.036262,0.24836479,-0.77428806
TEST_05306,1.6586161,-0.06295236,0.122264236
TEST_05307,3.996505,-0.7017771,-0.4623943
TEST_05308,2.01402,-0.57169455,0.37967473
TEST_05309,1.8172951,-0.8204351,-0.52131605
TEST_05310,3.3218489,0.028327294,-0.23535225
TEST_05311,2.5538435,0.9109796,0.63167155
TEST_05312,3.9164028,-0.7636224,-0.78462917
TEST_05313,2.5857615,-1.5718223,-0.5488891
TEST_05314,1.5831022,-0.37742996,-0.12029156
TEST_05315,1.8760773,-0.13747777,0.057116486
TEST_05316,2.3678095,-1.2116535,-0.7057072
TEST_05317,2.948305,1.2355479,0.6990486
TEST_05318,2.4360113,0.3405996,0.379011
TEST_05319,5.5061383,-0.0776564,1.5915178
TEST_05320,2.9481735,-1.0368695,-1.071996
TEST_05321,2.0803688,-1.1107839,-0.6399223
TEST_05322,4.005325,-0.09942877,0.13495018
TEST_05323,4.434996,1.5358294,0.044701338
TEST_05324,2.4024944,0.9785498,0.007772841
TEST_05325,2.039948,0.29262334,0.63914186
TEST_05326,2.7820923,-0.54557866,0.5443443
TEST_05327,3.526316,-0.46472856,0.6643427
TEST_05328,2.2757638,-0.6015587,-0.79999316
TEST_05329,2.5727217,0.33743247,-0.20720613
TEST_05330,2.3082242,-0.4712569,0.14354222
TEST_05331,0.78772026,0.33783272,-0.056660175
TEST_05332,1.1536235,0.24936162,0.06004769
TEST_05333,2.0234795,-0.7352386,0.20534712
TEST_05334,0.980291,0.36659414,0.022301663
TEST_05335,1.2250292,-0.045139953,-0.14758995
TEST_05336,2.760229,-0.3980457,-0.042420678
TEST_05337,2.8970532,-0.93436295,0.7715874
TEST_05338,3.393153,0.1266817,-0.24317028
TEST_05339,2.4022298,1.1529342,0.4470422
TEST_05340,1.7031635,0.06808662,-0.11086844
TEST_05341,2.7524052,-0.45226204,0.62461466
TEST_05342,1.6027373,-0.034532826,0.10438748
TEST_05343,1.7364173,-0.67553663,0.3485563
TEST_05344,1.1049618,-0.2223272,-0.08351766
TEST_05345,2.0662866,-0.4827397,-0.35712856
TEST_05346,1.8692352,-0.5619322,0.50348186
TEST_05347,3.4729183,-0.24198039,0.117668346
TEST_05348,2.327021,-0.4336016,0.35225552
TEST_05349,2.7832737,-0.54477227,-0.19203565
TEST_05350,4.383937,-0.72951055,0.55633885
TEST_05351,2.4428506,-0.52520764,-0.70562136
TEST_05352,3.0562,-0.76708376,-0.9636602
TEST_05353,3.440718,1.76934,0.8626194
TEST_05354,1.1492487,-0.24314253,0.22575481
TEST_05355,1.8076601,0.09555449,0.07728787
TEST_05356,2.845248,0.22818816,-0.43368012
TEST_05357,2.1116674,-0.26516473,0.38610098
TEST_05358,3.9796078,-1.078255,0.879932
TEST_05359,4.2545257,-1.3448613,1.7167226
TEST_05360,3.6230125,2.2731888,-0.57659614
TEST_05361,3.964579,-1.9109588,1.54322
TEST_05362,3.255605,1.2148223,1.169158
TEST_05363,3.6070027,1.9822942,1.0247805
TEST_05364,1.9975576,-0.30283883,0.34676507
TEST_05365,2.0397012,0.41476464,-0.41867208
TEST_05366,4.030296,0.059161015,0.1985218
TEST_05367,5.2127476,-0.30026123,-0.2500103
TEST_05368,4.1048183,-0.7700659,0.64216727
TEST_05369,3.5053625,0.2728892,0.50267714
TEST_05370,2.8342693,-0.13005579,-0.17543063
TEST_05371,3.9977193,-0.55075127,-0.102047056
TEST_05372,2.5433593,0.2960496,-0.09177181
TEST_05373,1.6399306,0.46512675,0.15531236
TEST_05374,3.2806094,1.228911,-1.2012635
TEST_05375,2.2626212,0.12038802,-0.18047532
TEST_05376,1.9023039,-0.44543552,-0.4881335
TEST_05377,3.8268058,-1.8806813,0.50326127
TEST_05378,5.613626,-1.3584579,0.5186472
TEST_05379,2.846784,-1.2016469,0.5353347
TEST_05380,2.2343466,0.51236165,0.45679942
TEST_05381,3.71909,0.2936204,0.49300933
TEST_05382,2.1015446,0.3528406,-0.3994199
TEST_05383,3.8940425,-0.5844488,0.22986348
TEST_05384,3.8257458,-0.6646141,0.20290878
TEST_05385,1.7294116,1.289281,-0.9627005
TEST_05386,2.3729763,0.27080968,-0.4021737
TEST_05387,3.7489753,0.7950931,0.33607575
TEST_05388,1.9487703,-0.6813108,0.058585167
TEST_05389,4.1444397,-0.5612694,1.0179718
TEST_05390,1.0941272,0.065067396,-0.12229512
TEST_05391,2.0609105,0.1559037,-0.3009877
TEST_05392,1.6350483,0.7986947,0.07194726
TEST_05393,2.2894998,-0.7372427,0.06410479
TEST_05394,2.6659482,-0.28028345,0.16447455
TEST_05395,2.255945,0.29566145,0.799998
TEST_05396,2.3023703,-1.0304711,-0.17152147
TEST_05397,1.3925605,-0.18818334,-0.13141467
TEST_05398,1.1115288,0.01207158,-0.23454718
TEST_05399,2.7251797,1.2210673,-0.5292502
TEST_05400,2.4741004,-0.45975253,0.59663117
TEST_05401,2.2227695,0.65195966,0.22850513
TEST_05402,2.0394838,0.44685465,-0.11784329
TEST_05403,1.2974533,0.68220115,0.21043955
TEST_05404,1.8752651,-0.37413508,0.22195506
TEST_05405,1.0281138,-0.02664961,0.13001661
TEST_05406,4.226568,0.6172508,1.1435432
TEST_05407,3.8220155,0.63673806,0.46758607
TEST_05408,3.16413,1.225919,1.3322066
TEST_05409,2.9881291,0.46230513,0.16924477
TEST_05410,2.6439486,-0.2642635,-0.21247502
TEST_05411,3.2143626,0.2694519,0.120310396
TEST_05412,1.9506053,1.1696393,-0.73740524
TEST_05413,2.3997285,-0.21721792,-0.041915424
TEST_05414,2.2418315,0.73200065,-0.89562446
TEST_05415,3.030894,-0.11913088,0.043731637
TEST_05416,2.1301472,0.18478304,0.89519846
TEST_05417,2.717584,-1.4430332,0.5611085
TEST_05418,1.9454048,-1.5468516,-0.8534699
TEST_05419,1.5235717,-0.5429408,0.09990995
TEST_05420,1.6914644,0.04147222,0.038466066
TEST_05421,2.2900615,0.14944421,-0.8856671
TEST_05422,1.1653826,-0.09120881,0.11279447
TEST_05423,3.0778234,-0.5302656,-0.69887733
TEST_05424,3.1459525,-0.07415689,0.10855404
TEST_05425,4.8905926,-0.38773686,1.1276498
TEST_05426,2.6870112,0.32442662,0.099860564
TEST_05427,2.5817547,0.1086086,0.7218218
TEST_05428,1.7814137,0.5386781,0.05587693
TEST_05429,3.4357617,-1.3058257,0.8489177
TEST_05430,2.2399302,0.1986171,-0.5095452
TEST_05431,1.1652889,0.011491012,0.084134094
TEST_05432,2.3791986,-0.7949693,1.2361367
TEST_05433,2.585157,0.21550898,0.5537603
TEST_05434,2.9973428,-0.30557975,0.088754795
TEST_05435,1.9141682,-0.5906292,-0.11329417
TEST_05436,4.5923347,0.37887153,0.7838289
TEST_05437,3.4426982,0.13466552,1.0232066
TEST_05438,3.964472,-1.370537,-0.14956349
TEST_05439,4.6675024,-1.2804353,2.4332511
TEST_05440,1.8127247,-0.6578259,-0.24698515
TEST_05441,2.656091,0.954163,0.6129894
TEST_05442,3.025851,-0.7137656,0.32827944
TEST_05443,2.8844278,1.1481394,-1.3749664
TEST_05444,3.2975826,-0.770201,0.7488037
TEST_05445,2.6866832,0.50723946,-0.017745279
TEST_05446,1.8263985,0.62059104,0.37627494
TEST_05447,4.3001795,1.2345735,1.2088693
TEST_05448,3.0247364,0.4869185,1.1690195
TEST_05449,3.2085588,0.14455988,0.5287365
TEST_05450,3.2418857,0.20613128,-0.12116654
TEST_05451,1.843292,-0.3978765,0.55639976
TEST_05452,4.5749426,-0.7347064,0.97358537
TEST_05453,1.5319256,-0.22591808,0.19573939
TEST_05454,3.4412777,-1.1080081,1.138915
TEST_05455,2.8719118,0.46251482,0.48692986
TEST_05456,3.038045,-0.18066196,0.5761361
TEST_05457,3.5584319,-1.5142578,0.8172052
TEST_05458,3.1645823,-0.7114426,0.49552667
TEST_05459,3.5477512,-0.90536165,-1.1114749
TEST_05460,3.2027247,-0.5017722,-0.3827346
TEST_05461,1.2346836,-0.49811897,-0.4227936
TEST_05462,1.7216475,0.534079,-0.57300067
TEST_05463,2.0204725,-0.21015233,0.6970844
TEST_05464,3.1190875,0.005958313,-0.49406725
TEST_05465,2.2765644,-0.7424421,0.17837968
TEST_05466,2.7623563,-0.016044945,-0.11907636
TEST_05467,2.5504405,-0.60517895,0.96676487
TEST_05468,3.1600811,0.35448807,-0.028507182
TEST_05469,3.608964,-0.29495198,0.12663819
TEST_05470,0.91523963,-0.29727957,0.18675448
TEST_05471,2.6662567,-0.6153729,0.10998294
TEST_05472,1.9844131,-0.8470152,0.072276995
TEST_05473,2.8002172,-0.36704618,0.14640588
TEST_05474,2.890588,0.547308,-0.48910296
TEST_05475,1.3940933,0.29679456,0.33600906
TEST_05476,4.430535,-1.121329,0.6658834
TEST_05477,3.039399,-1.7229964,0.4274501
TEST_05478,3.447427,-1.2757568,0.015930377
TEST_05479,6.1153646,-0.1363445,0.36299753
TEST_05480,1.2453824,0.23445934,0.12202841
TEST_05481,4.300984,0.17913908,0.419254
TEST_05482,4.196289,1.2499102,0.59238124
TEST_05483,1.9901634,1.2979527,-0.60335547
TEST_05484,2.486607,0.0687491,0.35921618
TEST_05485,3.0548913,0.605981,-0.03756167
TEST_05486,4.4316025,0.03277029,0.26866877
TEST_05487,4.904948,1.3376228,0.31416938
TEST_05488,2.2370033,1.0501531,0.8510729
TEST_05489,1.9688116,-0.1127577,0.22843346
TEST_05490,2.1778088,0.1111243,0.3664987
TEST_05491,3.471487,0.02819847,-0.2543446
TEST_05492,3.7914283,0.9145485,-0.06189976
TEST_05493,1.5070895,-0.6439607,-0.39727646
TEST_05494,2.1423683,1.5816771,-0.32965037
TEST_05495,2.9644377,0.060382225,0.20250146
TEST_05496,1.5654627,0.13626845,0.8701418
TEST_05497,1.7006823,-0.11830285,0.6625872
TEST_05498,2.9671469,0.35456258,0.26265234
TEST_05499,3.49779,0.4274202,0.72729325
TEST_05500,1.3891486,-0.44233492,0.059735414
TEST_05501,2.9568493,0.47103822,0.2995179
TEST_05502,2.2844074,0.48027995,0.6572764
TEST_05503,3.3883119,-0.80888426,0.40979838
TEST_05504,3.5563757,-0.54881376,0.1636633
TEST_05505,4.5292954,-0.41514644,0.53386396
TEST_05506,3.1848106,-0.50952345,0.08433893
TEST_05507,1.5494106,0.15669146,0.3647849
TEST_05508,2.5675173,0.38620335,-0.38532627
TEST_05509,3.4361486,-0.86734945,-0.022187117
TEST_05510,3.979103,-0.100553535,0.82350004
TEST_05511,1.3885907,-0.506045,0.3471733
TEST_05512,1.2324176,0.2601008,0.0076965345
TEST_05513,2.6533444,-0.60446614,0.6293491
TEST_05514,2.2968948,0.41101736,-0.084826134
TEST_05515,2.1517427,0.1341449,0.03991551
TEST_05516,4.841262,0.987671,0.7323267
TEST_05517,2.3596556,0.89566875,-0.19387323
TEST_05518,2.5757153,0.16613969,0.7040988
TEST_05519,2.7760124,1.5817058,0.12968758
TEST_05520,1.4986101,-0.6267548,-0.29562512
TEST_05521,3.0760412,2.1647158,0.12806667
TEST_05522,1.2375873,0.043049123,-0.5445376
TEST_05523,3.6963785,-1.107071,-0.7359121
TEST_05524,1.4419098,0.33548337,0.27329883
TEST_05525,3.067506,-0.22420841,0.49717867
TEST_05526,1.5461224,0.21815827,-0.39831054
TEST_05527,4.1962376,-0.15818352,0.6895496
TEST_05528,2.212937,0.5269508,-0.093929216
TEST_05529,3.2931697,-0.1730677,0.2626948
TEST_05530,1.6392562,0.10183252,0.23844962
TEST_05531,3.106656,0.38731706,-0.8552938
TEST_05532,1.2478534,0.3170851,0.4514414
TEST_05533,2.2508984,-0.13540252,0.30484453
TEST_05534,2.0706513,-1.0622251,-0.010759062
TEST_05535,3.2803407,-1.0401233,0.60332745
TEST_05536,2.727792,-1.5357596,-0.6521803
TEST_05537,1.5621632,-0.27778733,0.2711613
TEST_05538,4.8315287,0.5367254,1.7342671
TEST_05539,2.7437203,1.3570268,-0.7705795
TEST_05540,1.9654591,-0.10745957,-0.27709588
TEST_05541,3.662131,0.3109747,0.98206073
TEST_05542,1.7817849,0.44751865,-0.014650217
TEST_05543,3.0691626,-0.0038915733,0.35949573
TEST_05544,1.0550288,0.22231776,-0.0465958
TEST_05545,5.826457,-1.6172067,0.36002943
TEST_05546,1.5680747,0.7703439,0.035962924
TEST_05547,3.8115227,0.03707306,-0.024291772
TEST_05548,2.701869,-0.0041069686,0.057786573
TEST_05549,2.5163774,1.0450399,0.19420648
TEST_05550,1.9699018,0.75945944,0.46681172
TEST_05551,1.8060793,0.14486022,-0.3433157
TEST_05552,2.2267408,-1.1435854,-0.4951998
TEST_05553,3.0705361,1.1811724,0.121028446
TEST_05554,3.5354517,0.5280739,0.014032941
TEST_05555,1.6783434,-0.4422004,-0.21899706
TEST_05556,3.8830693,0.68821514,1.1980968
TEST_05557,2.4940403,1.380806,-0.19203609
TEST_05558,3.300924,0.6938552,-0.5962078
TEST_05559,5.0280056,-1.4341636,1.6518611
TEST_05560,2.1988878,-0.7486519,0.07094085
TEST_05561,4.341201,1.7030883,1.1623662
TEST_05562,3.8612096,-0.090381086,-0.047826223
TEST_05563,3.3234084,2.115964,-1.321311
TEST_05564,2.5009785,-0.6298876,0.02790569
TEST_05565,2.2325914,0.7860957,-0.7282067
TEST_05566,2.987015,0.25563306,0.15564212
TEST_05567,4.4816456,0.62703586,1.1960105
TEST_05568,5.331281,-1.4990066,0.0081918845
TEST_05569,2.2184167,0.532213,0.23460807
TEST_05570,2.4478912,-0.20220762,-0.74648917
TEST_05571,3.6222918,-0.263346,-0.4361638
TEST_05572,4.3600497,-0.93617404,0.7895057
TEST_05573,1.2454355,-0.22080378,0.13426538
TEST_05574,2.9674547,-0.0524994,0.64374685
TEST_05575,2.096873,-0.76118034,0.30661863
TEST_05576,1.7617277,-0.6677082,-0.6192762
TEST_05577,2.5147223,0.7458545,1.052341
TEST_05578,4.6748104,-0.83770555,-0.814513
TEST_05579,2.5010824,0.65405357,0.2005333
TEST_05580,3.218578,-0.25163844,0.3908718
TEST_05581,3.0344017,-0.06185939,0.121383145
TEST_05582,2.1965747,-0.73706084,0.77162844
TEST_05583,2.1682677,0.038391795,-0.30029172
TEST_05584,1.6207435,-0.1879872,-0.39090678
TEST_05585,3.5049558,0.0968623,1.3384831
TEST_05586,1.5298712,0.5181151,-0.2815341
TEST_05587,1.8220366,0.6345685,-0.32305992
TEST_05588,2.5406742,-0.0038502547,-0.13198392
TEST_05589,2.9203734,-0.8344609,0.15547082
TEST_05590,3.5696366,0.6174142,0.40941924
TEST_05591,2.4151492,0.60345984,0.4239948
TEST_05592,1.7179996,1.1483951,-0.03649322
TEST_05593,2.6734195,0.44238126,0.07269947
TEST_05594,2.3215864,0.36033207,0.019920867
TEST_05595,1.7594453,0.6005562,-0.32401568
TEST_05596,1.7530462,-0.9911669,0.5239241
TEST_05597,2.0098162,-0.8655771,0.28596443
TEST_05598,1.6837825,-0.11478765,0.52282655
TEST_05599,4.6445646,-0.8327382,0.27795285
TEST_05600,4.5958724,0.6745507,-0.6186161
TEST_05601,4.634512,1.767283,-0.68715477
TEST_05602,3.748055,0.36280876,-0.4658705
TEST_05603,1.4492421,0.8286924,0.09076241
TEST_05604,2.3727446,-0.4140991,0.8820386
TEST_05605,2.1115727,0.63082516,0.06431186
TEST_05606,4.370261,0.6996237,1.0468719
TEST_05607,1.8813595,-0.2614559,0.3568395
TEST_05608,1.1562707,0.5049126,0.2346028
TEST_05609,3.3583884,0.31935206,0.22311088
TEST_05610,1.436713,0.20931411,-0.40611392
TEST_05611,3.3668122,-0.49999723,0.15232928
TEST_05612,2.2398422,-1.2969875,0.88497984
TEST_05613,3.237179,0.27469528,0.4436636
TEST_05614,1.1306424,0.7875162,-0.5664074
TEST_05615,2.2033672,-0.6907103,0.42361882
TEST_05616,1.3833055,-0.47438464,0.45458776
TEST_05617,4.361422,2.0827038,-0.5739195
TEST_05618,3.7906585,0.57636124,-0.43257472
TEST_05619,1.1901925,-0.67022413,0.11925228
TEST_05620,3.336843,-0.34069544,0.83242786
TEST_05621,2.1299014,-0.059364304,0.68647164
TEST_05622,1.9608386,0.05213841,0.44154352
TEST_05623,1.5692432,0.5954578,0.12870947
TEST_05624,3.9628484,0.21333592,-0.11084659
TEST_05625,4.4730706,0.012595216,0.51935256
TEST_05626,2.3830714,-0.44305718,0.41213784
TEST_05627,1.5776589,0.4360806,0.14823276
TEST_05628,2.7427456,-0.54437697,0.24154432
TEST_05629,3.9074888,-1.1020732,-0.7002832
TEST_05630,2.8086557,0.28678846,0.07220258
TEST_05631,2.2425702,-0.77788687,0.4240589
TEST_05632,2.3677635,1.6000464,0.0102814585
TEST_05633,3.6635182,1.0225146,1.4872336
TEST_05634,1.4232419,-0.06408542,-0.026767917
TEST_05635,1.6659836,0.177743,0.11710777
TEST_05636,3.416782,1.4141765,0.94734097
TEST_05637,3.3210087,-1.324592,-0.7596352
TEST_05638,1.0721295,-0.264729,0.33721045
TEST_05639,3.2188823,1.6279222,0.50413954
TEST_05640,3.437139,-0.47599253,0.9248465
TEST_05641,3.38567,1.1399928,0.5136558
TEST_05642,1.315143,-0.16208106,-0.17395997
TEST_05643,4.1751595,-1.2114168,0.6185658
TEST_05644,2.3523242,0.810564,0.391543
TEST_05645,1.5465583,-0.011954464,0.004879953
TEST_05646,4.2411084,1.4211398,-0.54284215
TEST_05647,2.6821516,1.0032462,-0.03889446
TEST_05648,1.1556593,0.6586116,0.5191546
TEST_05649,1.9276105,0.7239343,-0.09607555
TEST_05650,2.2011733,0.0033386387,-0.36513466
TEST_05651,1.1232685,0.14922152,-0.16745451
TEST_05652,2.5762932,-0.025012465,0.14806837
TEST_05653,2.9231105,-0.26895532,0.28574237
TEST_05654,2.502551,0.7596472,0.9896105
TEST_05655,1.7424262,0.47766584,-0.4271534
TEST_05656,1.9680936,0.6137409,0.78775746
TEST_05657,3.0147028,-0.10036832,0.79364234
TEST_05658,4.6471705,0.8692077,0.929933
TEST_05659,3.6964285,1.1230338,0.59269637
TEST_05660,2.1614456,0.20325339,-0.3789295
TEST_05661,3.0298069,-0.30809274,1.527544
TEST_05662,1.6325172,0.19153161,0.28951246
TEST_05663,3.4884486,0.57866067,-0.3726822
TEST_05664,3.1197402,-0.22412798,0.27350917
TEST_05665,5.5566416,-1.8907362,-0.65116805
TEST_05666,2.9518492,-0.54280573,0.6712823
TEST_05667,3.611134,0.30467823,-0.2379961
TEST_05668,1.8314354,0.38067448,-0.4066943
TEST_05669,3.1348631,-1.8709823,-1.1120267
TEST_05670,3.5748231,1.2958742,0.78097194
TEST_05671,1.1787592,0.17887464,0.10731271
TEST_05672,2.636262,0.5785065,0.45587566
TEST_05673,1.6054865,-0.13492309,-0.0052207336
TEST_05674,3.5613444,0.73042727,0.09780164
TEST_05675,1.9638106,0.9309289,-0.61100656
TEST_05676,4.4842463,-2.2450542,1.4737693
TEST_05677,3.2816622,0.5899972,0.6614182
TEST_05678,0.964108,0.3530694,0.35584626
TEST_05679,4.8800707,0.43576953,1.5070517
TEST_05680,3.0187118,-0.18018416,-0.25633588
TEST_05681,4.024723,1.6608592,-0.5536701
TEST_05682,2.1989427,-0.5916916,-0.50636864
TEST_05683,2.4890335,-0.48544428,-0.0063169557
TEST_05684,2.7891066,0.20044154,0.75458175
TEST_05685,2.2429302,-0.12632523,0.8000127
TEST_05686,3.0996878,-0.66495156,-0.46873584
TEST_05687,3.644258,0.7801758,-0.5674042
TEST_05688,1.1043895,-0.5098699,0.048359856
TEST_05689,3.360566,0.20505872,0.18706259
TEST_05690,3.2239919,0.55667156,0.2990659
TEST_05691,2.3495083,0.07823944,-0.82672405
TEST_05692,1.3428557,0.68367505,-0.014844494
TEST_05693,2.5516005,0.106625944,-0.22030966
TEST_05694,1.9020692,0.6350833,0.19648103
TEST_05695,2.363781,-0.2507985,-0.5651658
TEST_05696,3.2060719,-0.4509256,0.45976505
TEST_05697,3.0211625,-1.1948149,0.4338917
TEST_05698,2.8915136,0.31971204,-1.1108531
TEST_05699,3.9980054,1.5450685,-1.2544634
TEST_05700,2.7272444,-0.21167278,0.19483842
TEST_05701,2.9006035,0.09155129,-0.9714334
TEST_05702,1.6600671,-0.114892185,0.36467323
TEST_05703,3.6655958,-0.074813396,0.4141555
TEST_05704,2.7019641,0.2988619,0.046042845
TEST_05705,1.3935151,0.28482145,0.6152048
TEST_05706,2.0552301,0.55461323,0.5235615
TEST_05707,1.293919,0.05804342,0.44409508
TEST_05708,2.9898326,-0.22908002,0.57024795
TEST_05709,1.9535714,1.0960386,-0.27802053
TEST_05710,2.0877585,-0.8333631,-0.76830107
TEST_05711,2.2887409,0.5899476,0.4242706
TEST_05712,1.3858894,0.39861563,-0.4135552
TEST_05713,1.8499396,-0.0075478517,-0.4590433
TEST_05714,3.414186,-0.5745199,1.245553
TEST_05715,1.4613482,-0.34730878,0.23182972
TEST_05716,1.7536311,0.19443636,0.08225391
TEST_05717,1.8460484,0.72102815,-0.48517865
TEST_05718,2.00377,-0.088246174,0.8377189
TEST_05719,4.8781633,0.70808107,0.6503021
TEST_05720,1.4942193,-0.50084615,-0.13349427
TEST_05721,1.7592349,0.28140047,-0.44705266
TEST_05722,4.079093,0.3849299,-0.69051564
TEST_05723,3.2924845,-1.6281981,0.4501952
TEST_05724,1.8245397,-0.2785861,0.2965059
TEST_05725,1.8806883,-0.49107116,0.16032857
TEST_05726,1.6860331,-0.28960028,0.097905144
TEST_05727,2.0802474,-0.8042178,-0.020662254
TEST_05728,6.1195946,1.7101548,-0.38044763
TEST_05729,1.0976826,-0.3480869,0.051896904
TEST_05730,1.4101326,0.33165434,0.11089538
TEST_05731,2.2213001,0.2676239,0.030094322
TEST_05732,4.5117245,-0.6680512,0.9421285
TEST_05733,1.4923195,0.2966196,0.10613948
TEST_05734,1.4331344,-0.29306644,0.31534
TEST_05735,2.001258,-0.98930204,0.009505859
TEST_05736,2.4960968,0.79282117,0.05841415
TEST_05737,2.1640651,0.2080647,0.0454491
TEST_05738,2.3285115,1.1806273,-1.0631245
TEST_05739,0.78208494,-0.3916352,-0.07313999
TEST_05740,2.2183247,0.4311182,-0.8341222
TEST_05741,3.1894982,-0.26743782,0.06281456
TEST_05742,1.3021413,0.19290939,-0.19420595
TEST_05743,1.6852472,-1.0162807,0.68579495
TEST_05744,2.023523,0.063930005,-0.16155939
TEST_05745,2.0147264,0.52188253,-0.8452013
TEST_05746,2.552582,0.07604185,0.027508348
TEST_05747,1.9641438,-0.5616909,0.59545887
TEST_05748,1.9603612,0.7121636,-0.098835096
TEST_05749,3.9426637,-0.6879954,-0.9720333
TEST_05750,1.1659621,0.6527017,0.13561514
TEST_05751,1.7058898,-0.122673646,0.03746126
TEST_05752,1.9683702,0.8608064,-0.41751912
TEST_05753,2.143404,-0.1465488,0.5636455
TEST_05754,0.95288557,-0.3301292,-0.012171265
TEST_05755,1.370638,-0.32095215,-0.11832809
TEST_05756,2.0601826,-0.44107217,0.6179453
TEST_05757,1.5511848,-0.050612856,0.1402574
TEST_05758,3.2269454,-1.2530309,0.31461647
TEST_05759,3.2955213,-0.66388035,0.80235314
TEST_05760,2.200084,0.9643128,0.21541925
TEST_05761,2.8795724,-0.14615196,0.14763251
TEST_05762,3.6769216,-1.5375942,1.3160403
TEST_05763,3.770475,-1.401608,1.0501345
TEST_05764,2.1475885,0.17248099,-0.46445796
TEST_05765,1.4917024,0.30096138,-0.3312236
TEST_05766,1.5510665,0.011087507,-0.26459053
TEST_05767,4.4836054,-0.7072374,-0.60014874
TEST_05768,2.3693972,1.0308005,0.055003136
TEST_05769,3.0416486,0.13857879,0.24449661
TEST_05770,2.6955419,-0.3231583,0.065616466
TEST_05771,3.6614168,0.04902578,-0.010178605
TEST_05772,2.407307,0.8213154,0.47609988
TEST_05773,1.5632213,0.2729946,-0.2626873
TEST_05774,1.1634299,0.32732484,-0.105159685
TEST_05775,2.1355498,0.41208363,0.066852756
TEST_05776,1.0120476,0.3769731,0.54055357
TEST_05777,1.1171732,0.16525626,0.08903237
TEST_05778,4.561048,1.5671268,1.3795168
TEST_05779,1.0661436,-0.57541174,0.14857216
TEST_05780,2.0445027,0.22842754,-0.43179196
TEST_05781,2.3802152,-0.3555571,-0.972972
TEST_05782,1.3460784,0.019720504,0.053535417
TEST_05783,3.9286041,-0.007757484,-0.43669632
TEST_05784,1.3908992,-0.28260857,0.2625087
TEST_05785,4.2266235,1.6071686,1.1920671
TEST_05786,3.0120575,-0.18481395,-0.41178077
TEST_05787,3.4587755,0.690511,0.14837241
TEST_05788,2.4290268,0.7037195,0.21468967
TEST_05789,0.73784924,-0.0024148114,0.16929184
TEST_05790,3.6424298,0.17296979,0.68144584
TEST_05791,3.0068145,0.5427624,-0.49156943
TEST_05792,2.7092369,-1.1234212,-1.0997354
TEST_05793,3.116726,0.17545843,0.96610403
TEST_05794,3.1385484,0.27861208,-0.37088525
TEST_05795,0.95729834,0.4662154,-0.0699148
TEST_05796,3.8468275,-0.4672389,0.24897487
TEST_05797,2.5678294,0.8661227,0.16157086
TEST_05798,3.2073245,-0.9462245,0.9023134
TEST_05799,2.742129,-0.7070384,0.84104425
TEST_05800,2.7596374,1.3506117,0.53762954
TEST_05801,3.8970408,-0.6339908,0.1680477
TEST_05802,4.480272,-0.9899626,0.017967835
TEST_05803,3.3612223,0.5490161,0.090957336
TEST_05804,2.354134,-0.25625548,0.7997497
TEST_05805,1.6415023,0.9656438,-0.5121731
TEST_05806,2.5762,0.26930648,0.31511337
TEST_05807,3.3021317,-0.50608325,0.5301747
TEST_05808,1.8341761,0.53926563,0.8987121
TEST_05809,4.581011,0.56597084,-1.109618
TEST_05810,2.41673,0.5983712,0.07534486
TEST_05811,4.215167,-0.2445615,0.53280246
TEST_05812,2.6940327,0.80517113,-0.86337805
TEST_05813,0.9259018,0.29700524,-0.09954252
TEST_05814,1.3923982,0.022438636,-0.3665422
TEST_05815,1.5039637,-0.7233432,0.4087499
TEST_05816,2.9910147,-0.48471498,-0.472471
TEST_05817,1.4526571,0.54841906,0.10476691
TEST_05818,1.9046667,-0.14043002,-0.9293549
TEST_05819,4.543569,-0.8007178,0.41160908
TEST_05820,1.0058585,0.04378327,-0.12940526
TEST_05821,1.8293631,0.5994012,0.06713521
TEST_05822,1.4621648,-0.04522282,0.027626777
TEST_05823,1.2820652,-0.0719849,-0.23368277
TEST_05824,3.2951272,0.0048400844,-0.2103509
TEST_05825,2.1998215,-1.1305982,0.83482635
TEST_05826,1.3139504,0.062533885,0.07058714
TEST_05827,4.039843,-0.14115852,-0.48059523
TEST_05828,2.2463095,0.121367745,0.3104609
TEST_05829,1.2069957,-0.21044621,0.40599886
TEST_05830,1.2066516,0.13319138,0.42657608
TEST_05831,1.2881067,-0.089466505,0.24477287
TEST_05832,1.9632055,0.39584,0.2698457
TEST_05833,1.8742291,0.72731894,0.5146436
TEST_05834,3.451444,0.29163072,-0.90370214
TEST_05835,0.9327684,-0.3984539,-0.20456512
TEST_05836,2.947626,-1.4222347,-0.5799624
TEST_05837,3.8113565,-1.9555961,0.16498832
TEST_05838,0.8903253,0.47687602,-0.043446302
TEST_05839,3.0447757,0.8394554,-1.0952353
TEST_05840,2.686743,2.0702066,1.0756178
TEST_05841,4.274244,-1.1992258,0.9725744
TEST_05842,2.0711539,0.97292626,-0.88453376
TEST_05843,3.1877823,-1.0127766,0.5092369
TEST_05844,2.3496068,-0.3356223,-0.14200406
TEST_05845,1.6516277,-0.71214366,-0.24364522
TEST_05846,4.3304734,-0.38118297,0.5193432
TEST_05847,3.4206972,-0.23265241,-0.23668417
TEST_05848,4.3365283,-1.512439,0.77033764
TEST_05849,1.5057263,0.021921962,0.10897571
TEST_05850,2.598586,0.29587942,0.06914317
TEST_05851,3.5384264,0.4756086,0.64349204
TEST_05852,3.2728498,0.32135534,-1.1483783
TEST_05853,1.0406834,0.041178536,0.16042404
TEST_05854,1.7115668,1.0502595,-0.09928507
TEST_05855,3.0436065,-0.83844906,1.1306261
TEST_05856,2.7733629,-0.68250036,0.13951834
TEST_05857,2.2755623,0.8029635,0.43864214
TEST_05858,3.6752155,1.5844939,-0.22158378
TEST_05859,2.263772,-1.3139119,-0.58208233
TEST_05860,1.1230302,0.16349146,0.29744166
TEST_05861,3.1101625,-0.17723179,0.12019597
TEST_05862,2.2062058,-0.03938254,0.035966262
TEST_05863,3.7413504,-0.60032374,-0.80506456
TEST_05864,3.0257146,0.007751614,0.06918453
TEST_05865,1.5129749,-0.118849345,0.7367814
TEST_05866,1.5297583,0.5909051,-0.3805688
TEST_05867,3.5697827,0.10663101,-0.05226633
TEST_05868,1.5581913,0.043189365,-0.001264168
TEST_05869,1.3137124,0.2965024,-0.6149497
TEST_05870,1.5341464,-1.118873,-0.119360246
TEST_05871,2.0149155,-0.7101166,-0.044720076
TEST_05872,3.1208236,1.4166007,1.1438568
TEST_05873,2.8742197,1.6096601,-0.7876887
TEST_05874,2.6782117,0.65041345,0.69160235
TEST_05875,1.2212822,0.2259249,-0.0034257635
TEST_05876,2.4097464,-0.65426797,0.27151635
TEST_05877,2.9203658,0.46957767,0.6073124
TEST_05878,2.2471116,0.21721093,0.4037169
TEST_05879,3.9095254,-0.2794631,0.6419681
TEST_05880,3.7442281,-0.058675945,0.06562952
TEST_05881,2.8902392,0.90220827,-0.42248237
TEST_05882,1.5004643,-0.061042156,-0.13316
TEST_05883,2.5075095,-1.4417431,1.0648139
TEST_05884,3.0594842,-0.5539903,1.3942832
TEST_05885,1.7125914,-0.17123957,-0.18650086
TEST_05886,4.9896054,0.50632215,0.516406
TEST_05887,4.215947,-1.1698991,0.117927864
TEST_05888,2.2369173,0.49060637,0.48699835
TEST_05889,2.775622,0.1361109,0.48805118
TEST_05890,3.1953006,0.27891195,-0.17863604
TEST_05891,1.875082,0.20019491,0.036182366
TEST_05892,4.501974,0.26983047,0.61327237
TEST_05893,2.745603,0.6270798,-0.2941451
TEST_05894,2.5242183,-0.5577803,-1.0100999
TEST_05895,1.4025927,0.34382585,0.32206482
TEST_05896,2.5859082,0.25811023,0.90137964
TEST_05897,2.1703312,0.38160706,-0.04739036
TEST_05898,5.402486,-0.9668476,0.067520425
TEST_05899,3.5127914,1.1961794,-0.7494527
TEST_05900,2.0190167,-0.313232,0.5106684
TEST_05901,1.523488,0.29911348,-0.25463757
TEST_05902,2.078907,-0.76769906,-0.13366008
TEST_05903,2.1578362,-1.0706986,-0.13466758
TEST_05904,1.1492193,-0.20533301,-0.07958428
TEST_05905,3.82501,-0.1859583,1.7933145
TEST_05906,1.4512035,0.46915424,-0.48660988
TEST_05907,3.5972602,0.17149287,-0.37390122
TEST_05908,2.7295837,-0.7518051,0.37374306
TEST_05909,4.0959687,0.521377,1.0502098
TEST_05910,3.1591606,0.27095398,-0.90336263
TEST_05911,1.7971827,-0.48734304,0.18817565
TEST_05912,2.496076,-0.1453186,0.3290352
TEST_05913,3.1802456,-1.4334102,-0.28563267
TEST_05914,2.4714751,0.07574091,0.0609643
TEST_05915,1.5997857,0.104493946,-0.26057196
TEST_05916,1.2747693,0.16849153,-0.17108682
TEST_05917,3.4902074,0.5099241,0.33511594
TEST_05918,1.682301,-0.08323036,-0.3698109
TEST_05919,4.7659016,-0.94147825,1.1957526
TEST_05920,3.2865252,1.2405689,0.827186
TEST_05921,0.9596467,-0.6263285,0.23472333
TEST_05922,2.6630363,0.39076334,1.7566779
TEST_05923,1.2496132,0.2698754,-0.12263388
TEST_05924,3.1343653,0.78388125,-0.38482445
TEST_05925,1.0023527,-0.3560421,0.3281509
TEST_05926,2.084895,0.4264785,-0.13238502
TEST_05927,2.953856,0.6118289,-0.060595162
TEST_05928,3.712506,-1.7791983,-0.011604184
TEST_05929,3.0380526,0.62937826,-0.14897409
TEST_05930,2.5817873,-0.012772761,-0.19843888
TEST_05931,4.0431485,0.2782611,1.1184088
TEST_05932,3.3311646,-0.95950943,1.1679453
TEST_05933,1.4534978,0.33493847,-0.21850505
TEST_05934,2.825241,0.94344234,0.4022161
TEST_05935,2.4757137,0.24609953,-0.31065947
TEST_05936,2.976053,0.4417315,0.57676554
TEST_05937,3.408387,1.8512698,-0.16134219
TEST_05938,2.8878996,-0.8124282,-0.8802899
TEST_05939,3.4759448,1.3728317,-0.050927512
TEST_05940,2.9967628,-0.8469211,-0.5475424
TEST_05941,2.9907556,0.19756174,0.44879785
TEST_05942,1.4006816,-0.55298114,0.18004072
TEST_05943,3.6172602,0.6394167,0.8987798
TEST_05944,1.4975266,0.08353633,-0.14641547
TEST_05945,2.57969,0.48592257,0.054970287
TEST_05946,2.3420503,0.43966728,0.29328644
TEST_05947,2.3664763,-0.40052047,0.031144036
TEST_05948,1.9299325,-0.45498657,0.39711535
TEST_05949,4.158473,-1.5998358,-0.16278994
TEST_05950,5.2813087,0.40241343,1.5452008
TEST_05951,2.5289092,0.77401805,0.6588935
TEST_05952,3.3649094,1.564337,1.0164622
TEST_05953,3.3113291,0.458103,0.36109728
TEST_05954,2.5594015,-0.46724272,0.58054566
TEST_05955,1.6909654,-0.19812524,0.26218563
TEST_05956,3.9060352,-1.1483845,0.30077976
TEST_05957,1.7597232,-0.2411966,0.26850206
TEST_05958,1.6889848,0.8576235,-0.65575045
TEST_05959,3.6875012,-0.7934107,-1.3114599
TEST_05960,4.5448318,-1.3962246,1.2265311
TEST_05961,4.980031,2.0268118,-0.6887858
TEST_05962,1.7067566,0.7465441,0.24357705
TEST_05963,0.9708453,-0.43175524,0.28019238
TEST_05964,1.8987671,0.6667075,-0.02683461
TEST_05965,1.7552497,-0.5784379,-0.0059655868
TEST_05966,2.5423381,0.20587647,-0.97160727
TEST_05967,3.6652107,1.0766147,-0.57503235
TEST_05968,2.5240095,-0.4566166,-0.86420393
TEST_05969,2.619794,0.03741426,0.18417846
TEST_05970,1.5657176,-0.17996374,0.2220202
TEST_05971,3.22061,0.23572041,-0.6498161
TEST_05972,4.433419,0.83273923,0.030454058
TEST_05973,1.7707373,-0.08023105,-0.05762206
TEST_05974,2.0646203,-0.89131355,0.7898997
TEST_05975,2.4974766,0.1552087,-0.21558598
TEST_05976,2.9366078,0.9166077,-0.06528981
TEST_05977,1.6412998,0.8520563,0.24022256
TEST_05978,1.5129582,-0.25161836,-0.86234605
TEST_05979,1.1810905,0.011007685,-0.29096246
TEST_05980,2.4569552,-0.11491026,1.0246494
TEST_05981,3.3664558,-0.078784145,0.620766
TEST_05982,1.7609649,0.17903295,0.29854977
TEST_05983,2.0464013,-0.81718177,0.66407317
TEST_05984,3.2712455,-0.4119408,0.7491564
TEST_05985,2.5348287,0.6299981,1.4168416
TEST_05986,2.064294,-0.42566255,0.8730531
TEST_05987,2.3503568,0.16694418,-0.39214417
TEST_05988,2.0023038,0.62048876,0.20421538
TEST_05989,4.228585,-0.92627615,0.28315198
TEST_05990,4.7719693,-0.38573268,0.33395034
TEST_05991,2.4474573,-0.3712794,-0.4965735
TEST_05992,2.3714545,-0.98899335,-0.22977549
TEST_05993,3.4041066,1.6671485,-0.8895683
TEST_05994,2.3503213,0.24566275,-0.02948568
TEST_05995,2.2090921,-0.79364556,-0.27683672
TEST_05996,4.184113,2.1354496,-0.54677737
TEST_05997,3.3595595,-0.681884,0.98545784
TEST_05998,2.0443065,0.99050826,-0.27165678
TEST_05999,4.8225,-0.01819279,0.4573925
TEST_06000,2.891098,0.16496535,0.35147882
TEST_06001,1.7653214,1.2076417,0.2649792
TEST_06002,3.4668643,-0.5364132,1.2507361
TEST_06003,0.7867386,-0.2998766,0.23559177
TEST_06004,3.4525228,0.8599564,-0.2020303
TEST_06005,2.618588,-0.77951753,-0.96254665
TEST_06006,4.2891617,-0.65783006,0.018472148
TEST_06007,2.5237055,0.16215762,-0.62126774
TEST_06008,1.5720799,-1.0738187,-0.29100692
TEST_06009,1.7615628,-0.14112002,0.26419783
TEST_06010,1.7878333,-0.21093786,0.04514191
TEST_06011,3.1562836,0.1757653,-0.62385505
TEST_06012,3.241383,-1.7009889,-0.40051135
TEST_06013,2.8691902,-0.08076973,0.3119361
TEST_06014,1.7343248,0.5619079,0.06679431
TEST_06015,1.8546656,0.33998972,0.5509619
TEST_06016,2.1385117,0.5619449,0.22245044
TEST_06017,1.2663523,-0.15824999,-0.7369545
TEST_06018,2.7657845,1.216991,0.5539667
TEST_06019,4.666292,0.17263241,1.2193907
TEST_06020,2.9479237,-0.07621185,-0.6454674
TEST_06021,3.3763108,-0.032437846,0.5874416
TEST_06022,1.6472564,-0.08661822,0.24854624
TEST_06023,4.1011124,-0.116277955,-0.25250793
TEST_06024,3.3627625,-0.36379683,-0.4100111
TEST_06025,3.441713,1.7602818,-0.3291623
TEST_06026,2.2203262,0.11058614,-0.40862036
TEST_06027,1.628191,0.54899365,0.28123614
TEST_06028,2.042524,0.75750834,0.1980733
TEST_06029,4.16485,-0.7446506,-0.7623197
TEST_06030,3.2341042,1.1456674,1.082546
TEST_06031,1.4626751,0.13102281,-0.22608732
TEST_06032,2.7773225,0.40607163,-0.12999918
TEST_06033,3.7743187,-1.518709,-0.2310043
TEST_06034,3.254905,0.5972198,0.26540163
TEST_06035,1.0423923,-0.061290562,0.11092511
TEST_06036,3.9160485,-0.26431626,1.1836486
TEST_06037,3.456957,0.44281945,0.8883332
TEST_06038,2.4397607,-0.4243151,0.62574846
TEST_06039,3.7353852,-1.3469113,-0.41155472
TEST_06040,1.3775747,-0.78241086,0.46794707
TEST_06041,1.8749461,0.18262173,-0.2999001
TEST_06042,1.6091082,-0.28608373,0.13544719
TEST_06043,2.7866063,-1.0162156,0.23043746
TEST_06044,3.7999144,1.4484817,0.90249133
TEST_06045,1.9806024,-0.97807693,0.21002187
TEST_06046,3.035945,0.19476241,-0.15441729
TEST_06047,3.4353561,-0.1774589,-0.06910432
TEST_06048,1.2042239,0.24123824,0.43498984
TEST_06049,2.3887372,0.383393,-0.08523914
TEST_06050,3.3343601,0.20945396,0.57343423
TEST_06051,4.257872,0.14147905,-1.1978233
TEST_06052,4.7983556,-0.16312003,0.25772426
TEST_06053,2.39573,0.05835549,-0.15301353
TEST_06054,1.6388701,-1.0682762,-0.14645559
TEST_06055,1.8052328,-0.25217047,-0.104195945
TEST_06056,2.071389,0.6400811,0.37214628
TEST_06057,1.0869732,0.49347878,0.46513084
TEST_06058,4.107677,-0.05236037,0.3707225
TEST_06059,2.3394122,-0.29979315,-0.40319538
TEST_06060,2.883196,-0.09898029,0.16601142
TEST_06061,1.6128004,-0.13768363,0.09289661
TEST_06062,2.3123913,0.6422544,0.7722708
TEST_06063,3.478398,-0.108096525,-0.33744717
TEST_06064,2.9834902,0.45337838,0.6199577
TEST_06065,3.5228503,-1.6509943,1.2745357
TEST_06066,3.5894666,-0.0818579,0.83079976
TEST_06067,2.6181128,-0.1600361,-0.26745588
TEST_06068,2.5244756,-0.4539766,-0.072095975
TEST_06069,4.235372,0.52810484,-0.8207115
TEST_06070,2.7999077,-1.340747,0.29626286
TEST_06071,1.6924233,-0.55128944,-0.2191337
TEST_06072,2.3079133,-1.0118904,-0.0839194
TEST_06073,3.4643188,-2.138465,-0.6840315
TEST_06074,3.2036812,-0.48525643,0.5472617
TEST_06075,1.5526277,0.1832574,0.4621322
TEST_06076,2.9184594,0.83685845,-0.3420017
TEST_06077,1.7013588,-0.16010228,0.08264043
TEST_06078,1.9169633,-0.19852832,-0.42565253
TEST_06079,4.262072,1.7092581,1.5353664
TEST_06080,4.188919,-0.2698324,0.5044565
TEST_06081,3.7682133,2.294056,1.365655
TEST_06082,2.642012,-0.75701916,-0.5899521
TEST_06083,2.6706512,1.859853,1.0041244
TEST_06084,2.565029,-1.2350416,1.1052686
TEST_06085,1.6932784,-0.30185974,-0.3571543
TEST_06086,2.362579,1.1279113,0.5896031
TEST_06087,1.5721118,0.47182563,0.0143348
TEST_06088,4.6677747,-1.6553255,1.2107589
TEST_06089,2.8810656,0.23882066,0.21190356
TEST_06090,2.4872906,0.6519228,0.19690779
TEST_06091,2.3668084,-0.097972184,-0.59703
TEST_06092,3.918197,1.1887432,-1.3559935
TEST_06093,1.1689923,-0.20327589,0.27136415
TEST_06094,3.525689,-0.6177716,1.1876343
TEST_06095,3.4785528,0.89414334,0.2893458
TEST_06096,2.5142674,0.20310053,0.24214488
TEST_06097,2.725245,0.47531533,0.3307042
TEST_06098,4.3837085,-1.5444292,-0.03780743
TEST_06099,3.1936524,1.3550557,1.2299755
TEST_06100,2.5337017,-0.7452972,-0.39128774
TEST_06101,3.031,0.4286723,0.6868318
TEST_06102,2.224195,0.4591928,-0.6152057
TEST_06103,2.082591,0.68853533,-0.30194172
TEST_06104,4.1814394,-0.054156404,1.0828968
TEST_06105,1.588669,1.1329893,-0.6264005
TEST_06106,2.3404274,-0.010478826,-0.80707014
TEST_06107,4.2272716,0.7506003,0.8964122
TEST_06108,2.1528294,-0.5700665,0.17407075
TEST_06109,2.4803128,-0.57282054,0.5465521
TEST_06110,1.1357145,0.42656347,-0.034069438
TEST_06111,2.5380344,-0.57634974,0.29308808
TEST_06112,2.9937828,1.3231055,1.0462092
TEST_06113,2.4565396,-0.12139033,0.59226817
TEST_06114,1.9230642,0.1710617,0.17540872
TEST_06115,2.329247,0.6146599,0.8893295
TEST_06116,3.9018354,-0.6319181,0.9823725
TEST_06117,2.2476285,-1.0290425,-0.024874892
TEST_06118,2.6249883,1.2014298,0.5050294
TEST_06119,5.840092,0.7847006,-0.47936636
TEST_06120,3.1368887,-0.52368224,-1.1179552
TEST_06121,2.1250494,1.2740636,-0.30870834
TEST_06122,1.8971821,0.902205,-0.3405443
TEST_06123,2.5228043,-2.271966,0.2187118
TEST_06124,2.408579,0.39160523,0.8619563
TEST_06125,1.595685,0.2792564,-0.20432843
TEST_06126,5.183792,-0.082385175,0.11282022
TEST_06127,2.059811,0.5291503,-0.50533646
TEST_06128,2.7564738,0.76764655,-1.0190319
TEST_06129,3.2297637,-0.17509462,0.16367209
TEST_06130,2.571548,0.0032228194,-0.6054184
TEST_06131,4.3596497,0.33192587,-0.34080416
TEST_06132,4.7755156,-0.15268482,1.7775593
TEST_06133,2.059183,-0.4381565,0.5341575
TEST_06134,2.432424,-0.013810129,-1.0728796
TEST_06135,2.6431248,-0.7990232,-0.15971251
TEST_06136,1.6215254,-1.1238803,-0.3234021
TEST_06137,2.215949,0.54548264,-0.7302047
TEST_06138,4.5524535,0.2985249,0.76282835
TEST_06139,2.9469376,0.15305981,-0.87518066
TEST_06140,2.6925638,-0.90104,0.87302136
TEST_06141,3.047955,-0.1799483,-0.6168437
TEST_06142,2.2014518,0.9410682,-0.6688024
TEST_06143,1.4436164,-0.3789084,0.37022772
TEST_06144,1.6977499,-0.65668374,0.050993986
TEST_06145,3.7396708,-0.6671468,0.6419053
TEST_06146,2.1357203,-0.18443054,0.14574192
TEST_06147,3.4486127,-0.39483273,-0.6788842
TEST_06148,2.5278547,-0.5588539,0.66704655
TEST_06149,2.3095884,1.1842042,1.3985815
TEST_06150,4.263849,-1.5730228,1.6821705
TEST_06151,2.8645697,-1.3264787,0.37159494
TEST_06152,1.1856197,0.47879618,-0.035770796
TEST_06153,2.6862595,0.17964245,0.78978515
TEST_06154,3.0490465,-0.38456234,1.3083047
TEST_06155,2.111459,-0.08038436,0.02214538
TEST_06156,2.2380803,1.2352084,-0.49439535
TEST_06157,3.4992747,-2.230358,-0.87039626
TEST_06158,2.6029544,1.7184744,-1.0220889
TEST_06159,0.9833217,0.46260142,0.13211107
TEST_06160,2.9072783,-1.6469572,-1.2773069
TEST_06161,1.4380492,-0.5042737,-0.16664441
TEST_06162,1.4400045,-1.244482,-0.2935389
TEST_06163,2.494254,-0.4848083,0.0047502946
TEST_06164,3.2686753,1.4993806,1.7216065
TEST_06165,1.3000406,0.19926915,-0.05788135
TEST_06166,1.8826628,-0.3202075,-0.13193575
TEST_06167,4.4723063,0.104284704,0.005056439
TEST_06168,2.516793,-1.2202194,0.75586873
TEST_06169,2.7469718,-0.3794258,0.06774392
TEST_06170,1.601941,-0.3937549,0.22891891
TEST_06171,2.7773094,-0.1378829,-0.20868434
TEST_06172,3.2870615,-1.1226655,1.092794
TEST_06173,2.2936625,0.53600633,0.33368108
TEST_06174,1.628314,0.01534507,-0.51263714
TEST_06175,1.7968007,-0.33972207,0.17180762
TEST_06176,2.4113834,-0.92435527,-0.83558816
TEST_06177,3.1044862,-0.5319228,0.8574257
TEST_06178,2.5621347,0.9658257,1.2278483
TEST_06179,0.9719818,0.2152389,-0.2678309
TEST_06180,1.4771152,-0.15530208,-0.10382048
TEST_06181,2.8186777,-0.26806998,-0.64287555
TEST_06182,1.9484942,0.23118465,0.08274185
TEST_06183,1.3516495,0.15273574,-0.0064550154
TEST_06184,1.2238925,-0.24188536,-0.13200611
TEST_06185,4.0233917,-0.96872044,0.2911141
TEST_06186,2.6767933,-0.14274181,0.034350604
TEST_06187,3.5958102,0.8367482,0.86622906
TEST_06188,2.9039474,-0.4520443,0.07771218
TEST_06189,4.9178495,-0.553318,0.8791986
TEST_06190,3.0085843,1.658857,1.3188018
TEST_06191,1.8504165,-0.9375947,-0.4087189
TEST_06192,3.3864875,0.007649631,0.49437532
TEST_06193,2.5550747,0.26793158,0.09557974
TEST_06194,2.6150124,0.050207723,0.49475008
TEST_06195,0.8109772,-0.1270737,0.0075397547
TEST_06196,2.906058,-1.6133506,0.1345082
TEST_06197,2.2351778,-0.7490645,0.79482126
TEST_06198,2.9473782,-1.4119179,0.7050187
TEST_06199,4.8388076,-0.46195418,-1.2641592
TEST_06200,2.896607,-1.5943967,-0.8055925
TEST_06201,3.5776007,-0.48369893,0.42824548
TEST_06202,1.4100313,-0.2855363,0.5583361
TEST_06203,2.6311126,0.6627928,-0.433284
TEST_06204,2.2837362,0.29423493,0.99108386
TEST_06205,0.89811903,-0.17100024,-0.013897825
TEST_06206,1.3167443,0.59170043,-0.2842915
TEST_06207,4.8665137,1.2611059,-0.16985346
TEST_06208,2.6548479,1.8237902,-0.65151286
TEST_06209,2.0014865,0.48602504,-0.14272775
TEST_06210,1.223685,-0.3467456,-0.21695815
TEST_06211,2.2413814,-0.5826203,0.67276925
TEST_06212,3.4150124,1.2504855,0.3784998
TEST_06213,2.7029052,-0.46009654,0.16203888
TEST_06214,3.018045,-0.17847252,1.4667331
TEST_06215,1.176273,0.6119302,-0.31120205
TEST_06216,1.5320747,-1.0802988,1.0008662
TEST_06217,2.3478117,0.7326017,-0.6571652
TEST_06218,3.8680582,-1.1515745,1.2117034
TEST_06219,3.9710503,1.3072319,-0.9776174
TEST_06220,1.2529807,0.281001,-0.2526346
TEST_06221,3.5743709,-0.31014276,0.6062871
TEST_06222,1.1651601,-0.07923257,-0.030563343
TEST_06223,3.3679428,-0.14217691,-0.30747193
TEST_06224,1.7398607,0.59279346,-0.32879257
TEST_06225,3.1323054,1.4029654,0.5901559
TEST_06226,3.2028763,-0.048786208,-1.0617449
TEST_06227,1.7022136,0.2001412,-0.098178335
TEST_06228,2.552409,-0.9071748,0.48840734
TEST_06229,4.6338215,0.9037528,-1.0203458
TEST_06230,2.2891843,0.35950747,-0.6762425
TEST_06231,2.3368962,-0.06343695,0.03957137
TEST_06232,3.7554662,-0.906393,0.5754548
TEST_06233,2.6636443,0.28053182,-0.4148951
TEST_06234,3.1422384,-0.28394976,0.122223414
TEST_06235,1.4992181,0.61197215,-0.5028012
TEST_06236,3.6674767,2.1939986,0.76268923
TEST_06237,3.6218743,1.7833755,0.80537546
TEST_06238,3.2564716,0.5252142,1.2644064
TEST_06239,1.0604799,-0.41248664,-0.17244646
TEST_06240,3.9505963,-2.121411,-1.1292084
TEST_06241,4.443703,-0.10059328,0.22717704
TEST_06242,0.93217003,0.5885804,0.2763708
TEST_06243,3.9891562,-1.1777153,-0.54241383
TEST_06244,3.4022202,-0.34674826,0.14818156
TEST_06245,1.5301658,0.4806267,-0.3288054
TEST_06246,3.4861224,1.0840195,1.1368097
TEST_06247,3.775652,1.403164,0.5471213
TEST_06248,4.484502,0.92446107,0.61540407
TEST_06249,2.1805477,0.27728707,0.16774413
TEST_06250,3.1181996,0.6428735,-0.8260635
TEST_06251,3.5095208,-0.1381121,-0.18547067
TEST_06252,1.9610459,1.5050995,-0.47022298
TEST_06253,3.0968528,0.050857008,0.4951145
TEST_06254,1.1563636,-0.0665368,0.2282857
TEST_06255,4.2327485,0.35742188,0.8363273
TEST_06256,1.8263763,0.5838619,0.2041297
TEST_06257,3.2303314,-0.43310252,-0.5474452
TEST_06258,3.1704848,1.1625069,-0.10814667
TEST_06259,4.167034,-0.8350243,0.99214697
TEST_06260,2.2518067,0.7548231,-0.7328957
TEST_06261,3.4607463,-0.47437254,-0.84320456
TEST_06262,1.9094772,-0.41235557,-0.35201254
TEST_06263,1.3802433,0.104963094,-0.5648881
TEST_06264,3.5578952,-0.5744543,0.20782144
TEST_06265,1.3485873,-0.5931868,-0.5400682
TEST_06266,2.4815195,0.22929037,-0.4050137
TEST_06267,1.4867561,0.0189942,0.41907963
TEST_06268,2.1836684,-0.93190897,0.00087043084
TEST_06269,0.95145947,0.31550604,-0.052813448
TEST_06270,4.9101677,-1.1777264,1.2777787
TEST_06271,2.0710065,-0.43493488,0.107780516
TEST_06272,1.7253937,0.47775868,0.5524352
TEST_06273,2.5120144,1.4959378,-0.7959611
TEST_06274,3.051515,0.04427591,0.91713387
TEST_06275,1.9107852,-0.56851965,-0.22789139
TEST_06276,4.6271095,0.87958443,-0.50287086
TEST_06277,2.1569886,0.64437675,0.2947138
TEST_06278,1.3040892,-0.4786734,0.60255885
TEST_06279,1.5790133,-0.9160232,-0.5628576
TEST_06280,3.1209152,0.2886087,0.47350737
TEST_06281,4.2711887,-0.010709355,0.8230176
TEST_06282,3.4016116,-0.2046805,1.1909941
TEST_06283,1.3077664,-0.9576827,0.119893596
TEST_06284,1.7874336,-0.014361128,-0.18991551
TEST_06285,1.1261762,0.20815052,0.24865597
TEST_06286,4.5147166,0.17037548,0.24076778
TEST_06287,1.6911434,0.030056247,-0.15755881
TEST_06288,5.219546,-0.8252898,0.34525055
TEST_06289,2.9881108,0.34148732,-0.427159
TEST_06290,3.3296602,0.20662585,-0.027290896
TEST_06291,1.2405372,0.16532034,0.2282248
TEST_06292,1.6875558,1.1625682,0.77510136
TEST_06293,2.9327078,-0.34158117,0.20908576
TEST_06294,2.3095155,-1.2942024,-0.18022186
TEST_06295,3.4897573,1.0203146,-0.63320744
TEST_06296,2.0052114,-1.3335596,-0.18699558
TEST_06297,1.8320453,0.14802958,0.15768564
TEST_06298,1.8104979,-0.54315096,-0.7229973
TEST_06299,3.1668856,-1.2290533,0.067640446
TEST_06300,1.7019932,-0.19627073,0.11390386
TEST_06301,3.5072727,-0.049686294,0.34661692
TEST_06302,1.2205082,0.18317403,0.27976227
TEST_06303,1.887287,-0.37569234,-0.21266448
TEST_06304,3.8313746,-0.22899166,0.3011667
TEST_06305,4.2069907,-0.41039917,-0.3778423
TEST_06306,2.4283268,0.26587498,-0.095989265
TEST_06307,3.6042578,-0.10744768,0.10270539
TEST_06308,2.595374,1.0081642,0.63136345
TEST_06309,2.965362,-1.2958903,-0.21053587
TEST_06310,1.8840858,-0.4248768,-0.0756838
TEST_06311,2.3622262,-0.017535893,-0.06360749
TEST_06312,2.536945,0.33626118,0.9251925
TEST_06313,2.1930087,0.30583447,0.409159
TEST_06314,3.0618782,-0.28198764,0.8719013
TEST_06315,1.9634392,-0.032884937,0.044508584
TEST_06316,3.5093367,-1.7075841,-0.6724431
TEST_06317,1.9060259,-0.48500267,0.21010737
TEST_06318,3.8052282,1.3253151,-0.7399767
TEST_06319,4.189661,-1.1592096,0.4984375
TEST_06320,1.7151121,1.1433578,-0.25446483
TEST_06321,4.591108,-1.353487,1.2843266
TEST_06322,3.724184,-0.08389025,0.6144616
TEST_06323,3.5184774,-1.1185235,-0.13973513
TEST_06324,1.8578299,0.03799787,0.2879356
TEST_06325,2.2932441,-0.49118736,0.105233714
TEST_06326,2.6831994,-0.85762435,0.829975
TEST_06327,2.8561711,-0.76817095,-1.0098242
TEST_06328,5.389848,-2.3773954,0.93187857
TEST_06329,3.3765965,-0.3075904,-0.23479007
TEST_06330,1.4651486,-0.6228405,0.10714213
TEST_06331,1.3521185,0.52847403,-0.09977157
TEST_06332,2.0758123,-0.9881843,-0.26851252
TEST_06333,2.3453,-0.28415385,-0.09398104
TEST_06334,3.5732503,-1.2048634,-0.47819653
TEST_06335,2.3070586,0.5886562,0.38149294
TEST_06336,2.1241817,-0.7113924,0.067388624
TEST_06337,3.0449302,-0.7196231,1.2404062
TEST_06338,2.2634733,-0.4647579,0.3818771
TEST_06339,4.2436757,-0.92803776,-0.26226357
TEST_06340,2.9489567,-0.42010215,-0.0549325
TEST_06341,1.1122735,0.08556631,0.16422085
TEST_06342,1.7127393,0.051484942,0.5188113
TEST_06343,2.843046,-0.075303786,-0.14569312
TEST_06344,1.8489094,0.33271852,-0.34523803
TEST_06345,3.5774379,-0.8373563,-0.3316671
TEST_06346,2.4728642,-0.41218126,-0.62109846
TEST_06347,3.9933789,0.16983213,0.81691855
TEST_06348,2.7571142,-0.4541349,0.52623934
TEST_06349,3.3154178,-1.1380419,-0.5950879
TEST_06350,1.5275463,0.7827524,-0.3163246
TEST_06351,2.7918682,0.59849685,-0.5427547
TEST_06352,3.3704445,-0.9859065,-1.0181427
TEST_06353,3.9130971,-0.7116131,0.5898429
TEST_06354,3.4132514,0.660167,1.4385417
TEST_06355,1.0118862,0.099602856,0.32538927
TEST_06356,2.108217,1.276473,-0.31384614
TEST_06357,3.1647027,0.9113747,0.27399632
TEST_06358,2.7697601,-0.63041675,-0.26510605
TEST_06359,4.8271317,0.5756117,0.3931827
TEST_06360,4.0556183,-0.13331333,-0.15419295
TEST_06361,3.8172314,0.96256924,0.09399348
TEST_06362,4.2587485,0.7364688,0.59633327
TEST_06363,4.028574,-0.12180756,0.7326556
TEST_06364,1.9985498,0.9743369,-0.21696521
TEST_06365,2.1126568,-0.8473361,0.5180888
TEST_06366,2.93796,-0.32247984,-0.17341141
TEST_06367,4.620765,-0.44653425,1.2710167
TEST_06368,4.8999968,-2.0146039,-0.6525122
TEST_06369,0.6877502,-0.05378694,-0.112233296
TEST_06370,1.9663427,-0.70214707,-0.20828176
TEST_06371,1.231128,0.15705703,-0.13950774
TEST_06372,2.027169,0.8830298,0.6700307
TEST_06373,2.4780595,-0.41610974,0.47450182
TEST_06374,2.8341703,-0.14014134,1.5970552
TEST_06375,2.1171427,-0.20836882,0.10046304
TEST_06376,2.510396,-0.6118465,0.6539054
TEST_06377,4.127425,-0.9228722,2.2170753
TEST_06378,3.5618105,1.0345559,-0.63358206
TEST_06379,4.362146,0.06626071,1.1388623
TEST_06380,2.3143873,0.09631385,0.046905987
TEST_06381,2.0908768,-0.09795362,-0.8892001
TEST_06382,1.7434686,-0.42701152,-0.3075359
TEST_06383,2.1856353,0.053127483,0.7711222
TEST_06384,2.7346535,0.19586778,-0.05288042
TEST_06385,1.8536421,-0.2257208,0.5322798
TEST_06386,2.6344066,-0.27351654,0.33155063
TEST_06387,4.502902,0.9593262,1.1017215
TEST_06388,2.416483,-0.008031436,-0.6607832
TEST_06389,3.5908263,-1.4401357,1.1152654
TEST_06390,1.8866528,0.8082847,0.64110774
TEST_06391,2.3464212,0.6988418,0.32419768
TEST_06392,1.8052675,-0.11173001,-0.08472574
TEST_06393,2.0890226,0.54714745,0.5556193
TEST_06394,2.088176,-0.443215,0.5483874
TEST_06395,2.6420338,-0.48003024,-0.76685244
TEST_06396,1.8866485,0.1257172,-0.25339842
TEST_06397,2.534314,1.0018002,-0.113965526
TEST_06398,3.212557,-1.6142442,-0.59029746
TEST_06399,3.8961003,-0.885961,0.43411872
TEST_06400,4.410999,1.2782713,1.1394216
TEST_06401,1.649583,1.0553503,0.5657951
TEST_06402,1.4789121,0.15714815,-0.35672277
TEST_06403,0.8601346,0.22824758,0.3639495
TEST_06404,3.2643154,1.2514731,0.23041706
TEST_06405,2.1048973,0.23895244,-0.14351319
TEST_06406,1.1946342,0.05290862,0.10204324
TEST_06407,3.878351,0.011957752,0.0076374896
TEST_06408,5.341439,0.9677981,0.43130755
TEST_06409,3.9162998,0.19476432,-0.32634756
TEST_06410,1.5183966,0.47798193,-0.20874399
TEST_06411,2.165322,0.4346963,-0.7787913
TEST_06412,1.1222576,0.13044879,-0.0064537753
TEST_06413,2.024767,0.3958413,0.24558046
TEST_06414,1.7096331,0.83679575,-0.065551735
TEST_06415,2.8040488,-1.1392221,-0.3203032
TEST_06416,2.7866337,0.47171453,0.6178174
TEST_06417,2.4483182,-0.6255136,-0.50300777
TEST_06418,1.7873042,-1.0388585,-0.3095409
TEST_06419,1.7987611,0.43821976,-0.4244344
TEST_06420,2.993048,0.6716963,-0.1541574
TEST_06421,2.787637,0.28177088,-0.6322688
TEST_06422,1.8064055,-0.2252037,0.29489604
TEST_06423,1.418726,0.011858182,-0.12774228
TEST_06424,0.99614966,-0.26770476,0.060110517
TEST_06425,3.5732713,-0.8319616,2.0622823
TEST_06426,2.157183,-0.39661238,0.5525929
TEST_06427,1.6944526,0.42460078,-0.045851395
TEST_06428,3.299314,-0.016387854,0.3778808
TEST_06429,3.2597442,0.6662629,1.0066714
TEST_06430,4.3464165,-0.028125927,1.2098354
TEST_06431,2.561742,0.18722543,0.07867214
TEST_06432,3.36436,-1.009692,-0.9571264
TEST_06433,3.212664,-0.8143946,0.93919533
TEST_06434,1.4412677,0.0077299364,-0.09251488
TEST_06435,2.049318,0.4527177,0.1686619
TEST_06436,2.3965569,1.366952,0.29602164
TEST_06437,2.0397117,-0.7824342,0.5148825
TEST_06438,1.103234,-0.49823537,-0.1227686
TEST_06439,5.0797143,0.88814664,-1.1251613
TEST_06440,3.86783,-0.5916419,0.42029658
TEST_06441,3.7679462,1.85528,0.56832004
TEST_06442,3.6232204,-0.46860123,0.5992848
TEST_06443,2.5952904,2.2240503,0.8011059
TEST_06444,2.9179368,0.22133978,0.28320825
TEST_06445,2.034197,0.40628046,0.46530333
TEST_06446,4.981073,-1.1289467,0.45149258
TEST_06447,1.8994067,-0.23702691,-0.022419184
TEST_06448,5.0332246,-1.9378998,-0.6626662
TEST_06449,2.6953719,-0.33333734,0.33825904
TEST_06450,1.5888937,0.541769,-0.164119
TEST_06451,3.6936483,-0.24653913,0.16163927
TEST_06452,1.5763153,0.75482863,-0.50894505
TEST_06453,2.537758,0.09373225,0.4895047
TEST_06454,1.4024097,0.0777287,0.41876885
TEST_06455,3.0803263,0.23788826,0.20037292
TEST_06456,2.4759023,0.5702697,0.9610811
TEST_06457,2.3794112,1.4446005,0.52790946
TEST_06458,2.3108954,-0.63143915,0.6520518
TEST_06459,3.3509104,-0.49655023,0.5261796
TEST_06460,2.653945,-0.51722246,-0.10895315
TEST_06461,2.4562278,-0.19348565,0.7183607
TEST_06462,1.8380498,0.7169959,0.3938886
TEST_06463,1.9660462,0.7106157,0.30973816
TEST_06464,3.569672,0.007505618,0.14149964
TEST_06465,3.973154,0.38272652,0.47280705
TEST_06466,1.4063797,-0.35265434,0.091981106
TEST_06467,1.8274342,0.49141765,-0.05116115
TEST_06468,2.4595704,1.095765,0.35306132
TEST_06469,3.8476946,1.1387548,0.37760133
TEST_06470,4.062173,0.05634261,0.91163653
TEST_06471,1.4207578,-0.72078633,0.37952402
TEST_06472,2.6299224,-0.22683069,-0.8941623
TEST_06473,2.7715611,-0.048835635,0.65541255
TEST_06474,3.163734,-0.33063504,0.5336627
TEST_06475,0.9832193,-0.2109372,-0.024221327
TEST_06476,1.5119661,-0.06161365,0.35745308
TEST_06477,3.6592622,-1.5077643,0.5977427
TEST_06478,1.5196393,0.52323943,0.0736565
TEST_06479,2.6869955,-1.6091985,-0.9064498
TEST_06480,2.8520684,0.19651306,0.713077
TEST_06481,2.665747,0.3495911,-0.25235108
TEST_06482,3.7830367,1.6028118,1.6279788
TEST_06483,3.932426,-2.1297538,-1.0475502
TEST_06484,2.2146614,-0.173575,0.8295621
TEST_06485,2.6525934,-0.29315394,0.26620728
TEST_06486,4.3632054,0.14005306,0.1840503
TEST_06487,4.882908,-1.3018557,0.18472794
TEST_06488,2.842079,0.6934028,0.47543576
TEST_06489,3.5723152,0.029732384,0.06477644
TEST_06490,2.3321955,-0.028022649,0.053931676
TEST_06491,0.7916238,0.11917025,-0.13011843
TEST_06492,1.7664486,-0.65601933,-0.26417443
TEST_06493,1.6381135,0.2588346,0.15979593
TEST_06494,1.3200784,-0.51912147,0.09030486
TEST_06495,2.686376,0.93917394,-0.7816817
TEST_06496,2.1166584,0.35811913,0.049550183
TEST_06497,2.3689563,0.3758551,0.0865546
TEST_06498,2.229398,0.37412146,0.30505243
TEST_06499,1.5642399,0.33294564,0.29600224
TEST_06500,1.9480603,0.4573332,-0.3668355
TEST_06501,2.7076817,0.045705985,-0.068610504
TEST_06502,1.4793681,0.010252798,-0.1894132
TEST_06503,3.5175745,0.7055154,0.017660996
TEST_06504,3.8792665,-0.265665,-0.06410901
TEST_06505,3.8907042,0.66336966,0.60072404
TEST_06506,2.5690978,0.18529145,0.021806922
TEST_06507,3.7102685,-0.2946029,1.0203644
TEST_06508,2.925811,1.2524958,0.09014412
TEST_06509,1.045486,-0.16851799,-0.19560672
TEST_06510,1.0336821,0.20118052,0.029584978
TEST_06511,2.6783743,0.003496077,-0.06753158
TEST_06512,2.1211786,-0.13352716,0.36759216
TEST_06513,2.5618722,-0.63395137,-0.7174754
TEST_06514,1.4271061,-0.2029047,0.2528657
TEST_06515,1.5819166,-0.619283,0.31278592
TEST_06516,2.8585663,0.41809922,-0.06655245
TEST_06517,3.3850257,0.6528934,0.31902158
TEST_06518,1.7406057,0.21020484,0.20142573
TEST_06519,5.6517286,0.4455983,1.298832
TEST_06520,4.3655653,-0.35963437,-1.4653859
TEST_06521,4.395477,0.79792523,0.20769425
TEST_06522,2.5701098,0.08305,0.052704304
TEST_06523,1.9747533,-0.70226693,0.24915694
TEST_06524,2.838282,-0.32673573,0.0068434523
TEST_06525,1.1425889,0.05352796,0.24738263
TEST_06526,1.7564324,-0.22172694,0.048141237
TEST_06527,4.3491287,0.6010955,1.2507561
TEST_06528,4.201457,0.6126159,-0.36925033
TEST_06529,2.8088837,0.65068555,-0.17368148
TEST_06530,1.4149451,0.08602007,-0.11864708
TEST_06531,0.8852075,0.060427815,0.043560516
TEST_06532,4.2312675,-1.0344182,1.4606029
TEST_06533,1.6502663,-0.40058616,0.34202012
TEST_06534,2.1291542,-0.4683461,0.11747447
TEST_06535,2.1453562,-0.13445795,-0.09052725
TEST_06536,2.0840464,0.5966399,0.9001198
TEST_06537,3.793184,-0.00921451,-0.30788875
TEST_06538,5.057,-1.3274184,-0.20821218
TEST_06539,3.0855901,1.2537351,0.06249358
TEST_06540,2.280501,-0.35162818,-0.8473129
TEST_06541,2.3314264,-0.009223724,-0.64497703
TEST_06542,1.2455933,-0.026472848,0.10798653
TEST_06543,4.2176404,-0.9651468,-0.9982137
TEST_06544,4.3965855,0.43164477,-0.8832552
TEST_06545,1.9904814,-1.7475141,-0.9194655
TEST_06546,2.1739726,0.5136188,-0.7159404
TEST_06547,2.175887,-0.35752738,0.29043388
TEST_06548,2.9142072,0.3734839,0.4453078
TEST_06549,1.8327879,-0.34150875,0.54111254
TEST_06550,4.643819,-1.1712106,-0.75428945
TEST_06551,1.972977,-0.3633086,-0.16060743
TEST_06552,1.6908345,-0.1604417,-0.14727105
TEST_06553,1.9202346,-0.23032732,0.28757805
TEST_06554,2.3051507,-0.4133652,-0.09166688
TEST_06555,1.9850488,0.5398836,0.7041697
TEST_06556,2.958895,-0.45462066,0.29054126
TEST_06557,1.2733625,-0.02001686,0.3716733
TEST_06558,3.1068904,1.7673025,-0.6301922
TEST_06559,3.5654721,0.9778836,0.5777572
TEST_06560,2.8590672,1.7011914,1.1984327
TEST_06561,3.3846934,-0.35384884,-0.44786644
TEST_06562,2.481313,0.14329554,-0.0088876
TEST_06563,3.8958366,1.290204,0.68073
TEST_06564,1.7907208,-0.41380623,0.579708
TEST_06565,2.93219,-0.20858286,0.6202256
TEST_06566,2.2022648,0.30483162,0.41950667
TEST_06567,2.838766,1.3211445,-0.7327732
TEST_06568,2.2347195,-1.3757071,0.48673308
TEST_06569,2.9907134,0.24936284,-0.22814542
TEST_06570,3.3850975,0.30790102,0.4764803
TEST_06571,1.4092301,-0.4448402,-0.26308858
TEST_06572,2.067158,0.034266938,-0.84867674
TEST_06573,2.6316931,-0.15464573,-0.06740393
TEST_06574,2.2019243,-0.654265,0.50442255
TEST_06575,2.8304489,0.1151694,0.8711121
TEST_06576,2.6226118,0.94961226,0.06938402
TEST_06577,2.8670583,0.2519512,0.58778137
TEST_06578,5.659931,0.20799837,1.5636404
TEST_06579,3.0834131,1.1921968,0.7964736
TEST_06580,1.7930096,0.22750106,-0.3112411
TEST_06581,2.5913503,0.22250992,1.0221474
TEST_06582,1.1961093,-0.23785552,0.18016696
TEST_06583,3.593314,0.31335515,0.0027756132
TEST_06584,2.8802054,-0.27133954,0.72416824
TEST_06585,5.407855,0.6719033,0.8462814
TEST_06586,3.1006076,-0.42650875,0.597401
TEST_06587,4.07492,0.03236823,-0.8081481
TEST_06588,2.1713886,-0.61525786,-0.27052438
TEST_06589,2.8346512,0.910508,-1.0605948
TEST_06590,4.5206666,1.1458026,-1.0062265
TEST_06591,2.1420333,0.14790455,-0.17034324
TEST_06592,2.1868927,0.09895584,-0.8087651
TEST_06593,2.509169,-0.7019244,-0.033695802
TEST_06594,1.6742305,-0.45193347,0.23430642
TEST_06595,1.0968866,-0.22921133,0.24367805
TEST_06596,2.8803463,-0.35646257,-0.6931585
TEST_06597,2.076162,0.13808906,-0.3784962
TEST_06598,1.3738544,-0.096962646,-0.28022054
TEST_06599,5.3527756,0.27052993,1.9808555
TEST_06600,3.0851073,-1.2813402,0.2703689
TEST_06601,1.9396783,0.2616822,0.60704476
TEST_06602,1.99445,-0.83782107,-0.5088999
TEST_06603,1.938804,1.0916054,-0.87748724
TEST_06604,2.6084204,0.6309711,0.9212321
TEST_06605,3.1115303,0.38857687,-0.23784775
TEST_06606,4.866706,-0.43916416,-0.54761416
TEST_06607,1.6842375,0.4981884,0.02447774
TEST_06608,5.633728,-0.47851923,0.2538858
TEST_06609,3.4152503,-0.09513985,-0.25699022
TEST_06610,2.7331216,-0.04945055,-0.3779885
TEST_06611,2.202092,0.026903111,-0.6893934
TEST_06612,2.0569136,-1.5675414,0.96168274
TEST_06613,1.6486126,-0.3762473,0.26920933
TEST_06614,2.6743124,1.0492563,-1.0482383
TEST_06615,2.9840846,1.1756347,0.5304937
TEST_06616,3.2524388,-1.1038535,-0.33982134
TEST_06617,2.7636986,-0.9073189,1.5256486
TEST_06618,2.0367944,-1.1087369,-0.6738851
TEST_06619,2.7328148,-0.48482865,0.37329903
TEST_06620,1.6238868,0.4274888,0.44873768
TEST_06621,1.3365555,-0.12234373,0.17627552
TEST_06622,1.8050038,-0.39284465,0.24402992
TEST_06623,2.993036,-0.5210143,-0.18976754
TEST_06624,3.1846302,0.13111946,-0.21823609
TEST_06625,2.9420235,1.3735931,-0.88489026
TEST_06626,1.0739044,0.20621662,0.28240153
TEST_06627,3.5343292,0.20290829,1.2327871
TEST_06628,2.3098078,0.07849258,-0.17754091
TEST_06629,4.190428,-0.9600973,-0.27528524
TEST_06630,1.9647958,1.483311,-0.67597914
TEST_06631,2.101362,-0.03661986,0.042646013
TEST_06632,1.3594998,-0.6471925,0.70679754
TEST_06633,2.347422,0.36000934,0.51014215
TEST_06634,1.222527,0.15608104,-0.27042988
TEST_06635,1.2243701,0.24016911,0.3714129
TEST_06636,2.4256215,0.43054923,0.944445
TEST_06637,3.585553,-0.7639238,-0.38242742
TEST_06638,1.9843284,-0.48530236,-0.19348219
TEST_06639,3.8412511,1.0492802,0.230838
TEST_06640,4.597381,-0.02840312,1.4484891
TEST_06641,4.769032,2.0848281,-0.83621037
TEST_06642,3.9607723,-0.7787079,-0.75869524
TEST_06643,2.7043438,-0.36885545,0.67725927
TEST_06644,2.8215148,0.6482504,-0.48261157
TEST_06645,2.2045972,-0.8578463,-0.1716406
TEST_06646,1.5109632,-0.6650314,0.39939636
TEST_06647,4.7029004,-0.7469709,-0.98704076
TEST_06648,4.450563,-0.38086426,-0.03301904
TEST_06649,3.1438322,-0.09927097,0.30506974
TEST_06650,3.3208294,-0.08528067,1.1911788
TEST_06651,2.3964272,0.17189224,-0.009164174
TEST_06652,2.5234685,-0.31975812,0.7517856
TEST_06653,1.2718997,0.48243877,0.0388849
TEST_06654,2.0303957,-0.33399236,0.92559576
TEST_06655,3.7093308,-0.091977425,-1.0945303
TEST_06656,2.8375175,-1.0038464,-0.74621004
TEST_06657,3.7458448,2.0691113,2.262137
TEST_06658,4.74999,1.4878107,-0.7571292
TEST_06659,4.1981535,-1.3338143,-0.18099499
TEST_06660,2.066325,-0.9593213,-0.8471433
TEST_06661,1.879702,-0.353752,-0.16596654
TEST_06662,1.6560599,0.3258187,0.04714368
TEST_06663,4.475111,0.27414444,0.8305208
TEST_06664,1.5975271,0.6655854,0.26796907
TEST_06665,4.2030168,-0.28165725,0.4976061
TEST_06666,3.181583,-0.5429023,0.7067706
TEST_06667,2.6238034,0.7642837,1.0057933
TEST_06668,2.6770694,-0.74333274,-0.015281215
TEST_06669,3.7960882,-0.60321563,0.5995746
TEST_06670,2.634861,1.3680038,-0.74458516
TEST_06671,1.836138,-0.60480595,-0.3491809
TEST_06672,1.4631237,0.20884648,-0.13344184
TEST_06673,2.6924684,-0.14173782,0.50222063
TEST_06674,3.6184862,0.075511836,1.1131313
TEST_06675,2.0664744,-0.33484092,0.33864886
TEST_06676,2.7803078,-1.5910292,-0.4986188
TEST_06677,3.1334403,0.3251623,0.8566087
TEST_06678,1.4295636,0.1359565,0.12736793
TEST_06679,2.702636,1.1617707,-0.33702108
TEST_06680,3.203531,1.248586,0.18616992
TEST_06681,2.626465,0.83499384,0.4920458
TEST_06682,1.7775187,-1.1234943,-0.34472921
TEST_06683,2.3509047,-0.4715569,0.868631
TEST_06684,2.0086317,-0.28391653,-0.26987132
TEST_06685,2.622116,-0.23710823,0.50833684
TEST_06686,3.3829162,-0.5570824,-0.783404
TEST_06687,3.1860106,0.39411074,0.3519841
TEST_06688,5.717328,-1.4125924,1.2631936
TEST_06689,2.473739,0.4842776,-0.03990918
TEST_06690,1.3603554,0.18702199,0.15301485
TEST_06691,1.4221097,0.043114178,0.15194169
TEST_06692,2.5387342,-0.9362176,0.1741419
TEST_06693,2.895883,0.21720076,0.22210032
TEST_06694,1.4206659,-0.7580758,0.5949422
TEST_06695,0.90426433,0.28674766,0.23673116
TEST_06696,2.7380655,-1.5040873,-0.08980541
TEST_06697,3.7771497,-0.05393313,0.5228869
TEST_06698,3.1465201,-0.45154303,1.2626325
TEST_06699,3.9590883,-0.47395307,1.1522726
TEST_06700,2.3568397,0.0075371265,-0.2526263
TEST_06701,2.7470694,0.10738763,0.86038846
TEST_06702,1.2653176,0.0063661784,0.42953438
TEST_06703,3.0961792,-0.09283799,-0.40603343
TEST_06704,2.747685,-0.16945161,0.20948814
TEST_06705,5.288255,0.31737515,-0.4628735
TEST_06706,1.90121,-0.12569341,0.21243373
TEST_06707,3.2738857,0.5189238,0.49983123
TEST_06708,2.5486414,0.41856968,0.21330023
TEST_06709,4.4991283,-0.730615,0.04335971
TEST_06710,4.1368685,-0.03456896,-0.5276563
TEST_06711,1.990839,-0.9606573,0.13144745
TEST_06712,1.9741955,1.2105732,-0.8783585
TEST_06713,2.6938424,-0.036790427,-0.25720352
TEST_06714,1.2685511,0.16660622,0.04018578
TEST_06715,1.061587,0.09793098,0.25549316
TEST_06716,1.4423857,-0.32771158,-0.21489549
TEST_06717,1.2328441,-0.28729877,-0.17573602
TEST_06718,1.3948267,-0.59660286,-0.27390972
TEST_06719,5.3846183,0.7287182,-0.0967667
TEST_06720,2.5961192,-0.5770847,0.41248646
TEST_06721,4.6817703,0.7082652,-0.04605149
TEST_06722,4.664615,1.392984,-0.5069506
TEST_06723,1.7270347,-0.12154788,-0.095064975
TEST_06724,1.5184908,0.5285469,-0.27392074
TEST_06725,1.3052658,0.6396876,0.36092487
TEST_06726,5.239824,-0.42600662,-0.24701093
TEST_06727,3.015219,0.39033562,0.4647039
TEST_06728,5.5969973,-1.6169574,-0.88589233
TEST_06729,2.3590016,-0.26964694,0.006116098
TEST_06730,2.8630867,0.59696,-0.15607154
TEST_06731,1.231804,0.0944133,0.19741102
TEST_06732,4.203857,0.11326716,0.3708397
TEST_06733,3.062056,-0.35082528,0.54544204
TEST_06734,2.416698,-0.25906938,0.30958745
TEST_06735,0.9124614,0.24940506,0.03699319
TEST_06736,1.6884153,0.11364662,0.42870554
TEST_06737,3.4715998,0.22209401,0.76129717
TEST_06738,5.4368944,1.1795068,-0.46076995
TEST_06739,2.5082798,1.3207475,0.06460077
TEST_06740,1.5521492,0.12551059,0.30845252
TEST_06741,1.2857361,0.026178416,0.20924577
TEST_06742,1.9669926,-0.2552827,-0.6752648
TEST_06743,2.9639018,0.7502322,-0.7493965
TEST_06744,2.3158736,0.15811986,-0.5224754
TEST_06745,4.5227504,1.8109214,-0.47337684
TEST_06746,3.2403786,0.85616267,0.58963805
TEST_06747,4.692592,-0.43568766,0.029059142
TEST_06748,2.50359,0.43983907,-0.3507337
TEST_06749,3.544294,-1.5791949,-1.1747955
TEST_06750,1.1644657,-0.25233704,-0.04881511
TEST_06751,1.2045275,-0.9023724,-0.0646028
TEST_06752,2.7290132,1.4744953,0.6216245
TEST_06753,2.2653809,0.45574152,-0.40736747
TEST_06754,2.2868092,0.28845394,0.08830588
TEST_06755,1.8945833,-0.70308405,0.5087073
TEST_06756,3.1481242,-0.76519805,-0.37642312
TEST_06757,2.1282082,-0.039384417,-0.26251122
TEST_06758,3.35269,-1.3520496,0.74206865
TEST_06759,4.560781,0.20103505,0.89254516
TEST_06760,3.0917902,-1.5642171,-0.57650346
TEST_06761,4.287972,0.87274855,-0.73631895
TEST_06762,3.9846797,-1.5408396,-0.9403627
TEST_06763,1.5553766,0.13286196,0.69791794
TEST_06764,1.7661184,0.0019516386,-0.043307602
TEST_06765,1.4600613,-0.072826,-0.3366904
TEST_06766,3.682183,-0.74413943,-0.5810007
TEST_06767,3.7898784,1.3403783,-0.9327625
TEST_06768,4.8769507,-1.6674781,-0.12030103
TEST_06769,2.4788697,-0.049666464,0.0036119486
TEST_06770,1.0763938,0.59653604,-0.2455349
TEST_06771,4.0952177,0.15581547,1.0872712
TEST_06772,4.7209835,1.1079117,1.1005235
TEST_06773,1.3538009,0.42175454,0.3579245
TEST_06774,3.318831,0.99497586,0.9384858
TEST_06775,2.8463461,0.5848209,-0.12528877
TEST_06776,2.2544062,0.26008433,-0.19946176
TEST_06777,1.4986161,0.5002796,-0.35772535
TEST_06778,2.552763,-0.2168441,0.13349904
TEST_06779,4.2679234,1.3084751,0.91459906
TEST_06780,1.454598,0.1793015,-0.010372555
TEST_06781,3.0790658,-0.03608575,0.12906036
TEST_06782,2.2499735,-0.08822943,0.0834919
TEST_06783,3.8672674,0.12521178,0.86913955
TEST_06784,3.1798224,-0.26110443,0.058921255
TEST_06785,2.3936949,-0.2790808,0.053137906
TEST_06786,2.573276,0.050915528,-0.027510013
TEST_06787,4.5419383,0.8012495,-0.3127425
TEST_06788,2.0040176,-0.6210151,-0.3381389
TEST_06789,4.6669836,-1.1219196,-0.37330705
TEST_06790,1.6465948,0.12735443,0.549417
TEST_06791,2.415978,0.66020113,0.0121553
TEST_06792,3.2013762,-1.5667881,-0.86151326
TEST_06793,3.3547618,0.99581385,1.0589143
TEST_06794,2.3867805,0.33860585,-0.04084815
TEST_06795,2.525206,0.82293713,0.5173079
TEST_06796,4.5201154,-1.6260604,-0.41983324
TEST_06797,1.8413883,-0.4159027,0.52631545
TEST_06798,3.6602864,-0.69906276,0.9797092
TEST_06799,3.9494493,1.8131928,-0.42767447
TEST_06800,2.6031454,1.5511963,0.67093354
TEST_06801,4.4624534,1.6662697,-0.035770796
TEST_06802,1.7656976,1.1466194,1.0692341
TEST_06803,1.9147307,0.76575047,-0.14650144
TEST_06804,2.193095,-0.09254601,-0.122855514
TEST_06805,2.875081,-0.3650561,0.77306336
TEST_06806,3.7858496,-0.45064735,0.26913422
TEST_06807,3.7583811,-1.4138801,-0.9020307
TEST_06808,5.6632257,0.11260085,0.11452296
TEST_06809,3.1699467,0.21507671,0.22174206
TEST_06810,2.7471685,0.17120637,0.14803281
TEST_06811,2.46756,-0.19761929,-0.166251
TEST_06812,3.0649955,-0.10363454,1.2115228
TEST_06813,2.5545094,0.0402267,-0.3917236
TEST_06814,2.7815304,-0.016088028,0.65731597
TEST_06815,2.2954438,0.46535742,-0.10466415
TEST_06816,2.97856,0.5142851,0.91960037
TEST_06817,2.5015385,-0.73280275,1.3233179
TEST_06818,3.3865762,-0.9365065,1.1687362
TEST_06819,2.4013197,0.688542,0.28999874
TEST_06820,2.3884597,-0.35932526,-0.07723237
TEST_06821,3.0637136,-0.1095044,0.22060949
TEST_06822,1.4955113,0.8147823,-0.057436354
TEST_06823,3.5450382,0.41165775,0.832339
TEST_06824,1.7089407,0.27601516,-0.15376805
TEST_06825,3.356114,1.3882378,0.11756255
TEST_06826,1.4194236,-0.13781755,0.46031415
TEST_06827,3.2208037,0.19662367,0.45740727
TEST_06828,1.4017333,0.2894859,0.18293256
TEST_06829,3.7716713,-0.15185682,-0.9034825
TEST_06830,3.8971987,0.29731488,1.233116
TEST_06831,2.7871964,0.9571384,-0.3036917
TEST_06832,3.4674168,0.22545499,0.5692994
TEST_06833,3.818333,-1.0570045,1.2785119
TEST_06834,3.1326132,0.020086559,-0.517827
TEST_06835,1.010095,0.34370187,-0.029805977
TEST_06836,2.7465498,0.17736566,-0.14204037
TEST_06837,0.9928573,-0.013895695,-0.13691473
TEST_06838,2.3787363,-1.1716833,-0.54876596
TEST_06839,3.895053,-0.53843296,-1.0078071
TEST_06840,1.6383623,-0.31898177,0.30845413
TEST_06841,4.55057,-0.7593402,0.9607418
TEST_06842,2.023508,0.020887025,0.0858457
TEST_06843,3.2157152,1.0286531,-0.7991837
TEST_06844,2.0365868,-0.78137547,-0.56982106
TEST_06845,1.2368262,-0.47035262,-0.10026224
TEST_06846,5.0682163,0.6243576,-0.27569127
TEST_06847,4.029584,-1.0905143,-0.74345326
TEST_06848,4.5460205,-2.2616684,0.8218465
TEST_06849,3.3858795,-0.4691605,-0.31524146
TEST_06850,3.094121,-0.051942065,-0.57089305
TEST_06851,1.1343997,-0.3048138,-0.017232373
TEST_06852,3.499233,0.0023710532,-0.8470801
TEST_06853,3.018123,0.33235773,0.3823932
TEST_06854,1.6562358,1.2343793,-0.64011335
TEST_06855,1.786131,0.1375961,0.43933514
TEST_06856,2.815714,-0.048962604,0.74258375
TEST_06857,1.9684126,-0.36740547,-0.11250833
TEST_06858,4.8332505,1.1642736,1.413293
TEST_06859,1.2146456,-0.120233305,-0.1278382
TEST_06860,1.4567332,-0.21723752,-0.24956073
TEST_06861,1.2324554,-0.3953657,-0.11040287
TEST_06862,1.5416952,0.3994953,0.12545525
TEST_06863,1.2134991,-0.3571878,0.5008625
TEST_06864,3.6861522,-0.56313705,-0.58049744
TEST_06865,5.287466,-0.4940896,-0.15298319
TEST_06866,1.9364026,-0.43635646,-0.36292043
TEST_06867,3.939392,-0.22272283,-0.0965558
TEST_06868,1.9694239,0.45572042,0.3362397
TEST_06869,3.6235466,-0.75039226,1.3135893
TEST_06870,1.3371363,-0.6490919,-0.44453508
TEST_06871,2.7169507,-1.2252144,0.47563198
TEST_06872,1.4793185,-0.73543936,0.13858452
TEST_06873,3.6345594,-0.06351868,0.6945332
TEST_06874,2.5232408,0.44134837,0.67115307
TEST_06875,1.0016227,-0.12183358,-0.3374814
TEST_06876,4.203232,0.33385614,0.5890726
TEST_06877,2.6676586,1.165132,0.1490001
TEST_06878,2.572905,-0.4111413,0.44063845
TEST_06879,5.503038,0.33787793,2.1112726
TEST_06880,2.1066952,-0.47410145,0.10308896
TEST_06881,4.2988734,-0.03936146,-0.25868234
TEST_06882,4.3389454,0.95816255,0.21703896
TEST_06883,3.5451016,-1.1933552,1.0624049
TEST_06884,2.755379,0.10427378,-0.5308706
TEST_06885,1.0195897,-0.32900465,0.17511758
TEST_06886,2.9558249,-0.08641881,-0.32803205
TEST_06887,4.3836975,0.1163405,-0.33390862
TEST_06888,3.774131,1.2792524,1.3567147
TEST_06889,4.5474854,-0.43049738,-1.0495763
TEST_06890,1.6531205,0.12236428,-0.115613565
TEST_06891,2.6274133,-0.14239267,-0.59250665
TEST_06892,4.7011213,-0.8191281,0.20853208
TEST_06893,2.803747,-0.5644231,0.58285606
TEST_06894,1.611713,0.10810122,-0.5063559
TEST_06895,3.9551804,0.57248014,-0.75926757
TEST_06896,3.452309,0.064875506,-0.3141935
TEST_06897,1.4531019,-0.40267837,-0.3463235
TEST_06898,5.061135,-0.38899598,-1.0504011
TEST_06899,3.8887348,-0.24627788,1.0375855
TEST_06900,2.301731,0.40585968,-0.68092227
TEST_06901,3.1937146,0.059648275,0.47761577
TEST_06902,1.3096218,-0.5134633,0.31052658
TEST_06903,4.084457,-0.63330275,1.0737234
TEST_06904,2.4602232,-0.41012165,-0.5081401
TEST_06905,4.9142594,-1.2302258,1.668143
TEST_06906,2.1759584,0.09795954,-0.48932928
TEST_06907,2.313669,-0.12745877,0.90631247
TEST_06908,2.9044135,0.12443489,0.025117321
TEST_06909,4.8841367,0.44427693,-0.32459107
TEST_06910,1.9254875,-0.97218287,-0.49916154
TEST_06911,2.148373,-1.1876583,-0.47219577
TEST_06912,1.4608632,0.91418576,0.47386625
TEST_06913,2.8254201,1.5310965,0.9551167
TEST_06914,1.7812961,-0.009799078,-0.16087615
TEST_06915,2.2933354,-0.19534832,-0.27453616
TEST_06916,4.2687054,0.68720126,0.7807806
TEST_06917,1.4045862,0.26818472,0.22242194
TEST_06918,2.869174,0.7086322,-0.57714313
TEST_06919,3.2562323,-0.7785238,1.9558352
TEST_06920,1.829962,0.48913452,0.18103132
TEST_06921,1.115867,0.28896338,0.06389889
TEST_06922,2.0508347,-1.0146643,0.06284074
TEST_06923,3.9864914,-1.2064385,0.3135098
TEST_06924,2.077838,-0.9249179,-0.5526089
TEST_06925,1.2530781,-0.30932093,-0.30558324
TEST_06926,1.4997967,0.70069546,-0.027149796
TEST_06927,4.214823,-0.37001556,0.99915606
TEST_06928,2.4174054,-0.23337696,1.3095151
TEST_06929,3.6343007,0.48953518,-0.08628978
TEST_06930,2.236844,0.28433558,0.41492778
TEST_06931,1.0356398,-0.42452708,0.09684496
TEST_06932,3.2487056,0.14607099,-0.10401358
TEST_06933,2.2598436,0.17732677,0.5058411
TEST_06934,2.9195883,-0.15178674,0.28210256
TEST_06935,1.9720796,0.3251619,0.24291657
TEST_06936,1.5085135,0.54893506,0.45183122
TEST_06937,3.4708433,0.34582436,0.6879376
TEST_06938,4.6372266,1.0884918,-0.21116428
TEST_06939,3.6644435,0.45056143,0.07385047
TEST_06940,1.16252,0.18617052,-0.3505007
TEST_06941,2.8294024,-0.08679705,-1.056374
TEST_06942,2.284334,-0.6609071,0.18803532
TEST_06943,3.9298658,-0.549895,-0.15432322
TEST_06944,1.310911,-0.41049498,-0.33422795
TEST_06945,1.7591153,0.41978168,0.47423685
TEST_06946,1.3875678,-0.037590697,0.6364118
TEST_06947,1.4941422,0.16443907,-0.1613975
TEST_06948,2.5058305,-0.49778232,0.3140981
TEST_06949,1.3826042,-0.21202657,-0.3290654
TEST_06950,2.7229133,-0.16836572,-0.027653398
TEST_06951,2.3143654,-0.15548556,0.61009
TEST_06952,1.1251628,-0.43108374,0.3285424
TEST_06953,3.6778812,0.7772575,0.088708974
TEST_06954,2.8739376,-0.6396827,-0.04113487
TEST_06955,2.2442913,-0.28318357,-0.011938013
TEST_06956,4.2647557,1.4580184,1.0486099
TEST_06957,3.032148,-1.0268371,-0.34616226
TEST_06958,1.2672399,0.27138266,-0.39767066
TEST_06959,2.0610447,0.7711483,-0.3235866
TEST_06960,2.6664193,-0.46283117,0.3751525
TEST_06961,3.0184364,0.17942697,-1.0133324
TEST_06962,0.88217294,0.055163205,0.48103997
TEST_06963,3.6871722,0.2743558,0.3718932
TEST_06964,2.980238,0.6578072,0.6821084
TEST_06965,2.1758146,-0.8727533,0.9110022
TEST_06966,4.940468,-0.3460602,0.4650144
TEST_06967,1.3665081,0.3577418,-0.55151165
TEST_06968,4.1925373,2.21771,0.64949703
TEST_06969,1.2590045,0.29798242,-0.005487864
TEST_06970,1.6001443,-0.31071657,0.38579452
TEST_06971,1.9291174,0.6153808,0.057492714
TEST_06972,0.9881377,0.559232,0.39367086
TEST_06973,3.2275462,-0.45268553,0.01732438
TEST_06974,2.391844,0.63534266,-0.8715007
TEST_06975,3.7157297,0.7843167,-0.65422004
TEST_06976,1.1948518,-0.62232214,-0.14254679
TEST_06977,1.3103757,0.433051,0.16122556
TEST_06978,4.3556213,0.2606646,-0.14577483
TEST_06979,4.350563,1.6327963,1.5076373
TEST_06980,1.2186729,-0.6379745,-0.45161462
TEST_06981,3.5487733,-0.52369225,-0.091627054
TEST_06982,2.5112417,0.5169043,-0.09213495
TEST_06983,3.0033703,0.21901333,-0.67720735
TEST_06984,3.25305,-0.3457922,0.4544566
TEST_06985,2.1433945,-0.16168796,1.1664294
TEST_06986,2.200706,0.37865058,0.10370908
TEST_06987,3.0485017,0.07212619,0.225745
TEST_06988,2.9497154,1.1655313,0.15406461
TEST_06989,1.9308058,-1.1951754,0.46539435
TEST_06990,1.0378065,-0.28181165,0.15553248
TEST_06991,1.9493263,-0.5262793,0.27106804
TEST_06992,1.978466,-0.8515727,0.8028431
TEST_06993,2.6697848,-0.24495421,-0.4274713
TEST_06994,2.0117123,0.600224,-0.0048061665
TEST_06995,2.3582804,-0.6175023,-0.6851404
TEST_06996,2.1598167,-0.6734405,-0.44135678
TEST_06997,2.7878458,-0.47958368,0.55647266
TEST_06998,1.2458919,-0.21618779,0.21565267
TEST_06999,4.8830314,-1.1798129,0.42485878
TEST_07000,2.489035,0.6093879,0.2794655
TEST_07001,2.4206781,1.5127838,0.27084082
TEST_07002,1.9610882,-1.3135003,0.29991826
TEST_07003,1.9154803,1.2680794,0.5631332
TEST_07004,1.6118262,0.06306994,-0.18716441
TEST_07005,3.0096867,0.57209593,-0.25015074
TEST_07006,1.4388337,0.5376649,0.24785922
TEST_07007,5.1382804,1.6789644,-0.53787863
TEST_07008,1.3391544,-0.7563002,0.5660982
TEST_07009,4.4352083,0.6877581,1.2646551
TEST_07010,1.4774842,0.2125152,0.36001027
TEST_07011,3.4416752,0.16667408,-0.011469195
TEST_07012,3.3445537,0.20149994,0.029759623
TEST_07013,2.4900362,0.041436043,0.2177209
TEST_07014,2.6644342,-0.18868296,0.49676034
TEST_07015,3.739755,0.99591076,-0.98146045
TEST_07016,1.7755866,-0.8696614,-0.70495844
TEST_07017,3.9503543,-1.5024246,-0.026301336
TEST_07018,4.095102,1.664058,-0.45953614
TEST_07019,2.272222,0.64783955,0.02159057
TEST_07020,1.6735739,0.12724377,-0.35417676
TEST_07021,1.074499,-0.19255215,0.03017198
TEST_07022,1.9020683,0.5076661,0.24640992
TEST_07023,2.469024,-0.7963146,0.24228588
TEST_07024,2.31495,-0.19491194,0.46997327
TEST_07025,3.7335851,1.6476196,0.11148541
TEST_07026,2.9057143,0.357194,-0.07154043
TEST_07027,2.0010858,0.6978519,-0.5495262
TEST_07028,2.912873,-0.044254437,-0.07981916
TEST_07029,2.7438285,-1.4813532,0.040629476
TEST_07030,4.2035174,-0.17627819,0.15039262
TEST_07031,2.5855048,-0.49377048,0.33688718
TEST_07032,3.4200075,1.4337313,0.33186257
TEST_07033,1.320209,-0.6610648,-0.30857724
TEST_07034,1.8828367,-0.017315932,0.114563555
TEST_07035,2.2922046,-0.8898361,-0.4859293
TEST_07036,2.077174,-0.22746125,-0.6532987
TEST_07037,2.6460774,0.047450513,0.35133484
TEST_07038,2.5482645,0.7417984,1.0945768
TEST_07039,6.1995687,0.3842106,2.342752
TEST_07040,4.385926,1.1126465,1.6887907
TEST_07041,1.6852118,0.6489729,0.49864528
TEST_07042,2.7246435,0.40284067,1.1202956
TEST_07043,3.2408667,0.53886193,0.10558756
TEST_07044,3.3362577,0.15455358,0.2615191
TEST_07045,1.3891323,0.18998641,-0.33786687
TEST_07046,3.154604,-0.45875537,0.48547566
TEST_07047,4.1269026,-1.0026134,1.1169683
TEST_07048,4.7234917,-1.0495412,1.3436282
TEST_07049,3.0203042,0.35274825,0.3488399
TEST_07050,2.622181,0.2612153,0.24012175
TEST_07051,1.6152878,-0.054458495,-0.34550765
TEST_07052,2.0563574,1.27502,0.5733922
TEST_07053,3.0203357,-0.38427064,-0.28750443
TEST_07054,3.5022922,-0.14802228,0.7391525
TEST_07055,1.5783008,0.2515197,-0.11502451
TEST_07056,2.1592696,-0.14898129,-0.08399409
TEST_07057,1.6969858,0.27568236,-0.5356618
TEST_07058,5.3543143,1.0800908,1.281365
TEST_07059,1.7841445,0.060630858,-0.013651859
TEST_07060,2.8911564,0.44473606,-0.4386978
TEST_07061,0.9675079,0.4180295,-0.16134991
TEST_07062,1.5553881,0.34498653,0.05195141
TEST_07063,3.2295887,0.70849097,0.9148337
TEST_07064,0.90474164,-0.2741969,-0.1362035
TEST_07065,2.1059196,-1.0626256,0.752224
TEST_07066,2.8217044,0.059153125,-0.24171928
TEST_07067,3.6471725,0.5763552,-1.0477483
TEST_07068,2.3217638,1.2941555,-0.8527319
TEST_07069,1.4177929,0.36205882,0.38274547
TEST_07070,3.554599,-1.4343772,0.54545915
TEST_07071,3.386955,0.8230549,0.56710804
TEST_07072,2.500526,0.18032362,0.10439768
TEST_07073,2.3692915,0.35866323,-0.27089146
TEST_07074,2.3303218,0.5546458,-0.5230505
TEST_07075,2.1827548,-0.06652224,0.059067562
TEST_07076,1.3801174,-0.09492187,0.45691997
TEST_07077,1.6643926,0.11953213,0.3323365
TEST_07078,3.6178513,-1.4880275,0.17716765
TEST_07079,4.7671366,0.17210405,0.61098844
TEST_07080,1.244941,0.49813747,0.09139846
TEST_07081,2.6373875,0.18714267,-0.019276366
TEST_07082,3.2010524,-1.6466246,-0.23014843
TEST_07083,3.1707985,-1.4799906,1.3003187
TEST_07084,3.2824168,-0.8838796,-0.755297
TEST_07085,2.7926698,0.70593226,-0.037589423
TEST_07086,3.061588,0.6597313,0.39049467
TEST_07087,1.2527752,0.15596141,-0.035264824
TEST_07088,4.1076436,-1.9040545,0.58704907
TEST_07089,3.8926256,-0.21056859,0.06588812
TEST_07090,2.4469578,0.2975632,0.15911207
TEST_07091,2.9130573,-0.022710133,0.6306381
TEST_07092,4.8845043,1.3693743,1.328107
TEST_07093,1.2867785,-0.15923037,0.15702166
TEST_07094,1.6878657,0.42858458,0.58502907
TEST_07095,1.2253181,0.06434181,0.40133998
TEST_07096,2.3611016,-0.88240635,0.7642549
TEST_07097,2.417583,1.4581136,0.64371127
TEST_07098,2.048695,1.4562067,0.7075556
TEST_07099,3.1637514,-1.6990529,-1.4276005
TEST_07100,1.1594253,-0.35627633,0.18662338
TEST_07101,3.4039123,-0.11583025,0.603297
TEST_07102,1.272065,-0.635425,0.28492904
TEST_07103,1.6650736,-0.02682668,-0.041840654
TEST_07104,1.455561,0.13643004,-0.0075086947
TEST_07105,2.9658349,0.94807637,-0.6331611
TEST_07106,2.6778262,-0.5300134,0.6976776
TEST_07107,2.66086,0.7852307,-0.7469833
TEST_07108,2.4534497,-0.10066887,-0.04584776
TEST_07109,3.9075158,-0.92592806,-0.4275456
TEST_07110,3.5741827,-1.1065135,0.6729637
TEST_07111,1.5831013,0.6324656,-0.1346955
TEST_07112,3.2287288,0.8956201,0.0068103336
TEST_07113,2.3782196,0.83296806,-0.2329265
TEST_07114,1.733023,0.3828356,0.068449445
TEST_07115,1.2051624,-0.3070203,-0.11924043
TEST_07116,1.7408726,0.10382498,0.21869253
TEST_07117,2.6244736,0.2222597,-0.7010745
TEST_07118,2.7830992,-0.2152565,-0.4993714
TEST_07119,3.2570672,-1.8758638,-0.46994865
TEST_07120,2.0638723,-0.99040586,-0.6577086
TEST_07121,2.520766,-1.2699842,-0.7188982
TEST_07122,3.7096806,-1.2844707,-0.06551312
TEST_07123,1.4519523,-0.49161303,0.26436132
TEST_07124,2.4935727,-0.16002986,0.60882217
TEST_07125,2.3877964,-0.5321762,0.25742525
TEST_07126,5.2285366,0.61818767,0.38453108
TEST_07127,4.3439083,0.6437663,0.0051031746
TEST_07128,5.165857,0.8897311,-0.17353687
TEST_07129,1.7989064,0.06755985,0.3024206
TEST_07130,2.8693984,-0.37127587,-0.39885885
TEST_07131,1.8294153,0.33784112,0.0485151
TEST_07132,1.0454056,-0.25053364,0.28349185
TEST_07133,1.4917523,0.27302915,-0.11463797
TEST_07134,1.4894141,0.12550393,0.22986886
TEST_07135,2.0523446,-0.79005486,0.25095052
TEST_07136,2.307279,-1.235247,0.10377172
TEST_07137,4.27671,-1.6333826,-0.6834125
TEST_07138,2.892996,0.6801616,0.23885371
TEST_07139,4.6509376,-0.17904031,1.2786613
TEST_07140,2.8178797,0.40670693,0.39640152
TEST_07141,2.8951497,-0.19350137,-0.95899403
TEST_07142,1.1361325,-0.23007818,0.23511206
TEST_07143,1.4127278,-0.16904746,0.22117765
TEST_07144,4.2130775,-0.7015216,0.18871251
TEST_07145,4.0553665,0.7035395,0.9991214
TEST_07146,2.0746992,0.16566093,0.25186983
TEST_07147,4.7536254,0.017577052,0.016406395
TEST_07148,3.4592283,-0.48038125,0.55924064
TEST_07149,3.0249352,-1.2375325,0.558486
TEST_07150,4.916902,0.5871067,-1.0304457
TEST_07151,1.5297748,0.5333174,0.14115743
TEST_07152,3.3290825,1.1118808,-0.27082226
TEST_07153,3.2882292,0.47136202,1.1034296
TEST_07154,2.3415053,0.16579756,0.006295951
TEST_07155,1.3824595,0.2606395,-0.15291037
TEST_07156,2.9957418,0.870811,0.54534394
TEST_07157,2.44338,0.8237221,0.446989
TEST_07158,2.7714226,0.09014857,1.1474533
TEST_07159,5.57499,-1.0841725,2.2491753
TEST_07160,2.1419625,-0.41458207,0.4893356
TEST_07161,3.3072762,0.39387617,1.0182889
TEST_07162,2.7742674,-1.6246263,1.1733129
TEST_07163,1.5285519,1.3791423,0.37993285
TEST_07164,2.3616967,0.22278786,0.003961455
TEST_07165,1.6728176,-0.111978576,0.20196417
TEST_07166,1.6133382,-0.6389832,0.052915312
TEST_07167,1.840531,0.070659555,-0.22592711
TEST_07168,2.2152863,0.6879303,0.8524629
TEST_07169,3.6683557,0.27709928,-0.018277012
TEST_07170,1.8375484,-0.17254719,-0.35506395
TEST_07171,3.8645275,-0.30737758,-0.7334798
TEST_07172,2.5946949,1.3826532,-0.18389267
TEST_07173,0.9145752,0.35322976,-0.042944524
TEST_07174,1.0834162,-0.38355878,-0.12931287
TEST_07175,2.1656349,0.0039207563,0.28487512
TEST_07176,1.185845,0.06813497,0.4827605
TEST_07177,2.584712,-0.047445975,0.9531066
TEST_07178,3.0954416,-0.21148778,-0.9653451
TEST_07179,3.4111412,-1.5039308,0.4814102
TEST_07180,2.4508734,0.51426375,-0.79737127
TEST_07181,1.0439557,-0.032152906,0.23316164
TEST_07182,1.8265517,-0.10496575,0.10181849
TEST_07183,4.3689365,0.08880819,0.5755786
TEST_07184,2.8712523,-0.13193616,0.012453962
TEST_07185,2.720768,0.038714245,1.1914157
TEST_07186,2.6500838,0.3210112,-0.5034159
TEST_07187,4.126053,-0.17803088,0.67579186
TEST_07188,2.4198923,-0.67295223,0.20554033
TEST_07189,4.3952227,-1.1531546,1.4057236
TEST_07190,4.0002017,-1.5936444,1.4632541
TEST_07191,2.517587,-0.51298034,-0.22047576
TEST_07192,3.702075,1.3496771,1.468874
TEST_07193,2.6944594,1.2958553,0.86947197
TEST_07194,2.5319886,-0.17894918,-0.4281705
TEST_07195,2.08011,-0.7015165,0.32526457
TEST_07196,1.9263575,1.3299471,-0.30599675
TEST_07197,2.4804971,0.2898671,-0.267548
TEST_07198,3.6266277,-1.2513353,1.186092
TEST_07199,3.596765,-1.353268,0.90439945
TEST_07200,4.08177,-0.06732235,0.5824981
TEST_07201,3.8077347,-0.5558547,1.1769484
TEST_07202,1.0193644,-0.33886394,0.46480194
TEST_07203,2.1286674,1.4230938,0.089297816
TEST_07204,2.4167182,-0.505697,-0.15897249
TEST_07205,2.7371118,0.9323795,-0.40638924
TEST_07206,3.6301177,0.23743926,-0.3432688
TEST_07207,2.189262,-0.37614098,-0.68612343
TEST_07208,5.673996,0.11075255,-0.40894696
TEST_07209,2.1257277,-0.6716964,0.0065012956
TEST_07210,2.697898,0.50147814,0.07728296
TEST_07211,4.4354105,-0.4596366,0.07943671
TEST_07212,0.8800769,-0.49891472,-0.26188573
TEST_07213,1.5319314,0.23764527,0.079518765
TEST_07214,1.8377007,-1.3319372,0.40607154
TEST_07215,4.062016,1.225421,-1.3450967
TEST_07216,1.8596929,0.054291487,-1.0274501
TEST_07217,3.2285097,-0.23929907,0.9499215
TEST_07218,1.2778699,0.7832121,-0.4655617
TEST_07219,2.2132316,-0.9239536,-0.24360168
TEST_07220,1.8770806,-0.64875317,-0.029414084
TEST_07221,3.4021132,-0.2736451,-1.1449742
TEST_07222,1.3396343,0.5100366,-0.13059051
TEST_07223,3.9698832,-0.32125232,0.57198894
TEST_07224,2.8009882,0.46822795,0.9869148
TEST_07225,3.563755,0.82009715,0.7369062
TEST_07226,3.3796158,0.7329609,-0.10633976
TEST_07227,4.434494,-0.3486723,-0.0890178
TEST_07228,2.1914923,0.6385838,0.12147253
TEST_07229,2.9157352,-1.2607243,-0.8556664
TEST_07230,2.9120903,0.18778679,-0.60540974
TEST_07231,1.9154476,0.31623346,-0.067954324
TEST_07232,3.3553817,-1.0849901,1.5935712
TEST_07233,2.7708611,0.4077636,0.99982196
TEST_07234,1.9706784,0.3875326,0.2780564
TEST_07235,2.0011013,-0.71774226,0.3705836
TEST_07236,2.8302388,-1.1425831,-0.46848252
TEST_07237,2.657467,0.42960554,0.5270848
TEST_07238,3.6351712,0.83447534,-0.20826986
TEST_07239,4.312214,1.5542827,-0.9111334
TEST_07240,2.4970615,-1.8460985,-0.97672474
TEST_07241,4.2045455,1.5072085,0.7414186
TEST_07242,2.8201869,-1.0330251,-0.8424149
TEST_07243,3.9826534,0.29529035,0.24633323
TEST_07244,3.2335079,0.052001864,0.6221655
TEST_07245,2.3656957,-0.046046663,-0.7388836
TEST_07246,4.7015533,0.43961015,-0.92624694
TEST_07247,1.4621708,-0.099075496,-0.24387409
TEST_07248,1.7802805,0.6591187,0.12080929
TEST_07249,3.5506117,0.5446401,0.1321092
TEST_07250,1.8201725,0.43928975,-0.14696412
TEST_07251,1.5428828,-0.054676414,0.2672648
TEST_07252,2.4752247,-1.3305774,-0.7314965
TEST_07253,1.0795985,0.09563935,0.13403179
TEST_07254,3.7027528,1.2299763,-0.3861385
TEST_07255,2.2021933,-0.90176207,-0.05923928
TEST_07256,3.234726,0.6754419,-0.5181113
TEST_07257,3.8464966,0.82663083,2.024028
TEST_07258,4.1002607,0.58730197,-0.36030984
TEST_07259,1.1733452,-0.19251399,-0.46186167
TEST_07260,3.0386763,0.6044351,0.50892293
TEST_07261,2.8330126,0.018455207,0.2881109
TEST_07262,1.827586,-0.1310812,-0.33008572
TEST_07263,3.090377,-1.0527534,0.56165385
TEST_07264,2.714832,0.042761765,0.26290488
TEST_07265,2.0218093,0.0501853,-0.4478134
TEST_07266,1.9087385,-0.05437548,-0.44022626
TEST_07267,2.0143888,0.35851583,-0.031741433
TEST_07268,2.6696377,0.75063825,0.5886755
TEST_07269,4.8039684,0.24430375,1.2275751
TEST_07270,1.8024174,-0.22325028,-0.22349298
TEST_07271,2.131621,-0.4186919,-0.14719978
TEST_07272,1.1751258,0.3959838,-0.51035833
TEST_07273,1.9303817,-0.48567808,-0.44026577
TEST_07274,3.6105332,0.36493984,-0.4988317
TEST_07275,1.9537642,-0.8574482,0.3343461
TEST_07276,1.3866951,0.913737,0.45801082
TEST_07277,2.1995745,0.1160029,0.66871756
TEST_07278,2.8540015,0.86735284,1.1066527
TEST_07279,5.282668,-1.3973752,-0.5291683
TEST_07280,1.5290784,0.34036022,-0.0065554576
TEST_07281,4.856752,-0.37150675,0.546321
TEST_07282,2.1301982,0.3133791,-0.6652263
TEST_07283,1.0470362,0.70789737,-0.122597866
TEST_07284,2.6361377,-0.36155662,0.082425356
TEST_07285,1.7753664,0.35001394,0.1732413
TEST_07286,2.0548072,0.45531228,-0.4142676
TEST_07287,4.7433987,1.5239826,-0.8972756
TEST_07288,5.9850206,-0.9622111,1.6795628
TEST_07289,3.8352349,0.3113618,1.156086
TEST_07290,2.0282643,0.18963502,0.42008486
TEST_07291,3.9151394,0.38623405,0.95790106
TEST_07292,5.0135865,0.4062027,-0.76785916
TEST_07293,2.819374,0.121914044,0.16382363
TEST_07294,1.7828928,1.1506145,0.34120426
TEST_07295,2.7131896,0.3915596,-0.30890936
TEST_07296,2.5483747,0.5956178,-0.6572857
TEST_07297,3.674077,-0.3378962,0.38107663
TEST_07298,5.7772527,1.5323008,1.783699
TEST_07299,1.3691971,-0.22410959,-0.17944145
TEST_07300,1.9585761,0.3337958,0.50345117
TEST_07301,1.093674,-0.02982437,0.31919843
TEST_07302,1.5733873,0.16538142,-0.07651055
TEST_07303,1.8557067,-0.13733418,0.56421626
TEST_07304,1.1586983,-0.22798917,0.2979564
TEST_07305,3.234462,-1.4228933,1.9572196
TEST_07306,2.0034788,0.27485326,-0.1723225
TEST_07307,3.0518525,-0.44248474,-0.93676466
TEST_07308,3.2203374,0.3090341,-0.034317445
TEST_07309,4.483895,-1.2728817,1.290683
TEST_07310,3.7826467,0.34425077,-0.5453011
TEST_07311,2.1962128,0.8201758,-0.5338413
TEST_07312,2.9163911,-0.7909971,-0.90751576
TEST_07313,2.2153018,-0.42299864,0.22640733
TEST_07314,1.5910895,-0.3397581,0.089199394
TEST_07315,0.89046997,0.14014107,-0.14667869
TEST_07316,2.116331,-0.6201347,0.047851272
TEST_07317,1.9136661,-0.6771507,0.4073196
TEST_07318,1.9687288,-0.804676,-0.30748588
TEST_07319,5.701023,0.58844084,0.52896
TEST_07320,3.663031,-1.3244022,-0.65282303
TEST_07321,3.10955,0.22511207,-0.31115472
TEST_07322,3.5408177,-1.8012563,0.6919661
TEST_07323,2.5655704,-0.9383009,0.96141595
TEST_07324,1.6887047,0.105039805,0.14365102
TEST_07325,1.3521795,0.33131248,0.26597732
TEST_07326,3.1557522,0.40754122,0.6045941
TEST_07327,2.3949344,1.2530528,0.25822797
TEST_07328,4.5066147,-0.16207722,-0.9212992
TEST_07329,4.107715,0.03226666,-0.3038843
TEST_07330,1.3627758,0.12761097,0.29778358
TEST_07331,2.869305,0.2873154,0.24738419
TEST_07332,2.6607668,1.6255635,-0.7981564
TEST_07333,1.9684869,-0.26968384,0.31463465
TEST_07334,2.3075802,0.23929319,0.8606349
TEST_07335,3.621353,0.7983183,0.3927216
TEST_07336,2.1278882,-0.060732685,-0.20461014
TEST_07337,2.073402,0.25296694,-0.24733469
TEST_07338,1.7417643,1.2973102,0.30476317
TEST_07339,3.1557353,-0.8239499,1.006666
TEST_07340,1.6609262,0.24779445,-0.16327299
TEST_07341,1.1221188,-0.5344775,0.0850455
TEST_07342,2.0123487,-0.84361446,-0.7647102
TEST_07343,1.3460338,0.076916665,-0.35987127
TEST_07344,3.2854993,0.1551889,0.08905262
TEST_07345,3.1453729,0.018880278,0.016775427
TEST_07346,1.6896527,-0.7440265,0.41380858
TEST_07347,3.0329008,0.21835847,0.9121677
TEST_07348,1.663918,0.17591605,0.12450222
TEST_07349,2.4619598,-1.4130183,0.6112004
TEST_07350,4.4772053,-0.22026828,0.80033696
TEST_07351,1.5619249,0.54458064,0.24571896
TEST_07352,1.2000768,-0.47626236,-0.36473846
TEST_07353,1.9888676,-0.0912545,0.33567107
TEST_07354,3.0119271,-0.43521953,0.067732945
TEST_07355,1.7104093,0.04498782,0.1311876
TEST_07356,1.9218681,-0.3659067,0.053449437
TEST_07357,2.4851925,-0.49967098,0.35809818
TEST_07358,1.8861208,0.17950755,0.34132856
TEST_07359,5.7990956,-0.91841537,0.78318584
TEST_07360,2.7217627,1.2475178,-0.15460756
TEST_07361,2.3747497,1.4328619,-0.715098
TEST_07362,0.8539473,0.5145896,0.32003468
TEST_07363,3.4468994,0.7213184,-0.09309803
TEST_07364,2.3556166,-0.34640127,0.5029473
TEST_07365,2.6601102,-0.817178,-0.46730155
TEST_07366,4.432116,-1.1641228,1.1051061
TEST_07367,3.2297475,-1.5128862,0.09602259
TEST_07368,1.9661566,-0.3461944,-0.25043
TEST_07369,1.7086233,-0.45592606,-0.17246746
TEST_07370,1.9891115,0.293113,-0.05402169
TEST_07371,2.3197165,0.19160886,0.18269087
TEST_07372,3.5015862,1.2861129,-1.3049943
TEST_07373,1.3925017,-0.5809215,0.36219823
TEST_07374,2.751935,1.4921312,-0.10016766
TEST_07375,3.4329352,0.8760414,0.46441862
TEST_07376,1.841329,-0.05253188,-0.69867057
TEST_07377,1.4465846,0.37229297,0.80845433
TEST_07378,1.277927,0.7212847,-0.21260269
TEST_07379,4.32484,1.5230001,1.3676037
TEST_07380,1.8552283,0.32754833,-0.30599615
TEST_07381,2.4110043,0.27152482,0.11402683
TEST_07382,1.6131475,0.035524633,0.109932795
TEST_07383,2.0363064,0.5475038,0.08845038
TEST_07384,2.6668618,-0.31982204,-0.81464636
TEST_07385,3.374619,-0.29521695,0.28046495
TEST_07386,2.68351,-0.15185443,-0.9062467
TEST_07387,2.291876,-0.079185806,-0.68654376
TEST_07388,1.9011016,-0.01929651,0.23035967
TEST_07389,1.2891294,-0.58906287,-0.67203975
TEST_07390,3.8969564,0.89053994,-0.7965338
TEST_07391,2.1822307,-0.610369,-0.25566036
TEST_07392,2.2347026,0.3285314,0.03979979
TEST_07393,2.5267165,8.591637e-05,-0.20150161
TEST_07394,1.7154449,-0.35882112,-0.26554966
TEST_07395,1.5333774,0.43512017,0.12480274
TEST_07396,2.677273,1.1140082,0.7233169
TEST_07397,3.0173306,0.16449726,0.55061495
TEST_07398,3.592207,1.8050034,0.56355125
TEST_07399,5.486097,-0.762073,0.7915724
TEST_07400,4.2211647,1.744428,0.9274589
TEST_07401,1.3123957,1.0041313,-0.19504279
TEST_07402,2.374115,1.1493498,-0.42935604
TEST_07403,2.5719645,0.2881999,0.9170597
TEST_07404,1.1634908,0.2584033,-0.10413223
TEST_07405,2.1156962,-0.08536112,0.28644592
TEST_07406,4.3967524,1.1929612,1.1866543
TEST_07407,4.640959,-0.90643334,0.90002966
TEST_07408,5.641047,0.9823841,0.4116996
TEST_07409,2.6082184,-0.1875525,0.06857976
TEST_07410,2.9415383,-0.3055718,-0.2560224
TEST_07411,2.4314167,-0.07248854,0.5586468
TEST_07412,2.8615494,0.4816929,-0.41781673
TEST_07413,1.0631489,0.22086531,0.18386064
TEST_07414,1.2171158,-0.6876091,-0.25332797
TEST_07415,2.1695104,-0.7015986,-0.081112936
TEST_07416,2.5343122,-1.1274488,0.333268
TEST_07417,3.2565944,-0.30377504,0.99129266
TEST_07418,1.8766564,1.144124,-0.90631527
TEST_07419,3.418531,-1.5187497,0.9641126
TEST_07420,2.3639927,-0.8978857,-0.118578665
TEST_07421,3.1020103,-0.049531013,0.13033575
TEST_07422,1.4796355,-0.19906853,0.10057628
TEST_07423,1.3836904,-0.005617013,0.47218522
TEST_07424,1.9969541,0.2841169,0.8771145
TEST_07425,4.2012057,0.018517543,1.5113775
TEST_07426,2.5376768,-0.2800137,-0.13365784
TEST_07427,2.2462258,-0.24766903,0.06189117
TEST_07428,2.9341857,-0.043920413,0.038161643
TEST_07429,0.78463674,0.22400449,-0.014283979
TEST_07430,2.6830034,-0.57766783,0.8869471
TEST_07431,1.9089417,-0.95995235,0.021305112
TEST_07432,2.010598,-0.14943852,-0.31829518
TEST_07433,3.0906823,-0.0659255,0.5721316
TEST_07434,2.0350862,-0.6484353,0.29961357
TEST_07435,2.0194263,0.13409807,0.11376721
TEST_07436,1.2619727,0.25460535,0.12663747
TEST_07437,2.644683,0.57474196,0.1635132
TEST_07438,3.4897113,-1.7687469,0.22911242
TEST_07439,3.7925553,-0.29261398,-0.74097544
TEST_07440,2.435974,-1.5532657,-0.4311383
TEST_07441,4.5268517,0.78373075,-0.9990806
TEST_07442,1.9465083,-1.4733205,0.6391252
TEST_07443,3.4587586,1.5189164,-0.42551613
TEST_07444,1.7956483,-0.13885051,0.54101634
TEST_07445,1.318999,0.5157109,0.32753336
TEST_07446,4.1260047,0.77954745,0.8432225
TEST_07447,4.3926296,-0.74829113,-0.008231028
TEST_07448,4.710113,1.3366624,1.0264766
TEST_07449,4.1107697,0.2541324,0.85971177
TEST_07450,1.6913892,0.028827388,-0.32787275
TEST_07451,4.314605,-0.35475716,-0.91281295
TEST_07452,4.394831,1.1873907,1.3777318
TEST_07453,3.0932639,-0.41420028,0.15814826
TEST_07454,2.1808622,0.7747608,0.18631907
TEST_07455,3.0248728,0.931281,-0.03309431
TEST_07456,2.8228326,1.0223228,1.5942825
TEST_07457,1.4569896,-0.4592625,-0.05295023
TEST_07458,2.9815123,-0.2514632,-0.95018226
TEST_07459,2.9100866,0.40570313,0.04887917
TEST_07460,1.5910901,-0.31234133,0.28191555
TEST_07461,2.7676463,-0.47100884,-0.8817749
TEST_07462,1.8595492,-0.49387,-0.32113713
TEST_07463,2.3719049,-0.58403873,-0.086241305
TEST_07464,2.0064015,0.11214618,-0.0017967098
TEST_07465,1.311999,0.31588942,-0.37339532
TEST_07466,1.9615444,-0.0961855,0.3774716
TEST_07467,3.4106493,0.50282377,0.5171632
TEST_07468,2.1184618,0.09631601,0.5459568
TEST_07469,4.391107,-0.14959382,0.99303573
TEST_07470,1.502301,-0.039218515,0.42216688
TEST_07471,1.6547794,-0.70993954,0.014794951
TEST_07472,2.7423913,-1.0197662,-0.18126553
TEST_07473,4.2226486,0.26447415,-0.39180806
TEST_07474,2.4809844,0.28240976,0.088173226
TEST_07475,1.5048577,0.43772167,-0.025839906
TEST_07476,2.5143425,0.7533294,0.69120365
TEST_07477,3.0429842,0.33108968,-0.09332888
TEST_07478,2.2375772,-1.1809776,-0.2116519
TEST_07479,5.6064634,-0.28173497,-0.29235035
TEST_07480,4.27286,1.9202695,-0.8940837
TEST_07481,4.254619,-1.2072039,0.4100721
TEST_07482,1.0172447,0.026747853,0.52061486
TEST_07483,3.8716574,-0.37085372,1.1358674
TEST_07484,3.0239048,0.049174894,1.3777888
TEST_07485,1.4214013,0.1440457,-0.40656564
TEST_07486,3.416326,-0.46069765,0.65962654
TEST_07487,4.393467,0.8448314,0.5376783
TEST_07488,4.257999,-2.1206708,-0.1694528
TEST_07489,3.6360765,0.49667618,0.89333045
TEST_07490,1.3330098,-0.549031,-0.27456683
TEST_07491,2.750216,-0.6193329,-0.9947764
TEST_07492,4.620205,0.18218781,-0.56313235
TEST_07493,2.124081,0.125852,-0.15794054
TEST_07494,1.6124802,0.51946133,0.3880998
TEST_07495,2.008842,-1.1350043,-0.13158987
TEST_07496,2.1565666,-0.4163735,1.0154086
TEST_07497,3.9710672,-0.4864713,-0.3824457
TEST_07498,3.8890336,-1.3548216,0.020401506
TEST_07499,2.2663474,-0.014711184,-0.13577838
TEST_07500,1.3906158,-0.4348592,0.05758695
TEST_07501,3.5995588,-0.5853681,-0.8140349
TEST_07502,1.2032702,-0.39599,-0.3592954
TEST_07503,1.5689832,0.35589087,-0.503804
TEST_07504,4.346674,-0.07041686,1.22704
TEST_07505,5.1221995,-0.4731502,-0.18513693
TEST_07506,2.092322,-0.3667718,-0.9653803
TEST_07507,3.7467723,0.013718894,-0.22076651
TEST_07508,2.2380135,-0.3079487,0.32207632
TEST_07509,4.023607,-1.5837935,1.0832452
TEST_07510,2.464463,-0.46993184,-0.76493376
TEST_07511,2.7611463,-0.5653126,-0.423325
TEST_07512,3.8022685,0.8101872,2.0962107
TEST_07513,2.4136307,-0.88321626,0.1979527
TEST_07514,2.4585404,0.2590218,0.046251692
TEST_07515,1.8194177,-0.07184873,0.31722215
TEST_07516,3.5666711,-0.037316315,-0.39518654
TEST_07517,3.0165353,-0.033027243,0.78406036
TEST_07518,2.6952796,1.3752146,-0.013939807
TEST_07519,5.6550717,0.53529084,0.06093622
TEST_07520,4.162206,0.19352603,0.24357077
TEST_07521,3.1726274,2.0241702,0.6355364
TEST_07522,3.6616113,-0.028494572,0.18819895
TEST_07523,2.1676993,-1.1405032,0.36115915
TEST_07524,1.9515245,-0.4664698,-0.566819
TEST_07525,2.0304832,-0.026522964,-0.6496298
TEST_07526,2.6463163,-0.7223735,-0.45639697
TEST_07527,4.080148,0.49940524,0.16926056
TEST_07528,4.9371023,0.99986124,-0.8865887
TEST_07529,3.1253757,0.20760249,-0.16259167
TEST_07530,2.6203163,0.40519726,0.22395535
TEST_07531,3.509597,-0.67082894,-0.77532053
TEST_07532,3.5731435,-0.06060954,1.5926983
TEST_07533,1.0996604,-0.15959916,0.09948841
TEST_07534,2.9990253,0.5802816,0.018198673
TEST_07535,1.7297453,-0.9156169,0.04309135
TEST_07536,2.3946557,-1.0085068,0.93340975
TEST_07537,2.2346025,0.65747917,0.054144543
TEST_07538,3.9845235,1.285334,1.4448172
TEST_07539,2.4508657,0.2339826,-0.78212315
TEST_07540,2.7050095,-0.54679,0.2481554
TEST_07541,2.72626,-0.07481839,0.29331425
TEST_07542,1.4954245,-0.20162,0.28949282
TEST_07543,1.6040041,-0.845811,0.00028096547
TEST_07544,3.2023702,-0.1416482,0.09584098
TEST_07545,3.3014283,-0.12851724,1.0346031
TEST_07546,2.59748,0.16906147,0.01266954
TEST_07547,2.9328141,0.49055842,-0.49631253
TEST_07548,3.2407,0.080780104,-0.1325115
TEST_07549,4.154786,-1.3309759,0.28419358
TEST_07550,2.5043595,-1.3665799,-0.49463135
TEST_07551,1.254317,-0.1270244,0.009814298
TEST_07552,3.3843622,1.6305225,-0.45817348
TEST_07553,3.6193154,-1.9066081,-1.0599941
TEST_07554,1.8666154,-0.47783223,0.10651592
TEST_07555,1.8306437,-0.8682411,-0.66874284
TEST_07556,1.9856848,-0.35620242,0.2154542
TEST_07557,2.643483,-0.90740883,0.048884373
TEST_07558,2.1877618,-0.0015995894,-0.20706731
TEST_07559,4.894985,-0.39137056,-0.10779777
TEST_07560,4.378975,-0.9387332,0.77624047
TEST_07561,4.6927986,1.4886054,1.0349604
TEST_07562,2.2932317,-1.7157866,-0.7477507
TEST_07563,3.8860798,0.9034875,-1.3503323
TEST_07564,2.4575288,0.05828979,0.936858
TEST_07565,1.2407976,0.1930773,0.013616159
TEST_07566,4.838619,0.58561367,1.2099463
TEST_07567,3.1515405,-0.24001764,-0.62682384
TEST_07568,1.439688,-0.8000093,0.34195155
TEST_07569,3.895968,0.067839436,-0.6875717
TEST_07570,2.4353802,-0.72845286,-1.0233848
TEST_07571,3.2745848,-0.29104507,0.4042417
TEST_07572,3.5113676,-0.87193584,-0.6551936
TEST_07573,2.2765257,0.08766383,-0.1602182
TEST_07574,2.1695604,1.074288,-0.3209579
TEST_07575,3.9176097,0.76487225,-0.2298411
TEST_07576,1.6185282,0.6829337,0.40885308
TEST_07577,3.7396843,-0.7811299,0.5909953
TEST_07578,1.408093,1.4043533,0.5328441
TEST_07579,3.8103895,-0.09089722,-0.7532047
TEST_07580,3.276904,-0.43465215,0.8517528
TEST_07581,0.9323219,-0.29665855,-0.06321193
TEST_07582,1.3448932,0.5946029,-0.16864584
TEST_07583,4.3894243,0.62457055,0.9074906
TEST_07584,0.92477477,0.36927664,0.015392777
TEST_07585,2.9245095,1.2242143,0.89256823
TEST_07586,2.3165264,0.18706219,-0.459188
TEST_07587,1.4636301,0.06278441,0.074111156
TEST_07588,3.0097091,0.18599527,-0.40857732
TEST_07589,3.7213643,-0.86094636,1.0257673
TEST_07590,3.006897,0.9081259,0.48876038
TEST_07591,1.5300859,-0.9749713,-0.17624545
TEST_07592,2.99381,1.4449123,1.368744
TEST_07593,3.34763,-0.5435949,0.87196535
TEST_07594,2.240017,0.35145304,-0.023743521
TEST_07595,2.3195927,0.551555,0.6472792
TEST_07596,3.613924,-1.3520324,-0.47332552
TEST_07597,2.9806278,-0.2360875,0.5732089
TEST_07598,2.900608,-1.1659931,-0.48268524
TEST_07599,4.8178124,0.68857455,0.21672696
TEST_07600,1.9671474,0.24875525,0.08383605
TEST_07601,2.8109198,-0.5486013,0.8789549
TEST_07602,3.3231158,-0.14795232,0.4384907
TEST_07603,2.8086557,-0.6014204,-1.3252397
TEST_07604,1.4119195,0.16003187,-0.1805941
TEST_07605,2.3935204,0.4908329,-0.72512144
TEST_07606,2.1352265,0.13320468,-0.3201667
TEST_07607,4.701494,0.86563265,1.1978804
TEST_07608,1.3881758,0.71713907,0.33767664
TEST_07609,2.1503325,0.70995545,0.13374339
TEST_07610,3.2059765,-0.4762664,0.61270076
TEST_07611,1.3427125,0.10262324,0.21615395
TEST_07612,3.2096727,0.9590816,-1.1995727
TEST_07613,1.3909594,-0.39306322,-0.04656946
TEST_07614,3.6385865,0.8953392,0.31358358
TEST_07615,1.4973725,0.1507675,-0.016718559
TEST_07616,1.716275,-0.5439474,-0.65242094
TEST_07617,3.043275,-0.5901053,0.7970379
TEST_07618,1.8635315,-0.9460077,-0.542374
TEST_07619,3.3960252,-0.056712106,-0.04542642
TEST_07620,1.5612398,-0.108949594,0.3828114
TEST_07621,2.422082,0.05677452,0.1599584
TEST_07622,2.0750167,-0.7760193,0.7415636
TEST_07623,2.371671,0.2638485,-0.56483996
TEST_07624,3.2175999,-0.06340821,0.04110618
TEST_07625,1.5788385,0.8574365,-0.2474015
TEST_07626,3.5760183,-0.6538356,-1.1478305
TEST_07627,2.13563,-0.42242306,0.2909029
TEST_07628,2.604197,-0.39056036,0.05340779
TEST_07629,4.516005,-1.8716618,1.7557068
TEST_07630,4.3684654,0.44496664,1.6551268
TEST_07631,1.6203737,-0.12569544,-0.019597016
TEST_07632,1.9634881,-0.91197217,-0.12899949
TEST_07633,3.424577,1.4805783,0.082788646
TEST_07634,3.1295934,0.51558924,-0.13923733
TEST_07635,1.3040357,-0.012019117,0.4198619
TEST_07636,4.703468,-1.7183124,-0.4003984
TEST_07637,1.6392393,0.46210027,0.11520707
TEST_07638,1.5389651,-0.40621302,0.5649072
TEST_07639,5.1134086,-0.9948914,-0.28900695
TEST_07640,1.336768,0.66032827,-0.18910313
TEST_07641,4.942903,2.056778,0.73761886
TEST_07642,2.5262585,0.2961297,-0.44447118
TEST_07643,4.084575,-0.99605733,-1.2950897
TEST_07644,2.0445209,0.18225694,0.06390831
TEST_07645,0.82714915,-0.2526544,-0.1275378
TEST_07646,4.6843038,1.1431605,-0.56762797
TEST_07647,4.6858864,1.3346545,0.7574561
TEST_07648,1.9173312,-0.8438108,0.120465174
TEST_07649,4.531288,-0.45655707,-0.5851815
TEST_07650,0.8167409,-0.15093227,-0.044816844
TEST_07651,1.7524093,0.37658817,-0.28549123
TEST_07652,3.3908403,1.1391655,0.6233747
TEST_07653,1.704818,-0.39154363,-0.042429913
TEST_07654,2.963966,0.18087134,-0.65204847
TEST_07655,3.272449,-0.16982575,-0.44577476
TEST_07656,1.4121978,0.22329827,0.41394672
TEST_07657,2.4671144,0.729081,0.32022026
TEST_07658,3.71022,-0.45562705,-0.29608065
TEST_07659,3.2076666,-1.4842241,-1.2652209
TEST_07660,1.5885583,-0.4489109,0.2567321
TEST_07661,2.9580812,0.29176903,0.9078449
TEST_07662,1.9392201,-0.37137482,0.64792025
TEST_07663,1.276469,-0.20712435,0.013697787
TEST_07664,2.7265952,0.2729112,0.6366352
TEST_07665,5.440676,-0.4147799,-0.6028064
TEST_07666,2.736621,-0.102935575,-0.8366645
TEST_07667,2.2536144,-0.22122067,0.7970974
TEST_07668,1.6137085,-0.5316317,0.25576812
TEST_07669,2.2803087,-0.3708409,1.3501288
TEST_07670,4.520258,0.670725,0.79400444
TEST_07671,3.0413356,0.42215914,-0.14247435
TEST_07672,1.8788478,-0.94213134,0.15006575
TEST_07673,3.973114,0.23282063,0.8843353
TEST_07674,2.7782829,0.32848105,0.005390078
TEST_07675,2.366055,-1.0805963,1.1029946
TEST_07676,3.912058,1.1252874,0.6100927
TEST_07677,2.442821,-0.31598005,0.2981085
TEST_07678,1.7479961,-0.92173874,-0.9238515
TEST_07679,3.2469914,-1.0770217,-1.0551523
TEST_07680,1.9353955,1.7153262,-0.8035015
TEST_07681,2.7850955,1.3655754,-0.23260428
TEST_07682,3.0987954,0.88993156,1.2809831
TEST_07683,2.2705636,1.3119154,0.39043182
TEST_07684,2.7878761,0.15519193,0.0003543347
TEST_07685,2.764667,-0.61514896,-0.78149647
TEST_07686,1.4471813,-0.32857397,0.16242644
TEST_07687,4.799994,-0.6849102,0.86020654
TEST_07688,5.7179666,0.57337505,-0.5497083
TEST_07689,1.6962227,0.36990196,0.0033330806
TEST_07690,1.8771341,0.17165326,-0.09730827
TEST_07691,1.5263071,-0.3786266,0.28539363
TEST_07692,2.5633395,0.6741185,0.3916222
TEST_07693,2.0221512,0.16966262,0.20492008
TEST_07694,2.782765,0.736449,0.8207138
TEST_07695,3.420571,0.49693915,-0.19524886
TEST_07696,1.6102729,-0.06767725,-0.6079458
TEST_07697,3.6066937,-1.1349154,1.9192994
TEST_07698,5.6883187,1.2179165,-0.05833807
TEST_07699,4.4381084,-1.7248244,0.1291274
TEST_07700,0.96210206,0.3485097,0.11643157
TEST_07701,3.4807198,-0.0981265,0.36218107
TEST_07702,2.1390755,-0.44434172,0.9341943
TEST_07703,3.4889524,-0.17585967,0.25168175
TEST_07704,3.559162,-0.17077446,0.4210124
TEST_07705,1.1890521,-0.11187141,-0.16044678
TEST_07706,3.0563343,-0.34757552,-0.89188
TEST_07707,2.1189396,-0.031869873,-0.5288418
TEST_07708,3.2226834,-0.44226268,-0.14110805
TEST_07709,1.3013527,-0.35127234,-0.43923733
TEST_07710,1.2701622,-0.30129075,-0.115216985
TEST_07711,2.0813768,-0.63605565,-0.36982486
TEST_07712,2.6693442,1.5161667,0.6794163
TEST_07713,3.2286215,0.13223206,0.28985637
TEST_07714,3.263203,-0.21082228,-0.335072
TEST_07715,1.108333,-0.24663773,-0.11273359
TEST_07716,3.6445181,0.16321903,-0.5819435
TEST_07717,3.5832686,0.8935392,0.6431409
TEST_07718,1.4069545,0.93314594,0.59948593
TEST_07719,5.220937,0.58058584,0.8523828
TEST_07720,3.4014812,-0.3168323,0.7427665
TEST_07721,1.8196878,0.40900704,-0.361396
TEST_07722,3.6992729,-0.088509515,0.9663031
TEST_07723,3.2908182,-0.21334776,-0.0007712105
TEST_07724,2.2434206,-0.4393743,0.68853676
TEST_07725,0.9915899,0.27142835,-0.04777032
TEST_07726,2.5961914,-0.055940397,-0.2759261
TEST_07727,1.3532817,0.8310819,0.40447944
TEST_07728,1.0982804,-0.49891576,-0.20193599
TEST_07729,2.4374547,-0.2679574,0.31164637
TEST_07730,2.6074355,0.6677879,0.7453416
TEST_07731,2.8826532,0.38673177,0.74623054
TEST_07732,0.8776129,0.02044679,0.0027003223
TEST_07733,1.9633254,-0.20974682,0.11644764
TEST_07734,1.4452188,0.6462293,0.63516366
TEST_07735,2.791067,0.6698225,-0.5724286
TEST_07736,3.1839943,-1.1268461,0.9097952
TEST_07737,1.554667,0.76232284,0.7428837
TEST_07738,2.4609385,-1.2256898,-0.7867204
TEST_07739,2.9552221,-0.12466352,-0.7328064
TEST_07740,3.0552068,0.28153163,0.1509365
TEST_07741,1.9754093,-0.3220015,-0.041314933
TEST_07742,1.4210172,-0.65004927,-0.5646899
TEST_07743,3.8230386,0.59706753,1.0315498
TEST_07744,4.05388,-0.6593721,0.5660577
TEST_07745,2.0680377,1.4185886,1.1301869
TEST_07746,3.2636921,-0.51173365,-0.6295709
TEST_07747,3.4712362,0.25082394,-0.8105531
TEST_07748,1.7538189,-0.3867427,0.059780322
TEST_07749,2.9508786,1.1133637,-0.84442437
TEST_07750,1.1368759,-0.2082387,0.22476082
TEST_07751,2.782344,-0.53479505,-0.7245542
TEST_07752,3.2892609,0.4599414,-0.41181377
TEST_07753,3.4233394,0.91646624,-0.9589333
TEST_07754,1.4563694,-0.12627228,0.09559169
TEST_07755,0.96044904,0.12434455,0.26440123
TEST_07756,4.376838,-0.29907528,1.1011579
TEST_07757,2.5069327,0.8818249,-0.3098051
TEST_07758,2.0215132,-0.24958546,0.49931237
TEST_07759,4.2827907,1.8475795,1.2540834
TEST_07760,4.6250997,-0.9310768,0.41878992
TEST_07761,2.7696736,2.1698952,-0.112204984
TEST_07762,3.5374312,-0.051386513,-0.15440151
TEST_07763,3.5655823,1.2945116,-1.0459538
TEST_07764,1.5520539,-0.074705034,0.03649583
TEST_07765,1.3776013,0.6540056,-0.16282876
TEST_07766,4.3339815,0.92651236,0.30110386
TEST_07767,2.3373137,1.5094959,-0.75322884
TEST_07768,4.8488827,-1.6952176,-0.57592636
TEST_07769,2.989994,0.34403393,0.31844866
TEST_07770,2.4543269,0.103350654,-0.14651914
TEST_07771,2.9481251,0.26926348,-0.43597758
TEST_07772,1.5569677,-1.0178474,0.5772968
TEST_07773,2.8289857,0.56805694,0.061690647
TEST_07774,1.0777327,0.3573921,0.26310736
TEST_07775,3.05954,0.7076647,0.005941242
TEST_07776,3.0197072,0.68348455,1.3598557
TEST_07777,1.6887139,0.8581679,-0.30854976
TEST_07778,3.4597013,-0.79974157,0.7077434
TEST_07779,3.5145376,-0.7520241,0.7069182
TEST_07780,3.1633737,-0.6768408,-0.6343973
TEST_07781,3.6871014,-0.12180163,-0.3348402
TEST_07782,1.4759253,0.17859644,-0.06820279
TEST_07783,3.1633573,-0.12737536,0.12267876
TEST_07784,4.1304746,-0.20985013,-0.5793896
TEST_07785,5.479966,-1.6626836,1.4765009
TEST_07786,1.6853844,-0.37724683,0.12784998
TEST_07787,1.5337787,0.0045723654,-0.2055931
TEST_07788,1.5386051,-0.62053573,-0.13120864
TEST_07789,1.9454626,0.24129127,-0.40859282
TEST_07790,2.7958314,1.5741394,0.032618523
TEST_07791,2.001512,0.5383649,0.18281943
TEST_07792,3.0704863,-0.748799,0.6527643
TEST_07793,2.503258,0.026475485,-0.27882722
TEST_07794,1.9530338,-0.16204771,0.049236815
TEST_07795,1.0012195,0.46975973,-0.3834838
TEST_07796,1.543542,-0.19145048,0.42049146
TEST_07797,3.1757562,0.44075882,0.68528223
TEST_07798,3.042456,0.41052014,-0.17850521
TEST_07799,3.368998,1.1246742,-1.4276776
TEST_07800,4.921199,-0.49920624,-1.259892
TEST_07801,1.3423371,-0.047599874,-0.064560644
TEST_07802,0.93051976,0.31544402,0.10959226
TEST_07803,2.2944016,-0.24257526,-0.7598926
TEST_07804,2.9316201,0.18689702,-0.6051556
TEST_07805,2.3306189,-0.00601412,0.007515773
TEST_07806,1.1671935,-0.22221838,0.2477507
TEST_07807,4.2340617,0.47977084,-0.8656041
TEST_07808,0.78972375,0.21634203,-0.00081788935
TEST_07809,1.6333857,0.33768317,0.10501963
TEST_07810,3.0329752,0.047114506,0.13797303
TEST_07811,1.7899342,-0.13975132,-0.23604494
TEST_07812,4.5738487,0.9970406,-0.34921056
TEST_07813,2.2386434,0.06737438,-0.057361137
TEST_07814,2.6557064,0.6511131,-0.083931014
TEST_07815,1.267219,0.5037286,-0.09479251
TEST_07816,1.5962702,0.93401784,0.0816649
TEST_07817,3.2492821,-0.66421646,0.6336011
TEST_07818,4.090787,-1.1923416,-0.013799691
TEST_07819,1.4428189,0.53130585,-0.1969893
TEST_07820,1.6250402,-0.11735531,-0.3028976
TEST_07821,1.4240375,-0.10995792,-0.36067262
TEST_07822,1.5915349,-0.25542688,0.011009377
TEST_07823,2.3536882,-0.1731693,0.6008805
TEST_07824,1.9960574,0.38789576,-0.473357
TEST_07825,2.6751938,-0.7346882,0.009501852
TEST_07826,3.122018,0.44385964,-0.2713521
TEST_07827,3.007769,0.5021765,0.10827336
TEST_07828,2.7710395,0.045963466,-0.006023122
TEST_07829,1.478749,-0.12445474,-0.2133844
TEST_07830,2.4794633,0.08163163,0.88876766
TEST_07831,1.5191157,1.2137531,-0.03185139
TEST_07832,1.0615004,-0.24464852,-0.006375132
TEST_07833,3.8579504,-1.0180241,0.4478107
TEST_07834,3.6449156,0.6324961,1.2929442
TEST_07835,1.9447334,-0.06247187,0.32008263
TEST_07836,3.1320996,-1.4220337,1.1314994
TEST_07837,2.1913843,0.20360617,0.59547967
TEST_07838,3.0402925,0.71777934,0.7701022
TEST_07839,3.6047187,-0.21806893,0.60849464
TEST_07840,3.577899,-0.27078128,1.4291869
TEST_07841,4.762651,2.1273077,1.1951944
TEST_07842,1.4262915,-1.4720012,-0.58469194
TEST_07843,1.3818492,-0.17082039,-0.7283243
TEST_07844,1.5508964,-0.7152331,0.25609785
TEST_07845,1.696567,-0.4349368,-0.34989354
TEST_07846,4.829083,0.6056663,0.7782271
TEST_07847,3.6095333,0.28240317,0.049043793
TEST_07848,5.496089,-2.2369192,0.103819795
TEST_07849,1.925142,0.63802135,0.1893575
TEST_07850,1.6845247,0.3707173,-0.30493206
TEST_07851,1.3757915,0.2980811,0.18587147
TEST_07852,2.0552354,0.75917685,-0.021138921
TEST_07853,1.3646746,0.10354283,-0.15439032
TEST_07854,2.476047,-1.2774887,0.5781665
TEST_07855,3.3038695,-0.70070463,0.8873222
TEST_07856,2.7946694,0.01824746,0.49773884
TEST_07857,2.3237758,-0.0071756616,0.14978951
TEST_07858,3.8118737,-1.5826622,0.73465055
TEST_07859,2.77936,1.1615672,-0.15325297
TEST_07860,0.9021338,-0.13307817,0.4323239
TEST_07861,1.1961312,0.5456288,0.29079214
TEST_07862,2.0377586,0.7019901,0.5731321
TEST_07863,1.362983,-0.326042,-0.069816604
TEST_07864,3.220315,-0.2546085,-0.17064297
TEST_07865,1.0980866,0.57007176,0.56641185
TEST_07866,1.4129853,0.019135905,-0.008267182
TEST_07867,1.1077182,0.10983165,0.089300945
TEST_07868,3.2261324,-0.82974905,-0.48959634
TEST_07869,0.9842348,0.6183081,-0.11966613
TEST_07870,3.1098924,-1.0197377,0.9135537
TEST_07871,1.8897723,-1.1927073,0.082188435
TEST_07872,1.740331,-0.3476213,0.5193595
TEST_07873,3.7549016,-0.66460216,-0.16495003
TEST_07874,3.0958264,0.3424526,-0.3515044
TEST_07875,1.1007825,-0.18430988,0.057366714
TEST_07876,3.0585914,-1.4083003,1.1760259
TEST_07877,2.1857688,-0.50332075,0.28644764
TEST_07878,1.2361329,0.014916999,0.35498083
TEST_07879,4.4898167,-0.8464026,1.7380702
TEST_07880,4.3661513,1.4988381,-1.0127844
TEST_07881,2.7242599,-2.3752563,0.58053553
TEST_07882,3.1730933,-0.3556019,-0.0072220378
TEST_07883,2.637492,0.7523608,-0.44586754
TEST_07884,2.5238252,0.5094813,0.2885372
TEST_07885,1.9802217,-0.33948803,-0.5267651
TEST_07886,3.747937,-0.43141547,-0.66766953
TEST_07887,3.088238,0.23599367,-0.31602973
TEST_07888,1.9993558,0.20748949,0.7996496
TEST_07889,2.9155576,-0.22390267,-0.28859678
TEST_07890,2.591713,-0.27746147,0.47150716
TEST_07891,3.7669058,-0.47509298,-0.41255558
TEST_07892,3.079857,0.4298408,1.2095165
TEST_07893,2.971144,0.08155466,0.027664445
TEST_07894,2.7548497,1.424486,0.26726493
TEST_07895,1.8989125,0.6878166,0.024615264
TEST_07896,1.9701451,0.105696745,0.3965973
TEST_07897,3.8616605,0.38416758,1.4953643
TEST_07898,2.881839,-0.92565334,-0.9999067
TEST_07899,1.8779478,-0.54300517,0.6486389
TEST_07900,2.6134553,-0.21710294,0.52951485
TEST_07901,1.542644,-0.2784869,-0.20422216
TEST_07902,1.54706,0.007278893,0.28617698
TEST_07903,3.281602,0.5197151,0.47443306
TEST_07904,3.4917328,-0.2386723,0.93108547
TEST_07905,4.209397,-0.9579695,1.3525828
TEST_07906,3.0837405,-0.124701574,0.4802793
TEST_07907,2.9979713,0.87194335,-0.698253
TEST_07908,2.6170158,-0.06846177,-0.11888976
TEST_07909,3.594858,1.2263576,1.3692198
TEST_07910,4.2779303,-0.098691165,1.9363295
TEST_07911,2.990088,0.24766031,-0.037173793
TEST_07912,1.1480054,0.47491077,-0.36388275
TEST_07913,1.6028249,-0.5449975,0.569523
TEST_07914,3.0085733,0.37674847,-0.59474623
TEST_07915,1.1100608,0.049312644,-0.30626893
TEST_07916,1.6611114,0.7571659,0.19243354
TEST_07917,3.0213618,-1.6546574,0.8278318
TEST_07918,2.4775233,1.1033213,-0.8030678
TEST_07919,3.6020162,-0.25176227,-1.4187679
TEST_07920,2.488486,0.89271855,0.13346446
TEST_07921,3.6515613,0.5592062,0.00232065
TEST_07922,4.078876,-0.108767085,-0.49119553
TEST_07923,4.273076,-2.0853517,0.59401053
TEST_07924,2.8440514,0.45406303,0.4694034
TEST_07925,1.1869717,-0.3111235,0.15484671
TEST_07926,4.6644855,-0.73970586,0.404607
TEST_07927,2.1036184,-0.8435497,-0.08373738
TEST_07928,3.3532722,-2.144367,-0.6027977
TEST_07929,3.970822,0.25609526,-0.30252296
TEST_07930,2.4872565,0.2680155,-0.3283215
TEST_07931,2.6985598,0.21719858,0.15045087
TEST_07932,3.4798794,-0.76470894,-0.70486355
TEST_07933,0.8671179,-0.20494828,0.007726483
TEST_07934,1.564469,-0.2911847,0.2564218
TEST_07935,2.6592312,-0.1515512,0.08628629
TEST_07936,1.7087212,-0.8074125,0.10261816
TEST_07937,2.4213998,1.0594842,1.2617596
TEST_07938,3.1903567,1.5119436,-0.13616896
TEST_07939,2.5664299,0.4672099,0.6173621
TEST_07940,2.091802,-0.7465305,-0.40469754
TEST_07941,2.0748785,0.32754034,0.1372305
TEST_07942,1.4026515,-0.28670007,-0.4494462
TEST_07943,4.024402,0.4709191,-0.22490372
TEST_07944,1.9439708,0.43710285,0.8805616
TEST_07945,5.726417,-0.29749957,1.4264148
TEST_07946,2.0334396,0.16381264,0.32786545
TEST_07947,3.717988,-0.83644897,0.5976998
TEST_07948,2.9516182,-1.0568781,-0.046472386
TEST_07949,3.7760067,0.6765017,0.18103942
TEST_07950,4.963708,-1.5791795,-0.9335992
TEST_07951,1.2184565,-0.6374854,-0.095558085
TEST_07952,2.0463696,0.8784628,0.2505201
TEST_07953,2.8580327,1.544139,-0.68692607
TEST_07954,3.149763,0.17698586,0.054106727
TEST_07955,1.4058057,0.21802278,0.24476048
TEST_07956,3.182667,-2.022137,0.33552146
TEST_07957,1.7126917,0.01121017,0.15929666
TEST_07958,3.49008,0.09463674,0.020454854
TEST_07959,6.0845246,-0.6161339,1.5784839
TEST_07960,4.3696585,0.7265786,0.95851463
TEST_07961,3.097793,1.7445999,1.1370479
TEST_07962,2.7413552,0.84699506,-0.55764955
TEST_07963,1.4157408,-0.1421937,-0.5637107
TEST_07964,2.396418,0.48810488,0.6186477
TEST_07965,0.7591153,-0.059392348,-0.28632054
TEST_07966,3.6602783,1.0674316,-0.9195421
TEST_07967,0.8860466,-0.45803592,0.34190136
TEST_07968,3.9694712,-0.6788508,0.22857691
TEST_07969,2.2236855,0.18859905,0.12306727
TEST_07970,2.2021132,0.0019298159,-0.37343988
TEST_07971,4.532087,0.25360435,-0.48840815
TEST_07972,3.1785417,-1.6166682,-0.58120346
TEST_07973,2.9564419,-0.5172419,0.22050653
TEST_07974,2.3908238,0.390576,-0.65773237
TEST_07975,3.079256,1.0704002,0.808055
TEST_07976,2.647849,-1.1826502,-0.017643573
TEST_07977,4.089236,0.4220091,-0.3488745
TEST_07978,4.62899,-0.7309622,-0.62344056
TEST_07979,3.0309393,0.035242975,0.47044343
TEST_07980,2.2935271,0.742428,0.4090336
TEST_07981,1.4690642,-0.0073884847,-0.58660764
TEST_07982,1.9456513,0.5450715,0.6761207
TEST_07983,1.2710783,-0.20239547,-0.40155825
TEST_07984,1.8769759,-0.17873314,-0.312039
TEST_07985,4.839431,-0.9568056,1.7682719
TEST_07986,1.7883666,0.24408042,-0.6978434
TEST_07987,4.4347296,0.9597368,-0.020806514
TEST_07988,2.27522,0.5654161,-0.33625612
TEST_07989,1.2617289,-0.14528735,0.29954186
TEST_07990,3.5105817,1.7243804,0.52456886
TEST_07991,1.0967959,0.12673464,0.024549887
TEST_07992,3.3901532,1.4653137,1.3911123
TEST_07993,3.278247,1.8886604,0.25234467
TEST_07994,3.447276,-0.12619996,0.510895
TEST_07995,1.5971589,0.37752923,-0.48121858
TEST_07996,4.3647385,-0.15987039,0.07549997
TEST_07997,2.4248965,0.2563251,0.54901373
TEST_07998,1.4593751,0.75499576,0.4311185
TEST_07999,5.0883,1.5840299,2.077668
TEST_08000,4.2105227,1.8287201,-1.4079851
TEST_08001,2.1113713,-1.6031271,0.5376131
TEST_08002,3.9608939,0.9890069,0.6324557
TEST_08003,3.4442072,-0.6841401,0.09706877
TEST_08004,1.6402408,0.23947382,0.08350683
TEST_08005,1.8343898,-0.666536,-0.5717366
TEST_08006,4.900435,0.19468991,-0.10073678
TEST_08007,2.7975357,1.4865658,0.22369565
TEST_08008,4.2910895,0.35442027,0.6531468
TEST_08009,3.478414,0.5736998,0.46497044
TEST_08010,2.1067357,-0.25288588,-0.046498757
TEST_08011,3.344544,0.096513316,0.20098731
TEST_08012,2.5150352,1.5299139,-0.77185684
TEST_08013,2.4560392,0.5356439,-0.3481351
TEST_08014,2.592357,0.28399196,1.3895521
TEST_08015,2.6740084,-0.73687035,0.26401702
TEST_08016,1.7278036,1.2540536,-0.0562794
TEST_08017,3.1795373,-0.059814233,0.63884455
TEST_08018,3.4306598,-0.8324445,0.3420506
TEST_08019,4.640851,0.5455323,0.06557108
TEST_08020,1.926064,0.044450033,0.3574096
TEST_08021,2.5260046,0.3499237,-0.37260696
TEST_08022,1.6875951,0.13822328,0.05442065
TEST_08023,2.4688213,0.123674035,-0.5531696
TEST_08024,3.0355237,0.36660984,0.7351283
TEST_08025,3.6693738,-0.079023734,0.10218665
TEST_08026,2.2091174,-0.17381316,-0.48289168
TEST_08027,3.2640524,-0.5187682,-0.56811726
TEST_08028,2.8019218,0.5147037,0.2517586
TEST_08029,2.844942,-1.2714076,0.7101438
TEST_08030,1.958988,0.047424316,0.7894869
TEST_08031,2.994049,0.9910167,-0.61603975
TEST_08032,1.8650335,-0.67314065,-0.402403
TEST_08033,3.0048983,-1.0738009,0.6449593
TEST_08034,2.0467591,0.3770998,0.2898336
TEST_08035,1.9420538,-0.20409435,-0.23314998
TEST_08036,1.4416367,0.45791718,0.5092759
TEST_08037,2.080938,-0.2568809,0.5530281
TEST_08038,1.9744643,-1.0918182,0.58784366
TEST_08039,4.5673857,0.31742305,1.7320608
TEST_08040,2.5919523,-0.1119023,0.26854393
TEST_08041,1.9189507,-0.74827963,0.1732469
TEST_08042,1.678887,-0.14552185,0.003242854
TEST_08043,1.7677138,0.9046635,-0.857815
TEST_08044,2.9723601,-0.49281526,0.9539188
TEST_08045,1.0216697,-0.029460996,0.12335619
TEST_08046,1.9911712,-0.015857203,0.07730731
TEST_08047,1.621959,-0.268407,-0.10715515
TEST_08048,4.6895733,-1.0062325,1.2321569
TEST_08049,1.7927935,-0.10355401,-0.2604505
TEST_08050,2.1347356,0.23608574,0.004476495
TEST_08051,1.4207177,0.6675543,-0.13231173
TEST_08052,3.510629,-0.16595213,-0.37910917
TEST_08053,2.091519,0.61811364,-0.32223114
TEST_08054,1.2617924,-0.35518572,0.098469496
TEST_08055,1.1929364,-0.0357536,0.02493143
TEST_08056,3.1349998,0.38981196,0.3197024
TEST_08057,1.0852073,0.2775526,0.5031065
TEST_08058,1.8722324,-0.6643573,0.6953296
TEST_08059,1.823189,0.28788352,-0.24012803
TEST_08060,1.4743055,-0.1761863,-0.4233207
TEST_08061,3.1183503,0.3008669,0.0109342085
TEST_08062,1.8021449,-0.02713807,-0.012640217
TEST_08063,3.7444108,0.21744354,0.27760762
TEST_08064,3.2191985,-0.09246928,0.12997328
TEST_08065,4.3421817,-0.063922614,-0.4782077
TEST_08066,2.3167636,-0.28074694,-0.7970799
TEST_08067,2.7170014,0.119087145,-1.0205662
TEST_08068,2.4956286,-0.7897019,-0.12687275
TEST_08069,3.9015584,-1.1206346,-0.5818042
TEST_08070,3.7735014,-0.95651984,0.93739855
TEST_08071,1.5375268,0.06800773,-0.11375882
TEST_08072,2.6911404,0.54608124,0.15168177
TEST_08073,4.124009,0.19485652,-0.97276783
TEST_08074,2.5662344,-0.40332687,0.3891413
TEST_08075,1.1041235,0.1270596,0.14306308
TEST_08076,4.671559,-0.9083093,-0.26782173
TEST_08077,1.50826,-0.8488698,-0.5399103
TEST_08078,2.7018182,-1.3361175,-0.105283365
TEST_08079,5.7419124,0.79122263,0.12031195
TEST_08080,2.174813,-1.6151938,-0.3533882
TEST_08081,4.816915,2.2456872,0.9284191
TEST_08082,4.550417,-1.4963853,-0.6743991
TEST_08083,3.1931562,-0.7506913,-0.8960582
TEST_08084,3.403649,1.2074419,1.7105542
TEST_08085,2.203193,0.8194254,0.039781608
TEST_08086,4.629237,0.09660011,0.7280399
TEST_08087,1.1783758,-0.19920728,0.33702344
TEST_08088,3.4734933,-0.91284394,0.22487406
TEST_08089,1.8112295,0.10669038,0.20088904
TEST_08090,1.5253656,-0.40555978,-0.16588983
TEST_08091,2.9528108,0.2560693,-0.091044046
TEST_08092,3.518663,-1.2357633,1.4946716
TEST_08093,2.0423677,0.4301833,-0.08783492
TEST_08094,3.450428,-0.08084541,-0.30434853
TEST_08095,1.508022,0.4562199,-0.04740707
TEST_08096,3.5214767,-0.41020095,0.67056304
TEST_08097,3.195092,-0.17961894,1.9078497
TEST_08098,4.576143,0.8589808,-0.68821365
TEST_08099,1.3690718,-0.26780504,-0.12706484
TEST_08100,2.4813497,0.48201334,0.2107362
TEST_08101,1.7792689,-0.15969825,0.3684826
TEST_08102,1.5267215,-0.016696293,-0.015626185
TEST_08103,4.4631324,0.24534655,0.6321347
TEST_08104,4.237594,-0.3846659,-0.23637985
TEST_08105,2.1412358,-1.5348632,-0.6099497
TEST_08106,3.103599,0.38227615,-1.1571931
TEST_08107,2.8812377,-0.14653791,0.1882998
TEST_08108,3.368257,1.381504,-0.23944646
TEST_08109,1.0641528,0.17585105,0.03566267
TEST_08110,4.838214,-1.3866633,0.002816066
TEST_08111,1.8516299,-0.9806452,-0.19824804
TEST_08112,3.1133285,-0.24873744,0.32141563
TEST_08113,2.130202,-0.26463488,-0.6211518
TEST_08114,2.0199573,-0.11006022,-0.045100935
TEST_08115,1.0594465,0.5690799,0.51499707
TEST_08116,2.3084192,0.9639632,-0.8342041
TEST_08117,1.6662521,0.6000216,0.32214504
TEST_08118,3.803558,-0.9814859,-0.89702696
TEST_08119,3.7631307,-1.7738912,-0.9122039
TEST_08120,3.6217897,1.8048736,1.2101628
TEST_08121,3.1290033,-1.4876215,-0.8271274
TEST_08122,4.133099,-0.58444905,-0.3204713
TEST_08123,2.259316,1.3271811,-0.4810454
TEST_08124,3.0202942,-0.13191101,0.33021027
TEST_08125,2.3515255,0.5172462,-0.40778604
TEST_08126,1.0305471,0.0004003481,0.31282622
TEST_08127,2.2821472,-0.012889978,0.6902074
TEST_08128,5.1215267,1.309969,0.47019106
TEST_08129,2.9117703,-0.3423582,0.4100541
TEST_08130,1.5636948,-0.73166907,0.26849097
TEST_08131,1.2914288,0.24662277,0.36485896
TEST_08132,4.606365,-0.9045344,0.66342175
TEST_08133,2.4710448,-0.04764614,0.2316223
TEST_08134,3.4018233,1.0374013,0.1499763
TEST_08135,2.2120001,0.12444071,0.16843522
TEST_08136,3.1007824,-0.49097738,1.3468084
TEST_08137,3.5902553,-1.275988,0.17931128
TEST_08138,1.6831537,1.809713,0.79689234
TEST_08139,4.173448,0.4245283,-0.13831812
TEST_08140,2.160562,-0.19432878,-0.00071564515
TEST_08141,2.1968336,-0.42662364,-0.2977896
TEST_08142,2.1613553,0.5821943,-0.59545493
TEST_08143,3.8913214,0.27841103,-0.18439125
TEST_08144,3.1183531,-0.34621698,-0.38444313
TEST_08145,2.3278468,0.050660893,0.020712905
TEST_08146,1.648381,0.6073917,0.118187845
TEST_08147,3.2217865,0.15606785,-0.43136898
TEST_08148,2.452159,0.6018303,0.3303702
TEST_08149,1.4608877,0.793282,-0.6102041
TEST_08150,4.7880936,-0.02212861,0.7884216
TEST_08151,2.8620975,-0.5350524,0.64065474
TEST_08152,3.3181612,1.1951951,-0.45585653
TEST_08153,3.576604,-0.5763115,0.056732442
TEST_08154,2.6869292,0.016833335,0.64873105
TEST_08155,1.8964922,0.72873896,0.8135806
TEST_08156,3.0186129,-1.1742786,1.2431773
TEST_08157,1.5782703,-0.4478091,0.24843408
TEST_08158,1.3225343,0.78367776,0.1938614
TEST_08159,4.906931,0.3322607,-0.97184116
TEST_08160,3.423094,-0.46079513,0.030761233
TEST_08161,4.1023865,1.0080659,-0.0071281567
TEST_08162,3.0072513,-0.543246,1.3965793
TEST_08163,1.6176429,0.006448671,-0.15226069
TEST_08164,2.0624685,-0.4273719,0.025935743
TEST_08165,2.564109,1.0011466,0.8277254
TEST_08166,2.5303369,1.0125558,-0.5643496
TEST_08167,2.5444305,0.72801125,0.069263086
TEST_08168,5.7228575,-0.392982,1.0985062
TEST_08169,2.8087246,0.39563936,0.050281752
TEST_08170,2.1357229,-0.13390464,-0.04496646
TEST_08171,1.250865,-0.17273314,0.14161602
TEST_08172,3.756937,-0.041715108,1.1315867
TEST_08173,2.401909,0.22606584,0.29030433
TEST_08174,2.5005977,0.26760393,0.34267133
TEST_08175,2.7611966,-0.926142,-0.60574484
TEST_08176,1.1825874,0.5037234,-0.29063016
TEST_08177,3.9742017,0.36603466,-0.45643073
TEST_08178,1.8480141,0.7359775,0.73752064
TEST_08179,3.3431447,0.030479208,0.25865135
TEST_08180,2.4352434,0.74430496,-0.4153238
TEST_08181,1.3530507,-0.0022911392,-0.20636249
TEST_08182,2.086031,0.5068214,-0.05166856
TEST_08183,4.3987746,0.0013507903,0.3520766
TEST_08184,3.781559,-0.39499718,-0.7473779
TEST_08185,1.2075956,-0.59808844,0.41683644
TEST_08186,2.1980073,-0.25469217,-0.4245236
TEST_08187,3.8245926,-0.16788957,0.410235
TEST_08188,2.865894,-0.64838266,0.70602137
TEST_08189,3.715307,-0.13287891,0.061086927
TEST_08190,1.782804,1.0717709,-0.5202617
TEST_08191,1.7788033,-0.39460796,0.15540415
TEST_08192,1.6529503,0.73440045,0.45510972
TEST_08193,2.7458334,-0.19692352,0.6835126
TEST_08194,2.9016979,0.60409933,-0.7254409
TEST_08195,1.1996251,-0.040405136,-0.010612056
TEST_08196,2.9988682,0.7205709,0.63364005
TEST_08197,3.5703158,-1.9247478,-0.45774052
TEST_08198,2.5988696,1.292656,-0.76497185
TEST_08199,4.3428273,-1.3631872,0.83024657
TEST_08200,3.717597,-0.13147451,0.045234725
TEST_08201,2.6544933,1.7299995,-0.39616337
TEST_08202,2.0215616,0.0086287,0.89843655
TEST_08203,3.9516633,0.69151115,-0.59744143
TEST_08204,3.186626,1.4155872,0.67790735
TEST_08205,1.1093298,0.058616646,0.23052265
TEST_08206,2.5978987,-0.60796344,0.42351702
TEST_08207,2.561523,0.95818007,0.019167751
TEST_08208,1.9353104,1.2711558,0.97764206
TEST_08209,3.410726,0.44463724,0.6378815
TEST_08210,1.9100932,0.39782098,0.15160158
TEST_08211,1.6395701,0.21700731,0.309313
TEST_08212,4.5775976,0.30518863,-0.92885554
TEST_08213,1.0458523,-0.19280238,0.1466609
TEST_08214,2.9893882,1.2074732,-0.26281595
TEST_08215,1.9750655,0.5940665,0.16913432
TEST_08216,0.8993765,-0.5579147,-0.21378633
TEST_08217,2.119127,0.23794332,0.7005411
TEST_08218,4.5238304,-0.39771116,0.47113222
TEST_08219,3.024039,0.48060846,0.99786425
TEST_08220,2.5891576,-0.04590224,-0.0054390095
TEST_08221,3.2520285,-0.09521143,-0.0652612
TEST_08222,2.25091,0.34980476,0.08674135
TEST_08223,4.3948784,-0.64881516,0.6378411
TEST_08224,3.1136703,0.3143983,0.4279095
TEST_08225,4.7137394,-1.3568705,0.910595
TEST_08226,1.4965051,0.07060515,-0.46841887
TEST_08227,2.0771394,-0.38123164,0.008198069
TEST_08228,3.0228665,0.10937691,0.17711897
TEST_08229,3.9131567,0.18253283,0.73734164
TEST_08230,1.135011,0.62369436,-0.049517244
TEST_08231,2.3557994,0.07192737,-0.10879608
TEST_08232,2.9877546,-0.46817034,0.84145844
TEST_08233,3.815217,-0.95324236,1.7740077
TEST_08234,1.3642021,-0.116189376,-0.24791993
TEST_08235,2.0764189,-0.28418896,0.55014116
TEST_08236,3.8015776,0.6466095,0.82925016
TEST_08237,2.659414,-0.6317474,0.66840714
TEST_08238,1.4009992,0.64717263,0.63052016
TEST_08239,3.3671901,-0.4692525,-1.1111174
TEST_08240,4.0173683,2.3483784,-1.2763748
TEST_08241,5.374416,2.182463,0.734871
TEST_08242,2.8201752,1.1439933,-0.6459794
TEST_08243,1.7092586,-0.84006673,0.3440558
TEST_08244,1.9198513,-0.6683604,0.39541852
TEST_08245,1.6408218,0.20254481,0.39356542
TEST_08246,3.0242558,0.70217824,0.13011037
TEST_08247,1.517525,-0.5277637,-0.36123103
TEST_08248,4.818048,1.8457365,-0.47274512
TEST_08249,4.1170197,0.42025623,-0.9165211
TEST_08250,0.96184933,0.23064412,0.03500228
TEST_08251,3.3584268,0.33774182,-0.3873614
TEST_08252,3.4731379,1.3638306,1.5507421
TEST_08253,2.6746948,-0.182881,0.008737758
TEST_08254,1.5613039,-0.7045098,0.747932
TEST_08255,2.7265384,0.092397556,0.21342358
TEST_08256,1.2131393,-0.31303978,0.02799931
TEST_08257,3.143899,1.737087,-0.42736423
TEST_08258,1.4448514,0.6892004,0.19787683
TEST_08259,2.5370417,-0.9915541,0.5571027
TEST_08260,1.201852,0.016603721,0.30404222
TEST_08261,1.7836746,-0.15554112,-0.08380609
TEST_08262,2.2592626,-0.29486448,-0.13639145
TEST_08263,1.0029881,0.34004164,0.34479272
TEST_08264,2.650475,0.09793183,0.008313173
TEST_08265,5.5162024,1.4235287,0.46045822
TEST_08266,1.5836574,-0.11900256,0.3397624
TEST_08267,3.2465427,-0.44867292,0.14692105
TEST_08268,2.3557632,1.1034406,0.25278264
TEST_08269,3.5681,-0.33104378,0.076220825
TEST_08270,3.8592038,-0.23295596,1.757769
TEST_08271,2.664624,-0.95858544,-0.01766778
TEST_08272,1.6030949,-0.4137501,-0.488476
TEST_08273,2.8649292,-0.70444,0.5975156
TEST_08274,2.2300763,-0.50006986,0.63359326
TEST_08275,0.7341594,0.37850887,-0.13495168
TEST_08276,1.1811635,-0.46037483,-0.26784468
TEST_08277,1.2905796,0.38119164,0.13068253
TEST_08278,2.7596478,1.5566341,0.3893809
TEST_08279,5.112693,-1.2866418,0.85722804
TEST_08280,3.2210677,1.3132854,0.087538496
TEST_08281,2.719875,0.28191304,0.012972282
TEST_08282,2.1550581,0.43219653,1.4836373
TEST_08283,3.5656033,-0.19454215,0.9971916
TEST_08284,1.920384,0.1199514,-0.16842455
TEST_08285,1.6692284,0.2951314,-0.1901347
TEST_08286,4.9792905,-0.5472967,-0.12919047
TEST_08287,4.7974663,0.9281634,0.64356154
TEST_08288,4.7454386,1.4882439,-0.77623683
TEST_08289,3.4426932,0.22729146,0.18070476
TEST_08290,1.6635319,-0.5554744,-0.10273556
TEST_08291,0.97720975,0.1938008,-0.18355751
TEST_08292,2.3518665,1.2627531,-0.06941523
TEST_08293,1.3863599,0.41075066,0.023138944
TEST_08294,3.4548457,-1.2022072,1.9803009
TEST_08295,1.5692285,0.5406704,0.40958908
TEST_08296,2.9220402,0.7794267,1.5722907
TEST_08297,1.8519633,0.690697,-0.60922223
TEST_08298,3.887314,0.9621439,0.2736263
TEST_08299,4.0484557,1.2284381,0.92953455
TEST_08300,2.6557066,-0.16346434,-0.46212077
TEST_08301,2.6354356,-0.41354245,-0.11848392
TEST_08302,1.3996568,0.24635744,0.2846129
TEST_08303,1.4179474,-0.7595555,-0.019302925
TEST_08304,3.9356537,0.20449753,0.4646308
TEST_08305,1.504931,-0.43904206,0.11603727
TEST_08306,2.8699877,0.09683578,0.3647821
TEST_08307,1.2708762,-0.19466907,-0.0013890727
TEST_08308,3.4005425,0.4769068,-0.7063083
TEST_08309,4.7346134,-1.0715711,0.7823485
TEST_08310,1.6585948,1.0753692,-0.7635196
TEST_08311,1.9246265,-0.68665034,-0.10135087
TEST_08312,3.500436,0.7139318,1.293502
TEST_08313,2.9263775,-0.67029136,-0.4942766
TEST_08314,2.221709,0.3975853,-0.04554339
TEST_08315,2.1556613,-1.0412813,0.91039693
TEST_08316,3.3063068,-0.25961447,-0.31164655
TEST_08317,3.2835894,1.79652,-0.13157104
TEST_08318,3.273177,-1.4504354,-0.62364537
TEST_08319,5.5387216,-0.81440336,0.95530856
TEST_08320,1.6749315,-0.4148648,0.16954745
TEST_08321,5.003542,0.52965075,0.9304079
TEST_08322,1.0618815,0.35884482,0.64675915
TEST_08323,3.0997798,0.42874822,0.5715276
TEST_08324,2.6820688,-0.033978928,-0.9216479
TEST_08325,1.8737087,0.2675776,0.1401769
TEST_08326,4.0369687,0.16711792,0.16144681
TEST_08327,3.4583178,-0.44281214,0.92410725
TEST_08328,3.6853817,-1.9328291,-0.1373914
TEST_08329,3.4356933,0.42558715,0.801943
TEST_08330,2.6825795,0.53011966,-0.64508563
TEST_08331,3.3850632,0.385763,-1.0633154
TEST_08332,2.4053626,1.2458255,0.36544698
TEST_08333,2.1643724,0.35176054,-0.07823733
TEST_08334,2.0442483,-0.24730155,-0.13549404
TEST_08335,2.9144366,-0.0014511663,-0.16399541
TEST_08336,3.0739744,0.87797356,-0.013650723
TEST_08337,3.6490567,-0.64299566,0.9389414
TEST_08338,4.390069,0.9435998,-0.7788107
TEST_08339,1.948761,0.60722804,0.29743233
TEST_08340,1.9908602,-0.8679266,-0.5440832
TEST_08341,2.349478,-0.49825644,0.25181463
TEST_08342,2.2446957,0.62362707,0.036882192
TEST_08343,0.94903576,-0.18482417,0.24873085
TEST_08344,1.2040436,-0.28698564,-0.04142373
TEST_08345,1.9146842,0.084019035,-0.3778067
TEST_08346,3.306512,0.26421723,0.45969164
TEST_08347,4.1962595,-0.43726566,1.0285631
TEST_08348,2.1148446,0.52735114,0.10539461
TEST_08349,4.6637,1.0073676,-0.8485279
TEST_08350,5.130637,-0.7491954,-0.41376433
TEST_08351,2.9482362,0.26567307,-0.11645907
TEST_08352,3.1855392,0.5186144,1.2851331
TEST_08353,2.5626307,-1.1764302,0.2358711
TEST_08354,2.6057434,0.49816242,0.08856435
TEST_08355,2.1520514,-0.2033689,-0.736989
TEST_08356,1.755392,-0.27397048,0.46609643
TEST_08357,2.1846166,-0.16688204,0.63290936
TEST_08358,1.7268714,0.35607517,-0.19362675
TEST_08359,5.5251203,-1.0849342,-0.32121527
TEST_08360,2.7858288,-1.1893038,0.62669575
TEST_08361,1.0668588,0.20357534,-0.3132271
TEST_08362,3.5958323,-0.72632915,0.54027057
TEST_08363,3.3309412,0.8775775,-0.08286303
TEST_08364,2.0053983,0.52316993,-0.4241154
TEST_08365,1.630457,-0.11350661,-0.32156602
TEST_08366,4.1635337,-0.1462009,-0.7858739
TEST_08367,3.7524738,-1.3962122,1.061259
TEST_08368,1.6079983,0.29318026,0.22499299
TEST_08369,3.5467827,-0.03594062,-0.006119456
TEST_08370,2.008237,-0.46523386,-0.41464108
TEST_08371,2.6675413,-0.13125545,0.907342
TEST_08372,1.5044843,0.77374667,-0.63517714
TEST_08373,1.9570224,0.49964237,0.25900042
TEST_08374,2.1838424,0.33511683,-0.07477369
TEST_08375,2.3445072,0.08580664,0.42557418
TEST_08376,2.6585805,-0.45944932,0.964545
TEST_08377,2.2976716,-1.1069498,-0.06379337
TEST_08378,3.9872546,-0.26389107,0.22766949
TEST_08379,2.7219086,0.6122906,0.6353959
TEST_08380,2.5130723,0.87951756,0.50168973
TEST_08381,3.755779,-0.25915647,1.2410992
TEST_08382,1.4964046,0.51102066,0.2164634
TEST_08383,1.662013,-0.3751309,0.029049626
TEST_08384,1.1077135,0.4587474,-0.07438771
TEST_08385,3.399759,-1.8839874,-0.24520701
TEST_08386,2.6824734,-0.576789,-1.026625
TEST_08387,2.31304,-0.66452426,-0.16719373
TEST_08388,2.3127983,-0.038084798,-0.0008428965
TEST_08389,3.3419073,-1.2117647,-0.14136815
TEST_08390,4.6526318,-1.4105245,0.60131437
TEST_08391,1.1545005,-0.13757472,-0.072486736
TEST_08392,3.5397482,1.1808462,-0.7632193
TEST_08393,2.5301578,-0.017585995,-0.40440986
TEST_08394,2.3154511,-0.39327997,0.051967494
TEST_08395,1.5057422,-0.3231709,-0.07911764
TEST_08396,3.07835,0.17748833,0.810229
TEST_08397,2.27012,-0.050547417,0.12684542
TEST_08398,1.6655904,-0.08404532,0.3927026
TEST_08399,5.084874,-1.0638689,0.006982697
TEST_08400,3.9270155,-0.30388108,-1.1349287
TEST_08401,2.2027142,1.3917906,-0.11024837
TEST_08402,3.736384,-0.98405755,1.0891709
TEST_08403,3.9021173,-0.5333698,0.17834742
TEST_08404,2.863373,-0.41906124,0.03931367
TEST_08405,1.1916664,0.23872663,-0.09890532
TEST_08406,4.705142,-0.88500243,0.13531098
TEST_08407,2.017391,1.1045493,0.45515344
TEST_08408,3.3941488,1.4709868,-0.66244555
TEST_08409,2.8663216,0.19780833,0.9325956
TEST_08410,3.179794,0.4873453,-0.68474036
TEST_08411,0.9554556,0.078970484,-0.18332814
TEST_08412,4.3367796,0.29410905,-0.19211088
TEST_08413,1.4434032,0.44961768,-0.17537554
TEST_08414,2.9400806,0.23820329,0.8141538
TEST_08415,2.3097124,0.5792022,-0.27272445
TEST_08416,1.9554975,-1.2614468,0.13613234
TEST_08417,3.2780602,0.1386865,-0.14296272
TEST_08418,2.12816,1.0580143,-0.51109904
TEST_08419,2.7963324,-0.6217315,-0.58078676
TEST_08420,2.2995164,-0.22294691,0.89293873
TEST_08421,3.1256647,-0.07903363,0.40556824
TEST_08422,2.2288034,0.5861174,0.3963692
TEST_08423,1.3725443,0.10981466,-0.09253196
TEST_08424,3.130532,0.44599703,0.41769728
TEST_08425,4.2193246,0.703137,-0.66738814
TEST_08426,1.9062848,0.23269993,-0.089286715
TEST_08427,3.5441446,-0.35569602,0.35142574
TEST_08428,2.6741347,-0.6778216,-0.37784627
TEST_08429,3.9047172,-1.6099024,0.0676765
TEST_08430,3.2696724,1.0043604,-0.32510144
TEST_08431,2.4669342,-0.98159707,-0.018051226
TEST_08432,1.4062488,0.31367645,-0.41639245
TEST_08433,2.238413,-0.25535023,-0.4527676
TEST_08434,2.6486642,0.29386497,0.109938055
TEST_08435,2.2355301,-0.56095666,-0.99869424
TEST_08436,4.4604692,0.7158406,0.26580352
TEST_08437,3.3161933,0.83047736,1.0376296
TEST_08438,1.503592,0.31262052,-0.22937068
TEST_08439,4.23643,0.3699276,0.6363195
TEST_08440,3.8818572,-0.3954852,-0.23840189
TEST_08441,4.130414,0.43801114,0.5788117
TEST_08442,4.242713,-0.92720246,0.6599587
TEST_08443,3.5539653,0.24606289,-1.0624857
TEST_08444,3.2545576,1.2312356,-0.06550597
TEST_08445,1.4896338,0.23044291,-0.17367019
TEST_08446,3.4193933,0.18482092,-0.15741763
TEST_08447,3.6135128,-1.0786297,-0.015873566
TEST_08448,4.0557904,1.8026049,0.080708824
TEST_08449,2.920513,0.05910951,-0.4184796
TEST_08450,1.318912,0.43714473,0.12466912
TEST_08451,2.8691897,-0.12350796,0.33934596
TEST_08452,2.2983098,1.3230686,0.61059535
TEST_08453,3.1651838,0.2910129,-0.11737501
TEST_08454,1.4211686,-0.045111004,0.03690487
TEST_08455,1.3067868,0.66443574,-0.22262354
TEST_08456,3.2414494,-1.2629942,-0.037575617
TEST_08457,2.6212144,-0.18637091,1.3581612
TEST_08458,5.1031847,-0.12506801,1.0616671
TEST_08459,1.7471883,0.18374924,-0.3897005
TEST_08460,2.351729,0.0480377,-0.4443215
TEST_08461,3.1782715,-0.1534972,0.37707293
TEST_08462,1.7145433,-0.65333945,0.6022031
TEST_08463,1.6814164,0.5454758,-0.11658776
TEST_08464,1.1522806,0.013714904,-0.2385231
TEST_08465,2.558567,-0.064120926,1.0910267
TEST_08466,2.6520987,-0.018429775,-0.036387186
TEST_08467,4.2774234,-0.4567041,-0.754683
TEST_08468,2.6630049,-0.14151618,-0.085903965
TEST_08469,3.1925285,-0.8347174,1.1995502
TEST_08470,3.535833,0.6864926,0.7679615
TEST_08471,1.8396202,-0.6706628,0.41080692
TEST_08472,3.220155,0.8451621,0.4696241
TEST_08473,3.2576787,0.5915679,1.1898572
TEST_08474,1.7016864,-0.07678901,0.18287095
TEST_08475,1.7888496,-0.32775483,0.16039118
TEST_08476,1.8448715,-1.0177361,0.01759924
TEST_08477,3.6939073,-1.8134592,-0.04135617
TEST_08478,3.6244342,-1.3915821,0.9834809
TEST_08479,4.9371586,-1.0135874,-0.52269965
TEST_08480,1.5458854,0.9420428,0.18573064
TEST_08481,2.1527972,1.1635141,-0.26021114
TEST_08482,4.263237,-0.17543305,1.5164938
TEST_08483,3.6732955,0.073290646,0.4080128
TEST_08484,1.7098814,0.3260513,0.29268396
TEST_08485,1.6735253,-0.31302562,0.41938952
TEST_08486,4.2039866,-0.6005635,-0.8511935
TEST_08487,3.3710074,1.6928351,1.1538874
TEST_08488,4.483115,2.2816992,-0.32913524
TEST_08489,4.2094674,-0.030893167,-0.47662792
TEST_08490,2.8050506,0.2853324,0.20182149
TEST_08491,1.5834243,0.017500784,0.41198716
TEST_08492,3.6448016,0.8437488,0.32521856
TEST_08493,2.3359544,-0.18199827,0.03651609
TEST_08494,1.828923,1.0936334,-0.5647175
TEST_08495,2.6486177,-0.17356828,0.17833708
TEST_08496,3.670499,0.61965364,0.43635386
TEST_08497,2.8574228,-0.14569928,0.029811058
TEST_08498,1.098607,0.037824854,0.33099154
TEST_08499,2.2819476,0.5658373,-0.08050022
TEST_08500,2.988168,0.3842421,-0.15665568
TEST_08501,1.9979339,-0.023413295,-0.5615694
TEST_08502,1.1166476,-0.34637058,-0.30002326
TEST_08503,4.0461874,0.22764838,0.82299864
TEST_08504,2.6337423,-0.12543583,0.11963387
TEST_08505,5.4478674,1.7187362,2.0170414
TEST_08506,2.2090988,0.457759,0.8559235
TEST_08507,3.1591578,-0.19814728,-0.86290526
TEST_08508,2.238052,-0.63378984,0.19726542
TEST_08509,1.1354039,0.17905043,-0.31811237
TEST_08510,2.1045132,0.14287141,0.67048967
TEST_08511,1.3333746,-0.64954346,0.003065278
TEST_08512,3.1492846,0.27556026,0.63248485
TEST_08513,1.9700449,-0.59316677,-0.21346109
TEST_08514,2.2759182,-0.23316455,-0.013913782
TEST_08515,1.5450062,0.63396245,0.15283163
TEST_08516,4.238964,1.9722675,0.75604135
TEST_08517,3.4963934,-0.60456425,0.097987674
TEST_08518,3.7604465,1.4831167,0.4360112
TEST_08519,4.188662,1.0870223,-1.1726538
TEST_08520,3.3220947,-0.25200552,-0.30824858
TEST_08521,3.3212297,0.21275309,-0.49408528
TEST_08522,3.8675644,0.6691091,1.1060276
TEST_08523,4.0547957,-1.7697132,-0.5749255
TEST_08524,2.5102293,-0.40964246,-0.6782117
TEST_08525,1.4413704,-0.05668705,0.12551694
TEST_08526,3.2188213,0.14522977,-0.73702204
TEST_08527,3.9420815,-1.135332,-0.99398375
TEST_08528,2.9548805,2.2077985,0.43521518
TEST_08529,3.4894524,0.3258798,-0.5944286
TEST_08530,2.8479896,-0.17968626,-0.13703534
TEST_08531,2.2849832,-0.37876028,0.1383781
TEST_08532,4.6973896,0.35032764,-0.17953496
TEST_08533,2.4472342,0.08125972,0.17244984
TEST_08534,1.5295597,0.05117137,0.033236507
TEST_08535,1.2459551,-0.53603417,0.31080166
TEST_08536,2.056284,-0.1891447,0.41904515
TEST_08537,2.5792894,0.60207653,0.08758368
TEST_08538,3.8963175,0.72822565,-0.9925133
TEST_08539,2.7821105,-1.7088935,0.5810316
TEST_08540,1.4230756,-0.20944813,-0.45559093
TEST_08541,2.1562912,0.04100881,0.11159009
TEST_08542,1.4540454,0.48200107,0.14381555
TEST_08543,1.048486,0.3938363,-0.2592108
TEST_08544,3.3551993,-0.056857646,-0.04544293
TEST_08545,3.0073674,0.34614515,0.35721835
TEST_08546,2.9087934,0.20446691,0.38297015
TEST_08547,2.6030304,0.3221106,0.08002025
TEST_08548,1.9677536,0.0447976,-0.34225887
TEST_08549,2.758151,1.558167,0.8180967
TEST_08550,5.250772,-0.21295926,0.20531653
TEST_08551,1.8447946,0.61253613,-0.13050272
TEST_08552,2.6950088,1.8551477,-0.3755376
TEST_08553,3.519889,1.0868794,-0.23383272
TEST_08554,2.7673337,0.09925738,0.67164093
TEST_08555,1.7387129,-0.05467401,-0.42588645
TEST_08556,2.5930264,0.70024776,0.25309864
TEST_08557,2.1333337,0.71733963,-0.3153095
TEST_08558,3.0243828,1.6208636,-0.41479206
TEST_08559,5.0142903,1.6382031,-0.22266953
TEST_08560,2.9018798,-0.27139294,0.8830586
TEST_08561,2.1470082,1.3545276,-0.12502828
TEST_08562,1.260952,-1.0097681,0.24138123
TEST_08563,1.0297991,-0.09165018,0.08745966
TEST_08564,2.2214813,-0.014391234,0.41733485
TEST_08565,1.7214448,-0.08501157,-0.15357773
TEST_08566,4.1440086,-0.4595042,0.25292304
TEST_08567,4.612532,-1.0661677,0.55351067
TEST_08568,2.124535,1.2983874,0.5758024
TEST_08569,1.0728414,-0.30797806,0.1268971
TEST_08570,1.9758801,-0.26084158,-0.043571405
TEST_08571,1.5622697,-0.040778197,-0.073525585
TEST_08572,4.0969334,0.08948399,1.029032
TEST_08573,2.4298844,0.27794003,0.5507537
TEST_08574,3.4477234,1.3054078,1.4405574
TEST_08575,2.2496202,1.0575634,0.20808952
TEST_08576,2.4082844,-0.78447545,-0.024593443
TEST_08577,3.262218,0.9217247,0.5297744
TEST_08578,3.6262598,0.37661493,1.059496
TEST_08579,3.7306871,-0.36517942,0.72986937
TEST_08580,2.314805,0.9236441,-0.37687632
TEST_08581,3.2717955,-0.15082444,-0.27412397
TEST_08582,1.8324662,0.10030941,0.26826853
TEST_08583,4.2374735,-0.66782415,1.0993265
TEST_08584,3.7423348,-0.53820217,0.31548336
TEST_08585,2.700939,1.1416054,0.20992045
TEST_08586,1.0734562,0.21606667,-0.38780597
TEST_08587,4.505433,0.41080487,-0.26606503
TEST_08588,3.6144505,0.8629389,-0.30559957
TEST_08589,3.6857696,-1.5382683,-1.3032669
TEST_08590,2.429124,-0.6659599,-0.7796795
TEST_08591,2.5806525,-0.71312,0.61313206
TEST_08592,1.5918323,1.0775851,-0.72855926
TEST_08593,2.7848413,0.9701984,0.99724793
TEST_08594,2.2714179,0.079228975,0.039685294
TEST_08595,1.8711407,-0.73219705,0.43633372
TEST_08596,3.367154,-0.20740952,0.8239364
TEST_08597,2.4364798,0.030368153,-0.07010352
TEST_08598,1.7287891,0.87391794,-0.58915275
TEST_08599,1.3763822,-0.603509,0.21692538
TEST_08600,3.1643386,-1.5146278,1.196381
TEST_08601,1.1209025,-0.12362567,0.22977088
TEST_08602,2.9521236,1.5401818,1.4081608
TEST_08603,1.9815449,-0.1229364,-0.40453914
TEST_08604,2.220173,-0.25544912,-0.040135562
TEST_08605,1.9732174,-0.9573331,-0.75931567
TEST_08606,1.8412842,0.1644113,-0.55004346
TEST_08607,1.3058386,-0.31572336,-0.35167685
TEST_08608,4.379522,1.9076025,-0.9806307
TEST_08609,4.0107,-0.45855528,0.45526156
TEST_08610,1.852894,0.7809094,-0.31474555
TEST_08611,4.1100664,-0.31727406,0.32127315
TEST_08612,3.3517551,0.92367446,0.844097
TEST_08613,2.701572,-0.27928978,-0.0032435656
TEST_08614,1.3399706,0.8011302,-0.19720936
TEST_08615,2.048334,-0.74188554,0.47024718
TEST_08616,2.9600234,0.6326301,0.65345776
TEST_08617,2.262586,0.48140022,0.5105962
TEST_08618,2.887982,1.3100414,0.11038133
TEST_08619,1.2240217,0.089192286,-0.15979904
TEST_08620,1.8884039,0.20723411,-0.23214413
TEST_08621,2.8716867,-0.19365272,0.32518902
TEST_08622,1.763115,0.0006859526,0.11198984
TEST_08623,2.7329845,0.80858976,-0.8581234
TEST_08624,2.9160142,-0.22444381,0.32660893
TEST_08625,4.116439,1.2018234,-0.5745156
TEST_08626,2.114969,0.28917584,0.04568187
TEST_08627,1.1586137,0.06295495,0.32565975
TEST_08628,2.9931881,-0.35575145,-0.1005995
TEST_08629,4.1888223,1.4770542,1.2863187
TEST_08630,1.1093957,-0.21130915,0.12656292
TEST_08631,2.871172,0.8443897,0.2558478
TEST_08632,2.5749152,0.5944254,0.10343724
TEST_08633,3.2769468,-1.7293565,-0.4880308
TEST_08634,1.2526555,0.25536212,-0.03633099
TEST_08635,1.2061743,0.40454173,-0.35918817
TEST_08636,3.9738805,-1.0513842,-0.019239852
TEST_08637,3.4040902,-1.3398969,0.81468505
TEST_08638,2.4947271,0.8949828,1.218076
TEST_08639,5.5852127,-0.31120744,0.31595972
TEST_08640,2.5887625,0.4598288,-0.30506536
TEST_08641,3.4267852,-1.0023313,-0.8863357
TEST_08642,4.4715967,0.5905147,0.3946539
TEST_08643,2.1362405,-0.91746354,-0.8808589
TEST_08644,2.0799236,0.7135853,0.37226138
TEST_08645,1.7427318,-0.27197453,-0.4625785
TEST_08646,3.871795,1.1292125,-0.7187315
TEST_08647,2.2951229,1.3360572,0.06302611
TEST_08648,5.1885223,0.82246614,0.32539696
TEST_08649,1.948176,-0.049701605,0.26366922
TEST_08650,1.8960267,0.48478827,0.063348435
TEST_08651,3.3498967,0.43327984,0.33341
TEST_08652,3.8521066,0.0780193,0.63388866
TEST_08653,3.1004696,0.67322093,-0.54093945
TEST_08654,2.9698439,-1.5937982,-1.1215609
TEST_08655,4.2824464,-0.5571666,-0.23016539
TEST_08656,1.7595654,-0.2723795,0.06733187
TEST_08657,3.6287208,2.0422683,0.04272537
TEST_08658,2.0286942,0.36610597,-0.29447207
TEST_08659,2.9361153,-1.2572558,0.49990183
TEST_08660,1.9886229,-1.0371449,1.0320426
TEST_08661,0.7625639,-0.22216474,-0.25161254
TEST_08662,1.6161131,0.31566072,0.31483746
TEST_08663,3.3894417,0.14465399,-0.9155813
TEST_08664,1.9451503,0.05583162,-0.3969948
TEST_08665,4.322532,0.51648307,-0.37014273
TEST_08666,1.3666823,0.15046708,-0.57000804
TEST_08667,2.5885885,-0.46396938,0.2676433
TEST_08668,2.767843,-0.62137234,0.31485432
TEST_08669,2.466472,1.4364533,0.59482396
TEST_08670,1.0698533,-0.630014,-0.16367249
TEST_08671,3.2427075,0.11005815,-0.123253256
TEST_08672,2.688297,-0.21382847,-0.19544396
TEST_08673,2.5645378,-0.08527273,0.498326
TEST_08674,3.4371462,-0.42390245,0.6521642
TEST_08675,1.34741,0.4847689,-0.18979855
TEST_08676,3.9227996,1.580414,0.702828
TEST_08677,2.1153903,0.92022103,0.21105051
TEST_08678,3.2935767,-1.8278354,-0.9153934
TEST_08679,4.333827,-1.3226463,2.22275
TEST_08680,4.7362504,2.1091635,-0.91368556
TEST_08681,2.3344305,0.78897774,-0.28865167
TEST_08682,1.3751712,-0.5675025,-0.3399974
TEST_08683,3.7640498,2.0672417,0.8900214
TEST_08684,2.6786957,-0.36527798,-0.19554564
TEST_08685,1.4209485,-0.24012358,0.017623398
TEST_08686,3.271428,-0.4041432,-0.086993895
TEST_08687,2.997579,0.39140007,-0.64346135
TEST_08688,0.78424746,0.41900787,0.21375863
TEST_08689,2.7349534,0.31208026,-0.08650498
TEST_08690,3.1583514,0.07654337,1.2246827
TEST_08691,2.7894535,0.16206674,-0.15465064
TEST_08692,2.4093957,0.9421802,0.104690194
TEST_08693,1.3138746,0.22409719,-0.0679342
TEST_08694,3.1957326,0.06347761,1.4120984
TEST_08695,3.5807998,0.57601905,-1.0045475
TEST_08696,3.07996,-0.49576733,1.5536165
TEST_08697,3.8261037,-0.59788704,0.7540883
TEST_08698,3.4100783,0.4672395,-0.97389877
TEST_08699,2.3981001,1.2486001,-0.37150338
TEST_08700,3.408885,0.98289233,0.8626142
TEST_08701,3.6295033,0.34712693,-0.68618447
TEST_08702,1.8066927,0.1366288,-0.09702293
TEST_08703,2.4957647,-0.17519584,0.12689818
TEST_08704,1.6176654,0.5986892,-0.22506513
TEST_08705,2.9143126,-1.4684447,-0.6150142
TEST_08706,3.3018813,-0.5051874,0.48245248
TEST_08707,2.1467807,-0.15243803,0.45496318
TEST_08708,2.98644,0.66556346,-0.60592496
TEST_08709,4.411408,-0.9874301,0.9162577
TEST_08710,1.8380293,0.105984,0.60484636
TEST_08711,2.474989,-0.87974477,0.24782495
TEST_08712,1.8407061,-1.1306177,0.83045584
TEST_08713,2.4509563,0.1413061,0.16895811
TEST_08714,3.4055235,-0.4951669,-0.3346867
TEST_08715,1.3320557,-0.18174717,0.13979366
TEST_08716,2.9803762,-0.391548,0.71705055
TEST_08717,3.0841174,-0.15586147,-0.45101076
TEST_08718,3.6394107,-0.1039513,1.1692868
TEST_08719,5.4431486,0.89580953,2.0462794
TEST_08720,3.7855601,0.40232405,0.7642732
TEST_08721,3.985953,0.09170158,0.6343157
TEST_08722,3.8212326,0.7659768,1.6045245
TEST_08723,1.824945,0.4707212,0.6520105
TEST_08724,2.8250742,0.4346289,0.23918375
TEST_08725,1.0783632,-0.3624911,-0.023834804
TEST_08726,1.5005795,0.05039256,0.1473254
TEST_08727,2.97512,0.2432424,0.82078063
TEST_08728,1.014484,-0.88188016,0.2609103
TEST_08729,1.7194401,0.437019,0.03984243
TEST_08730,1.5683534,-0.049494095,0.3168583
TEST_08731,3.718561,0.38423872,0.24806273
TEST_08732,2.9006763,0.60316235,1.367952
TEST_08733,3.0321906,0.002800136,0.31260982
TEST_08734,3.246938,-0.4695884,-0.43478253
TEST_08735,1.6109776,0.34341428,0.4079834
TEST_08736,1.5770593,-0.18642366,0.8261296
TEST_08737,2.8933895,-0.2478313,0.7323351
TEST_08738,3.2107675,1.4939674,1.731566
TEST_08739,2.3855872,0.33507472,-0.23020758
TEST_08740,1.5621133,0.2364773,-0.45565075
TEST_08741,3.599316,-0.09528808,0.24639073
TEST_08742,1.4982754,0.43474534,-0.0121743735
TEST_08743,1.6577759,0.7562374,0.31646314
TEST_08744,3.8370588,0.19357812,-0.49168712
TEST_08745,1.5133102,-0.6063609,-0.5621522
TEST_08746,2.638347,-0.15611708,-0.8870431
TEST_08747,2.9243731,0.1628324,-0.24434975
TEST_08748,1.6441277,-0.16358662,0.18604113
TEST_08749,2.9665394,-0.5708517,-0.43139178
TEST_08750,3.8269598,1.5387934,1.5428373
TEST_08751,1.3227594,0.20809959,0.08316732
TEST_08752,2.1931152,-0.93223214,0.055131175
TEST_08753,2.0947857,-0.5832736,0.039420005
TEST_08754,1.9043529,-0.40079278,0.29390794
TEST_08755,1.6306881,-0.5926629,-0.16021487
TEST_08756,3.3861558,-0.15581658,1.0493665
TEST_08757,3.517207,0.5662153,0.7648587
TEST_08758,0.91625553,0.069988154,0.01312867
TEST_08759,0.97600204,-0.115880586,-0.26636174
TEST_08760,1.8496871,0.1955597,0.35718104
TEST_08761,2.5486233,1.5017073,0.07767029
TEST_08762,3.2266798,0.69293,0.47799549
TEST_08763,3.1114428,1.1234963,0.011550828
TEST_08764,2.2369237,-0.68442637,-0.356613
TEST_08765,0.79890627,-0.15539959,-0.18136193
TEST_08766,2.5238633,0.10567497,-0.37987238
TEST_08767,2.2173774,1.1002231,-0.7449618
TEST_08768,3.937731,-1.0200326,0.24856266
TEST_08769,1.8635399,0.6689805,0.08600962
TEST_08770,1.3441305,0.08382473,-0.09276749
TEST_08771,1.5336212,-0.17814308,-0.2309905
TEST_08772,4.5433097,0.030829985,-1.001259
TEST_08773,2.5320954,0.1639802,0.15687598
TEST_08774,2.3125837,-1.3800907,-0.65773875
TEST_08775,2.5643144,0.017449984,0.6617099
TEST_08776,2.1272786,-0.16758865,0.4008502
TEST_08777,3.786677,0.7413196,1.0553529
TEST_08778,4.7652874,0.56818134,-0.943766
TEST_08779,2.5581915,-1.1691091,-0.45809588
TEST_08780,2.2652853,-0.2515225,0.63861865
TEST_08781,2.3375807,0.14804043,-0.57029265
TEST_08782,1.4489783,-0.23558934,-0.079387106
TEST_08783,4.430809,0.12707517,-0.9256544
TEST_08784,3.374507,0.03628467,-0.5928941
TEST_08785,4.746083,1.3082092,-0.028531224
TEST_08786,1.4157772,-0.18209225,-0.5058414
TEST_08787,3.3895166,0.1487819,0.7738095
TEST_08788,2.3729475,-0.036143273,-0.033306226
TEST_08789,3.063473,-1.5287751,1.0424868
TEST_08790,1.4124537,-0.43879724,0.49757406
TEST_08791,2.8320198,-0.020414267,0.168414
TEST_08792,2.1394646,0.71814394,-0.7570068
TEST_08793,1.8646029,0.14313191,-0.290619
TEST_08794,1.3339523,0.14561233,0.037533477
TEST_08795,0.9633094,0.047914714,-0.008760236
TEST_08796,1.9444127,0.07752821,0.14723623
TEST_08797,2.7560356,1.5392207,0.29751867
TEST_08798,1.984257,0.44794714,-0.15573944
TEST_08799,5.404461,-0.7938948,0.30476394
TEST_08800,2.3906505,-1.1067532,0.31515712
TEST_08801,4.5602136,-1.4725194,-0.7061129
TEST_08802,3.016665,1.3405924,0.26299334
TEST_08803,2.794931,-0.08290638,0.57556975
TEST_08804,2.2784834,-0.9790888,0.74580914
TEST_08805,2.8541868,0.8045954,0.7338611
TEST_08806,3.739626,1.3359921,-0.14830294
TEST_08807,1.994169,0.12898718,-0.0945361
TEST_08808,2.636409,0.16989489,0.5517634
TEST_08809,1.993017,0.041803747,-0.125946
TEST_08810,2.1377587,0.19229887,0.2697082
TEST_08811,2.4086587,-0.018416665,-0.66377956
TEST_08812,1.7663252,-1.06266,-0.72619945
TEST_08813,1.1302258,-0.09379017,-0.091029905
TEST_08814,1.2955203,0.5433898,-0.4540109
TEST_08815,1.4242293,-0.45017365,0.15194468
TEST_08816,1.1550301,-0.20136479,-0.37159973
TEST_08817,2.4771447,0.23082411,0.5800825
TEST_08818,4.468261,0.40359294,-0.6087651
TEST_08819,1.8478861,-0.8174754,0.50583893
TEST_08820,2.307582,0.055498842,-0.5209456
TEST_08821,3.358881,0.24956761,0.02768898
TEST_08822,1.9519056,-0.40162572,-0.29406834
TEST_08823,1.5706304,0.32055503,0.14158054
TEST_08824,2.6780229,-0.18692212,0.18199205
TEST_08825,1.678638,-0.5252127,0.94581014
TEST_08826,3.4066823,0.26014864,-0.80254275
TEST_08827,1.4606292,0.33941096,0.13429828
TEST_08828,2.3585093,-0.27009064,0.13720636
TEST_08829,0.8885211,0.3565532,0.472716
TEST_08830,2.6203208,0.7078408,-0.7586818
TEST_08831,1.7981437,-0.34579086,-0.05816721
TEST_08832,2.6403272,0.5122897,0.33933315
TEST_08833,3.5562117,0.88094735,0.47863972
TEST_08834,1.7137922,0.30617058,-0.12878482
TEST_08835,1.5857085,0.42205262,0.5101814
TEST_08836,3.3193936,-1.4543517,1.2059102
TEST_08837,2.9736638,-1.623861,-0.38064483
TEST_08838,3.1570826,-0.10938176,1.0558265
TEST_08839,5.3923316,-0.48741356,1.3417063
TEST_08840,3.7346458,1.4481485,0.58226204
TEST_08841,1.0121245,0.20555538,0.19671021
TEST_08842,3.8631763,1.439514,0.71258926
TEST_08843,2.6624477,-1.6841111,-0.7333269
TEST_08844,2.8209717,0.017516805,0.19592242
TEST_08845,2.6082106,0.60488605,-0.16233297
TEST_08846,3.2939844,-0.33924606,-0.59930956
TEST_08847,1.9782635,1.2685871,-0.9299027
TEST_08848,6.196455,1.8090335,-0.697306
TEST_08849,1.5960618,-0.36830387,-0.08365337
TEST_08850,2.9017615,-0.014613364,-0.7131099
TEST_08851,0.941704,0.20713805,-0.23695163
TEST_08852,1.135954,-0.88389105,0.33779216
TEST_08853,1.3244087,-0.161713,0.010772841
TEST_08854,1.916719,0.6208664,-0.19083221
TEST_08855,3.7234654,-0.5878099,0.5635181
TEST_08856,1.5210234,-0.3981413,-0.20000494
TEST_08857,3.9983828,-0.19837566,1.9718848
TEST_08858,2.6279562,0.743244,-0.7831477
TEST_08859,1.9365462,0.38514456,-0.50999194
TEST_08860,0.91979045,0.27588564,-0.041035607
TEST_08861,3.2926662,-0.25810587,0.8778908
TEST_08862,1.4121821,-0.24797994,0.16152254
TEST_08863,2.1234014,0.3774726,0.06921916
TEST_08864,3.3100805,0.09813944,0.14295156
TEST_08865,3.607587,0.9572978,1.7535251
TEST_08866,1.6834725,-0.44787005,-0.4304756
TEST_08867,2.3270614,0.4924912,-0.29304314
TEST_08868,2.3272455,0.73544455,-0.45676458
TEST_08869,3.1595917,-0.73515666,0.87530017
TEST_08870,4.804731,-0.7232569,1.5098724
TEST_08871,1.0688139,0.09622091,-0.013749789
TEST_08872,0.9062207,-0.18510483,0.25947127
TEST_08873,1.8499653,-0.3453271,-0.17302796
TEST_08874,2.3788538,0.2005704,0.09724175
TEST_08875,2.3407454,0.3925907,-0.026015647
TEST_08876,1.479248,-0.29206142,0.20351091
TEST_08877,3.8037996,0.69129413,-0.24629423
TEST_08878,2.3083913,0.8347971,-0.40317428
TEST_08879,5.4012876,0.08615225,1.1530887
TEST_08880,3.778527,0.8803933,0.9978302
TEST_08881,3.7506332,-1.5119603,0.30150554
TEST_08882,1.0227308,0.080390505,0.3715519
TEST_08883,2.682966,1.7517484,1.1360989
TEST_08884,3.0752795,-0.16234015,0.28816703
TEST_08885,1.0145587,0.24384734,0.024687085
TEST_08886,1.7085248,0.26726997,-0.06414338
TEST_08887,3.2291908,0.49847662,-0.00095183775
TEST_08888,2.5730548,0.5102492,-1.1825485
TEST_08889,1.4758114,0.22406666,0.101886086
TEST_08890,2.9865108,0.3357525,-0.36931852
TEST_08891,1.571223,-0.043804236,-0.29559594
TEST_08892,1.007629,0.15311179,0.32735324
TEST_08893,2.9665825,-0.19317017,0.31958172
TEST_08894,2.7301767,1.5276903,1.109794
TEST_08895,2.3951483,-0.43651617,-0.017406844
TEST_08896,1.9862573,-0.6110335,1.2179377
TEST_08897,4.1201806,-0.24631876,-0.7410418
TEST_08898,1.2910534,-1.1677948,-0.4856576
TEST_08899,0.9576035,0.32241,-0.1264264
TEST_08900,2.3741267,-0.39622036,0.42271763
TEST_08901,1.8513973,0.08234607,-0.31331
TEST_08902,2.0504475,0.39088854,-0.178625
TEST_08903,3.370029,-0.6816816,0.91057503
TEST_08904,2.4152892,-0.4143571,0.38673088
TEST_08905,1.4472464,0.16339467,0.25525266
TEST_08906,2.7428882,0.27873552,-0.12929103
TEST_08907,2.482064,0.43434596,-0.16862303
TEST_08908,2.2678528,-0.8931762,0.54311836
TEST_08909,4.027499,1.4366448,0.7677112
TEST_08910,3.0188293,-1.6287956,0.81900257
TEST_08911,1.274352,-0.22411886,-0.21230601
TEST_08912,1.9963385,-0.14929569,0.5394954
TEST_08913,2.8530447,0.38146022,-0.94217354
TEST_08914,2.9951372,-0.30477226,0.6116297
TEST_08915,1.3654381,0.055334933,-0.12824595
TEST_08916,2.952425,-0.09822313,0.34937188
TEST_08917,3.5919757,-2.1561646,-0.51176625
TEST_08918,3.812469,-1.4305284,-0.24071321
TEST_08919,2.3169417,-1.4372426,0.6301139
TEST_08920,4.8636465,-0.11636669,0.36613062
TEST_08921,4.9378195,1.9881155,0.00361708
TEST_08922,3.7546103,-0.20958813,0.6108535
TEST_08923,3.002818,0.016190825,0.4280448
TEST_08924,1.5055788,-0.32776845,0.6063921
TEST_08925,2.1938815,0.45877454,0.36535287
TEST_08926,2.724963,-0.2792208,-0.8054318
TEST_08927,2.9618223,-0.1446555,0.4887428
TEST_08928,5.4435406,0.03774308,0.63828826
TEST_08929,4.3090444,-0.0753707,-1.1106251
TEST_08930,2.7213964,0.46589762,-0.75828695
TEST_08931,3.7174685,-0.54770255,-0.7291678
TEST_08932,4.1310873,0.93306375,-1.235543
TEST_08933,0.9110552,0.41902345,-0.10806814
TEST_08934,2.2445579,1.6673414,-0.4401762
TEST_08935,1.2131572,0.41681558,0.25777438
TEST_08936,1.5299852,0.27759618,0.15205343
TEST_08937,3.9523764,-1.6479163,0.77776796
TEST_08938,5.763268,0.39856598,-1.1634945
TEST_08939,1.1141247,-0.07149227,0.18375759
TEST_08940,2.3288774,0.68102276,0.4292879
TEST_08941,1.1503443,0.13470937,0.23576148
TEST_08942,1.7035435,0.7816851,0.53707916
TEST_08943,1.8235552,-0.107807666,-0.2976258
TEST_08944,2.8492775,0.47123426,-0.18832768
TEST_08945,4.5923634,1.6888663,0.026953384
TEST_08946,3.3880029,-0.20002072,0.1289931
TEST_08947,1.3310542,0.38528457,-0.4598157
TEST_08948,3.172228,0.24230734,-0.2978597
TEST_08949,4.5507064,0.60585904,0.9051494
TEST_08950,2.6054688,1.6342949,0.5608823
TEST_08951,2.598844,0.78383833,0.4311029
TEST_08952,3.1829388,1.7253084,1.6947279
TEST_08953,3.8506289,0.46110266,1.0713506
TEST_08954,1.7588762,0.37435633,0.36617157
TEST_08955,1.1186059,0.27561972,-0.1977531
TEST_08956,3.7866058,-1.4921256,0.4912523
TEST_08957,1.8145169,0.46249735,0.13499193
TEST_08958,1.8080903,-0.9680538,0.04082312
TEST_08959,2.6634302,-0.9054027,0.8673019
TEST_08960,1.4974468,-0.1171723,0.06804346
TEST_08961,5.1775246,0.98026186,1.084095
TEST_08962,1.3973377,-0.6059011,0.32993078
TEST_08963,1.5409399,1.1033944,-0.5844917
TEST_08964,2.7411335,-0.04262344,0.09459402
TEST_08965,2.4463186,0.03550248,-0.3321883
TEST_08966,5.1889186,0.53210235,0.55054975
TEST_08967,2.3669057,1.2810779,0.15761933
TEST_08968,4.9821444,-0.31483248,1.020517
TEST_08969,4.0352716,0.17967741,-0.8128414
TEST_08970,1.5134904,0.017864764,-0.21411888
TEST_08971,4.029751,-0.49982917,-0.62867844
TEST_08972,4.5501976,-1.2339457,-1.0043494
TEST_08973,0.9085819,-0.27611372,0.27191076
TEST_08974,3.1834395,-1.3691418,1.2631508
TEST_08975,2.9071965,-0.66999435,0.4556332
TEST_08976,2.755835,-0.5160962,1.6596944
TEST_08977,3.2083845,-0.26868343,0.9354898
TEST_08978,2.2847142,-0.7345914,1.3468796
TEST_08979,2.9433453,-1.3776313,-0.82405907
TEST_08980,2.0489743,-0.2447976,0.41967455
TEST_08981,3.4846883,0.13563362,0.45580563
TEST_08982,2.0469565,0.03885082,-0.22380912
TEST_08983,2.809883,-0.121394426,0.10616914
TEST_08984,3.0563257,-0.05646912,0.8497767
TEST_08985,1.9989781,-0.27195558,0.6131891
TEST_08986,1.9010204,0.7530087,0.37303707
TEST_08987,3.604287,-0.07831918,-0.020916024
TEST_08988,2.7133217,-0.18025795,0.004261937
TEST_08989,3.2224796,-1.0310093,0.8478112
TEST_08990,1.2621891,0.23305592,-0.23724955
TEST_08991,2.4271717,0.024153652,0.033315558
TEST_08992,2.138996,-0.69852805,-1.0835925
TEST_08993,3.5104377,1.7640946,0.5406082
TEST_08994,2.779898,-0.272787,0.13086773
TEST_08995,0.80687475,0.13652964,0.1713821
TEST_08996,2.426962,0.49514368,0.32846713
TEST_08997,0.99090254,-0.42512834,0.32635084
TEST_08998,3.0964928,-0.7957591,0.68857783
TEST_08999,3.9491055,-0.57973146,-1.1932778
TEST_09000,4.4262466,-1.1534046,0.4496728
TEST_09001,2.5042958,-0.18640144,0.342503
TEST_09002,1.733562,0.27184308,0.79606795
TEST_09003,2.8069184,-2.38167,-0.5387239
TEST_09004,2.6383076,0.02542086,0.25702095
TEST_09005,1.3091278,0.61277115,-0.17575574
TEST_09006,4.44228,-1.0424792,0.8305675
TEST_09007,4.059467,0.47525284,1.1849724
TEST_09008,5.55732,-0.7043674,0.10580845
TEST_09009,0.9914932,0.3098036,0.17819598
TEST_09010,1.075044,-0.18373322,0.117260806
TEST_09011,1.642503,0.08923893,-0.07781291
TEST_09012,3.604856,-0.013595561,0.39117798
TEST_09013,1.4518766,0.045103185,-0.17260103
TEST_09014,1.64342,-0.05753982,0.71821594
TEST_09015,3.056679,0.4664095,0.48535037
TEST_09016,2.1382496,0.14840978,-0.8368517
TEST_09017,1.3100822,0.6896621,0.6193661
TEST_09018,3.2071543,0.9247603,-0.6954562
TEST_09019,2.243808,-0.979587,0.63382804
TEST_09020,2.1096523,0.18373255,-0.95650715
TEST_09021,3.3237193,-0.3521065,0.8205576
TEST_09022,2.1880188,-0.1442172,0.06848305
TEST_09023,3.265944,-0.05785988,-0.33088195
TEST_09024,1.9391955,0.08474467,-0.15037334
TEST_09025,3.978506,1.2367548,0.8964835
TEST_09026,1.2043499,-0.06556092,-0.4344459
TEST_09027,3.96513,-0.4929729,-0.14690903
TEST_09028,3.0028114,0.0073545314,-0.10368799
TEST_09029,4.611052,0.7829452,-0.5479691
TEST_09030,5.2613792,-1.0715785,1.754793
TEST_09031,2.0360987,-1.0983837,-0.12219554
TEST_09032,2.1639688,0.45706278,0.2500185
TEST_09033,2.1712167,0.27228385,0.6005519
TEST_09034,1.547288,0.29414448,0.20450321
TEST_09035,1.4348967,0.29065388,0.20297779
TEST_09036,1.6294342,-0.67136425,-0.15065208
TEST_09037,3.991014,0.69369894,-0.57054317
TEST_09038,0.8951261,-0.2627546,0.41189164
TEST_09039,4.7313704,1.7385345,-0.93040824
TEST_09040,1.6407632,-0.6037115,-0.12191507
TEST_09041,1.2441922,0.25200334,-0.2978145
TEST_09042,3.333038,-1.5943443,0.89525294
TEST_09043,1.2239475,-0.50140464,-0.049697913
TEST_09044,3.4865997,0.24854523,-0.18844609
TEST_09045,2.1314487,0.98662245,0.7095313
TEST_09046,1.5063775,0.9828,0.07450215
TEST_09047,2.237257,0.5052031,-0.0068672714
TEST_09048,3.9443588,1.6397191,0.30165944
TEST_09049,2.899697,0.49790153,-0.21265335
TEST_09050,1.4658358,0.19834408,0.097410746
TEST_09051,1.7105048,-0.21737891,0.17202348
TEST_09052,2.0675716,-0.13691506,-0.23930874
TEST_09053,3.0469902,0.22207952,-0.3174319
TEST_09054,3.496179,-1.7363157,-1.1178545
TEST_09055,1.2035369,-0.35511282,-0.013474401
TEST_09056,2.7075171,-0.27248535,0.70661116
TEST_09057,3.1778562,-1.1169682,0.8761038
TEST_09058,4.2546434,0.042709462,-0.6251883
TEST_09059,1.3918179,0.6925462,-0.17824022
TEST_09060,2.793487,0.5241194,-0.9575876
TEST_09061,1.6126275,-0.51303345,0.37566888
TEST_09062,1.380868,-0.4236796,0.30811626
TEST_09063,2.136141,-0.36416447,0.4561717
TEST_09064,2.022158,-0.021680672,0.36081335
TEST_09065,2.7359526,-0.085807465,-0.5166944
TEST_09066,2.6976106,0.33652693,0.03195185
TEST_09067,3.534405,0.5959079,0.09178971
TEST_09068,3.2674959,0.71274495,0.6404721
TEST_09069,3.0447311,-1.3245983,-0.7820582
TEST_09070,2.227887,-0.3628156,-0.6180587
TEST_09071,2.1009598,0.11954589,0.33262268
TEST_09072,3.490237,0.5215923,0.41445893
TEST_09073,2.219046,-1.3532242,0.23775682
TEST_09074,2.6276424,-0.56990653,0.37122846
TEST_09075,1.3006485,0.09141504,-0.043784913
TEST_09076,4.2613635,0.7283265,-0.8448035
TEST_09077,2.257441,-0.026393492,0.34703493
TEST_09078,2.753507,-0.75037867,0.26634192
TEST_09079,1.9326348,-0.7773129,0.25623268
TEST_09080,4.468828,1.0387554,-0.16299893
TEST_09081,5.109903,-2.064922,-0.62326765
TEST_09082,1.4517704,-0.9834006,0.5937052
TEST_09083,1.1156801,-0.23026443,-0.0247074
TEST_09084,3.2814991,-0.3320032,0.5445437
TEST_09085,2.150736,0.73886126,-0.21662861
TEST_09086,3.9054163,-0.26159444,1.0863414
TEST_09087,2.01642,1.4159709,0.60251564
TEST_09088,4.148441,2.2271612,0.32920372
TEST_09089,3.1298618,0.55145776,-0.2663311
TEST_09090,2.391682,0.43676957,0.25689057
TEST_09091,2.5695238,-0.11977601,-0.21128476
TEST_09092,4.3254313,0.02083221,0.37583402
TEST_09093,2.559662,0.08209639,0.122808956
TEST_09094,2.9244468,-0.8409136,0.8750343
TEST_09095,2.2903123,0.96137965,0.8566713
TEST_09096,3.3213966,0.576775,0.74120605
TEST_09097,1.7431695,0.15942769,-0.3701716
TEST_09098,5.09439,-1.4636859,0.069084845
TEST_09099,3.3498514,0.9673702,-1.1677341
TEST_09100,1.5534832,-0.26598728,-0.08959469
TEST_09101,1.8603891,0.27676225,-0.51632714
TEST_09102,2.1685414,0.16512795,0.6281198
TEST_09103,3.4266055,0.2937359,-0.1532085
TEST_09104,1.4275708,0.11790256,0.40675598
TEST_09105,3.9543078,-0.51188993,0.35758543
TEST_09106,2.5358574,0.7307354,-0.53896195
TEST_09107,1.2526853,0.045710057,-0.20874815
TEST_09108,2.8293624,-0.419444,0.18655425
TEST_09109,1.5676658,-0.29047185,0.5905429
TEST_09110,5.3058667,-0.5782461,-0.753506
TEST_09111,2.6646001,0.942225,-0.6605398
TEST_09112,1.9462605,0.60170263,0.617091
TEST_09113,3.628387,0.88064396,0.97307986
TEST_09114,1.8668213,-0.65358967,-0.19596566
TEST_09115,2.0900018,0.4627469,-0.45376417
TEST_09116,4.4627395,0.5358709,-0.18887612
TEST_09117,2.66396,1.0320612,-0.6089424
TEST_09118,1.5393617,-0.075674646,-0.25984403
TEST_09119,4.7168026,-1.0578192,-0.7373544
TEST_09120,4.188834,2.4625344,0.2571666
TEST_09121,4.0740976,-0.92034835,0.9537436
TEST_09122,1.9196202,0.97770244,0.30008534
TEST_09123,2.7349024,-2.2349808,-0.12295978
TEST_09124,1.4031416,0.0005686097,-0.25438806
TEST_09125,2.4393907,0.47639102,0.33049324
TEST_09126,4.96153,-0.5963938,-0.2758775
TEST_09127,1.6927891,0.11626321,-0.44659147
TEST_09128,1.9999158,0.14973967,0.5846845
TEST_09129,1.954137,0.74110734,-0.15952718
TEST_09130,1.068294,-0.05520364,0.2785093
TEST_09131,2.1591747,0.48111492,-0.28438923
TEST_09132,1.2218412,-0.5284381,-0.36226156
TEST_09133,1.6786579,-0.30205578,0.34435904
TEST_09134,2.4263582,-1.6155016,1.2093291
TEST_09135,1.4544283,-0.6434561,-0.0854387
TEST_09136,2.172684,0.33481222,0.93470645
TEST_09137,3.6266441,1.706168,0.8632072
TEST_09138,3.0855641,0.04621005,0.55086386
TEST_09139,4.378812,-0.67842746,-1.098841
TEST_09140,2.2088323,0.70723706,-0.84332484
TEST_09141,3.1410315,0.26697123,-0.41976368
TEST_09142,1.5661254,0.045055676,0.42806816
TEST_09143,3.2638345,0.17395437,0.17372103
TEST_09144,3.6420264,0.2998785,0.51488936
TEST_09145,4.4102883,-0.14136429,-0.71076435
TEST_09146,2.6146824,0.35199085,0.19502039
TEST_09147,1.8335136,-0.66893405,0.016953515
TEST_09148,2.8306842,-0.3124617,-0.5411984
TEST_09149,3.5352416,0.6563431,0.08979593
TEST_09150,2.9963784,0.41270205,0.8666573
TEST_09151,2.793298,-0.39509597,0.010513805
TEST_09152,2.9294624,-1.3306853,-0.4112264
TEST_09153,2.7516882,0.93253464,-0.7054838
TEST_09154,2.2408378,0.1984691,-0.17393515
TEST_09155,1.066725,0.0054391176,-0.11592584
TEST_09156,1.5506755,0.31751466,0.5008104
TEST_09157,3.2783005,-0.58186847,-0.5640283
TEST_09158,2.82264,-0.15148848,0.19402257
TEST_09159,5.64452,0.76445067,1.3890108
TEST_09160,4.5271626,-1.3483717,-0.10265116
TEST_09161,1.9740825,0.23838057,0.25508985
TEST_09162,1.7379787,-0.031253874,-0.49372354
TEST_09163,2.0928078,0.16169435,0.4467515
TEST_09164,2.3567498,0.42694685,0.16621989
TEST_09165,2.5318925,0.76115006,-0.103992015
TEST_09166,1.4534426,-0.46039185,0.20634674
TEST_09167,4.5548873,-1.3843614,1.0761203
TEST_09168,1.6823715,-0.83990467,0.21905948
TEST_09169,1.1866226,0.3401305,0.2514712
TEST_09170,2.502694,0.4033444,0.8917347
TEST_09171,2.3190722,-0.2920737,0.078085974
TEST_09172,2.1010056,0.16789873,-0.0151779475
TEST_09173,2.5078273,0.027306493,0.11385737
TEST_09174,3.5248137,0.05555072,-0.7173902
TEST_09175,1.2728852,0.07531749,-0.33832738
TEST_09176,1.0253084,0.0076732733,0.027230978
TEST_09177,4.1669836,0.118769355,1.5979002
TEST_09178,1.684555,-0.019766076,0.45089504
TEST_09179,3.730145,0.05694479,0.69908696
TEST_09180,2.57934,-0.26125392,0.76989174
TEST_09181,0.8379059,0.25319886,-0.012189034
TEST_09182,2.0959625,0.6464474,-0.050263714
TEST_09183,1.23707,-0.5151893,0.13908066
TEST_09184,3.2327533,0.17768575,-0.20047092
TEST_09185,2.096588,0.88869905,0.7447751
TEST_09186,3.2618437,0.44058326,0.09444294
TEST_09187,3.9845648,-0.17347245,-1.2502022
TEST_09188,3.3751028,1.1213065,-1.160454
TEST_09189,3.9814615,0.25865164,0.77553993
TEST_09190,4.0341644,-1.2635468,0.94762623
TEST_09191,2.960155,0.05631669,0.3664868
TEST_09192,3.0449245,0.08525721,-0.50555736
TEST_09193,3.0180948,0.6779256,-0.31233096
TEST_09194,1.7638587,0.33450446,0.063786596
TEST_09195,1.855924,-1.0254532,-0.72027385
TEST_09196,4.272255,-1.3570294,-0.44966397
TEST_09197,1.6369722,-0.42154336,0.094533905
TEST_09198,2.0927258,0.59670246,0.77567387
TEST_09199,2.11599,-0.22800718,1.103822
TEST_09200,2.796232,-0.9827963,0.5250075
TEST_09201,4.0778255,-0.22195107,1.0976697
TEST_09202,1.9288864,1.6848843,0.16296344
TEST_09203,1.7448997,-1.8778243,-0.6391106
TEST_09204,1.7734207,0.56971794,-0.49463925
TEST_09205,1.6828299,-0.44849747,0.56772834
TEST_09206,4.2165966,-0.14517324,0.37386078
TEST_09207,3.6536853,-0.26853618,0.3542718
TEST_09208,2.920764,2.2953045,-0.37201837
TEST_09209,3.1313994,0.14918512,0.38719016
TEST_09210,2.8362076,-0.29186887,0.0032047555
TEST_09211,1.4289722,0.17346321,-0.2127496
TEST_09212,4.3867664,1.1892489,0.43237597
TEST_09213,3.087126,-0.37094924,-0.67678297
TEST_09214,1.5159485,0.38046542,-0.18141468
TEST_09215,3.3651774,0.72352594,-0.44738698
TEST_09216,1.273191,0.09026561,-0.299779
TEST_09217,2.5852375,-0.018244743,0.6931442
TEST_09218,2.2017417,-1.7234856,0.1917529
TEST_09219,3.3967931,0.3424469,0.02222477
TEST_09220,2.3786237,-0.18544716,0.26999635
TEST_09221,3.0620847,0.09373748,-0.16162279
TEST_09222,1.5475521,-0.36682028,-0.25763622
TEST_09223,4.4444404,-0.47734302,1.1028403
TEST_09224,3.062132,0.2630869,1.1731625
TEST_09225,2.8908422,0.15275566,-0.88868773
TEST_09226,3.1375833,0.27944702,-0.021409715
TEST_09227,2.3136785,-0.63967603,-0.17870876
TEST_09228,2.7221804,0.03599536,-0.6372413
TEST_09229,2.7574406,1.4776518,0.69468987
TEST_09230,4.1116557,1.1909918,1.675576
TEST_09231,2.24649,0.60339236,-0.0006498245
TEST_09232,1.2123127,0.32105157,0.36752218
TEST_09233,3.7548301,1.9177371,1.1690642
TEST_09234,2.5485835,-0.028824592,-0.030007273
TEST_09235,1.5501084,-0.0687094,0.3401388
TEST_09236,2.161651,0.007941333,-0.7848223
TEST_09237,1.5995482,0.2688113,-0.12354614
TEST_09238,1.1775666,0.1392459,-0.2350329
TEST_09239,4.938716,0.7830267,1.3762946
TEST_09240,2.1752818,0.43184024,0.3819928
TEST_09241,2.637339,-1.5764174,-0.33542264
TEST_09242,2.3321342,-0.94256604,0.4179061
TEST_09243,2.908512,-1.19645,0.6590338
TEST_09244,2.6818433,0.048467696,0.28897905
TEST_09245,1.8861319,-0.6370779,0.058858447
TEST_09246,5.0625606,1.3189098,-0.9463701
TEST_09247,3.3896897,0.015540485,0.4995608
TEST_09248,3.7169416,-0.6261195,0.5274514
TEST_09249,4.6192193,0.738232,-0.21061154
TEST_09250,1.3194832,-0.02358447,0.17521799
TEST_09251,3.046572,0.19203798,-0.14839524
TEST_09252,3.956991,1.1085439,-0.11271334
TEST_09253,2.707776,-0.025858149,0.17304388
TEST_09254,3.510954,-1.5400735,-0.29540923
TEST_09255,2.4559066,-0.39481342,-0.60240495
TEST_09256,3.0516107,-1.4856614,-0.74513996
TEST_09257,1.5832932,0.47273278,0.5856739
TEST_09258,4.094576,-0.5698852,0.5430762
TEST_09259,1.6444778,-0.99336755,0.46635652
TEST_09260,1.241972,-0.07132638,-0.25655013
TEST_09261,1.0054691,-0.00745067,0.14996715
TEST_09262,2.0597332,0.30796525,0.03845761
TEST_09263,2.2105796,0.15787235,0.52590626
TEST_09264,3.3736203,-0.565732,0.8763927
TEST_09265,2.040884,-1.1040969,-0.85876733
TEST_09266,2.8014576,-0.4700517,0.61933035
TEST_09267,3.03125,-0.22364168,-0.105174206
TEST_09268,2.1065814,-0.3042168,-0.004812639
TEST_09269,1.917909,0.34609613,-1.31121
TEST_09270,2.2749882,0.4670185,-0.3644627
TEST_09271,1.7486558,-0.43614823,0.101309784
TEST_09272,2.0811138,-0.48240376,-0.55466604
TEST_09273,2.2245128,0.51965576,-0.15790403
TEST_09274,3.4986713,-0.77972364,0.81555164
TEST_09275,1.9391053,-0.3835104,0.10204195
TEST_09276,2.009362,0.14336328,-0.068078235
TEST_09277,3.5245018,0.7049473,0.29537573
TEST_09278,3.1474953,-0.4068739,0.1922884
TEST_09279,4.757739,-0.04472755,0.41611925
TEST_09280,3.024881,0.6896614,0.7706235
TEST_09281,1.8099734,1.2326407,-0.13405553
TEST_09282,2.260046,-0.33928037,0.42579412
TEST_09283,2.6535182,1.2252735,0.38348818
TEST_09284,2.427883,0.2152869,-0.12872589
TEST_09285,1.5902033,-0.012045532,0.24448366
TEST_09286,5.110297,0.81556255,0.69778085
TEST_09287,2.6507487,-1.3641557,-0.38332367
TEST_09288,3.3502512,0.9446217,-0.70119125
TEST_09289,4.2276807,0.04508482,0.8338719
TEST_09290,1.8280587,0.121289425,0.28782934
TEST_09291,1.5475825,-0.29809666,-0.40733612
TEST_09292,1.2433785,-0.08501637,-0.080660164
TEST_09293,1.116859,0.14004385,0.1232573
TEST_09294,2.2550476,0.49718314,-0.6681964
TEST_09295,3.0690875,-1.1260968,-0.41186798
TEST_09296,1.0041605,0.58375996,-0.37024453
TEST_09297,1.9658258,-0.15196769,-0.2967927
TEST_09298,4.3930955,-0.98930365,-0.61171913
TEST_09299,1.7248743,-0.33044392,-0.33170095
TEST_09300,2.8837538,-0.43713808,-0.12375459
TEST_09301,2.107921,-0.44543046,-0.4519531
TEST_09302,1.3944478,0.31161404,0.36461332
TEST_09303,3.2373595,-0.21268338,0.11377157
TEST_09304,2.6159382,0.054166257,-0.1321118
TEST_09305,3.3887153,-0.23007947,0.022174712
TEST_09306,1.6199285,0.4478076,0.18270378
TEST_09307,4.2456484,0.14581396,-0.7069309
TEST_09308,1.9414827,0.5056549,0.048372377
TEST_09309,3.0060499,0.8168532,0.08438658
TEST_09310,4.449281,1.4851917,0.62458485
TEST_09311,3.034903,-0.6379509,-0.49755168
TEST_09312,1.4441814,-0.04916509,-0.002969997
TEST_09313,2.1958652,-0.9860305,0.57310706
TEST_09314,3.351572,0.53303474,-0.6382765
TEST_09315,1.3688455,0.6898022,0.3383149
TEST_09316,4.523774,-1.8714951,0.42490092
TEST_09317,1.6414299,0.10157433,0.45005608
TEST_09318,2.2303011,0.17725942,-0.80309695
TEST_09319,4.2842946,-1.2907853,2.3056881
TEST_09320,3.939587,0.33737513,1.1002767
TEST_09321,4.768285,-2.4855216,1.586915
TEST_09322,3.5007577,-1.7192181,-0.69040024
TEST_09323,1.3120466,1.0410078,0.33388373
TEST_09324,2.232084,-0.25352168,0.5567869
TEST_09325,2.5110605,0.46941397,0.32276982
TEST_09326,1.389984,0.35025865,-0.1789425
TEST_09327,4.6540637,0.014787946,0.074022494
TEST_09328,4.7217727,0.49404427,0.2820821
TEST_09329,2.0970256,0.3204742,0.09431855
TEST_09330,2.7528827,0.04537282,0.6454672
TEST_09331,3.1168554,0.26468295,-0.51672524
TEST_09332,4.4691243,-0.7391866,0.23750938
TEST_09333,3.019819,0.082335226,-0.029008508
TEST_09334,2.9744601,0.40403515,-0.12170182
TEST_09335,4.1795015,0.56815517,0.039483365
TEST_09336,2.6055627,-1.1002384,-0.38124037
TEST_09337,1.8655196,-0.22617616,0.88123244
TEST_09338,3.1714697,-0.11545737,-1.0691407
TEST_09339,1.1316252,-0.15336315,-0.28848365
TEST_09340,1.0429039,-0.2366577,-0.10720079
TEST_09341,3.5679076,-0.21808824,-0.2675875
TEST_09342,1.6826171,-0.6043011,-0.15981472
TEST_09343,4.3555274,0.18929754,1.3642046
TEST_09344,2.039659,-0.67789316,0.3940873
TEST_09345,4.0574307,1.6385407,0.45938253
TEST_09346,1.9897122,-0.32479984,-0.5143428
TEST_09347,3.6734998,0.36095706,0.46064737
TEST_09348,2.7469716,-0.67413294,0.31272325
TEST_09349,4.168737,1.5684838,-0.89061654
TEST_09350,2.3404808,-0.73409176,-0.39431545
TEST_09351,1.7411327,-0.24271706,0.20494902
TEST_09352,2.9412837,0.89079165,-0.680217
TEST_09353,2.8316398,0.2012655,0.7720062
TEST_09354,1.0943135,0.122673005,0.11780013
TEST_09355,1.8436502,-0.9397783,0.3680081
TEST_09356,3.936705,-1.606779,0.30945703
TEST_09357,3.046836,-0.5607333,0.35962966
TEST_09358,1.4569325,0.19098435,0.45352906
TEST_09359,3.745195,-1.6904242,0.7632078
TEST_09360,4.475426,-1.6271478,0.19456463
TEST_09361,1.4850838,-1.2511749,-0.012803074
TEST_09362,2.5821843,0.1302504,-0.3999664
TEST_09363,3.9432502,-1.3531202,-0.5905975
TEST_09364,2.2484765,0.2150844,0.4756583
TEST_09365,1.1235659,-0.16139089,-0.3574354
TEST_09366,3.5436153,0.057870798,0.030822273
TEST_09367,1.2623663,-0.055613235,0.2438896
TEST_09368,2.9274998,0.93653035,0.17076619
TEST_09369,2.3970027,0.4357975,0.3473808
TEST_09370,0.78869694,0.2716223,0.20585303
TEST_09371,1.6094141,0.07731514,0.38376278
TEST_09372,2.1387181,-0.57197636,-0.5739861
TEST_09373,2.4340212,-0.4441029,0.23380049
TEST_09374,3.4122944,-1.2395376,-0.62470233
TEST_09375,1.0519578,-0.28806466,0.17087112
TEST_09376,2.4845035,-1.0430443,0.6596521
TEST_09377,3.8219483,-2.0712092,1.4874387
TEST_09378,3.121402,-0.8068298,-0.16546309
TEST_09379,3.041194,-1.0050112,0.72115904
TEST_09380,2.3263178,0.20503296,0.09989954
TEST_09381,2.3568342,-0.43431127,0.18543902
TEST_09382,1.9060731,-0.29374146,0.4906405
TEST_09383,3.7123678,-0.55024457,-0.6945006
TEST_09384,2.4501467,0.14775844,-0.04089599
TEST_09385,3.5653355,-0.14479947,0.8474134
TEST_09386,2.8209014,0.51040894,0.5032187
TEST_09387,3.0282853,0.24274947,0.59563684
TEST_09388,2.8458736,0.40586498,-0.63554335
TEST_09389,3.2835493,-0.50706816,-0.72635525
TEST_09390,3.9973383,-1.4406356,-0.7383602
TEST_09391,2.6955335,0.4197137,0.5784605
TEST_09392,1.0451775,-0.18889621,-0.2784631
TEST_09393,2.4072175,-0.9087507,-0.48382673
TEST_09394,3.3605008,-0.4468354,0.09022073
TEST_09395,1.2678864,-0.39982986,-0.26404744
TEST_09396,2.7039428,-0.090259485,0.2687201
TEST_09397,1.3743566,-0.028244622,-0.00018037856
TEST_09398,2.3717692,0.72757775,-0.018902369
TEST_09399,3.561778,1.7772721,-0.4151996
TEST_09400,1.6692448,0.28377756,0.4701357
TEST_09401,3.3756456,0.5289932,-0.7607839
TEST_09402,3.1972086,-0.94674146,0.2713199
TEST_09403,1.6953776,0.45406094,0.23101307
TEST_09404,3.2394736,-0.41455993,-0.13218753
TEST_09405,1.2642254,0.6484126,-0.15520088
TEST_09406,4.922307,0.5725211,-0.8178803
TEST_09407,3.57747,1.1564848,-0.21758759
TEST_09408,1.816734,-0.625993,-0.5731594
TEST_09409,1.4700477,0.65074545,-0.09328982
TEST_09410,2.2829075,0.7034643,0.45205638
TEST_09411,2.4071507,-0.093231544,0.22873914
TEST_09412,4.9544153,-1.1132523,-0.28902283
TEST_09413,3.0420573,0.65041715,0.08003422
TEST_09414,1.7249055,-0.8341152,-0.35813323
TEST_09415,2.6811724,0.18514806,-0.16058666
TEST_09416,2.6059313,0.057386708,0.9572228
TEST_09417,3.83816,2.3228886,0.59993213
TEST_09418,4.425083,-0.04873597,1.4539108
TEST_09419,3.1371686,-1.3665252,-0.1787069
TEST_09420,1.7613044,-0.70936596,0.3667298
TEST_09421,2.086756,-0.4430283,-0.33129364
TEST_09422,1.452654,-0.52329874,0.42675257
TEST_09423,3.9008589,-0.30028555,0.47037795
TEST_09424,1.3552992,0.077698566,0.3473021
TEST_09425,3.603228,0.80507636,0.5484003
TEST_09426,1.894483,0.2197331,-0.8000699
TEST_09427,3.3242927,-0.598964,0.18768497
TEST_09428,2.5940523,-0.33063424,0.026870994
TEST_09429,4.1211066,-1.0747741,0.21865474
TEST_09430,3.3731716,0.7459371,0.67442423
TEST_09431,1.7261972,0.63782525,0.18494031
TEST_09432,2.6623068,-0.9253566,1.1689174
TEST_09433,2.582424,0.05168331,-0.004295297
TEST_09434,1.915952,-0.4151307,0.18338332
TEST_09435,1.3967547,0.25953534,-0.43417895
TEST_09436,4.506188,1.9047941,-0.0032294905
TEST_09437,3.4175076,-1.4875613,-0.7025547
TEST_09438,1.2990711,0.013530413,-0.4513984
TEST_09439,5.919027,-1.6992671,-0.108389795
TEST_09440,2.4899113,-0.6758209,0.039451037
TEST_09441,3.171653,-1.1830845,-1.0318975
TEST_09442,0.46244115,0.36651942,-0.20237416
TEST_09443,2.5220077,-1.5925214,0.91197866
TEST_09444,2.0031974,0.039855663,-0.09368092
TEST_09445,2.777667,-0.30250907,-0.07647678
TEST_09446,4.35792,-1.2705636,-0.43601742
TEST_09447,4.9521766,-0.6687327,0.8200868
TEST_09448,2.6566365,-1.3512131,-0.09928578
TEST_09449,2.4575372,0.055896625,0.24406774
TEST_09450,3.1349106,0.6460171,0.82395846
TEST_09451,1.4188896,-0.22835346,-0.265552
TEST_09452,3.2091198,0.988777,-0.23346157
TEST_09453,1.0933131,-0.042777803,0.29588246
TEST_09454,1.5181179,0.52014935,-0.09924656
TEST_09455,2.3014414,0.6642533,-0.5671758
TEST_09456,3.1782625,0.21575136,-0.058289543
TEST_09457,3.185903,-0.14793107,0.5956995
TEST_09458,5.5423517,0.34147686,-1.1732007
TEST_09459,1.340808,0.58190477,-0.41394612
TEST_09460,2.7153466,0.5095242,0.25235808
TEST_09461,2.41393,-0.48612994,-0.38505793
TEST_09462,1.9262226,-0.23514056,-0.19336253
TEST_09463,1.9300894,0.54521316,-0.26384974
TEST_09464,2.8328562,0.13365953,0.1833948
TEST_09465,3.0777245,-0.5423416,1.6277953
TEST_09466,2.5260677,0.44472155,-0.12540698
TEST_09467,1.161166,0.22607286,0.12548026
TEST_09468,3.433111,1.3344737,-1.1409692
TEST_09469,3.6662874,0.54570854,0.50405246
TEST_09470,2.7763295,1.5329361,0.1232702
TEST_09471,1.067286,-0.36843362,0.02482309
TEST_09472,3.3538609,1.4376907,0.16879617
TEST_09473,2.613902,-1.4292157,-0.32897928
TEST_09474,3.602308,-0.49708202,-0.13796793
TEST_09475,1.7127593,-0.050583087,0.29430562
TEST_09476,1.8365928,0.67544866,0.041563284
TEST_09477,3.717098,-0.3726724,0.44331953
TEST_09478,2.7876124,-0.035469085,-0.50766957
TEST_09479,5.1572185,-0.501259,1.4358968
TEST_09480,3.9998798,0.22282258,-1.4137603
TEST_09481,4.7776155,1.7714745,-0.5711738
TEST_09482,1.3171252,0.072317034,-0.33261058
TEST_09483,3.982187,-2.2432692,0.6047238
TEST_09484,3.3204618,-0.15573946,1.0801945
TEST_09485,2.0850654,0.16271156,0.3722019
TEST_09486,4.766295,-0.44948822,-0.39991543
TEST_09487,2.816275,0.8563231,-0.4362076
TEST_09488,4.9572916,-1.2839789,0.5587229
TEST_09489,3.464192,0.028865155,-0.16574666
TEST_09490,2.3845246,0.16331396,-0.22048475
TEST_09491,3.3551936,-0.23194364,-0.13832796
TEST_09492,1.3015077,0.39626977,-0.0017774678
TEST_09493,1.1031427,-0.12621377,-0.06692065
TEST_09494,1.6530094,0.96906435,0.6715104
TEST_09495,1.7119114,-0.5144872,0.021431949
TEST_09496,2.3693068,0.93611175,0.40961325
TEST_09497,4.05655,1.5286139,1.2931627
TEST_09498,3.8203614,-1.2225243,0.7133781
TEST_09499,2.9793653,-0.042896837,-0.8843479
TEST_09500,1.7043061,-0.032038707,0.20393604
TEST_09501,3.087571,-0.53871685,-0.15774718
TEST_09502,1.7923825,0.2706652,-0.33140895
TEST_09503,3.8713155,0.3174767,0.47852454
TEST_09504,3.037392,-0.6885699,-0.6556054
TEST_09505,4.1578755,-1.1247762,1.9764394
TEST_09506,3.1703422,0.3985226,-0.84454703
TEST_09507,2.2237113,0.48603874,0.43820453
TEST_09508,3.0667167,-0.15979762,0.48942274
TEST_09509,2.1344512,-0.25188705,-0.3213972
TEST_09510,2.7317295,-0.8656113,-0.4350722
TEST_09511,2.0371268,-0.44291964,0.13534224
TEST_09512,2.1046522,-0.79355717,0.80308837
TEST_09513,2.2458076,0.05579754,0.31668246
TEST_09514,2.4246335,-0.10414915,0.101496965
TEST_09515,0.9534117,0.08583796,0.22779968
TEST_09516,4.777841,-0.71818364,0.76762104
TEST_09517,2.1083727,0.5986136,0.591335
TEST_09518,2.2052808,-0.33499157,-0.5336611
TEST_09519,4.465164,-0.4308456,0.84670496
TEST_09520,1.4427818,-0.86092436,-0.35180655
TEST_09521,3.3921192,1.4364972,-0.8759187
TEST_09522,3.9767592,-1.4377229,-0.018088806
TEST_09523,1.8413787,-2.1442873,-0.28754666
TEST_09524,3.143028,-0.52049184,-0.988995
TEST_09525,1.8979445,-0.0070001483,-0.3799253
TEST_09526,3.3334115,-0.56838804,0.29075414
TEST_09527,4.819638,1.6464562,-1.0171523
TEST_09528,2.0252366,-0.477639,0.61859584
TEST_09529,3.0820978,0.057493843,0.23495013
TEST_09530,2.9853098,-0.23118743,0.17228882
TEST_09531,1.0494369,0.011811372,0.1676757
TEST_09532,2.2307117,-1.1316957,-0.6436131
TEST_09533,2.2715945,-0.13184583,-0.08614343
TEST_09534,3.0485103,1.1558603,1.1966958
TEST_09535,2.0632033,-0.023441395,0.2077135
TEST_09536,1.7857503,-0.994556,-1.0104465
TEST_09537,3.1811998,0.914653,-0.3562395
TEST_09538,4.7344766,-0.6947962,1.0960153
TEST_09539,2.9183319,0.18338063,-0.046335157
TEST_09540,2.7040355,0.25712082,-0.007081136
TEST_09541,3.3696883,-0.6091225,1.0409055
TEST_09542,1.1317217,0.28862855,-0.2453081
TEST_09543,2.1200898,-0.33845845,0.34085327
TEST_09544,2.2041466,-0.17127721,0.34792778
TEST_09545,4.6938615,1.3054274,1.5117787
TEST_09546,3.2092106,-0.435021,-0.50617653
TEST_09547,1.3268989,0.12860389,-0.23500744
TEST_09548,3.022883,-1.3655691,0.55962133
TEST_09549,1.6918224,-0.24318293,-0.58485395
TEST_09550,2.7334845,-0.60078096,-0.69785994
TEST_09551,3.005569,-0.4323521,0.3495904
TEST_09552,1.9830592,0.6553562,0.8034608
TEST_09553,2.8415806,-0.8381332,0.58720684
TEST_09554,1.3023577,0.1832493,0.09193079
TEST_09555,2.0146813,0.16355109,0.008234062
TEST_09556,3.8093808,0.08954285,0.4865056
TEST_09557,1.1662523,-0.45939726,0.06985405
TEST_09558,1.7190993,0.77739966,-0.15403001
TEST_09559,3.6202102,-1.3483945,2.0831587
TEST_09560,2.989113,-1.5268688,0.7130873
TEST_09561,2.217037,-0.27482712,0.6217569
TEST_09562,1.5907931,-1.1280177,0.5894684
TEST_09563,2.3718257,0.085846476,-0.284883
TEST_09564,1.6610646,-0.044690203,0.3162979
TEST_09565,2.1577635,-0.12134842,-0.12766637
TEST_09566,1.5123054,-0.2797041,0.29027072
TEST_09567,4.801478,0.32169628,0.14811581
TEST_09568,2.7518277,1.7765732,-0.513133
TEST_09569,1.8391616,-0.4122505,0.28834876
TEST_09570,1.7963651,-0.23692003,0.100500345
TEST_09571,2.006871,-0.52882355,-0.24731684
TEST_09572,2.4150634,1.002129,0.2886963
TEST_09573,1.8203849,0.2569338,0.42548835
TEST_09574,2.7174966,1.1926693,0.8469939
TEST_09575,3.1128495,-0.16729766,-0.83195865
TEST_09576,2.4307933,-1.2618426,0.15652688
TEST_09577,1.905998,-0.097339444,0.067496434
TEST_09578,3.8993564,0.5089258,-0.81917936
TEST_09579,1.3759843,0.9101042,-0.3378095
TEST_09580,2.0621743,0.097523116,-0.51588005
TEST_09581,2.0377386,-0.61677873,-0.7198278
TEST_09582,1.6162575,0.025902443,-0.31247652
TEST_09583,3.090063,-0.9340355,0.84887666
TEST_09584,2.8744974,0.40761885,-0.46245962
TEST_09585,4.42872,0.92347604,0.48360947
TEST_09586,1.6953508,0.48732767,-0.1466651
TEST_09587,3.0594907,0.5399818,0.5952192
TEST_09588,2.5794964,-0.6153613,0.3996785
TEST_09589,4.0352607,1.4880902,0.29645416
TEST_09590,3.0583425,0.18091692,0.81203747
TEST_09591,2.7892327,0.299517,-0.35848424
TEST_09592,3.6636934,1.6692127,1.9128761
TEST_09593,3.2528882,0.34002444,0.7141542
TEST_09594,3.5889974,-0.75972503,0.5652774
TEST_09595,2.1360922,-0.23257731,-0.83990496
TEST_09596,3.7600856,-0.4440972,-0.45514145
TEST_09597,3.2234237,2.3116026,0.6247291
TEST_09598,2.1548789,1.0319638,-0.06125572
TEST_09599,3.5704257,0.8101097,2.0060499
TEST_09600,3.5667577,0.10076668,1.2666769
TEST_09601,1.0052347,0.29579264,-0.19978102
TEST_09602,1.7266866,0.6419576,0.4444095
TEST_09603,2.2921638,2.0078838,-0.118364364
TEST_09604,2.913843,0.08736205,-0.14425851
TEST_09605,1.5097257,0.20886931,-0.3406897
TEST_09606,2.1492805,-0.1562487,0.19847238
TEST_09607,4.014584,-0.11519605,0.9413718
TEST_09608,4.8610234,-0.55117446,0.13124745
TEST_09609,3.6688178,0.1085872,0.16226506
TEST_09610,2.612548,0.022924675,0.70712125
TEST_09611,2.2779655,-0.14663108,-0.45452634
TEST_09612,3.5155835,-0.77249026,0.37011334
TEST_09613,1.0167266,-0.40781552,0.19936925
TEST_09614,2.928372,-0.86094046,0.12781578
TEST_09615,3.6515138,0.08577466,0.60662895
TEST_09616,2.6804945,-0.34964317,-0.30354914
TEST_09617,3.949193,1.227807,1.2549568
TEST_09618,1.3724605,0.32066497,0.37193933
TEST_09619,1.6044207,-0.46198323,-0.54474956
TEST_09620,2.020347,-0.20153438,-0.021057516
TEST_09621,3.527514,-0.0013785101,0.019444732
TEST_09622,1.7808948,0.09341775,0.41709706
TEST_09623,2.118375,-0.33870122,0.65562326
TEST_09624,3.4540944,-0.24022382,-0.16925442
TEST_09625,4.807023,1.0221703,0.60113055
TEST_09626,2.671163,-0.32637066,-0.62194353
TEST_09627,1.9776877,0.33246624,0.6071185
TEST_09628,1.8018966,-0.09921414,0.25432462
TEST_09629,2.0299933,-0.37799045,-0.7649168
TEST_09630,3.8290234,0.81957024,-0.122735076
TEST_09631,2.631402,0.16229494,-0.06360378
TEST_09632,3.206873,-1.1852235,-0.58388454
TEST_09633,1.6907797,-0.11494135,-0.473909
TEST_09634,1.9310205,0.15675642,-0.3612647
TEST_09635,0.81689614,0.27301016,-0.12859954
TEST_09636,2.3761897,1.0974178,-0.6637304
TEST_09637,3.373341,0.39234847,0.7036378
TEST_09638,3.62261,-0.12732488,0.39081362
TEST_09639,1.984866,0.8579326,0.58902794
TEST_09640,1.9696056,-1.2588208,0.034553185
TEST_09641,4.223611,1.0818479,0.8898855
TEST_09642,1.8156356,-0.3867754,-0.7397482
TEST_09643,0.9836746,-1.007735,-0.16481055
TEST_09644,2.2977815,0.9441685,0.52591324
TEST_09645,1.7698324,-0.93679494,0.3293493
TEST_09646,3.6457777,0.009609422,-0.2654303
TEST_09647,3.604831,1.1808158,-0.39564186
TEST_09648,1.2891109,-0.9119637,0.38436705
TEST_09649,3.7739742,0.0055797994,-0.062988244
TEST_09650,2.146328,0.056710586,0.5056697
TEST_09651,2.2233286,-0.053204834,0.060746342
TEST_09652,5.1092143,-0.43324548,1.1641723
TEST_09653,2.3157198,0.27930537,-0.40478432
TEST_09654,3.391848,1.7888783,0.18757157
TEST_09655,3.0272317,-0.22347048,0.4093147
TEST_09656,2.122183,-0.31835592,-0.806722
TEST_09657,1.8673121,0.3957666,-0.33425406
TEST_09658,2.4230227,-1.5750233,-0.7843746
TEST_09659,3.6063735,0.47131184,0.31572488
TEST_09660,2.427722,-0.20477036,0.01755688
TEST_09661,3.3112686,-0.30668828,-0.031776905
TEST_09662,2.0582461,0.14381573,0.2947926
TEST_09663,3.014404,-0.52037394,0.30009297
TEST_09664,3.8195088,0.001432009,0.19041601
TEST_09665,1.7105681,0.39564672,1.0395617
TEST_09666,2.4916115,0.18556046,-1.2771868
TEST_09667,4.2869215,-0.4259191,0.1597626
TEST_09668,2.7591834,-0.64233005,0.47186583
TEST_09669,5.0613008,0.9349348,0.015188641
TEST_09670,1.0434563,-0.37769914,-0.04757341
TEST_09671,1.3620112,-0.15225284,-0.02819124
TEST_09672,2.5157778,1.5103923,1.2114358
TEST_09673,3.4095912,-0.42566857,-1.1720325
TEST_09674,1.833979,0.17523782,-0.26541162
TEST_09675,2.3799527,-0.6609646,-0.6339237
TEST_09676,1.5577072,-0.7886014,-0.15077865
TEST_09677,1.3510826,0.2947267,0.17246237
TEST_09678,3.4488957,0.7955482,-0.91932017
TEST_09679,2.369575,0.64906657,-0.23075095
TEST_09680,4.4528575,-1.894666,-0.23186183
TEST_09681,4.608409,0.3733439,-0.18864809
TEST_09682,2.5911522,0.7388738,1.3232847
TEST_09683,1.3995123,0.4068864,-0.43296754
TEST_09684,3.7197225,0.97302085,0.2404877
TEST_09685,0.8772882,0.11954703,-0.17751656
TEST_09686,3.4026306,0.9498493,0.3609351
TEST_09687,3.5004582,1.0915356,0.47690746
TEST_09688,5.3489227,-1.1910746,0.64326876
TEST_09689,3.8082905,-0.14416729,0.34563363
TEST_09690,2.107383,0.51079243,-0.3331179
TEST_09691,3.3578978,-0.35048747,-0.37980485
TEST_09692,1.2385802,-0.18093471,0.14681065
TEST_09693,3.2532659,0.6227811,-0.55041945
TEST_09694,1.1225312,-0.5642062,-0.2743831
TEST_09695,1.9977235,-0.07935755,0.48588473
TEST_09696,3.0292413,1.1389807,1.9036229
TEST_09697,2.9996438,0.36241868,0.06466046
TEST_09698,1.7858933,1.4204643,-0.35904583
TEST_09699,4.69529,1.4372947,0.5849747
TEST_09700,1.9573427,0.52250296,0.52009267
TEST_09701,3.020713,-0.07956992,-0.1859661
TEST_09702,1.713154,-0.50408643,-0.12625623
TEST_09703,3.0105696,0.7664608,-0.22227441
TEST_09704,3.4866002,0.32214034,1.0479063
TEST_09705,5.6488557,1.0129657,-0.3742376
TEST_09706,2.874483,-0.60619366,0.48126918
TEST_09707,3.6065354,0.07540146,0.40447637
TEST_09708,1.5268974,0.65773183,-0.44592232
TEST_09709,2.4595118,-1.2779582,0.06828173
TEST_09710,2.9474332,0.05124209,0.92803633
TEST_09711,3.078032,-1.0080223,-0.70890445
TEST_09712,1.8203825,0.3991535,0.1650469
TEST_09713,1.7701039,0.18269394,0.24295741
TEST_09714,2.6028736,-0.16698882,0.10098106
TEST_09715,2.288041,-1.1661263,-1.007622
TEST_09716,3.4430604,1.5953088,0.053440638
TEST_09717,3.243366,-0.7119289,-0.36495793
TEST_09718,1.5918318,0.90892434,-0.1632594
TEST_09719,2.8194537,-1.3574471,1.1816753
TEST_09720,2.8173165,-1.8289633,-0.88581336
TEST_09721,4.1207256,1.0876971,0.5233472
TEST_09722,2.6968794,-0.4968021,1.5384485
TEST_09723,4.247918,-1.3086437,0.56426543
TEST_09724,2.4364533,-0.020546485,-0.17846224
TEST_09725,1.3310517,-0.30981937,0.18167816
TEST_09726,1.8111498,-0.870261,-0.34271777
TEST_09727,1.9266275,-0.4370615,0.25318563
TEST_09728,6.242235,1.8665397,-0.9014026
TEST_09729,1.5386441,0.2546211,0.156503
TEST_09730,3.1414044,-0.3424331,-0.72903544
TEST_09731,4.264963,-0.21855369,-0.62807125
TEST_09732,2.3119583,0.8335998,-0.47841662
TEST_09733,0.8504362,-0.05229924,0.023186497
TEST_09734,2.6292572,0.38179246,1.538599
TEST_09735,2.0314548,0.64835787,0.43654674
TEST_09736,2.137251,0.003834946,1.2974339
TEST_09737,3.3825223,-0.96702534,0.047498748
TEST_09738,3.2506137,0.5430118,1.3442247
TEST_09739,1.93547,0.60330117,-0.024230152
TEST_09740,1.4718722,0.06654903,0.26070172
TEST_09741,2.349596,0.110841125,0.30667073
TEST_09742,1.2995645,-0.42069945,0.24735583
TEST_09743,1.7884967,0.66723615,-0.24324436
TEST_09744,3.9274805,0.050133,0.34595144
TEST_09745,2.8623424,-1.6417992,-0.80117524
TEST_09746,3.3721955,0.5681999,-0.7399486
TEST_09747,3.4915721,0.32512993,0.03109385
TEST_09748,2.6911688,0.14178759,0.71775013
TEST_09749,4.503505,0.39033896,0.7157327
TEST_09750,4.8619466,-0.2564499,-0.39290705
TEST_09751,1.5243449,-0.1449956,0.02428981
TEST_09752,3.2297573,-0.83831614,-1.1078663
TEST_09753,2.3260107,-0.28277728,0.19770509
TEST_09754,1.9663347,-0.30014753,0.30613482
TEST_09755,1.0697656,0.15777105,-0.048715793
TEST_09756,2.4689696,-0.045251977,0.21161294
TEST_09757,1.5171993,0.70439273,0.42177644
TEST_09758,1.9610462,-0.7677757,0.8985483
TEST_09759,3.0993197,1.8473221,-0.27656046
TEST_09760,4.250471,-1.8378909,0.28543842
TEST_09761,4.7859507,-0.22069158,0.5169204
TEST_09762,1.7784504,0.118209265,0.667622
TEST_09763,1.3359057,1.0771608,0.59032923
TEST_09764,1.5150356,-0.00647841,0.239921
TEST_09765,1.991997,-0.29588893,-0.21030068
TEST_09766,1.4814423,0.3080799,-0.07412469
TEST_09767,4.424587,1.0482409,-0.83318675
TEST_09768,1.4979413,-0.36185405,0.34650317
TEST_09769,2.9965627,0.14562768,0.33085927
TEST_09770,1.97259,0.26974317,-0.5925779
TEST_09771,3.595813,-0.40837383,-0.060055014
TEST_09772,2.9896777,0.4860821,1.1502224
TEST_09773,1.3020383,0.031774893,0.13684703
TEST_09774,1.6340989,-0.07516681,0.51316965
TEST_09775,3.1412477,0.31258947,0.67740476
TEST_09776,2.1894913,0.5355749,1.1178534
TEST_09777,2.0161293,0.563109,-0.2636266
TEST_09778,4.84768,-0.8591186,0.296722
TEST_09779,2.6198313,-0.63959396,-0.61672825
TEST_09780,2.4607604,0.4114327,-0.2940239
TEST_09781,3.2271476,-0.28893647,0.43243724
TEST_09782,1.4858636,0.3296964,0.3644859
TEST_09783,3.0738328,-0.5163097,-0.8315201
TEST_09784,3.8557744,-0.068646334,0.9125557
TEST_09785,4.281158,0.5457748,0.59504473
TEST_09786,2.370837,-0.45393747,0.9142022
TEST_09787,4.2457542,0.5560182,0.069508076
TEST_09788,2.0370424,-0.20351359,-0.238633
TEST_09789,4.387782,-0.77259386,-0.021729298
TEST_09790,1.137644,-0.06757006,0.35020977
TEST_09791,2.350937,-0.051057424,-0.0498328
TEST_09792,2.3773894,-1.4692526,-0.27268043
TEST_09793,3.053328,-1.5525318,1.1266594
TEST_09794,2.9695587,0.20011173,0.62017673
TEST_09795,1.9130468,-1.1167853,0.25295734
TEST_09796,1.8769331,0.26870993,-0.2668623
TEST_09797,2.1095476,-0.30644652,0.49362653
TEST_09798,2.2455106,0.28056046,0.7879179
TEST_09799,5.4675407,1.1443943,2.0774927
TEST_09800,4.3474603,0.60645926,0.5303613
TEST_09801,2.02002,-0.9428154,-0.36447224
TEST_09802,3.990333,0.045176126,0.41126543
TEST_09803,1.2583987,-1.4940122,0.1724602
TEST_09804,2.2253973,0.18102853,-0.021895982
TEST_09805,2.814694,0.7765336,-0.5323657
TEST_09806,3.4726717,0.95686096,0.88924026
TEST_09807,3.2985306,-1.0295968,0.5736029
TEST_09808,5.4129934,0.11446066,0.82451224
TEST_09809,2.1578178,0.65162253,0.16237889
TEST_09810,3.2388232,0.18547627,0.900275
TEST_09811,1.1047635,0.45992875,0.038642608
TEST_09812,3.331014,-1.6589346,-0.21349525
TEST_09813,2.8147068,-0.33035687,-0.16474366
TEST_09814,2.6647518,0.9669139,1.370043
TEST_09815,2.2767715,-0.19205207,0.12829497
TEST_09816,2.5603442,0.16410613,0.88183326
TEST_09817,3.1596181,-1.666012,0.46431842
TEST_09818,3.7372208,-0.14530721,-0.89446545
TEST_09819,4.047214,-0.11806408,-0.11097664
TEST_09820,2.4050868,-0.27577648,-0.34412116
TEST_09821,2.204134,0.31531903,0.70710284
TEST_09822,1.4607394,0.45237467,0.5042118
TEST_09823,1.8933465,-0.50657076,0.72488004
TEST_09824,3.9307215,-0.4785085,0.3878696
TEST_09825,5.2864704,-0.8371856,-0.050558317
TEST_09826,3.4756365,0.32296973,0.6418262
TEST_09827,2.6635637,-0.6664996,-0.31631976
TEST_09828,3.7153971,-0.23038517,-0.5060352
TEST_09829,1.0107554,0.25493583,0.6637122
TEST_09830,2.8238792,1.29253,1.1417096
TEST_09831,2.9086208,0.7709167,-0.5281055
TEST_09832,2.852982,1.2168411,0.8241706
TEST_09833,3.560041,-2.1134748,-0.3535708
TEST_09834,2.8542354,-0.11308417,0.6575082
TEST_09835,1.7319405,-0.6335452,0.45108443
TEST_09836,4.0119944,-0.60565317,1.1981266
TEST_09837,2.6461918,-1.2723202,-0.20962219
TEST_09838,2.8924184,0.34012333,1.2192078
TEST_09839,3.9994626,-0.7624668,-0.9155062
TEST_09840,4.121936,0.34258708,1.6011696
TEST_09841,1.9014992,0.5875312,0.17113616
TEST_09842,3.7514467,-1.1508347,-0.3709897
TEST_09843,1.4953805,-0.3964429,-0.06923986
TEST_09844,3.0293722,-0.5452018,0.86717314
TEST_09845,2.3735068,-0.10110647,0.19841419
TEST_09846,4.2938137,-0.7210437,0.07117682
TEST_09847,2.687188,-0.8872288,-0.443712
TEST_09848,4.461365,1.4087641,0.12165656
TEST_09849,2.1111646,0.54894304,-0.12655674
TEST_09850,3.187349,-0.493193,-0.5231995
TEST_09851,2.588852,-0.03399525,-0.19325417
TEST_09852,4.8487005,0.9272239,1.2527404
TEST_09853,1.5042882,0.08118823,0.13545297
TEST_09854,3.0408218,1.0462883,-0.8442588
TEST_09855,1.9514643,0.86459196,-0.403273
TEST_09856,2.4256396,-1.0468123,1.2571125
TEST_09857,3.8701904,-0.8924984,-0.5650153
TEST_09858,1.6864787,0.72824025,-0.1697186
TEST_09859,1.9890631,-1.0002873,0.44207254
TEST_09860,2.5998647,-0.6563133,-0.28583553
TEST_09861,3.3736556,-0.23988411,-0.59931165
TEST_09862,1.4720953,0.26887706,0.2797179
TEST_09863,3.6186526,-0.4939368,-0.06637933
TEST_09864,1.6822894,0.39962557,-0.63478667
TEST_09865,2.9707909,1.5787026,0.5943467
TEST_09866,1.6332406,-0.7210765,-0.3572256
TEST_09867,1.8415686,-0.49120334,0.05073849
TEST_09868,3.3784924,1.0361303,0.055384196
TEST_09869,3.024968,1.1058576,0.8776159
TEST_09870,1.7887768,0.85237396,-0.15162936
TEST_09871,1.3948177,0.57055414,-0.1038408
TEST_09872,2.9874096,1.0178694,0.80117613
TEST_09873,2.5003684,-1.4604485,-1.1214445
TEST_09874,3.3076928,-0.044195943,-0.048043594
TEST_09875,2.0845761,-0.1428922,0.22959656
TEST_09876,2.804491,-0.84009564,-0.06851894
TEST_09877,3.4227147,-1.049471,-0.6516191
TEST_09878,1.9299487,0.6646533,0.3891851
TEST_09879,4.348472,-1.0628734,2.0452867
TEST_09880,3.1296675,-0.057451963,0.8539823
TEST_09881,1.9106562,-0.9703225,0.27531666
TEST_09882,1.375264,0.8138451,-0.03439426
TEST_09883,2.539146,-0.31553325,0.047449827
TEST_09884,2.9542065,0.5219086,1.5220143
TEST_09885,2.8898711,-0.85093665,0.4300932
TEST_09886,3.0913942,0.35167468,0.926272
TEST_09887,1.5058903,-0.4124138,-0.28639552
TEST_09888,4.809346,-1.4665622,-0.13542627
TEST_09889,3.4377406,0.024118876,0.07020336
TEST_09890,1.0425308,0.03460092,0.37402663
TEST_09891,2.0412936,-0.39590985,0.19735375
TEST_09892,2.3497815,-0.8025041,-0.087187074
TEST_09893,1.7896748,-0.51577026,0.22800776
TEST_09894,1.8255794,1.3988128,0.66641223
TEST_09895,1.8719832,0.77079976,0.43843392
TEST_09896,2.672612,0.49916565,0.074352495
TEST_09897,2.2912686,-0.28444678,0.45793018
TEST_09898,2.3940804,1.4022704,-0.6703694
TEST_09899,1.735932,-0.7944892,-0.29953295
TEST_09900,1.5524604,0.32229728,0.06676325
TEST_09901,2.0052571,0.30676436,-0.1279728
TEST_09902,1.6906466,-0.6301336,0.4479184
TEST_09903,3.8263426,-0.1620133,0.6108696
TEST_09904,4.2473164,-0.70715374,0.19954145
TEST_09905,1.7923506,-1.4198596,0.4841677
TEST_09906,1.3717101,-0.49468344,0.20085263
TEST_09907,2.0098493,0.70174676,0.18096443
TEST_09908,1.8034915,-0.6009365,-0.2238284
TEST_09909,3.7629151,0.27718258,-0.381433
TEST_09910,5.023647,1.3357081,-0.52952975
TEST_09911,2.8762202,-0.53508854,-0.2282079
TEST_09912,2.5404606,1.6356003,0.104527116
TEST_09913,3.6824262,-1.1746013,0.117829785
TEST_09914,1.5480803,-0.018280853,0.07445964
TEST_09915,0.738501,0.23820992,-0.10114382
TEST_09916,2.4134088,0.085794374,-0.69995844
TEST_09917,2.3330631,-1.6794043,-0.22469157
TEST_09918,2.3504267,-1.4045627,0.9743687
TEST_09919,3.934516,-0.77946204,1.8945605
TEST_09920,2.9562075,-0.3921222,0.23321685
TEST_09921,2.1357217,1.1123577,0.23749621
TEST_09922,1.3531543,-0.41772974,-0.38915735
TEST_09923,3.2563074,-1.0663207,0.65095276
TEST_09924,1.6830935,0.11298713,0.49348205
TEST_09925,2.0420995,0.7111923,-0.4923386
TEST_09926,4.5719504,-0.74602103,-0.15811218
TEST_09927,5.1004333,-1.0076154,0.89085835
TEST_09928,0.95242906,-0.34418982,0.20788935
TEST_09929,1.5741061,-0.17332822,0.106053814
TEST_09930,1.8829657,0.4045722,0.24393395
TEST_09931,2.5069478,-0.0739907,-0.22166152
TEST_09932,1.4081999,-0.17860702,-0.565352
TEST_09933,3.1740448,0.036266208,0.43215433
TEST_09934,1.656921,0.69218135,0.7090764
TEST_09935,1.6145012,0.73459876,-0.31321028
TEST_09936,2.7687125,-1.4111278,1.6058476
TEST_09937,1.1435434,-0.15677711,0.53339976
TEST_09938,4.9079785,1.4438158,0.38264328
TEST_09939,4.093455,-0.60260147,1.2488959
TEST_09940,3.2546382,0.278836,-0.70631945
TEST_09941,2.2091572,-0.5775715,-0.5490968
TEST_09942,1.6600208,0.06751809,-0.23913778
TEST_09943,4.1355867,-0.95651996,-1.0232571
TEST_09944,1.8054367,0.4342411,0.4483172
TEST_09945,3.784754,0.61503434,1.2033783
TEST_09946,2.0650532,0.20821953,-0.47455895
TEST_09947,3.9727213,0.008977186,-0.10508423
TEST_09948,2.8394704,-0.56105053,0.7293898
TEST_09949,4.47185,-0.028286614,1.3303349
TEST_09950,1.9817833,-0.4873511,-0.38602182
TEST_09951,1.6861259,-0.67546463,-0.13246359
TEST_09952,1.1831996,0.28409642,0.4792801
TEST_09953,2.511498,1.0444958,-0.8384873
TEST_09954,2.8327801,0.13288607,0.2827885
TEST_09955,1.3071289,-0.50142217,-0.15670508
TEST_09956,1.9637718,-0.77967787,0.031871907
TEST_09957,3.4261563,-1.2293112,-0.4004085
TEST_09958,2.9294581,-0.4568566,-0.5983744
TEST_09959,4.719731,1.2001694,0.003221365
TEST_09960,3.010854,0.8337422,-0.10786588
TEST_09961,3.2507741,-1.0742445,0.87302446
TEST_09962,2.8639336,-0.8145097,1.1257514
TEST_09963,3.6365392,-0.28753647,-0.2404915
TEST_09964,2.841868,-0.07934979,-0.4579149
TEST_09965,0.93898773,0.35493046,0.22518368
TEST_09966,5.0478826,-0.890287,0.5908015
TEST_09967,4.05106,-1.0920823,1.2951661
TEST_09968,5.164575,-1.6728287,0.8134543
TEST_09969,1.9059787,0.65728813,0.14187627
TEST_09970,2.215086,0.23594931,0.4640983
TEST_09971,0.72929245,0.11464848,0.044842724
TEST_09972,2.2805264,0.019066349,0.58798236
TEST_09973,2.9565756,0.23239005,-0.14140354
TEST_09974,2.8186128,0.9341547,0.8772819
TEST_09975,2.058913,-0.58098805,0.3049967
TEST_09976,0.91054237,0.079598434,-0.1827358
TEST_09977,1.1167768,-0.24144772,-0.155386
TEST_09978,3.1229105,-0.56826746,1.0961361
TEST_09979,3.6087024,-0.46041563,-0.21324322
TEST_09980,3.1949654,1.0242159,0.6299436
TEST_09981,1.1014526,0.24746385,0.16904552
TEST_09982,1.3906248,0.2723014,0.3467858
TEST_09983,0.9987781,-0.091868855,0.11757136
TEST_09984,0.7809329,0.20441097,0.040707223
TEST_09985,4.1340523,-0.35788873,0.976488
TEST_09986,2.3282115,0.417443,-0.8481629
TEST_09987,1.550331,0.5112183,0.6032239
TEST_09988,2.007752,-0.065979935,0.1944885
TEST_09989,3.2820227,1.6131171,-0.60180056
TEST_09990,2.7054856,0.61146456,0.6295165
TEST_09991,2.748269,0.42558116,0.5469224
TEST_09992,1.6524704,-0.6084779,-0.8162079
TEST_09993,2.7881515,0.991984,0.87155133
TEST_09994,1.5023562,-0.24195391,0.38694522
TEST_09995,1.0949185,0.45814767,0.3759618
TEST_09996,4.4976835,-1.4879872,0.76494414
TEST_09997,3.0899432,0.6319981,0.69449246
TEST_09998,1.410979,0.60341525,-0.3929113
TEST_09999,4.2351704,-0.23032613,1.6532501
TEST_10000,1.0401349,-0.2629301,-0.07250417
