id,x,y,z
TEST_00001,3.9899116,-1.053118,0.04538974
TEST_00002,1.9301132,0.6168903,0.7975798
TEST_00003,0.80604506,-0.19004753,0.14709261
TEST_00004,3.5288544,-1.6467388,-0.940889
TEST_00005,2.3020968,0.016860023,-0.039681215
TEST_00006,4.9964867,-0.79003733,0.49782735
TEST_00007,2.8993716,1.0026711,0.8355635
TEST_00008,1.4947752,-0.41272193,0.40545666
TEST_00009,1.4522681,0.48386452,0.14944762
TEST_00010,2.258122,-0.4106929,0.16988496
TEST_00011,2.3295197,-0.46398503,0.022168979
TEST_00012,4.018588,1.503018,0.89817023
TEST_00013,2.5497708,0.582517,-0.3130957
TEST_00014,2.1576343,1.4918271,-0.21199214
TEST_00015,3.002229,-0.68732035,0.86673236
TEST_00016,3.2881598,0.502172,-0.5339573
TEST_00017,4.005784,0.8614181,1.1596928
TEST_00018,3.0721276,0.26215637,-0.48589125
TEST_00019,1.4125133,0.085810155,0.29033345
TEST_00020,1.8779557,0.06479133,0.030367924
TEST_00021,3.5104434,-0.37030727,-0.14321142
TEST_00022,1.4025772,0.29651228,-0.27481848
TEST_00023,2.1421618,0.3985154,0.6797909
TEST_00024,3.761426,-0.5853114,0.81687605
TEST_00025,4.9259577,1.6172383,1.2158543
TEST_00026,1.7900242,-0.5958513,-0.5099131
TEST_00027,3.4504158,0.18559402,-0.3383628
TEST_00028,3.4262981,0.483383,-0.061009493
TEST_00029,2.1753924,-1.1447787,1.3385713
TEST_00030,3.5353913,-0.19184637,1.2248199
TEST_00031,1.35505,-0.91052943,-0.09879909
TEST_00032,2.498107,-0.8104479,-0.020396424
TEST_00033,2.1613305,-0.59182024,0.4735586
TEST_00034,1.9938115,-0.1505011,0.39713594
TEST_00035,2.0442915,-0.1286788,-0.24238053
TEST_00036,3.5248108,-1.4057263,-0.547155
TEST_00037,2.838263,-1.576716,0.18592425
TEST_00038,0.9645062,0.3981181,-0.32427353
TEST_00039,5.1556797,0.77292377,-1.1268027
TEST_00040,2.3713002,0.31854358,-0.26186037
TEST_00041,3.222446,-0.4126313,0.69335425
TEST_00042,3.3492298,-1.5047235,-0.50744903
TEST_00043,4.0891824,1.6761837,0.89769244
TEST_00044,2.4167197,-0.75710857,-0.22684123
TEST_00045,1.5670452,0.41190237,-0.122427754
TEST_00046,4.44772,-0.1693523,0.60544395
TEST_00047,1.481985,-0.26380116,-0.2295544
TEST_00048,4.1501293,-0.9414111,0.49116236
TEST_00049,2.2213945,0.30168718,0.29434326
TEST_00050,1.0737194,0.5470406,-0.2420702
TEST_00051,3.2208834,-0.36052132,-1.052648
TEST_00052,4.3896484,0.57344234,1.5032887
TEST_00053,2.786978,0.06306419,0.1626463
TEST_00054,2.547467,0.21811423,0.9962879
TEST_00055,1.547063,0.08537105,0.36058584
TEST_00056,3.377161,-0.7686103,-1.1115916
TEST_00057,1.3449113,0.21761519,-0.17957321
TEST_00058,3.5342278,-0.6129096,-0.26868877
TEST_00059,3.190247,-0.45065108,-0.13847236
TEST_00060,2.0209131,-0.93505496,-0.6410507
TEST_00061,1.9263273,0.01562985,0.34122592
TEST_00062,2.1791863,0.044243887,0.79200906
TEST_00063,2.7105181,-0.013033647,-0.7423539
TEST_00064,1.8523842,-0.23924333,0.54071903
TEST_00065,2.8616655,-1.3791931,-0.74440956
TEST_00066,2.3023372,0.52498955,-0.33111528
TEST_00067,3.6520717,0.13231008,0.18912916
TEST_00068,3.1250672,-0.21410288,0.03685059
TEST_00069,3.0606718,-0.41630822,-0.2725773
TEST_00070,1.3573102,0.52012014,0.52233744
TEST_00071,2.6880236,-0.788308,0.66058564
TEST_00072,2.2553093,1.0321356,0.7763203
TEST_00073,3.1238604,-1.180048,0.91917324
TEST_00074,1.3460144,0.5382642,0.22256005
TEST_00075,0.92868716,0.3319684,-0.26345998
TEST_00076,3.9659996,0.1954234,1.0463165
TEST_00077,3.3509707,-1.3264921,-1.0883105
TEST_00078,1.2659141,-0.47024393,0.19178022
TEST_00079,4.7408385,-1.3919579,1.3067993
TEST_00080,1.436921,0.48667702,0.41207594
TEST_00081,3.6242287,-1.1680962,1.245973
TEST_00082,2.2156935,0.20702204,0.40010256
TEST_00083,2.991529,0.6511443,0.5671886
TEST_00084,2.602294,0.30319995,-0.18717661
TEST_00085,1.9788088,-0.43178165,0.026533581
TEST_00086,2.1124501,1.2892498,0.20390397
TEST_00087,3.9211268,-0.87359077,0.60679024
TEST_00088,5.237752,-2.1841826,1.3129231
TEST_00089,3.3144991,-0.00616654,0.14532565
TEST_00090,3.02197,0.62345344,0.47515243
TEST_00091,1.2365476,-0.31535307,0.21156341
TEST_00092,2.003448,-0.46625116,-0.52655697
TEST_00093,2.4449115,0.49537238,-0.3683362
TEST_00094,1.7702072,0.5791906,0.27148992
TEST_00095,3.8392043,-0.21614203,-0.86818975
TEST_00096,2.0944808,0.8215675,-0.4320072
TEST_00097,2.818579,-0.088164285,0.24011567
TEST_00098,4.80835,-1.077879,-0.119470336
TEST_00099,3.6601334,0.81887066,0.7246873
TEST_00100,1.0376004,0.2953028,0.36907464
TEST_00101,1.5978531,-0.34626415,-0.104076974
TEST_00102,1.8428838,0.49767828,0.41904226
TEST_00103,3.7221706,0.08075087,0.7887168
TEST_00104,2.0058713,0.0758587,-0.2663646
TEST_00105,1.26281,0.52031773,0.39001083
TEST_00106,3.1639588,-0.08283454,-1.1023743
TEST_00107,4.171756,-0.38697365,1.0744014
TEST_00108,3.0021844,-1.0604156,-0.49712336
TEST_00109,1.0188168,-0.17144224,-0.121481046
TEST_00110,2.5445175,-1.6553878,0.42824242
TEST_00111,2.9967651,-0.4274854,-0.64294654
TEST_00112,3.5231247,0.47948,-0.58213085
TEST_00113,3.0468445,-0.15202971,0.47592846
TEST_00114,2.8365715,-0.44237202,1.1867242
TEST_00115,1.2127317,-0.18193771,0.38742372
TEST_00116,3.6929288,-0.8500148,-0.7122185
TEST_00117,3.1332712,0.4608991,0.74362296
TEST_00118,1.6755672,0.61332583,0.49580547
TEST_00119,4.8521266,-0.027801896,-0.35967606
TEST_00120,2.7244866,-0.9993755,0.4988841
TEST_00121,4.8525414,-1.0341197,1.3192143
TEST_00122,4.268884,0.5135497,0.55966675
TEST_00123,1.7110732,0.92460155,-0.103886135
TEST_00124,1.7429959,0.19672109,-0.18849969
TEST_00125,2.1250274,-0.77972394,0.7407786
TEST_00126,1.5307817,-0.35230705,-0.30929577
TEST_00127,1.912566,0.33115375,0.1348646
TEST_00128,3.3308527,1.9588171,0.5235299
TEST_00129,3.5471792,0.45008314,0.46887365
TEST_00130,2.7125058,-0.1234132,-0.012227403
TEST_00131,1.5865571,0.10964272,0.29700643
TEST_00132,4.5101895,0.5948884,0.60570854
TEST_00133,2.3376925,0.63314795,0.4943197
TEST_00134,1.4218767,0.7905238,0.40977743
TEST_00135,2.0441115,0.92724633,0.3447243
TEST_00136,3.3626459,-0.11938846,-1.0078887
TEST_00137,1.8362025,0.8512125,-0.7194202
TEST_00138,3.1636503,0.557845,-0.81011194
TEST_00139,1.788374,-0.7771476,-0.5042469
TEST_00140,0.8920117,0.5128321,0.28545797
TEST_00141,1.9489689,-0.57148445,0.13570288
TEST_00142,1.1604023,-0.050590675,0.22793895
TEST_00143,4.199694,0.16291581,0.9520447
TEST_00144,2.1356077,-0.19527543,-0.07943612
TEST_00145,5.174317,0.009941569,-0.55010235
TEST_00146,3.071521,-0.21946813,-1.2814724
TEST_00147,2.1991904,-0.08606248,0.73569
TEST_00148,2.797907,1.0006044,-0.57746655
TEST_00149,3.3614383,1.1909206,0.54173267
TEST_00150,4.7349577,1.0738534,0.8033786
TEST_00151,2.3128672,0.1013099,-0.1402887
TEST_00152,2.4553003,0.8152625,0.42031685
TEST_00153,3.7434783,-0.37651104,-0.5762871
TEST_00154,2.9452689,0.22978097,-0.212303
TEST_00155,1.9801366,0.1803044,-0.5891135
TEST_00156,1.9519132,-0.4736065,0.39783666
TEST_00157,2.391785,-0.5617148,0.6145137
TEST_00158,2.6691017,-1.431274,1.0761468
TEST_00159,3.8422294,-1.2374201,2.1104162
TEST_00160,1.5151649,-0.020421553,-0.079956636
TEST_00161,1.1286683,0.5986403,0.026708744
TEST_00162,1.3211061,0.93357325,-0.08068889
TEST_00163,3.712992,0.20477477,0.059289016
TEST_00164,2.5085945,0.076904275,1.039726
TEST_00165,1.901078,0.45674485,0.50424355
TEST_00166,2.938242,-0.5671573,-0.17695695
TEST_00167,3.7795641,-0.055186685,0.26740307
TEST_00168,5.4897075,0.30928993,0.099013716
TEST_00169,2.6311295,-0.46786484,-0.18207128
TEST_00170,0.90274966,0.39886528,0.27826872
TEST_00171,3.4564047,-0.13294236,-0.03272582
TEST_00172,4.977628,0.78318155,-0.87824583
TEST_00173,1.2953902,0.17703691,-0.07770846
TEST_00174,3.1299744,1.9352506,-0.18243878
TEST_00175,3.3970075,0.5782473,0.5184988
TEST_00176,0.98141855,-0.6088325,-0.17615707
TEST_00177,1.5500683,0.7663061,-0.21569538
TEST_00178,5.2266912,0.5659238,-0.12844312
TEST_00179,3.8250668,1.4292144,0.1257686
TEST_00180,3.1392212,0.39013693,0.2678614
TEST_00181,2.8898344,0.16652778,0.018783173
TEST_00182,1.4769793,-0.42320296,-0.32365856
TEST_00183,2.0703266,-0.18626158,0.36553764
TEST_00184,3.0868108,-0.09554838,-0.2548821
TEST_00185,3.024536,0.84195906,-0.44000575
TEST_00186,2.45433,-0.10585764,-0.38530463
TEST_00187,3.613526,-0.6546472,0.33814037
TEST_00188,2.5183077,-0.35341674,-0.008171703
TEST_00189,1.4278729,0.7383995,0.30203575
TEST_00190,3.015002,-1.8792467,1.1527929
TEST_00191,2.7831202,0.4188241,0.35683346
TEST_00192,2.3572364,-0.69243544,1.1009969
TEST_00193,2.9051182,-1.1175692,1.1017573
TEST_00194,1.3763499,0.16992933,0.094757885
TEST_00195,2.2167823,0.6484918,0.53383005
TEST_00196,3.3158371,-0.27779892,0.527859
TEST_00197,1.9913604,-0.03544154,0.087561
TEST_00198,3.722682,-0.19803995,0.7367372
TEST_00199,3.2949495,-0.5771441,-1.1064571
TEST_00200,4.747607,0.28514922,-0.19549094
TEST_00201,1.8160338,1.0949093,-0.19658001
TEST_00202,1.771786,0.4148639,-0.48187792
TEST_00203,3.108225,-0.41228756,0.07133056
TEST_00204,3.2137468,0.98015505,-0.010109326
TEST_00205,1.2835815,0.4893834,0.24503723
TEST_00206,4.1529512,0.41448447,0.5438949
TEST_00207,3.8161929,0.75475365,-0.15111388
TEST_00208,4.5845976,-0.34368,0.82919747
TEST_00209,2.2379143,0.66927797,0.17141837
TEST_00210,2.4712722,-0.1702553,0.20884685
TEST_00211,4.0854383,0.26822063,0.1786188
TEST_00212,4.074311,1.0401688,0.039700925
TEST_00213,2.2595162,0.6977751,-0.2633106
TEST_00214,3.0722075,0.07454225,0.41101894
TEST_00215,2.8168392,0.287498,0.27665412
TEST_00216,2.799147,-0.5204074,1.5581211
TEST_00217,1.5041537,0.17099059,0.7262379
TEST_00218,5.2904787,0.22286986,-1.2228245
TEST_00219,1.3682799,-0.29324713,-0.22232206
TEST_00220,3.2228556,-0.20856062,-0.7827222
TEST_00221,2.9897375,0.26920688,-0.10762341
TEST_00222,1.3853855,0.48457086,0.28379583
TEST_00223,3.7501607,-0.40678993,0.2681834
TEST_00224,1.2947692,0.5810981,0.08908835
TEST_00225,4.93922,-1.7290595,-0.41560388
TEST_00226,3.01853,-0.26880306,-1.1098285
TEST_00227,4.5072656,0.039439872,0.61873513
TEST_00228,2.2633276,-0.42346382,0.21286765
TEST_00229,3.9488196,1.7091584,-0.5713333
TEST_00230,2.3054802,0.19451508,0.581288
TEST_00231,2.7299376,0.8072002,0.118341
TEST_00232,3.4307444,1.7392296,0.062669754
TEST_00233,3.3182607,1.0401791,-0.8396316
TEST_00234,1.9634509,0.67130363,-0.051917747
TEST_00235,1.9943769,0.062062543,0.20192873
TEST_00236,3.4559548,-1.7283541,1.3446168
TEST_00237,2.1019688,0.9351582,0.19716951
TEST_00238,1.7519656,-0.24386603,-0.6497436
TEST_00239,6.323098,-0.567546,-0.83560306
TEST_00240,2.5641708,1.6306598,0.5987226
TEST_00241,4.710109,0.8784436,1.3289199
TEST_00242,1.3116869,0.4066607,-0.3938297
TEST_00243,2.0255814,0.8335963,-0.88147426
TEST_00244,3.3567698,0.20795122,0.06020496
TEST_00245,2.2539883,0.9653065,-0.2707026
TEST_00246,4.023441,-0.2694097,0.16088618
TEST_00247,4.48364,-1.0387516,0.31143072
TEST_00248,1.2304096,0.5724278,-0.10500723
TEST_00249,3.79088,0.2654991,-0.44375518
TEST_00250,2.0526223,-0.00778687,-0.004993489
TEST_00251,3.6697745,-0.066163056,-0.09482899
TEST_00252,3.0745955,0.22427411,-0.578006
TEST_00253,2.7750695,-0.31063357,-0.22688219
TEST_00254,1.6013997,-0.65630674,-0.02111238
TEST_00255,1.8833342,0.020024382,0.025569938
TEST_00256,1.0769281,0.35770184,0.6371478
TEST_00257,1.7934972,0.1537381,0.09185219
TEST_00258,2.5174477,0.7763978,0.45344737
TEST_00259,3.2539454,0.29925916,0.9950845
TEST_00260,2.4066124,0.8741897,0.20336986
TEST_00261,1.6550345,0.117696606,0.44936866
TEST_00262,1.053986,-0.021717483,0.21929395
TEST_00263,2.1274314,0.33650568,0.6624148
TEST_00264,3.4665523,-0.061061095,-0.40544254
TEST_00265,1.2029407,0.48911908,0.57752293
TEST_00266,2.7910976,0.41007414,-0.015575362
TEST_00267,1.2722101,0.54406697,-0.30696422
TEST_00268,3.25365,0.29913265,-1.0246335
TEST_00269,2.7784283,-1.3015109,0.4053714
TEST_00270,2.7894433,-0.49308264,-0.43945083
TEST_00271,3.0338678,0.9064304,0.28074306
TEST_00272,2.686915,0.26821578,-0.30279627
TEST_00273,1.7906698,0.12781896,-0.3551434
TEST_00274,1.569294,0.70274246,0.13153249
TEST_00275,2.1115658,-0.30447233,0.35100123
TEST_00276,3.9452016,-0.50982845,0.67848986
TEST_00277,3.310098,-1.2459345,0.9420193
TEST_00278,3.924062,-1.1221328,-0.5907695
TEST_00279,5.3844438,-1.4734474,-0.9982477
TEST_00280,3.114146,1.5754036,-0.91566515
TEST_00281,2.0828667,1.5666261,-0.5600307
TEST_00282,1.4639624,-0.7194874,0.8920451
TEST_00283,1.3217696,0.5843791,0.4714607
TEST_00284,2.7216468,0.010070011,0.26589566
TEST_00285,1.5472767,0.3354524,-0.3509674
TEST_00286,2.0271564,0.24366304,0.25509292
TEST_00287,2.4162984,-1.0693744,-0.51210016
TEST_00288,5.434055,2.3215175,0.6089343
TEST_00289,4.3475976,0.37898195,0.8322299
TEST_00290,1.9817426,-0.32532176,-0.0067440635
TEST_00291,0.8965176,0.28692776,-0.07548163
TEST_00292,4.1180544,0.98661923,1.8952692
TEST_00293,1.6551932,0.21030614,0.25316274
TEST_00294,1.8239126,-1.1533478,0.24009927
TEST_00295,3.4564512,-0.13649647,0.52858436
TEST_00296,3.0050075,-0.7952026,-0.57669234
TEST_00297,1.5978159,-0.7057833,-0.3399686
TEST_00298,3.51137,0.94356734,-1.3283408
TEST_00299,4.3635516,0.7951045,-0.587361
TEST_00300,2.1114883,0.8739127,-0.57136065
TEST_00301,1.6549733,0.1860615,-0.28021276
TEST_00302,1.66033,-0.080283314,0.28462607
TEST_00303,3.1913154,0.51389915,-0.03430091
TEST_00304,1.8667941,-0.16211826,-0.45800978
TEST_00305,4.0113397,0.6003015,0.8228941
TEST_00306,1.0299976,-0.36493933,0.051736094
TEST_00307,4.1578574,0.012859028,-0.8124481
TEST_00308,2.8648753,-0.5264846,0.0740969
TEST_00309,3.695076,-0.8174489,0.61171013
TEST_00310,5.127469,-1.3380169,1.5979295
TEST_00311,2.9463081,-0.8484173,-0.07573326
TEST_00312,1.2094148,0.30305737,-0.17882851
TEST_00313,1.7536746,-0.061686106,0.3452596
TEST_00314,2.235244,0.20288214,0.041947998
TEST_00315,1.6482667,-0.38747406,-0.44923925
TEST_00316,3.5778072,-0.32910728,1.2628579
TEST_00317,3.412435,1.8613014,0.18220356
TEST_00318,1.4691226,0.25674143,-0.075507924
TEST_00319,5.3080406,-0.070760444,-0.38109833
TEST_00320,1.301369,-0.19843125,-0.1715779
TEST_00321,5.358094,0.53461343,0.6429481
TEST_00322,3.9570088,0.33138573,-0.47866824
TEST_00323,3.8431387,0.9128785,0.8127483
TEST_00324,2.7227714,-0.6445046,-0.26474383
TEST_00325,0.8987363,0.2058359,0.25151235
TEST_00326,4.7976103,0.43523687,-0.2227599
TEST_00327,2.0484552,0.17893575,0.17921023
TEST_00328,3.3710113,-0.24503314,-0.30261806
TEST_00329,2.9171195,0.45768142,0.05455888
TEST_00330,1.5539186,0.61874133,0.030637084
TEST_00331,0.8137227,0.16893879,-0.056024287
TEST_00332,2.795072,0.41267163,1.07361
TEST_00333,2.6765053,-0.7836504,-0.3621834
TEST_00334,1.3806254,0.9534182,-0.16851209
TEST_00335,3.7004142,0.12251069,-0.049398333
TEST_00336,2.953976,-0.34242538,0.22354752
TEST_00337,1.8112462,0.24555299,0.18301319
TEST_00338,5.475519,0.006419884,-0.853574
TEST_00339,3.6912167,0.092435986,-0.02190369
TEST_00340,2.2993546,0.95861614,0.52286243
TEST_00341,3.601068,0.13669012,0.07012768
TEST_00342,1.8632088,-0.5566787,-0.77654445
TEST_00343,1.5915298,-0.66301805,-0.3170639
TEST_00344,1.5295334,-0.14300698,-0.045071803
TEST_00345,1.6629055,-0.10620033,-0.15742148
TEST_00346,2.574769,0.4353454,0.5565285
TEST_00347,3.879809,0.34800074,-0.696814
TEST_00348,1.9756074,0.53702575,0.004182134
TEST_00349,2.0802357,-0.98737866,0.10311001
TEST_00350,3.3675644,-1.5559777,-0.31830168
TEST_00351,2.3475363,-0.769392,-0.566331
TEST_00352,3.3864517,-1.0984179,1.2121502
TEST_00353,3.5320854,1.1983455,-0.5996397
TEST_00354,2.7607696,0.28931576,-0.063533336
TEST_00355,1.896476,-0.06409246,0.0822218
TEST_00356,2.3081412,0.46845132,0.1204347
TEST_00357,2.8566232,-0.76808,0.1858501
TEST_00358,1.3799005,0.11693566,0.100638814
TEST_00359,2.9046743,1.3886497,0.20934896
TEST_00360,3.1307957,1.9613999,1.3701133
TEST_00361,4.65252,0.25090486,0.4435811
TEST_00362,2.561437,-0.5208927,0.17730345
TEST_00363,3.0020611,0.104208566,-1.2561392
TEST_00364,3.7428744,-1.5107477,0.103116594
TEST_00365,2.9200716,0.6746582,0.8756832
TEST_00366,5.1735125,-0.43958896,-0.18714218
TEST_00367,1.8772557,-0.46625838,-0.4632412
TEST_00368,1.0576155,0.18665326,-0.32756352
TEST_00369,4.312215,0.428016,-0.4995887
TEST_00370,1.4447967,0.77089,0.16743113
TEST_00371,1.8779391,0.3724264,0.22267859
TEST_00372,1.6544648,0.46349025,0.6515681
TEST_00373,2.9823651,0.37626958,0.20730782
TEST_00374,1.0842139,-0.30927807,-0.2618205
TEST_00375,3.448238,0.9533394,-0.23155837
TEST_00376,1.1001068,-0.69900703,-0.12803048
TEST_00377,2.2338676,-0.16087377,0.4005877
TEST_00378,1.6323111,-0.6688375,-0.09929915
TEST_00379,1.8009076,-0.91155094,-0.4688059
TEST_00380,2.8019032,-0.6655126,0.325449
TEST_00381,3.4867733,0.018885296,0.32475853
TEST_00382,2.1668262,0.3207876,0.47869855
TEST_00383,4.0392747,-0.42032894,-0.40972516
TEST_00384,2.1613476,-0.45233744,-0.52529114
TEST_00385,3.5655997,-1.4726008,-0.089854956
TEST_00386,3.0187867,-0.036721524,-0.17155847
TEST_00387,2.1882322,0.0279155,-0.038127538
TEST_00388,1.6657705,-0.11367878,0.19099936
TEST_00389,2.4171202,0.46384484,1.4420995
TEST_00390,4.428195,0.28413528,-0.64819145
TEST_00391,1.6130459,-0.54398847,-0.059404805
TEST_00392,3.06524,1.5990546,1.5317153
TEST_00393,1.9288803,-0.1848198,0.55623835
TEST_00394,2.8792324,-0.5970135,0.5706333
TEST_00395,1.0248013,0.11240862,-0.22454885
TEST_00396,3.828552,0.7655395,0.32438654
TEST_00397,3.3627074,0.8266711,-0.8414136
TEST_00398,1.1771297,-0.12196966,0.27915958
TEST_00399,5.7646613,1.038138,0.2756769
TEST_00400,3.9225957,-0.14012448,0.24729119
TEST_00401,1.834977,-1.1810609,-0.18285729
TEST_00402,3.7205417,1.2783115,0.33309144
TEST_00403,3.0193834,-2.3580637,0.40457067
TEST_00404,3.1309307,-0.24806818,-0.48615804
TEST_00405,2.2096589,1.0805118,0.7247817
TEST_00406,2.968315,-0.36611006,0.83447915
TEST_00407,1.3094225,0.847762,-0.13718289
TEST_00408,4.530545,1.4853568,1.0834156
TEST_00409,3.1913128,0.34500316,0.2521856
TEST_00410,1.6020138,0.4513807,0.39861444
TEST_00411,3.58975,0.24206734,-0.32866526
TEST_00412,2.0961528,-0.4483127,0.55270296
TEST_00413,2.326616,-0.35078168,-0.09173743
TEST_00414,1.7228847,0.40834945,-0.12161216
TEST_00415,3.9621658,1.0074677,-0.58735746
TEST_00416,1.618965,0.2744974,-0.20907226
TEST_00417,3.6121912,-1.4316183,1.1995027
TEST_00418,1.8501707,0.26282156,0.23660886
TEST_00419,4.0029626,0.40711433,0.48103505
TEST_00420,1.3520699,0.13379836,0.048422076
TEST_00421,2.9411159,-0.4482261,-1.0071627
TEST_00422,1.6402798,-0.10579895,-0.6653585
TEST_00423,2.6094768,-0.7335302,-0.8579937
TEST_00424,1.1202481,-0.5283885,0.34163263
TEST_00425,2.5713065,0.81913257,0.29399693
TEST_00426,3.1042724,0.25353104,-0.74026
TEST_00427,2.956237,-0.2867398,-0.5298089
TEST_00428,1.7673734,0.010189271,0.2200848
TEST_00429,4.15142,0.04124515,0.07683659
TEST_00430,1.1406517,0.23515193,-0.32317442
TEST_00431,2.1854513,0.4120126,-0.0548129
TEST_00432,2.7763577,0.4610192,0.52021134
TEST_00433,2.6145825,1.1246734,-0.06429227
TEST_00434,1.2351488,-0.36100644,0.041344527
TEST_00435,1.8703121,0.7526111,-0.34210187
TEST_00436,2.1723685,0.51427186,-0.018720623
TEST_00437,3.0692909,-1.0214705,0.43379873
TEST_00438,2.7998574,1.5580509,0.052320078
TEST_00439,2.4639428,1.4343774,1.5504313
TEST_00440,2.9579782,0.4442855,0.629666
TEST_00441,2.2667773,1.0758402,-0.90274584
TEST_00442,2.7712412,0.38850087,-0.23838374
TEST_00443,3.5452263,1.0074723,0.07223377
TEST_00444,2.6687078,0.60694444,0.45408344
TEST_00445,2.4711418,0.44627017,0.62641174
TEST_00446,1.9138786,0.44957265,0.029845785
TEST_00447,2.509819,-0.38475624,-0.60348356
TEST_00448,5.052306,-0.36339304,-0.5600227
TEST_00449,4.7667556,0.7444366,0.1785054
TEST_00450,3.2532363,0.43210003,1.0878278
TEST_00451,3.2904637,0.10783072,0.3399879
TEST_00452,4.2672696,-0.37436026,-1.092999
TEST_00453,2.8727283,0.058696557,-0.27268898
TEST_00454,2.7788777,-0.3524778,0.6615048
TEST_00455,3.2563965,0.25014395,-0.42480308
TEST_00456,1.946352,0.4290098,0.72806674
TEST_00457,3.7906516,1.1021701,-0.6970026
TEST_00458,4.3973136,0.058214758,-0.28854582
TEST_00459,4.479981,1.4954442,-0.9969954
TEST_00460,1.8789222,0.4711588,0.3381568
TEST_00461,3.5737321,0.41806167,1.231464
TEST_00462,2.337327,-0.070210114,0.8938215
TEST_00463,1.265799,0.42371574,-0.1945736
TEST_00464,4.0032525,0.6135141,-0.52911013
TEST_00465,2.853349,0.08995576,0.050832704
TEST_00466,1.3164035,-0.6546554,0.21273516
TEST_00467,4.175239,-0.12694085,0.53202575
TEST_00468,2.0803623,0.115658045,-0.025084732
TEST_00469,2.3453908,-0.32588202,-1.5502099
TEST_00470,2.6921134,-0.15496734,-0.41323304
TEST_00471,1.3214021,-0.5842913,0.13875248
TEST_00472,1.2890469,-0.71371436,0.5431194
TEST_00473,3.0436616,0.8543641,0.6851089
TEST_00474,2.8029492,0.3878284,-0.2887494
TEST_00475,1.5843688,0.021995146,0.71069163
TEST_00476,4.450726,1.3589169,0.57526416
TEST_00477,1.7838672,0.30483046,0.21865651
TEST_00478,1.3472546,0.69465995,0.56932306
TEST_00479,3.6195476,-0.2957584,1.6328124
TEST_00480,3.8293233,-0.5499068,0.058171272
TEST_00481,4.0370517,0.008183878,1.0246245
TEST_00482,2.463015,-0.32215476,0.20826472
TEST_00483,0.9787099,-0.47582218,-0.15824169
TEST_00484,2.1458912,0.052453637,0.52187955
TEST_00485,1.6300416,0.5869224,0.04611658
TEST_00486,1.1857768,-0.42442447,0.28312466
TEST_00487,1.0887161,-0.027770333,0.3657017
TEST_00488,2.303686,1.1056812,-0.24514192
TEST_00489,3.2045767,0.28236878,-0.2313073
TEST_00490,2.0069547,0.85420096,0.37432012
TEST_00491,3.5990748,0.18980324,1.1408281
TEST_00492,4.1984773,0.8913625,1.5433019
TEST_00493,2.5365145,-0.11805777,0.32058427
TEST_00494,1.909649,1.0537655,0.00249962
TEST_00495,1.777921,-0.36661428,-0.059803747
TEST_00496,2.1754222,0.7083946,0.37687767
TEST_00497,1.9895331,-0.68046606,0.04719691
TEST_00498,5.372172,-0.82318556,1.7873311
TEST_00499,4.110737,0.3011801,0.24247664
TEST_00500,1.9655365,0.6743739,0.46902543
TEST_00501,2.9582512,0.23263888,1.3223146
TEST_00502,1.8907659,0.43642372,0.15038927
TEST_00503,1.7944847,0.34894067,0.059324987
TEST_00504,1.9882368,0.09913121,-0.48991436
TEST_00505,3.5418057,1.546862,-0.24805331
TEST_00506,1.8895538,0.31987223,0.47970954
TEST_00507,1.3882804,-0.0054103453,-0.24758756
TEST_00508,2.2719913,-0.96752006,0.3813794
TEST_00509,1.3165183,-0.43223095,0.67142224
TEST_00510,2.0273821,-1.5560538,0.5995485
TEST_00511,2.675973,-1.0212727,-0.45325086
TEST_00512,2.6227925,1.1505994,-0.5323513
TEST_00513,2.5392578,0.63932383,-0.6000714
TEST_00514,1.9093665,0.49847385,-0.22618352
TEST_00515,1.3284703,0.31882524,-0.105749816
TEST_00516,4.027271,-0.37391648,1.0242157
TEST_00517,1.6399635,-0.38387582,-0.17507829
TEST_00518,3.8339758,0.4927396,-0.04576204
TEST_00519,3.5918505,-0.8189438,-0.9645232
TEST_00520,5.0608244,-0.5766634,0.48074955
TEST_00521,2.1885955,-0.8455621,-0.087096
TEST_00522,3.6261258,1.3110449,-0.09177912
TEST_00523,2.1694312,-1.3560438,-0.27383083
TEST_00524,3.0840619,0.29443458,-0.37680915
TEST_00525,1.5825894,0.7099172,-0.20690237
TEST_00526,2.8019483,-0.79703903,-0.755366
TEST_00527,1.7798084,1.0434623,0.2327344
TEST_00528,5.808428,-0.63722956,-0.6316216
TEST_00529,3.4818878,0.2417077,-0.12900616
TEST_00530,2.9316702,-0.06821552,-0.80879235
TEST_00531,3.8684306,-0.27168036,-1.0476884
TEST_00532,2.488941,-0.94965374,0.25954923
TEST_00533,2.6766644,0.22572131,-0.23364872
TEST_00534,1.6664371,0.98285484,0.7509637
TEST_00535,1.8888261,-0.6773964,-0.07955334
TEST_00536,3.0204372,0.26071304,1.6450702
TEST_00537,4.030715,-0.69267416,-0.6180377
TEST_00538,3.514768,-0.065531574,-0.57287586
TEST_00539,2.4121797,0.9340612,-0.32193908
TEST_00540,1.0804144,-0.045879003,-0.16786006
TEST_00541,3.826143,-0.40168938,0.33886847
TEST_00542,1.7714957,0.7814403,-0.10857195
TEST_00543,1.5212525,0.4701183,0.16489169
TEST_00544,3.7229657,-0.39483315,-0.5485647
TEST_00545,2.8247285,0.079589024,1.5221847
TEST_00546,1.1832584,-0.3204373,-0.18735223
TEST_00547,3.1182125,0.37026682,-0.47014385
TEST_00548,2.92696,1.1834544,-0.39348057
TEST_00549,3.264889,0.09937707,-1.051125
TEST_00550,3.8783455,1.2191204,0.00062019005
TEST_00551,2.8211493,-0.30780137,-0.25627542
TEST_00552,2.2940707,-1.2502303,0.4491379
TEST_00553,3.1924658,-0.222981,0.57477546
TEST_00554,1.7491604,0.18524523,0.107021816
TEST_00555,2.0747736,-0.78510314,0.124418445
TEST_00556,3.0263064,-1.2311891,0.83089393
TEST_00557,2.5098066,-0.34475708,-0.1330121
TEST_00558,2.957963,-0.40438294,-0.44707283
TEST_00559,3.8096538,-0.7244497,1.435704
TEST_00560,3.440481,-0.4328099,0.9668062
TEST_00561,5.017639,-1.926545,1.2387493
TEST_00562,1.9290521,-1.5828104,0.9785628
TEST_00563,1.0750029,-0.9278915,-0.11372901
TEST_00564,1.8335434,-0.11949557,0.22270836
TEST_00565,2.1719663,0.23392858,0.6050544
TEST_00566,3.0982854,-0.4956524,0.46246162
TEST_00567,3.272625,-0.5949112,0.33682197
TEST_00568,3.3019514,0.87739474,-0.83037025
TEST_00569,3.5624847,-0.09440666,0.7601386
TEST_00570,2.2174985,0.2158687,0.37383863
TEST_00571,3.0925794,-0.3933011,0.013857309
TEST_00572,1.5373864,0.16049272,-0.29943293
TEST_00573,0.96405447,-0.35970446,-0.102180205
TEST_00574,1.6168368,0.29676202,0.5919847
TEST_00575,3.1426432,0.1514634,0.1548593
TEST_00576,2.0325027,0.7499677,0.6306784
TEST_00577,2.359613,0.9928938,0.33693647
TEST_00578,3.8959913,0.23538896,0.62110466
TEST_00579,2.5880907,0.0718591,-0.15296768
TEST_00580,1.6690612,-0.5919325,0.63044477
TEST_00581,2.848985,0.39782625,0.67953545
TEST_00582,1.3702818,-0.12585977,-0.34587538
TEST_00583,3.7300112,0.05062208,-0.6812701
TEST_00584,4.0750833,-0.30896017,0.08532996
TEST_00585,4.4924145,-0.39523295,-0.47149384
TEST_00586,1.348494,-0.15001538,-0.33706844
TEST_00587,2.016006,-0.05273144,-0.12273337
TEST_00588,2.6106262,-0.7822141,0.47240043
TEST_00589,1.0181675,-0.012599184,0.45276836
TEST_00590,4.024449,-0.709423,0.70906
TEST_00591,3.0422778,0.062522694,-0.056973983
TEST_00592,1.7916399,-0.6787973,-0.14164443
TEST_00593,3.3321886,0.77090657,1.1866157
TEST_00594,2.3902016,0.4312563,0.44652
TEST_00595,1.1258196,0.117467746,-0.16994087
TEST_00596,4.5602965,1.1379102,-0.7832235
TEST_00597,2.8511806,-0.35492966,0.5693014
TEST_00598,2.3082416,0.1128257,0.7319074
TEST_00599,4.4763684,-1.884457,2.238372
TEST_00600,2.9291203,1.160417,1.0547509
TEST_00601,2.7683187,1.1134566,-0.4734636
TEST_00602,1.1635838,0.6334182,-0.10688258
TEST_00603,1.3430318,0.36693344,0.014906302
TEST_00604,3.5139904,-0.018700918,0.19821583
TEST_00605,1.1346667,0.5527668,-0.01916392
TEST_00606,4.7319403,0.74235934,0.9883858
TEST_00607,1.6761796,1.1979901,0.5334514
TEST_00608,2.0032907,1.5514722,0.35132536
TEST_00609,2.5408597,0.07970395,-0.58256114
TEST_00610,2.078495,0.5931123,-0.13058053
TEST_00611,3.7425885,0.024009055,0.8810615
TEST_00612,3.494697,-0.9834264,0.029664345
TEST_00613,2.7169437,-0.044812832,-0.38367414
TEST_00614,1.5468862,-0.26263908,0.33456114
TEST_00615,1.1930537,0.025061328,-0.14795463
TEST_00616,2.1132607,-0.44446167,-0.58295375
TEST_00617,2.9405413,-0.26757422,0.94688255
TEST_00618,2.3770232,0.78260666,0.6408219
TEST_00619,3.313911,1.0627581,0.8756354
TEST_00620,2.2240753,0.029440587,0.48255333
TEST_00621,3.034667,-0.4632528,0.43112606
TEST_00622,1.8779507,0.18343139,0.18319191
TEST_00623,3.995106,0.50344706,-0.044764176
TEST_00624,3.1047778,-0.09785383,-0.2539067
TEST_00625,2.9665415,1.0259421,-0.09096141
TEST_00626,3.1965916,-0.56876856,-0.8358471
TEST_00627,2.7265556,-0.1864057,0.15042615
TEST_00628,2.1540658,0.046001732,-0.1572276
TEST_00629,3.9787166,-1.0618796,-0.24600603
TEST_00630,3.3791418,-0.8704725,-0.76151747
TEST_00631,3.0542328,-0.73328435,-0.10183537
TEST_00632,2.9696648,0.61128217,0.5664753
TEST_00633,2.6995058,-0.8126015,0.77813286
TEST_00634,1.6724572,-0.25025696,0.2072867
TEST_00635,2.6369112,0.9143273,0.8420041
TEST_00636,1.4064397,-0.49787107,-0.33961308
TEST_00637,3.1067188,0.16199653,1.019513
TEST_00638,2.753303,0.14493884,-0.06316322
TEST_00639,4.8138814,0.7459178,-1.1933345
TEST_00640,4.6172576,0.46228024,-1.0478833
TEST_00641,4.672117,-2.2077405,1.208869
TEST_00642,1.6897582,1.0539224,0.83715016
TEST_00643,1.9254717,1.1262268,0.28978205
TEST_00644,1.7079751,0.35517296,-0.29688424
TEST_00645,1.2948327,0.009469486,0.021499194
TEST_00646,2.4031248,-0.8842123,0.5491884
TEST_00647,2.3993173,-0.73489416,0.47428697
TEST_00648,3.3977423,-0.294132,0.38936606
TEST_00649,1.742441,0.6855632,0.29309717
TEST_00650,2.2143295,-0.11051219,-0.15845963
TEST_00651,2.1009827,0.627135,0.23271848
TEST_00652,1.2960205,-0.84843194,0.09095216
TEST_00653,2.5142312,-0.57224375,0.1989485
TEST_00654,2.1815526,-0.4765587,0.3220785
TEST_00655,2.795884,-0.321653,0.025068548
TEST_00656,1.4298457,0.71327525,0.22983819
TEST_00657,2.0322583,0.54803556,-0.54858434
TEST_00658,1.7673104,1.0372164,-0.5565263
TEST_00659,2.729385,-1.6296897,0.3875974
TEST_00660,2.89715,0.41816005,-0.027278345
TEST_00661,1.4140253,-0.6383999,-0.22097613
TEST_00662,1.3514645,0.044718258,0.083632514
TEST_00663,3.2086647,0.5550426,0.21837768
TEST_00664,3.442923,-0.26013944,-0.20844132
TEST_00665,3.5631924,0.08675848,0.80198413
TEST_00666,2.8333662,0.21414955,-0.12618916
TEST_00667,4.1757107,-0.53144324,0.44442195
TEST_00668,2.9050055,-0.88703114,0.044654846
TEST_00669,2.6432505,0.94719166,1.1916924
TEST_00670,3.0346005,-0.23613894,-0.5933105
TEST_00671,2.4014444,0.2464052,-0.010732551
TEST_00672,2.919061,1.0034825,0.9578619
TEST_00673,2.8701396,-0.76346654,0.44963863
TEST_00674,2.0876012,-0.43702334,0.5895545
TEST_00675,1.8022002,-0.046207093,-0.5079364
TEST_00676,1.9750172,0.6856211,0.034003526
TEST_00677,3.205898,2.120776,0.55021477
TEST_00678,2.2210333,0.5505031,0.5906554
TEST_00679,5.8574476,0.6787443,-0.7224274
TEST_00680,3.0258038,1.5972065,0.21728154
TEST_00681,3.2378323,-1.3879396,1.0890249
TEST_00682,3.6593564,0.17583239,0.2759138
TEST_00683,2.5231435,0.26359627,0.9142089
TEST_00684,2.3404717,-0.1675196,0.63663125
TEST_00685,2.3511019,0.67170155,0.11006973
TEST_00686,1.5225184,-0.06421738,0.19182342
TEST_00687,5.0221376,1.3318024,-0.92357236
TEST_00688,4.0714,-2.0960004,1.4571037
TEST_00689,3.3388271,0.016560353,0.71075946
TEST_00690,2.7251685,0.42794746,-0.6713481
TEST_00691,2.2543895,-0.053098932,0.6970661
TEST_00692,1.9623427,-0.43165955,0.6072525
TEST_00693,2.3144202,0.5512864,0.103269316
TEST_00694,2.8797011,1.6709243,0.79829997
TEST_00695,0.94557005,0.55531037,-0.03384025
TEST_00696,2.6863892,0.42958838,-0.5816352
TEST_00697,2.4661105,-0.37591103,0.39489287
TEST_00698,5.2952967,-1.6426226,-0.63534623
TEST_00699,1.2077098,-0.023980478,0.053354472
TEST_00700,1.0981778,0.059010006,0.3767475
TEST_00701,2.723381,0.3555262,0.2589871
TEST_00702,1.4317287,-0.56423575,-0.27255702
TEST_00703,2.2425692,0.15852438,-0.028348442
TEST_00704,2.2051923,-0.7047646,-0.3800889
TEST_00705,2.616751,1.3466583,-0.31417367
TEST_00706,2.7002678,-0.2330243,-0.110318065
TEST_00707,4.402108,-0.20519622,-0.34170938
TEST_00708,2.0966208,0.14219381,-0.16048694
TEST_00709,4.1936255,-1.7218995,1.5057232
TEST_00710,2.4949138,-1.706471,0.7663484
TEST_00711,1.4858747,0.19948031,0.084594116
TEST_00712,2.6244895,0.15866968,0.93148667
TEST_00713,2.2155015,0.81867844,-0.6202685
TEST_00714,2.9330986,-0.15759812,0.046457246
TEST_00715,1.0696766,0.07327716,-0.07215342
TEST_00716,2.204692,0.05745303,-0.665782
TEST_00717,2.223452,0.22712323,0.28338346
TEST_00718,3.1283724,-0.6377136,0.9343322
TEST_00719,3.1517453,-1.2642473,-1.4971037
TEST_00720,2.9901876,2.3323052,0.45141372
TEST_00721,1.7845801,-0.7130861,-0.0545343
TEST_00722,4.112362,0.33208784,0.43486607
TEST_00723,2.2123508,-0.31459415,0.7531128
TEST_00724,2.05999,-0.29725447,-0.35838848
TEST_00725,0.84682333,-0.032714788,-0.18835922
TEST_00726,3.2433372,-1.02703,-0.061439715
TEST_00727,3.448325,-0.89537334,-0.60454184
TEST_00728,5.789545,-0.482082,-0.39842027
TEST_00729,3.942773,0.46104598,0.43895152
TEST_00730,2.8761103,0.632796,-0.009841874
TEST_00731,2.2433648,0.51129377,0.15110752
TEST_00732,1.4400369,0.10245654,0.028362922
TEST_00733,2.8327005,0.34739885,0.14079571
TEST_00734,1.4377799,-0.6180318,-0.111054584
TEST_00735,1.2086397,-0.017798591,0.3605467
TEST_00736,2.2234838,0.6273841,-0.31321517
TEST_00737,3.0448782,-1.4073206,0.7047932
TEST_00738,4.8747334,0.90018,-1.2851015
TEST_00739,4.0700383,1.5091214,1.2745268
TEST_00740,2.6068382,-0.47105357,-0.07438235
TEST_00741,1.1906894,-0.42690957,0.41852608
TEST_00742,1.9406166,0.038840093,0.60272574
TEST_00743,3.6430042,-0.462362,0.22926874
TEST_00744,2.2582622,-0.41612455,0.45832792
TEST_00745,2.5984867,0.37577292,1.0806125
TEST_00746,1.6427972,0.3047912,0.028000273
TEST_00747,3.601078,-0.5799146,-0.7716886
TEST_00748,1.7328106,0.025516607,0.10847485
TEST_00749,3.7096953,-0.31676325,1.2005739
TEST_00750,1.3572747,0.7218429,-0.31101906
TEST_00751,2.8589914,-0.30159327,-0.3117898
TEST_00752,3.4069967,0.29116312,0.6609363
TEST_00753,3.1540682,-1.376913,0.8454382
TEST_00754,2.8089523,0.054816917,0.4129279
TEST_00755,1.8187878,0.09067313,-0.21066137
TEST_00756,4.064962,-0.7972139,0.32091185
TEST_00757,1.6631856,0.38767567,-0.08652371
TEST_00758,2.5387557,1.0677397,-0.3970202
TEST_00759,4.937006,1.2243524,0.10552876
TEST_00760,4.7490473,-0.083660744,-1.4665507
TEST_00761,1.0068127,0.022622384,-0.057055846
TEST_00762,2.6994798,0.09296881,-0.078408115
TEST_00763,3.3209486,0.8605125,0.31311348
TEST_00764,2.4364476,0.2509121,-0.032294866
TEST_00765,1.5921535,0.42745516,-0.015422745
TEST_00766,2.1135445,-0.76657146,-0.3597651
TEST_00767,2.881523,0.84111464,0.94407016
TEST_00768,2.5129511,0.2964555,-1.0999315
TEST_00769,2.1055257,0.855006,0.03390322
TEST_00770,3.3802414,0.34832385,1.1015186
TEST_00771,1.6452569,-0.35839075,0.3320496
TEST_00772,1.3868843,-0.1946551,-0.15637156
TEST_00773,1.9458587,-0.114998624,0.2412128
TEST_00774,2.1733234,1.2859613,-0.8068537
TEST_00775,4.1253633,1.0679427,-1.1008419
TEST_00776,2.8710747,0.22486903,0.77050066
TEST_00777,3.1922362,-0.8927882,0.18443204
TEST_00778,4.890811,0.42319334,-0.32097965
TEST_00779,4.778404,-1.390826,-1.4043125
TEST_00780,1.9689724,0.6683542,0.47971666
TEST_00781,3.1930292,-0.09007266,-0.1846685
TEST_00782,1.9146689,-0.46468368,0.50011474
TEST_00783,3.919093,0.79075265,-0.0058044717
TEST_00784,2.3217378,-0.18097946,0.46780446
TEST_00785,2.8094037,0.44392806,1.525845
TEST_00786,2.7916975,-0.27800202,0.09269115
TEST_00787,2.506191,0.67158914,0.904003
TEST_00788,2.279984,-0.4885213,0.38438907
TEST_00789,2.731007,-0.95537025,-1.2849085
TEST_00790,4.1011753,0.07650527,0.5863633
TEST_00791,2.3812568,-0.3140558,0.29114965
TEST_00792,2.218018,0.985488,-0.14573471
TEST_00793,2.952636,0.5577124,-0.049964983
TEST_00794,2.488644,-0.5856831,0.41259035
TEST_00795,1.7863495,0.34498388,0.4250869
TEST_00796,4.600172,-0.50080436,0.13195902
TEST_00797,2.8545465,-1.5011107,0.9958485
TEST_00798,3.3378725,1.4383166,1.0104016
TEST_00799,3.6563816,-0.64298826,-1.2775605
TEST_00800,3.4991667,1.5859635,0.29345885
TEST_00801,3.635091,1.3980497,-0.24395664
TEST_00802,4.4962707,-1.4309951,-0.11756265
TEST_00803,3.2300808,-0.10793846,0.06521634
TEST_00804,2.088169,-0.53035766,-0.76170564
TEST_00805,2.083169,1.0712771,-0.6336435
TEST_00806,4.2231507,-0.1971129,0.33439127
TEST_00807,1.1355057,0.41018784,0.16472536
TEST_00808,5.6061788,0.37281495,0.1473074
TEST_00809,2.4199197,0.7002293,-0.063627996
TEST_00810,1.5565764,0.24253616,-0.21494351
TEST_00811,0.7876302,0.41518518,-0.03371273
TEST_00812,2.483664,0.5732208,-0.3140076
TEST_00813,2.381259,-0.113406435,0.038248546
TEST_00814,3.7082138,1.6832166,-0.80915534
TEST_00815,2.3651195,0.8868661,-0.21114218
TEST_00816,2.5917735,-1.1394836,-0.205237
TEST_00817,3.7329018,-1.9381341,1.7391967
TEST_00818,5.446069,0.46086454,-1.1664968
TEST_00819,1.6653315,0.49910355,0.30926624
TEST_00820,1.4640336,0.29701808,-0.022222165
TEST_00821,2.6581037,-0.40103775,0.64792734
TEST_00822,2.0849726,0.67207754,0.15951492
TEST_00823,2.4027271,-0.56920695,-0.45673415
TEST_00824,1.6757134,-0.3324239,-0.25800112
TEST_00825,1.408427,0.49570155,-0.6852425
TEST_00826,1.6081847,0.45373455,-0.31180364
TEST_00827,1.1170166,0.40318555,0.060831014
TEST_00828,2.3931327,0.92855614,-0.64878714
TEST_00829,1.2745867,-0.08669789,-0.29609415
TEST_00830,4.7473083,-1.3110976,1.8366903
TEST_00831,2.2029088,-0.41545925,0.16501941
TEST_00832,1.4439917,0.6188708,0.28711942
TEST_00833,3.2077,-0.95649576,1.4998196
TEST_00834,2.0561604,0.15481818,0.23365766
TEST_00835,1.9085677,0.6797904,0.10568236
TEST_00836,1.4145348,-0.91832423,0.0027957363
TEST_00837,1.369508,-0.1774941,0.003902522
TEST_00838,2.4122622,-0.34448788,-0.15308194
TEST_00839,5.7878633,0.44856742,-0.07309057
TEST_00840,1.5013485,-0.08287232,-0.24637288
TEST_00841,3.9908416,1.4933597,1.4683522
TEST_00842,3.0641816,0.5702922,1.5556103
TEST_00843,2.4329686,0.67083544,0.055807736
TEST_00844,3.491102,0.3147836,0.708981
TEST_00845,2.513829,0.13299039,-0.05253782
TEST_00846,4.594326,-0.41414666,0.7703867
TEST_00847,3.6572046,0.3525963,0.13431163
TEST_00848,3.8735926,1.0646781,0.004050402
TEST_00849,3.5761445,-0.077453904,-0.05512023
TEST_00850,3.1046073,-0.31994382,-0.31045312
TEST_00851,4.264338,0.13962384,-0.13793004
TEST_00852,3.2220535,-0.7020827,0.4836614
TEST_00853,1.6530292,-0.6946673,-0.15392868
TEST_00854,3.1150813,1.3384138,-1.0873128
TEST_00855,1.0763499,0.087795034,-0.2724531
TEST_00856,3.2697563,-0.23012026,1.5028065
TEST_00857,3.7384777,-1.9506096,0.33141255
TEST_00858,4.2745223,-0.16831876,-0.5662181
TEST_00859,1.2966958,0.2824623,-0.39502427
TEST_00860,2.1551578,0.3008677,-0.13568683
TEST_00861,3.3593767,0.018884538,0.2442092
TEST_00862,1.5938708,0.30005845,-0.2081085
TEST_00863,3.4562817,-0.016854467,1.033669
TEST_00864,4.060172,0.13083723,0.84040993
TEST_00865,4.9076896,0.3457775,0.13147417
TEST_00866,1.386489,0.44369146,-0.04293449
TEST_00867,1.8369311,0.49209747,0.18597513
TEST_00868,2.4258494,-0.7671237,0.22914687
TEST_00869,4.3777843,-0.54951686,-0.10933068
TEST_00870,0.9786722,0.42162812,0.0026236358
TEST_00871,1.4865776,-0.37770107,-0.08397036
TEST_00872,3.361931,0.98440945,0.13550746
TEST_00873,3.5413218,0.2605254,0.56856537
TEST_00874,1.6565602,0.14749032,-0.04581178
TEST_00875,1.0668983,0.3069556,0.094258726
TEST_00876,3.457127,-0.29482803,0.35704
TEST_00877,2.617723,0.82516,0.19258277
TEST_00878,2.2794442,0.7124114,-0.2916532
TEST_00879,3.6112864,-1.0357525,1.9681278
TEST_00880,4.228813,-1.5188354,0.31736016
TEST_00881,4.6431127,1.3728251,0.89766926
TEST_00882,2.0370216,-1.0440146,1.2704958
TEST_00883,4.153248,0.12862714,-1.1225858
TEST_00884,1.8819788,-0.20248334,0.20801371
TEST_00885,2.696391,0.33875924,0.6025004
TEST_00886,2.0758955,-0.33504218,0.26187772
TEST_00887,3.8707097,-0.08084388,0.13928151
TEST_00888,4.2937465,-2.205813,0.9337666
TEST_00889,3.5183039,0.054810617,0.076015435
TEST_00890,1.5856998,0.304131,0.16903071
TEST_00891,4.0783277,0.306982,-1.1420745
TEST_00892,4.442632,-1.1031146,0.73157555
TEST_00893,1.2823297,-0.029967405,-0.032324284
TEST_00894,1.6784685,0.6365041,0.7495463
TEST_00895,2.8567903,0.32675272,0.30962008
TEST_00896,2.3856413,-0.17857572,0.5233869
TEST_00897,3.6801133,-1.0767419,1.7001115
TEST_00898,1.9511256,-0.48447454,0.5515474
TEST_00899,3.2224185,-0.9468056,-0.33876893
TEST_00900,3.0966914,0.4762649,0.920104
TEST_00901,3.243634,0.4292393,-1.1317042
TEST_00902,2.502842,-0.21447411,0.1640019
TEST_00903,2.7672431,-0.3432548,-0.4115987
TEST_00904,3.8285103,-0.019174006,0.818139
TEST_00905,4.105983,-0.3595085,0.7427529
TEST_00906,1.9780781,-0.060070686,-0.06757892
TEST_00907,4.1338882,0.4096258,-0.48598877
TEST_00908,3.095474,-0.81847215,-0.57451123
TEST_00909,4.2133474,0.01930762,0.44239637
TEST_00910,1.9970688,-0.8876229,0.5528751
TEST_00911,1.8022354,0.04609973,0.2626859
TEST_00912,3.1888049,-0.6981921,0.5865092
TEST_00913,3.2770889,0.90866786,0.4948549
TEST_00914,2.4039047,-0.29198825,0.24752963
TEST_00915,1.5970508,-0.8297745,-0.30767378
TEST_00916,4.357873,-0.026173474,0.15345052
TEST_00917,3.0552495,-2.2755318,-0.8482332
TEST_00918,1.6000682,-0.46607885,-0.5023491
TEST_00919,1.1710149,0.095163114,-0.13172041
TEST_00920,2.8116918,-1.6665194,-0.70175356
TEST_00921,2.0191643,1.236371,-0.31712925
TEST_00922,4.2900066,-0.78177166,0.4989559
TEST_00923,2.347989,0.5367765,0.6327413
TEST_00924,3.2995725,1.08331,-0.053660564
TEST_00925,0.8800463,-0.12751381,-0.31707218
TEST_00926,4.592188,-0.82603675,-0.601191
TEST_00927,5.0562673,-0.47325566,1.1983293
TEST_00928,4.4235005,1.492908,-0.1058932
TEST_00929,2.107697,0.2776681,0.25645235
TEST_00930,2.7248254,-0.044133347,-0.63441867
TEST_00931,3.1572504,-0.4249763,-1.2159357
TEST_00932,3.4186416,-0.9740984,0.44030783
TEST_00933,1.2314332,-0.36445278,0.04084578
TEST_00934,2.4840307,-0.6471064,-0.42323142
TEST_00935,1.2624012,0.49012154,0.23394626
TEST_00936,1.7944757,-1.1048244,-0.6081914
TEST_00937,2.1094797,0.79675096,0.3864343
TEST_00938,2.4366753,-0.7018824,-0.78481543
TEST_00939,2.3840258,0.60590714,-0.09336306
TEST_00940,2.9190187,-0.2713608,-0.14073855
TEST_00941,3.6212647,-0.44193426,-0.6954397
TEST_00942,1.7981323,-0.41459987,0.057230297
TEST_00943,3.9894724,0.4728427,0.9448612
TEST_00944,3.700851,-0.29444808,-0.58072895
TEST_00945,2.1912875,1.7458078,1.0741456
TEST_00946,2.0472014,0.08091195,-0.18088076
TEST_00947,2.2888787,-0.14942995,0.083121516
TEST_00948,2.0274246,0.4319558,-0.1989117
TEST_00949,1.2330753,0.18510935,0.5555706
TEST_00950,2.3094852,-0.14760591,0.26921692
TEST_00951,1.783615,0.8103616,0.3165815
TEST_00952,2.128174,0.18225068,-0.4744397
TEST_00953,3.1132457,-1.5700483,0.85039276
TEST_00954,2.794886,0.06098339,-0.6394231
TEST_00955,2.0830126,-0.05300838,-0.4828741
TEST_00956,1.4009571,0.046847057,-0.57725465
TEST_00957,2.0638738,0.19925223,0.012657905
TEST_00958,3.291717,-1.6188306,-0.456595
TEST_00959,5.4960103,1.7156857,0.2961856
TEST_00960,3.936713,-0.3420361,0.27613106
TEST_00961,4.1307235,1.0383208,0.7655701
TEST_00962,3.373874,0.6077076,-0.5451753
TEST_00963,3.3241577,1.6874334,0.08927063
TEST_00964,2.5861895,-0.12989059,-0.5925091
TEST_00965,2.3269324,-0.58893013,0.6047791
TEST_00966,4.8495784,1.0748316,0.4915334
TEST_00967,4.7962956,-1.2685803,0.58649415
TEST_00968,1.6989776,0.17656907,-0.025241895
TEST_00969,2.0331106,-0.13541187,0.028809711
TEST_00970,2.271136,0.25767413,-0.114581056
TEST_00971,3.2933216,0.09849737,-0.35322577
TEST_00972,2.955512,-0.08001216,-0.36495453
TEST_00973,1.0276867,-0.019762324,0.07046011
TEST_00974,2.8681884,1.3188354,-0.44184747
TEST_00975,2.302337,-0.7535146,-0.09449463
TEST_00976,1.850733,1.0217264,1.1072769
TEST_00977,3.3469841,0.16229457,-0.29651254
TEST_00978,2.0144596,-1.6122831,0.3573076
TEST_00979,4.468255,-0.6686806,-1.2973243
TEST_00980,1.176063,-0.34503123,-0.09748565
TEST_00981,2.9605613,-0.09770765,0.071386956
TEST_00982,1.6766385,0.41335356,0.025422117
TEST_00983,1.2817986,0.30350187,-0.12924285
TEST_00984,1.8122181,-0.10532422,-0.17494167
TEST_00985,1.5042899,0.53038293,0.6440013
TEST_00986,3.2151387,-0.109187186,-1.3695314
TEST_00987,2.9480944,-0.2941927,0.09575386
TEST_00988,2.5947635,-0.044985835,-0.0701776
TEST_00989,1.8727062,-0.115445875,0.7765135
TEST_00990,2.479933,1.6059799,0.61051637
TEST_00991,1.7193075,-0.87649834,0.09187828
TEST_00992,1.5831684,0.91641617,0.45689645
TEST_00993,3.9996784,0.13789546,1.0727284
TEST_00994,1.3529027,0.14271308,-0.096845485
TEST_00995,0.75044554,0.021182409,-0.012732744
TEST_00996,2.7886608,-1.6111304,-0.26528665
TEST_00997,2.2578588,-0.19107187,0.17419268
TEST_00998,1.41938,0.58252513,0.074445285
TEST_00999,1.3718212,-0.62498194,-0.6934708
TEST_01000,2.766277,0.8755851,-0.8336522
TEST_01001,3.3570514,-0.95249957,1.0744221
TEST_01002,3.5563,0.944199,-0.42664686
TEST_01003,3.6701622,-0.9580567,-0.5094791
TEST_01004,2.1987293,0.8368691,-0.09051432
TEST_01005,1.3177763,0.71648496,-0.080677524
TEST_01006,3.780207,0.7967614,1.2544597
TEST_01007,3.286627,-1.4135292,-0.6383153
TEST_01008,4.9817753,-0.1312924,1.4668297
TEST_01009,2.442785,0.16896723,0.18753959
TEST_01010,2.2655087,-0.1031536,-0.3948118
TEST_01011,2.5052862,-0.016437415,0.098152
TEST_01012,4.8369656,0.58530426,0.3915281
TEST_01013,2.6587427,0.16443437,0.3956212
TEST_01014,2.5453143,1.2909789,0.99984777
TEST_01015,3.09853,-0.26775748,-0.146742
TEST_01016,1.9260659,-0.83389646,1.0686135
TEST_01017,3.2982695,-1.0910518,-0.7856996
TEST_01018,3.057524,1.4164636,-1.1937236
TEST_01019,3.8317647,0.70080835,-0.19507839
TEST_01020,1.5568451,0.2777286,0.64096504
TEST_01021,1.6845084,0.43974283,0.44849852
TEST_01022,1.7880136,0.08190993,0.098401874
TEST_01023,3.7062554,-1.052227,0.5905131
TEST_01024,2.6143646,0.37583247,-0.23437041
TEST_01025,2.4836972,-0.46221688,-0.5394937
TEST_01026,1.5220615,0.387676,0.33598474
TEST_01027,2.9484565,-0.040469475,-0.47581834
TEST_01028,2.5880508,-0.50222915,0.3331833
TEST_01029,1.0638348,-0.49126732,-0.6087578
TEST_01030,1.150959,-0.21622178,0.14582542
TEST_01031,1.872266,-0.23198009,0.18847862
TEST_01032,1.6451188,0.52741516,0.66299725
TEST_01033,2.2501001,0.2783445,0.59275955
TEST_01034,2.8290026,-0.024932487,-0.5913278
TEST_01035,1.356903,0.35800233,0.62738955
TEST_01036,0.9784004,-0.30288598,-0.41916198
TEST_01037,3.2523837,-1.9458077,0.940231
TEST_01038,2.452387,0.78948045,-0.7304659
TEST_01039,5.3289137,-1.6031736,1.8609266
TEST_01040,3.5679164,0.032305546,0.22669859
TEST_01041,3.4596882,0.20420165,-0.31292057
TEST_01042,1.5192398,-0.33210638,-0.1505118
TEST_01043,3.8433306,-1.9479294,0.9593051
TEST_01044,2.445782,-0.8654844,0.1909999
TEST_01045,1.381483,-0.04932364,0.06721613
TEST_01046,2.0386024,0.19426154,0.2161256
TEST_01047,1.5952691,0.73527503,0.6021872
TEST_01048,3.4073591,-2.2808423,-0.37163085
TEST_01049,3.719743,0.20405547,0.3847957
TEST_01050,1.3869598,0.029326936,0.37340513
TEST_01051,1.4280809,-0.15714358,-0.037314508
TEST_01052,1.4225086,-0.048045587,0.13244799
TEST_01053,2.2652526,-0.7305949,0.5164505
TEST_01054,3.677213,-1.0804487,-0.2993984
TEST_01055,1.9126421,-0.15972395,0.3662877
TEST_01056,2.174038,-0.01330965,0.9622721
TEST_01057,3.4529474,-0.819299,1.16758
TEST_01058,4.6907115,-0.9786872,-0.40785486
TEST_01059,4.072632,-0.5630493,-1.0774832
TEST_01060,1.7416549,0.5255509,-0.17162369
TEST_01061,3.0313935,-0.33430177,0.74065197
TEST_01062,1.948147,0.720539,0.17975588
TEST_01063,3.3181088,-0.4738735,-0.42686814
TEST_01064,2.237815,-0.3197431,0.9393155
TEST_01065,3.5227578,1.1075485,1.6695899
TEST_01066,2.5628095,0.14022385,-0.0038047582
TEST_01067,4.629437,-0.15582621,0.36690572
TEST_01068,3.139824,1.2224232,-1.0655751
TEST_01069,3.4839356,0.8517853,0.4597539
TEST_01070,4.558423,-0.5524226,1.0413576
TEST_01071,1.3714544,0.2212921,-0.15072729
TEST_01072,1.5159397,-0.053490177,0.7119115
TEST_01073,3.1669083,0.55912423,0.46974152
TEST_01074,2.800295,0.044772413,0.180103
TEST_01075,1.5639925,-0.7827324,0.56766057
TEST_01076,2.9535184,0.50011194,1.1097722
TEST_01077,3.498148,1.4873825,-0.5104987
TEST_01078,2.4191153,-1.0228847,-0.3909692
TEST_01079,5.3672056,-0.83195215,0.7488853
TEST_01080,3.6037424,1.5599846,0.28813654
TEST_01081,2.2757375,0.802265,0.5779154
TEST_01082,1.5651996,0.46938318,0.03457019
TEST_01083,2.1269124,-2.009408,-0.5500922
TEST_01084,2.2469532,0.61968315,-0.21088241
TEST_01085,2.24182,-0.17352737,-0.03989475
TEST_01086,2.2256765,0.87484777,-0.31186464
TEST_01087,4.8469234,-0.16632816,-0.42476493
TEST_01088,4.9839873,-2.0569184,0.15778486
TEST_01089,3.508473,-0.119462326,0.09910695
TEST_01090,2.7236428,0.2645995,0.12797554
TEST_01091,4.14711,0.2936498,0.30361345
TEST_01092,5.0436025,-0.96759295,1.2174107
TEST_01093,2.12306,0.49617076,-0.18613808
TEST_01094,2.046841,1.2621301,0.8433253
TEST_01095,3.3841937,0.9250582,-0.6169621
TEST_01096,2.0023186,0.49294248,-0.23694414
TEST_01097,3.8984814,1.5680115,0.88366365
TEST_01098,1.7874191,-1.1689156,-0.769909
TEST_01099,1.249777,-0.5703852,-0.27495793
TEST_01100,2.5302384,0.47416702,-0.7591906
TEST_01101,1.0553358,0.26820475,-0.40438426
TEST_01102,1.4737473,0.20015949,0.2479674
TEST_01103,3.3973613,0.018602543,0.5648826
TEST_01104,1.2626163,-0.48992455,-0.19517215
TEST_01105,1.7272993,-0.76070124,0.04211637
TEST_01106,3.507284,0.15045588,-0.4011318
TEST_01107,1.6689632,-0.19785348,0.509986
TEST_01108,2.6731625,-0.04705449,-0.10942799
TEST_01109,3.449265,-1.4085171,-1.0483577
TEST_01110,1.0717989,-0.3080926,0.009260613
TEST_01111,3.1600082,0.10793828,-0.3122569
TEST_01112,1.5329441,0.14668266,-0.055001047
TEST_01113,3.5916975,-0.78082067,-0.16665587
TEST_01114,3.1270483,-0.10251471,0.76043904
TEST_01115,2.1142986,-0.22532608,-0.54804504
TEST_01116,1.8202248,-1.0540241,-0.36394757
TEST_01117,2.3829048,-1.2368283,-0.32171285
TEST_01118,3.7515001,-1.5354093,-1.120401
TEST_01119,1.8783324,0.088050656,-0.36668205
TEST_01120,4.657167,-1.1212384,0.24640846
TEST_01121,3.0814912,1.5099837,0.81800985
TEST_01122,2.1074173,-1.0310526,-0.19268183
TEST_01123,2.8233826,-0.7896405,-0.4713372
TEST_01124,1.1143835,-0.17207436,0.39864373
TEST_01125,1.4970249,0.5768191,0.05539787
TEST_01126,4.3792925,0.3520731,1.0796379
TEST_01127,2.9675968,0.043489225,0.87405336
TEST_01128,3.7790308,0.60287505,0.9689522
TEST_01129,3.1946397,0.001989942,0.6452118
TEST_01130,2.5993807,0.01947615,-0.5293484
TEST_01131,2.2694805,-0.18603009,-0.04127353
TEST_01132,3.2178428,-0.28483108,0.65928
TEST_01133,1.4022857,0.26071087,0.094587915
TEST_01134,3.0581021,0.5503625,-0.9395636
TEST_01135,1.8583302,0.757159,0.3455041
TEST_01136,2.7599819,-0.022721749,-0.4620933
TEST_01137,0.8033821,0.05020534,0.2625971
TEST_01138,3.287044,1.4791858,0.881657
TEST_01139,2.2241104,-1.2686552,-0.33650443
TEST_01140,2.5245767,-1.0006572,-0.928897
TEST_01141,2.8022199,0.037093885,-1.0994769
TEST_01142,1.7884179,-0.51019204,0.062644534
TEST_01143,2.1061032,-0.44655982,-0.21351953
TEST_01144,3.1605442,0.15318991,0.09141376
TEST_01145,1.0945238,-0.12773474,-0.0809634
TEST_01146,2.9158409,0.59407014,-0.014826225
TEST_01147,4.383422,-0.11490204,-1.0531167
TEST_01148,2.0955164,0.18957615,-0.07571802
TEST_01149,3.308202,0.4015339,-0.59614784
TEST_01150,0.9017163,-0.45303306,0.02694937
TEST_01151,2.894414,-0.4164282,-0.38611987
TEST_01152,1.4732311,0.02977876,0.5493414
TEST_01153,3.7027898,-1.753736,-0.596183
TEST_01154,1.5300258,0.10919374,-0.13064587
TEST_01155,2.227592,0.07739599,0.72125804
TEST_01156,4.784411,0.1522981,0.39089346
TEST_01157,1.9815207,-0.30318516,0.28714803
TEST_01158,3.5133796,0.77971506,-0.30871266
TEST_01159,4.701511,-0.560954,1.8436676
TEST_01160,4.4033513,1.8534988,0.056926362
TEST_01161,2.0159478,1.3611428,-0.30734056
TEST_01162,2.2993357,-1.269059,0.4796483
TEST_01163,3.4999604,0.90352947,-0.8150578
TEST_01164,2.0613813,-0.09386786,0.48150072
TEST_01165,1.4724287,0.019055704,-0.33554918
TEST_01166,2.7825785,0.42009142,-0.0885623
TEST_01167,2.4195673,-0.22271816,0.989447
TEST_01168,1.0939527,0.6298345,0.025522757
TEST_01169,3.5326967,-0.10081168,0.07432505
TEST_01170,1.9361054,0.31848153,-0.5751228
TEST_01171,1.8954982,-0.040286407,0.22254981
TEST_01172,4.8535194,-0.28635776,0.9349317
TEST_01173,2.8258963,0.4677235,0.52137834
TEST_01174,3.4368362,0.34509563,1.0809009
TEST_01175,1.9252512,-0.22134373,0.2399431
TEST_01176,1.6705228,0.65108794,0.8213022
TEST_01177,3.3982139,0.48894018,-0.5026761
TEST_01178,5.174439,0.26201987,0.44330925
TEST_01179,3.4149408,0.38672885,-0.8369582
TEST_01180,1.3163339,0.3696997,0.056183863
TEST_01181,1.6330559,-0.13820823,0.56959975
TEST_01182,1.5627728,0.7048334,0.48888698
TEST_01183,1.9934565,0.06401543,-0.191917
TEST_01184,2.569484,-0.19412413,-0.7915577
TEST_01185,3.0900276,-0.57702833,1.1757956
TEST_01186,2.7144134,-0.29125214,-0.069961704
TEST_01187,4.059175,0.6054646,-1.001913
TEST_01188,2.275682,-0.0669861,-0.20849393
TEST_01189,2.4642437,1.3809776,-1.0165054
TEST_01190,1.6700656,0.8263178,0.57098496
TEST_01191,1.4018445,0.5134804,0.19906887
TEST_01192,2.6259491,-1.7986243,-0.8808064
TEST_01193,3.6160657,0.90832436,0.6409266
TEST_01194,2.3958263,0.6111082,0.40090322
TEST_01195,2.1840944,-0.41881043,0.17574686
TEST_01196,3.186243,-1.5917257,0.70484716
TEST_01197,2.937655,-1.7847776,0.33838236
TEST_01198,3.1561472,1.3168868,0.5821296
TEST_01199,5.407573,-1.5052567,2.0046132
TEST_01200,1.8352357,0.86059827,0.09441422
TEST_01201,2.620547,-0.14180864,-0.46788472
TEST_01202,1.8579978,-1.0406932,0.8701338
TEST_01203,1.4200133,0.27824044,0.40568614
TEST_01204,3.345454,-0.6557612,0.06876433
TEST_01205,2.4173794,0.04926767,0.13021994
TEST_01206,4.1459475,-0.16046269,-0.018291898
TEST_01207,4.696616,-0.44153666,-0.59455824
TEST_01208,3.1191182,-1.1017642,-1.1096097
TEST_01209,3.565382,-0.08911882,-0.79409903
TEST_01210,2.1855142,0.33782563,0.097897425
TEST_01211,4.3253155,0.53482944,0.46840766
TEST_01212,2.6889198,-0.70391273,1.1232219
TEST_01213,1.6508023,0.41355252,0.3144751
TEST_01214,3.1881485,0.66089946,1.5916622
TEST_01215,2.7038736,-0.59678066,-0.120910764
TEST_01216,2.3566022,0.44407493,-0.0718617
TEST_01217,1.9323044,-0.122855574,0.5517849
TEST_01218,1.2343924,0.6215773,0.09176084
TEST_01219,3.7474232,0.41535333,0.25896922
TEST_01220,2.7082052,0.75895935,-0.019568369
TEST_01221,3.6287143,-0.5143962,-0.24000855
TEST_01222,2.179431,0.28905168,-0.79894733
TEST_01223,2.5815217,-0.75889117,0.2182169
TEST_01224,4.1882277,0.11807872,1.0843636
TEST_01225,1.9333026,-0.8767671,0.5966066
TEST_01226,2.2424784,0.016772091,-0.006546355
TEST_01227,1.3260505,-0.1900841,-0.39561707
TEST_01228,2.2876556,0.21584538,-0.04383877
TEST_01229,3.680026,-0.6711667,0.62611157
TEST_01230,1.1086608,-0.65026397,0.16608691
TEST_01231,3.0109174,0.3924246,0.070601985
TEST_01232,2.078225,0.29694778,-0.12690823
TEST_01233,2.654262,0.17645542,0.3042507
TEST_01234,2.2405722,-0.038162816,0.37283826
TEST_01235,1.3002217,-0.4316687,-0.058936298
TEST_01236,3.4748187,-0.1459439,-0.26242968
TEST_01237,3.073812,-0.82039523,0.17048466
TEST_01238,2.3247266,0.5822815,0.053848714
TEST_01239,4.903643,-1.5162902,0.9196982
TEST_01240,3.0134985,-2.1542108,-1.0715386
TEST_01241,4.1301694,-0.6888506,1.0509471
TEST_01242,2.9029417,-0.055124562,-0.6337225
TEST_01243,3.071926,0.79760355,-0.46927428
TEST_01244,3.8019395,-0.8676559,1.3579782
TEST_01245,2.4424994,-0.8560402,0.39951065
TEST_01246,2.642201,0.1027966,-0.16226207
TEST_01247,2.962651,-0.33706528,1.0239925
TEST_01248,3.1903238,0.6014477,0.9578526
TEST_01249,2.7590706,0.5488282,0.43788147
TEST_01250,2.1679242,0.35387924,0.45833018
TEST_01251,3.048994,0.25153914,0.09633718
TEST_01252,3.601444,0.39143485,-0.87802815
TEST_01253,2.3068562,0.22059304,-0.39296776
TEST_01254,2.5201733,-0.5007244,0.29349953
TEST_01255,1.8837185,1.2119522,0.17354637
TEST_01256,3.2534046,-0.36242414,0.7763753
TEST_01257,3.3865204,-1.8976105,1.5823673
TEST_01258,1.8960091,1.4341558,-0.025678625
TEST_01259,3.1622627,1.4488816,-0.36048332
TEST_01260,1.2424552,-0.014415568,-0.49457145
TEST_01261,1.9452711,-0.45042717,-0.2929888
TEST_01262,2.0075102,-0.4934512,0.51459605
TEST_01263,4.130699,-0.68004924,1.2965063
TEST_01264,3.7531946,-0.17498837,-0.07800853
TEST_01265,1.1891208,0.4454928,0.3119884
TEST_01266,3.012507,0.096858084,-0.15949006
TEST_01267,3.4778097,-0.37031698,-0.22765018
TEST_01268,2.4758682,-0.09200397,0.22112042
TEST_01269,4.3844423,1.7791479,0.81674623
TEST_01270,4.1495557,-0.61197245,1.0700879
TEST_01271,2.8401556,0.4936457,0.07662424
TEST_01272,2.0227194,-0.85202026,0.83107346
TEST_01273,2.0277526,-0.1469362,0.2413
TEST_01274,2.7003498,0.18386969,0.08461505
TEST_01275,1.237648,-0.3206076,-0.11746636
TEST_01276,3.8676271,0.09551726,0.067238666
TEST_01277,1.484937,0.014771128,-0.16223781
TEST_01278,3.1639626,-1.2134547,-0.98798996
TEST_01279,4.8871217,0.07436968,0.30461907
TEST_01280,3.539677,-0.68872696,-0.5146008
TEST_01281,4.254817,0.57542944,0.06918368
TEST_01282,3.68257,-1.4252737,0.29984564
TEST_01283,2.7454348,-1.6017284,-1.1173315
TEST_01284,1.6861663,0.25520772,-0.2342571
TEST_01285,1.5228313,-0.03531637,0.5666628
TEST_01286,2.0902548,0.18919846,0.26392666
TEST_01287,1.9624763,0.77744794,-0.02084699
TEST_01288,5.2150445,-2.1139963,0.85096484
TEST_01289,3.6731703,-0.057208274,0.34931776
TEST_01290,1.6732911,0.6407033,-0.22816081
TEST_01291,1.7880282,0.08838521,0.11563874
TEST_01292,4.3763385,1.2803264,1.4108455
TEST_01293,3.033872,0.2757563,0.20672546
TEST_01294,1.6885295,-0.52301455,-0.65469563
TEST_01295,3.7776346,1.1606855,0.3840408
TEST_01296,1.2398977,-0.25851163,0.07920575
TEST_01297,3.3038528,1.3359416,1.3910764
TEST_01298,1.9040307,0.09284159,-0.46059087
TEST_01299,3.078739,-0.19284944,-0.27591905
TEST_01300,2.6426241,-0.4222168,-0.2742787
TEST_01301,2.3903244,-0.16483045,-0.23680153
TEST_01302,1.5019097,-0.4441069,0.24414952
TEST_01303,2.9760988,0.07079227,0.076096684
TEST_01304,1.8410916,-0.0448979,-0.49276882
TEST_01305,5.489523,0.86716765,1.1439438
TEST_01306,2.9336731,0.5157296,-0.39922404
TEST_01307,2.0362728,-0.65295255,0.25301734
TEST_01308,2.2073975,0.3470914,0.48470125
TEST_01309,2.8481035,-1.4078643,0.6136247
TEST_01310,4.143903,0.34407583,0.59680074
TEST_01311,2.6445181,1.0022683,-0.15991189
TEST_01312,1.5072582,-0.31444043,0.040270552
TEST_01313,3.2394297,-1.4740981,-0.36982706
TEST_01314,2.155868,-0.68883777,0.11499701
TEST_01315,0.85798985,-0.06466597,-0.1825682
TEST_01316,1.8658153,-0.51429653,-0.06784526
TEST_01317,3.5092413,-2.2152514,1.1372077
TEST_01318,3.0430791,-0.6047851,0.45964876
TEST_01319,5.4894147,-0.25543097,0.34163588
TEST_01320,1.4343891,0.60522807,-0.4428155
TEST_01321,4.851044,0.559887,0.13025853
TEST_01322,4.7215023,-1.5253938,-0.8061291
TEST_01323,4.215073,-1.6625999,-0.17379339
TEST_01324,1.0163045,-0.15236042,-0.2082944
TEST_01325,1.9838747,0.2951965,0.35209882
TEST_01326,4.1703124,-0.805611,-0.03164388
TEST_01327,1.9475508,0.950414,0.44638363
TEST_01328,5.38827,-1.3487045,1.5162518
TEST_01329,3.3948376,0.2912746,0.21826953
TEST_01330,2.8152208,0.6288198,-0.73284745
TEST_01331,3.1027348,0.10677739,-0.07448944
TEST_01332,3.0955157,-0.08946869,-0.14515029
TEST_01333,2.4642565,0.09637137,-0.14615138
TEST_01334,3.1853461,0.23595132,0.20584759
TEST_01335,3.7683647,-0.26205713,-0.10297851
TEST_01336,1.6476223,0.37164244,0.34896138
TEST_01337,3.0750794,2.0075905,1.9341403
TEST_01338,1.2839003,0.7545244,-0.19035149
TEST_01339,1.3022106,-0.19271636,-0.027784469
TEST_01340,1.9245192,-0.24878873,-0.3397005
TEST_01341,3.4431036,-0.28003925,1.1277004
TEST_01342,1.6904311,-0.9731459,0.29099393
TEST_01343,3.4427776,0.23046573,0.8368841
TEST_01344,3.8604422,-0.7054301,0.99521637
TEST_01345,1.3847436,-0.48099378,0.024517307
TEST_01346,2.2767646,-0.5939584,0.22446367
TEST_01347,2.2619536,-0.6727495,0.4587745
TEST_01348,2.7067492,-0.011883516,-0.16631974
TEST_01349,1.8934836,0.43138254,-0.3795429
TEST_01350,3.3390436,-1.2005107,0.98394096
TEST_01351,2.283533,1.0453019,0.15543532
TEST_01352,3.3088086,-0.043901563,1.6762133
TEST_01353,1.6454972,0.05367215,-0.0055570267
TEST_01354,1.8558257,0.6286489,0.30289537
TEST_01355,2.2770152,0.1443952,-0.05813978
TEST_01356,3.4750502,1.7600137,-0.3122932
TEST_01357,3.2083995,0.07792847,0.82594854
TEST_01358,3.6845334,0.079409115,0.77799183
TEST_01359,5.569015,1.6524488,0.22562253
TEST_01360,4.429892,0.97676855,0.9102871
TEST_01361,2.7012339,1.5373898,-0.16440372
TEST_01362,2.4201415,0.43460146,0.67890215
TEST_01363,3.0858607,-2.0836127,-1.1509793
TEST_01364,3.694829,0.68410224,1.080716
TEST_01365,1.4971539,0.48046923,-0.07205656
TEST_01366,2.4103231,-0.41821206,0.39371604
TEST_01367,2.509582,-0.19513357,-0.22149679
TEST_01368,2.8142738,-1.0081728,1.2063172
TEST_01369,2.201034,0.3214474,0.2601644
TEST_01370,1.5775666,0.77475816,0.0012907386
TEST_01371,2.1713045,0.04123515,-0.44840512
TEST_01372,3.8705769,0.5805502,-1.0019155
TEST_01373,2.3847208,-0.6262033,-0.09330562
TEST_01374,1.2637874,-0.2857105,0.28121608
TEST_01375,3.1590595,-0.5086243,-0.01285782
TEST_01376,2.670141,0.40742812,1.0165194
TEST_01377,1.5581868,0.6890895,0.029909803
TEST_01378,2.6667988,0.6894326,-0.72197366
TEST_01379,4.372128,1.1613439,-1.3196772
TEST_01380,2.2083795,-0.6911908,-0.27160853
TEST_01381,2.7101023,-0.5406029,-0.32465237
TEST_01382,1.5574412,0.18917689,0.08562075
TEST_01383,2.3449285,0.5838889,-0.010256711
TEST_01384,2.4608622,-0.0691006,0.06079126
TEST_01385,2.5636673,0.28296793,0.40889585
TEST_01386,2.46862,-0.20605968,0.35544574
TEST_01387,3.5458016,-0.10039237,0.05016234
TEST_01388,2.355975,0.16308007,0.2838478
TEST_01389,3.8832276,0.30380195,-0.31146526
TEST_01390,0.9864193,-0.1258538,0.07232247
TEST_01391,1.2440138,-0.06112615,-0.052747775
TEST_01392,2.6663346,0.6177233,-0.49002293
TEST_01393,2.1962054,-0.17215256,0.53897256
TEST_01394,2.7808127,0.017023798,0.081039235
TEST_01395,2.0288517,-0.43917882,-0.13742675
TEST_01396,2.6183662,1.168103,-0.64756846
TEST_01397,2.1976078,0.58891785,0.65236706
TEST_01398,1.7058787,-0.27606335,-0.04897545
TEST_01399,5.8648014,1.4090768,-0.42477423
TEST_01400,4.682161,2.2255445,-0.49494964
TEST_01401,4.361433,1.4949107,0.73098075
TEST_01402,2.4945693,-1.2749943,1.128383
TEST_01403,1.8154399,-1.7075489,-0.6044368
TEST_01404,1.7803023,0.93649083,0.28766564
TEST_01405,2.8586853,0.43360078,-0.31404334
TEST_01406,3.8040204,-0.32178178,-0.21967089
TEST_01407,1.3840055,-0.8815083,-0.0785187
TEST_01408,4.3787313,-0.71539676,0.9118388
TEST_01409,2.4573376,-0.34406668,-0.46202314
TEST_01410,2.1287186,0.2839804,0.21841162
TEST_01411,0.8154643,0.33348408,-0.047471985
TEST_01412,2.573912,-0.3756963,-0.19088718
TEST_01413,1.191437,-0.11393557,0.31818455
TEST_01414,1.6815062,-0.3248089,0.021738108
TEST_01415,4.0338044,0.8384024,-0.8313594
TEST_01416,3.2212741,1.0648744,-0.58472323
TEST_01417,2.8560066,1.2246703,0.34566993
TEST_01418,5.2836494,-0.7021611,0.59426117
TEST_01419,1.8496475,0.62115234,-0.20690447
TEST_01420,2.4648478,0.90699404,-0.7996928
TEST_01421,2.5459595,-0.3501343,0.21445188
TEST_01422,2.0897439,-0.07631013,-0.21466677
TEST_01423,2.894315,-0.47490314,0.12073838
TEST_01424,2.649697,0.13743223,-0.045023
TEST_01425,2.2136302,0.6586254,-0.56623524
TEST_01426,1.0766761,0.20523989,0.2653129
TEST_01427,3.907161,0.76761955,0.9116897
TEST_01428,2.1541042,-0.119468555,-0.15156694
TEST_01429,3.6500998,1.0344445,0.43142602
TEST_01430,3.015816,-0.59636766,0.745527
TEST_01431,1.5253669,-0.93246514,-0.35657543
TEST_01432,2.8424766,1.3466303,0.37244904
TEST_01433,1.9385266,-0.40039507,-0.20161133
TEST_01434,1.8095709,0.0059462283,-0.10960023
TEST_01435,2.051717,-0.71853137,-0.69123065
TEST_01436,1.7845583,-0.050324164,-0.13998717
TEST_01437,1.6619487,-0.54189813,0.14577039
TEST_01438,3.425516,1.6692786,-0.5643966
TEST_01439,5.6318417,1.0268228,0.3711744
TEST_01440,4.401258,-0.77716213,-0.80772454
TEST_01441,3.1006858,2.143521,-0.18814196
TEST_01442,1.6466405,-1.59888,-0.67899495
TEST_01443,3.4257202,0.42164743,0.5517027
TEST_01444,1.8203384,0.3282571,0.5185426
TEST_01445,1.0311179,-0.13586625,0.19236091
TEST_01446,1.7068148,0.1451888,0.05429405
TEST_01447,5.115943,-1.0258209,1.2874831
TEST_01448,4.058474,1.1368846,1.2072114
TEST_01449,3.8546493,-0.28984556,0.86675495
TEST_01450,1.9593866,0.6573539,-0.118571356
TEST_01451,2.4861524,-0.31965882,0.3775058
TEST_01452,3.855013,0.5836028,1.6431817
TEST_01453,1.0960647,0.124496296,0.123160705
TEST_01454,1.707804,0.98725784,-0.5989636
TEST_01455,0.88250387,0.37763628,0.12762259
TEST_01456,2.062678,0.50224334,0.04315556
TEST_01457,3.7721374,-1.7832133,-0.4361372
TEST_01458,2.5841172,0.9403097,-0.7713432
TEST_01459,3.4603708,0.27445102,0.24955128
TEST_01460,1.7598221,-0.13442148,-0.31292558
TEST_01461,3.2330818,-0.022958012,0.58929735
TEST_01462,1.9474208,-0.457603,0.2111485
TEST_01463,1.9720813,0.5583197,-0.67850196
TEST_01464,1.6813972,-0.6076031,0.11221847
TEST_01465,3.6073442,-0.24059796,0.5593343
TEST_01466,3.1931427,-0.04729659,0.21160361
TEST_01467,4.0281773,0.7897124,-0.82219535
TEST_01468,2.543641,-0.46020508,0.09808926
TEST_01469,3.2667098,-1.2307134,-0.3998193
TEST_01470,3.6621962,-1.3742841,-0.31069905
TEST_01471,2.0260756,0.05903977,-0.044755764
TEST_01472,3.7191296,0.73812664,1.2262201
TEST_01473,3.6139004,-1.0634115,-0.14304058
TEST_01474,1.8378812,0.12977219,0.4616362
TEST_01475,1.7633687,0.43538973,-0.11790273
TEST_01476,2.2305193,0.25764412,-0.54940754
TEST_01477,2.4227362,-0.037382085,-0.35042563
TEST_01478,1.2918867,-0.38365835,0.52119166
TEST_01479,5.6146345,0.7699798,0.7669578
TEST_01480,3.406538,-0.59890765,-0.596327
TEST_01481,2.7137616,-1.9599074,-0.45324218
TEST_01482,1.3125173,-0.8056837,-0.6744125
TEST_01483,2.6722898,-2.1066148,-0.04507218
TEST_01484,1.866913,0.35353065,0.41316405
TEST_01485,2.0842342,1.0055095,-0.47236368
TEST_01486,2.4916208,-0.43137833,-0.39732882
TEST_01487,3.9107404,0.70444393,-0.453141
TEST_01488,2.9271376,1.5608311,1.1112671
TEST_01489,3.3649302,0.15157346,-0.4047213
TEST_01490,2.8920527,0.0742775,-0.12531781
TEST_01491,2.7232413,-0.05069537,-0.90457594
TEST_01492,2.5628986,-1.5676568,-1.1401565
TEST_01493,2.2715278,0.29825553,-0.25450736
TEST_01494,2.84419,-0.03184686,0.62195647
TEST_01495,3.3610296,0.18539731,-0.2684134
TEST_01496,2.5912585,0.58082765,1.2876035
TEST_01497,2.1739097,1.0659164,-0.24258743
TEST_01498,3.3497012,-0.7782285,1.3794792
TEST_01499,3.6945179,-1.0972178,0.1982687
TEST_01500,2.1903322,0.5804498,0.2058509
TEST_01501,2.0471122,-0.18525049,-0.6464553
TEST_01502,1.7573538,-0.916712,0.65426844
TEST_01503,4.328739,0.71430665,0.25907165
TEST_01504,3.4719956,0.12494428,0.4433101
TEST_01505,3.4269416,-1.1427076,1.7563092
TEST_01506,1.4945495,0.09711729,-0.07282685
TEST_01507,2.7369845,-0.2968126,0.28698066
TEST_01508,2.9929538,-0.5461917,-0.21249281
TEST_01509,2.260029,-0.02149129,-0.4372008
TEST_01510,3.395751,-1.3048064,0.8039413
TEST_01511,1.9163975,-0.38315693,0.09118895
TEST_01512,1.2652287,0.48105088,0.19399898
TEST_01513,2.9826722,-0.5630397,0.5857947
TEST_01514,1.486284,-0.14255553,0.2657496
TEST_01515,1.0139287,-0.48491132,0.25637648
TEST_01516,2.33504,-0.08092606,0.74559236
TEST_01517,3.05392,0.131531,-0.828194
TEST_01518,2.384227,-1.0397867,-0.8243634
TEST_01519,4.9108005,1.079408,2.325682
TEST_01520,4.0982814,-0.33314556,0.35607967
TEST_01521,1.162773,0.46717578,0.35005882
TEST_01522,4.2491193,0.19336277,0.05887384
TEST_01523,1.5328109,0.5771266,-0.45479488
TEST_01524,3.2997572,0.03530214,1.1377617
TEST_01525,1.8512639,0.3227845,-0.21340534
TEST_01526,4.785768,0.81662273,0.8418712
TEST_01527,2.3430147,0.3253209,0.5260283
TEST_01528,1.3746313,-0.16143191,-0.16946623
TEST_01529,1.7719278,-0.015057428,0.062074296
TEST_01530,2.2429962,0.10675302,0.5438974
TEST_01531,2.362837,0.0019931681,-0.36117324
TEST_01532,4.8811526,1.0244846,1.8325925
TEST_01533,2.239551,0.010065521,-0.21209624
TEST_01534,3.1355994,0.57269466,0.67566913
TEST_01535,3.0591693,0.4717062,0.7186511
TEST_01536,2.634237,-0.9587182,1.332576
TEST_01537,1.713188,0.63235414,0.75841355
TEST_01538,3.8964717,-0.6565551,1.5532843
TEST_01539,2.8570635,-0.4815594,-0.07849461
TEST_01540,2.1770492,0.7671369,-0.44309974
TEST_01541,1.3248744,-0.61155266,0.057591863
TEST_01542,1.2950232,0.20730396,0.21279615
TEST_01543,1.291241,0.038071394,-0.31948093
TEST_01544,4.1515584,-0.08995538,-0.43612313
TEST_01545,2.867285,0.25696683,-0.72988456
TEST_01546,2.8872635,0.22187433,0.12303805
TEST_01547,1.6617373,0.14314912,0.095265776
TEST_01548,2.8831553,1.2961062,-0.8885846
TEST_01549,3.9936678,-0.61361015,0.810756
TEST_01550,1.628553,1.0939673,0.006914666
TEST_01551,1.8087798,-0.527152,0.08456964
TEST_01552,2.4669778,-1.1126229,0.46898502
TEST_01553,2.673206,0.66588676,-0.27604577
TEST_01554,2.1814713,-0.35075176,-0.35283113
TEST_01555,1.6694423,-0.2215766,0.12129671
TEST_01556,3.7508643,0.036886726,0.6662155
TEST_01557,3.6514423,1.2024574,1.0527339
TEST_01558,3.520333,1.1131339,0.62406623
TEST_01559,5.1412277,1.4632031,-0.8451836
TEST_01560,4.4929886,0.30636492,1.1575438
TEST_01561,4.0887837,-0.8689819,1.2020777
TEST_01562,1.7396044,1.2412676,-0.798417
TEST_01563,3.8929255,1.5022429,1.2933924
TEST_01564,3.2531354,0.14543691,-0.31880674
TEST_01565,2.0003877,-0.5246848,0.4646292
TEST_01566,2.5747643,-0.50188965,0.14259127
TEST_01567,3.2314708,0.5740654,0.3281655
TEST_01568,3.24017,-1.8633602,-0.26437744
TEST_01569,3.4508216,-0.1747948,-0.35362917
TEST_01570,2.6461077,0.22117274,-0.490858
TEST_01571,3.9177504,0.31457996,-0.4110914
TEST_01572,3.8546271,-1.4550402,-0.8230154
TEST_01573,2.6269755,0.15350455,0.07737546
TEST_01574,2.0466893,1.1527067,0.022660825
TEST_01575,2.0707846,-0.5626739,0.5793928
TEST_01576,1.3181674,0.44383603,0.7350895
TEST_01577,2.7328947,0.77230406,0.7148181
TEST_01578,4.5689745,0.23261777,0.33949825
TEST_01579,1.616152,-0.5797516,0.3550742
TEST_01580,1.6909106,0.51207364,0.6225139
TEST_01581,1.9539393,0.13274254,-0.919391
TEST_01582,1.5347039,-0.53876066,-0.2577042
TEST_01583,4.3171716,-0.7885138,0.91981894
TEST_01584,2.4557202,-0.13218877,-0.03560338
TEST_01585,0.9274542,-0.5361902,0.31304905
TEST_01586,2.8116753,0.31410757,-0.5022629
TEST_01587,2.737525,0.625981,-0.49148834
TEST_01588,2.6428695,0.5339046,-0.06518911
TEST_01589,4.566993,1.2128004,0.93239087
TEST_01590,1.367748,0.9517702,0.03311164
TEST_01591,2.4200041,-0.4150154,0.17066778
TEST_01592,1.3677422,0.13482031,0.27108186
TEST_01593,2.7188869,0.7716799,-0.76679176
TEST_01594,1.5829101,-0.17212725,-0.06492722
TEST_01595,1.065302,-0.33063003,0.12798817
TEST_01596,3.2921069,-0.26704276,0.89062345
TEST_01597,0.9626741,-0.16526172,-0.07883296
TEST_01598,2.564579,1.1908293,1.0466437
TEST_01599,5.277919,-0.5444459,0.26885185
TEST_01600,4.635192,2.0369735,1.1762835
TEST_01601,4.3287835,0.13182075,-0.7620177
TEST_01602,3.4472654,-1.2320094,0.22077705
TEST_01603,4.021031,-1.4813994,-0.6106434
TEST_01604,2.5199456,0.68639606,-0.07357064
TEST_01605,1.9212713,-0.2645318,-0.07070974
TEST_01606,4.057779,-0.28035587,0.15972301
TEST_01607,4.5055404,-1.1835219,-0.3313732
TEST_01608,3.5609975,-0.940952,1.286688
TEST_01609,2.9639492,0.47119057,-0.12146485
TEST_01610,1.9772513,-0.45830348,0.38535088
TEST_01611,3.5499823,-0.26345876,-0.0345463
TEST_01612,2.9993222,0.9561744,0.18906736
TEST_01613,1.8064727,0.050625026,0.16766292
TEST_01614,1.692171,-0.8596824,0.85827464
TEST_01615,2.5781825,-0.22940817,-0.6052882
TEST_01616,2.784903,-1.2719431,-0.31743556
TEST_01617,1.9602727,-0.71347517,-0.20651418
TEST_01618,1.3043629,0.066473216,0.40079287
TEST_01619,2.0077662,0.43869334,0.2539378
TEST_01620,2.3153372,-0.8859615,0.11892197
TEST_01621,3.3040085,0.12329225,0.11805399
TEST_01622,1.8929285,-0.4118833,0.29965812
TEST_01623,2.4618337,-0.66726446,-0.5702345
TEST_01624,4.151072,0.22623757,-0.822438
TEST_01625,4.6126647,-1.6957232,1.0344216
TEST_01626,1.8029851,0.10202494,0.4402217
TEST_01627,3.5633502,-0.24182352,-0.27144298
TEST_01628,2.8684978,-1.1526148,-0.32894957
TEST_01629,3.6236527,-0.27102184,0.86017466
TEST_01630,1.2107451,0.4835117,0.32632113
TEST_01631,3.133344,-0.78661793,-0.5585385
TEST_01632,3.4942782,1.4509376,-1.0377476
TEST_01633,3.4394615,0.8651886,0.7683522
TEST_01634,3.7121139,-0.4500238,-0.650581
TEST_01635,1.5504801,-0.27519113,-0.18343155
TEST_01636,2.5556045,-1.4956313,1.0628409
TEST_01637,3.0128975,-0.2952031,-0.10602214
TEST_01638,2.847148,0.50568944,0.1678411
TEST_01639,4.108141,0.99816513,1.8113663
TEST_01640,3.597128,1.1042464,-0.6491394
TEST_01641,3.4209836,-0.07555145,1.105777
TEST_01642,2.9185004,1.5966649,-0.6403004
TEST_01643,2.8770168,-1.1779025,0.33713943
TEST_01644,1.8139713,-0.20006406,-0.1910615
TEST_01645,2.1057866,0.56381744,-0.13967423
TEST_01646,4.705668,-0.15439694,1.2307734
TEST_01647,4.9401517,-0.901399,0.26750302
TEST_01648,5.132032,1.2424333,-0.33634275
TEST_01649,2.781332,-0.20778407,-0.2757638
TEST_01650,1.7420547,0.14914232,-0.11274836
TEST_01651,1.7663361,0.0009442754,0.20488675
TEST_01652,3.5630555,1.3832229,-0.32354546
TEST_01653,1.5111632,-0.2304507,0.34462842
TEST_01654,3.2493753,0.7337343,-0.62251854
TEST_01655,1.3001146,-0.83192533,-0.21436946
TEST_01656,2.6647944,-1.2728992,1.061484
TEST_01657,3.8859777,0.5289269,0.5822791
TEST_01658,1.4862505,-0.33534333,0.20900802
TEST_01659,3.7505083,-1.479689,-0.61920863
TEST_01660,2.1146266,0.8849978,0.776954
TEST_01661,2.131333,0.25514275,-0.4964561
TEST_01662,1.5626909,0.17255457,0.18798752
TEST_01663,1.6660116,0.66065353,-0.5701306
TEST_01664,2.8713162,-0.48260406,0.28071123
TEST_01665,4.596417,1.3291036,-0.93363893
TEST_01666,1.8005106,0.14796348,-0.48223692
TEST_01667,1.178091,-0.2496026,-0.27620843
TEST_01668,2.6651456,-0.45714763,0.6586413
TEST_01669,4.63487,-1.2149493,1.2801453
TEST_01670,2.5271707,0.33834565,0.6860127
TEST_01671,1.1407863,-0.26509887,0.051566586
TEST_01672,1.7430938,-0.5910026,0.4662891
TEST_01673,2.6032178,-0.69440705,0.59323496
TEST_01674,3.1691206,-0.5348497,0.081095956
TEST_01675,1.9098823,0.5494129,-0.26350358
TEST_01676,3.7481542,-1.950609,1.0233649
TEST_01677,2.6265535,-0.65906703,0.41594958
TEST_01678,1.7873001,-0.051048286,-0.44865432
TEST_01679,5.4153175,-1.9427316,1.3343263
TEST_01680,3.2814498,1.4244926,-0.31802842
TEST_01681,4.149779,-0.028415838,-0.6757625
TEST_01682,2.2908957,-0.2613653,0.82886124
TEST_01683,3.337459,0.4790527,0.46766967
TEST_01684,2.0262558,-0.3293804,0.22417858
TEST_01685,1.6409507,-0.8269333,0.5812319
TEST_01686,4.38688,0.77587646,-0.08948678
TEST_01687,2.0814326,-1.0659708,-0.22692035
TEST_01688,0.9665441,-0.78118324,0.3060047
TEST_01689,2.9724522,0.240143,0.33328292
TEST_01690,1.9106412,-0.08996961,-0.03656098
TEST_01691,3.4114513,0.018964052,0.12905651
TEST_01692,4.67779,-0.11833352,1.4324183
TEST_01693,2.9535277,0.23886728,0.5860513
TEST_01694,3.820391,-0.16023782,-0.22889772
TEST_01695,2.5635092,-0.3417284,0.031269122
TEST_01696,2.7051868,0.11227377,-0.42250648
TEST_01697,2.729286,-1.4559247,0.5158927
TEST_01698,1.223619,1.0286174,0.4493947
TEST_01699,4.6479707,-1.110089,-0.6232653
TEST_01700,1.0512344,-0.37214133,-0.119782366
TEST_01701,1.4750974,-0.27025735,-0.48098585
TEST_01702,1.8812208,0.83037376,-0.47789717
TEST_01703,1.373858,0.67991406,0.34619373
TEST_01704,1.8026743,-0.050703086,0.08397024
TEST_01705,5.0060816,1.3933147,1.173264
TEST_01706,1.0906589,0.4479106,0.5833705
TEST_01707,1.3338407,-0.032933965,-0.23348199
TEST_01708,2.724419,-0.06217424,0.041947834
TEST_01709,3.3849611,0.1619731,-0.13354973
TEST_01710,4.520197,1.032474,1.5346802
TEST_01711,2.083262,0.26500958,0.13358876
TEST_01712,2.0127175,-0.8105282,-0.22340387
TEST_01713,2.2786136,-1.1344607,0.316496
TEST_01714,1.5868815,0.13634135,-0.020986201
TEST_01715,1.88461,-1.1865243,-0.62509847
TEST_01716,3.2676325,1.4239215,0.9149397
TEST_01717,3.742803,0.59927905,0.6857764
TEST_01718,1.466951,-0.24786073,0.35697493
TEST_01719,2.3150635,-1.1668988,-0.13485536
TEST_01720,3.2758422,2.339762,0.9826096
TEST_01721,3.7177424,-2.3897407,-0.75520873
TEST_01722,4.224145,0.14784549,1.5245613
TEST_01723,1.1588714,0.6083298,-0.33722335
TEST_01724,2.2738042,0.9732175,-0.20629628
TEST_01725,2.471067,-0.02568476,-0.07404416
TEST_01726,4.650434,1.229554,0.08090238
TEST_01727,3.0255022,1.0316678,-0.17422253
TEST_01728,4.68402,0.15855987,-0.37435508
TEST_01729,3.0517478,-0.0006355643,0.3768745
TEST_01730,1.466962,0.5892153,0.054268274
TEST_01731,1.0118022,0.28958234,-0.30826992
TEST_01732,3.5625343,-1.0373472,0.1723675
TEST_01733,1.1539327,-0.4483709,0.17242746
TEST_01734,1.8104492,-1.0468252,1.1848005
TEST_01735,1.4107245,-0.52431726,0.5213753
TEST_01736,2.6351917,-0.21718752,-0.5337384
TEST_01737,3.7219117,2.1730604,2.0292768
TEST_01738,5.427686,-1.1153159,1.6777077
TEST_01739,1.3093382,0.27770376,0.05373128
TEST_01740,2.1519983,-0.7002012,-0.138512
TEST_01741,1.1745076,-0.44263935,-0.21115084
TEST_01742,1.9853011,0.901227,0.61864066
TEST_01743,3.2735827,0.6028857,1.142105
TEST_01744,2.851024,-0.35319182,0.211057
TEST_01745,1.4852092,-0.49557608,-0.1759645
TEST_01746,1.2942196,-0.8118809,-0.55121154
TEST_01747,4.117797,0.34104303,-0.8323803
TEST_01748,1.7559924,-0.2365682,0.10307321
TEST_01749,4.454567,-0.77195454,0.740972
TEST_01750,2.3953621,1.4449054,0.013186332
TEST_01751,1.5656403,0.11104083,0.12076498
TEST_01752,2.7677124,1.601849,0.38660666
TEST_01753,3.070147,-0.68838435,0.61748743
TEST_01754,1.6033164,-0.15803663,0.19668606
TEST_01755,1.7859263,0.1840633,-0.522514
TEST_01756,3.379959,1.382366,0.5526598
TEST_01757,2.7087193,-0.020849619,0.595806
TEST_01758,1.6526759,-0.4911798,0.0353038
TEST_01759,5.9000564,0.26374954,0.38517395
TEST_01760,4.7469926,-1.1188211,-1.4993898
TEST_01761,4.3493714,-1.8476888,1.1438551
TEST_01762,1.8783154,1.6579162,-0.55593914
TEST_01763,1.278436,-0.17722587,-0.49770126
TEST_01764,3.197544,1.179756,-0.03684006
TEST_01765,1.0970582,0.24365342,-0.10971961
TEST_01766,3.3328764,0.1400576,-0.74520063
TEST_01767,3.5231488,0.027769921,-0.6082632
TEST_01768,0.8440678,-0.14692402,0.27436402
TEST_01769,3.4996219,-0.063463,-0.3256245
TEST_01770,3.6049497,0.36155435,0.25873494
TEST_01771,2.6273472,-0.22863644,-0.07405565
TEST_01772,1.9910418,-0.096935675,0.4363936
TEST_01773,2.7727716,-0.32593042,0.23118046
TEST_01774,2.762803,0.23580596,-0.45054647
TEST_01775,1.0680487,0.4178226,-0.31042546
TEST_01776,2.9475079,0.26755515,1.314547
TEST_01777,2.2175813,0.1136722,-0.579871
TEST_01778,1.6202643,0.035281524,0.1785667
TEST_01779,3.6476915,1.207475,-0.4421648
TEST_01780,1.8868617,-0.48150402,-0.612957
TEST_01781,3.302594,-0.16748343,0.5643571
TEST_01782,1.9113753,-0.3897008,0.42221364
TEST_01783,2.384102,-0.313141,0.5394483
TEST_01784,3.1370523,-0.53421277,0.795488
TEST_01785,1.9258686,0.07795759,-1.0070838
TEST_01786,2.8554287,-0.021706171,-0.020138135
TEST_01787,2.3234754,-0.19298616,-0.4007443
TEST_01788,1.9302843,-0.3473166,0.23938194
TEST_01789,4.9749236,0.86883026,0.111338384
TEST_01790,5.3487873,-1.1832362,1.2909948
TEST_01791,1.9373496,-0.2786958,0.08338589
TEST_01792,1.516898,0.27347717,0.3708423
TEST_01793,3.272995,1.2337017,1.6579843
TEST_01794,1.8939775,0.53144646,-0.012174334
TEST_01795,1.6527301,0.30162793,0.35288814
TEST_01796,1.253572,0.3603629,0.49019405
TEST_01797,2.9986317,-0.52977514,0.04415981
TEST_01798,2.5225172,0.25584224,0.38024434
TEST_01799,1.7889751,-0.8841434,0.44680542
TEST_01800,1.4212314,1.000378,0.29429674
TEST_01801,3.1142952,-0.20654216,0.619978
TEST_01802,1.5040096,0.58785844,0.7492125
TEST_01803,1.1757745,-0.56165355,-0.004550391
TEST_01804,1.9452792,0.75596356,-0.119491376
TEST_01805,1.6734196,0.35904852,-0.35278678
TEST_01806,4.210726,0.3322795,0.7119056
TEST_01807,3.422346,-1.3116775,0.61055756
TEST_01808,3.828562,1.4803609,-0.3563368
TEST_01809,2.0382538,-0.11352437,-0.16874859
TEST_01810,1.6862371,0.24354252,0.4369495
TEST_01811,2.212502,0.069231175,-0.16571744
TEST_01812,1.6063384,-1.1769798,0.09216942
TEST_01813,2.6320248,-0.38410583,-0.6150787
TEST_01814,1.510876,0.4491647,0.124795824
TEST_01815,1.031171,0.01939121,-0.1866876
TEST_01816,2.0451279,0.8431299,-0.8984503
TEST_01817,3.7560966,-0.18102793,0.5498626
TEST_01818,1.0441006,-0.11141733,0.012512987
TEST_01819,1.8010949,-0.97154254,-0.036345262
TEST_01820,2.1337311,0.0675979,0.5659429
TEST_01821,3.221226,0.21584086,-0.21150458
TEST_01822,1.937586,0.7411519,0.39015755
TEST_01823,4.087078,0.28715336,0.679066
TEST_01824,3.7365322,-0.68648976,-0.22925651
TEST_01825,3.2267144,1.4765335,0.5404569
TEST_01826,2.4926872,-0.11563022,-0.16999042
TEST_01827,4.254315,0.16159269,0.86117876
TEST_01828,3.1231709,1.0534173,-0.6433669
TEST_01829,2.705476,1.7882035,-0.46792963
TEST_01830,3.6348119,1.6964037,0.47975606
TEST_01831,1.9489293,-0.043802932,-0.16997191
TEST_01832,3.4201906,-0.9678268,1.0006245
TEST_01833,3.0324266,0.7616011,-0.09616398
TEST_01834,2.0213358,-0.2929719,-0.06344989
TEST_01835,2.095383,-0.38929433,-0.55715674
TEST_01836,1.7255069,0.5650466,-0.5134208
TEST_01837,1.973879,-0.29764548,0.27571848
TEST_01838,2.957523,-1.6069424,-0.28176528
TEST_01839,3.2781825,-0.46036494,1.1287365
TEST_01840,4.845703,-0.13385613,-0.8361837
TEST_01841,4.5280995,-0.22479333,-0.5443072
TEST_01842,2.0918,-1.2155076,-0.71708256
TEST_01843,2.3909779,-1.1894245,-0.04760987
TEST_01844,2.1127555,0.29129264,-0.5591459
TEST_01845,2.1686242,-0.15414366,-0.45196924
TEST_01846,2.270854,0.33611593,-0.55591655
TEST_01847,4.8440704,-1.2800086,0.6392547
TEST_01848,5.6879377,-0.99602497,0.38516554
TEST_01849,4.397969,0.5615565,0.017268283
TEST_01850,2.4384456,-0.13286072,0.65132177
TEST_01851,2.763823,0.03378087,-0.48050934
TEST_01852,1.7581309,-0.30454877,-0.6143156
TEST_01853,2.048865,-0.20871903,-0.005872245
TEST_01854,2.9520078,0.011382743,0.53895956
TEST_01855,3.0622463,0.7600172,0.22364339
TEST_01856,1.251866,0.50578755,0.31680766
TEST_01857,2.4962509,-0.78906393,1.1534275
TEST_01858,2.908743,0.8161365,0.35290056
TEST_01859,1.9350226,-0.91276795,0.20168808
TEST_01860,2.3863244,-0.4667576,-0.8599592
TEST_01861,1.6798129,0.533237,0.48852772
TEST_01862,1.8952687,0.6815191,-0.15872808
TEST_01863,2.4306736,-0.08370533,0.32325053
TEST_01864,2.423975,0.008334689,0.11606431
TEST_01865,3.8082733,0.08321425,0.85376996
TEST_01866,3.0930073,0.66212165,0.33776954
TEST_01867,2.449746,-0.5605114,0.24784455
TEST_01868,3.102811,-0.39188364,-0.052112874
TEST_01869,4.3506255,-0.76694894,0.27228427
TEST_01870,3.7452006,0.72028416,0.65603757
TEST_01871,1.3303055,0.2764875,0.12593524
TEST_01872,2.4341676,0.6382897,0.7292488
TEST_01873,1.819507,0.26987472,-0.27838928
TEST_01874,2.1518488,0.6025561,0.3107217
TEST_01875,1.8723835,0.05934314,0.52609986
TEST_01876,4.0920653,-1.3904376,0.38229337
TEST_01877,3.1046638,1.2394377,-0.55892146
TEST_01878,2.811138,-1.235668,0.29547185
TEST_01879,5.143767,-0.38818556,0.95235276
TEST_01880,4.7054853,-0.20426618,-0.51506466
TEST_01881,5.290691,-0.99107915,1.2629375
TEST_01882,3.922306,0.5770322,0.8365628
TEST_01883,2.3203366,-1.5289342,0.28350312
TEST_01884,2.1049125,0.7816898,0.24995682
TEST_01885,1.1196336,-0.14533365,-0.26195383
TEST_01886,1.543482,0.9806398,-0.4535093
TEST_01887,3.8011146,-1.3314118,-0.8727821
TEST_01888,4.439909,1.9177386,0.1803728
TEST_01889,1.2796273,-0.3881332,-0.16515534
TEST_01890,1.4014212,0.09196362,-0.13317814
TEST_01891,2.1032217,-0.080857776,-0.8182765
TEST_01892,5.132011,-1.1923039,-0.851734
TEST_01893,1.44692,-0.26741412,0.20057358
TEST_01894,3.0927079,0.2496937,-1.2062112
TEST_01895,2.5036857,0.6322069,0.09961046
TEST_01896,2.7047362,-0.22775942,0.766808
TEST_01897,1.6482042,0.5021277,-0.3869552
TEST_01898,5.146672,-0.98032975,0.004991303
TEST_01899,1.9994934,1.3097682,0.32498378
TEST_01900,2.7643404,-0.23996906,0.35446084
TEST_01901,1.8469889,0.08722964,0.08741409
TEST_01902,2.2597265,0.2724462,-0.8509958
TEST_01903,1.3275304,0.3642859,0.36430007
TEST_01904,3.528166,-0.32558197,-0.07901628
TEST_01905,1.2971026,-0.28545737,-0.37318552
TEST_01906,2.4917035,0.38708857,0.4482832
TEST_01907,3.6217656,-0.47177657,-0.11036491
TEST_01908,2.8627574,-0.075535886,0.07071732
TEST_01909,3.7206624,-0.108540565,1.0701567
TEST_01910,2.3085814,-0.6677186,0.3141061
TEST_01911,3.021146,-0.7139521,-0.003822541
TEST_01912,1.1818345,0.034139067,-0.20090008
TEST_01913,1.8423603,0.71009654,-0.7402668
TEST_01914,3.3768473,0.5382321,0.86324066
TEST_01915,1.7312844,-0.8303703,0.44253346
TEST_01916,2.3798177,0.22199517,-0.07850485
TEST_01917,3.047371,-0.57152456,0.32918242
TEST_01918,2.6068707,0.37908655,0.02912203
TEST_01919,4.898737,1.0463278,-1.0696774
TEST_01920,4.3551407,-0.88176394,0.5063627
TEST_01921,2.8025236,0.24784191,0.6371459
TEST_01922,3.4371905,0.643795,0.88251996
TEST_01923,2.4813256,-0.9719251,-0.982257
TEST_01924,2.9074004,-0.5002367,0.14661136
TEST_01925,2.3364305,0.3544663,0.17490038
TEST_01926,4.2794676,-0.13763912,0.16114108
TEST_01927,3.1082711,-1.3726732,0.06944032
TEST_01928,1.3443481,0.47277236,0.5876456
TEST_01929,3.6672642,-0.006028421,0.37603208
TEST_01930,1.1805406,-0.16656426,-0.14301322
TEST_01931,4.3131967,0.47548085,-0.21059424
TEST_01932,3.640418,-0.29004496,-0.24890168
TEST_01933,1.6600689,-0.26723322,-0.273751
TEST_01934,1.7402716,0.12654229,-0.5232029
TEST_01935,2.9129765,0.59539264,-0.81281024
TEST_01936,1.1382103,0.19211298,-0.06033651
TEST_01937,2.6897573,0.34394386,0.28761393
TEST_01938,5.3141265,0.5393734,0.37615198
TEST_01939,3.3863566,-1.0172255,0.25876006
TEST_01940,2.733287,0.7911165,-0.08756411
TEST_01941,2.1264024,0.44668865,-0.6996031
TEST_01942,1.6986337,0.29990834,0.28609613
TEST_01943,1.4215462,0.23162664,-0.19204146
TEST_01944,1.3119234,0.24378176,0.26756847
TEST_01945,2.0386865,0.16326241,1.1031885
TEST_01946,1.9174949,-0.009421404,0.43429235
TEST_01947,3.9440978,0.13361725,0.004111383
TEST_01948,1.9600838,-0.5788889,0.32247353
TEST_01949,3.2298884,-0.8389286,0.25723082
TEST_01950,4.0050325,-0.21400669,-0.7645127
TEST_01951,2.814007,0.54999954,-0.5688944
TEST_01952,2.6863196,1.4253995,-0.47188962
TEST_01953,1.6947087,-0.25152445,0.18277438
TEST_01954,2.6667564,-0.1974938,0.10605216
TEST_01955,1.9473605,-0.21230204,0.21963778
TEST_01956,1.6348903,0.64864254,0.43129623
TEST_01957,2.0866103,-0.040142313,0.42774072
TEST_01958,2.659165,-0.55493903,-0.40152797
TEST_01959,3.9564316,-1.3561735,2.3962343
TEST_01960,4.5795965,0.45839277,0.9630523
TEST_01961,3.6360414,1.9854527,-0.61700356
TEST_01962,2.262671,0.33925137,1.0340524
TEST_01963,1.7721473,0.39381152,-0.5413089
TEST_01964,3.3151877,0.6469727,-0.8479694
TEST_01965,2.0211287,1.1112365,-0.6750834
TEST_01966,1.3062841,0.77190375,-0.17510968
TEST_01967,4.0956388,-0.30863625,0.1624749
TEST_01968,3.9396954,-0.39479563,0.72163975
TEST_01969,4.37021,-0.077242605,-0.98004144
TEST_01970,2.3824096,0.4451057,0.6292506
TEST_01971,3.2011936,-0.047896884,0.62437165
TEST_01972,4.881757,-0.009183122,-0.98630726
TEST_01973,1.03862,0.16877602,0.21200278
TEST_01974,3.289752,-0.62037754,1.0461581
TEST_01975,1.1979136,-0.1838368,0.41261727
TEST_01976,2.6737297,-0.8057146,-0.6526782
TEST_01977,3.68065,2.2403703,-0.1420397
TEST_01978,5.653897,0.5229723,0.7223727
TEST_01979,4.6448474,1.3804898,0.033535346
TEST_01980,2.0850418,-0.8106175,-0.26453057
TEST_01981,3.109847,-0.20191379,0.0754155
TEST_01982,1.977389,-0.76771134,0.69310844
TEST_01983,2.6009164,0.4066107,0.5062534
TEST_01984,1.574809,-0.4085573,-0.32588005
TEST_01985,4.868256,-0.16579212,-0.04700546
TEST_01986,2.7171023,-0.33817396,0.45697707
TEST_01987,4.6720953,0.39374268,0.33270803
TEST_01988,2.3890052,0.5326347,-0.32960147
TEST_01989,3.0953434,1.3898151,-0.7654997
TEST_01990,4.9104195,0.7605698,1.5828326
TEST_01991,3.182054,0.47823232,0.46069792
TEST_01992,2.0167325,0.6420469,0.47206587
TEST_01993,2.7852407,0.103214525,0.19572029
TEST_01994,2.3396523,0.43538535,0.11582177
TEST_01995,1.7284188,-0.6048759,-0.09882258
TEST_01996,1.8849764,0.19916669,0.46353918
TEST_01997,2.0794053,0.22977343,-0.18162
TEST_01998,2.716178,1.5247852,1.0176686
TEST_01999,3.1637473,1.8960379,-0.8140574
TEST_02000,3.933119,-0.10936356,-0.60546154
TEST_02001,3.4905798,0.28613535,-0.00031490903
TEST_02002,1.7874105,-1.4478997,0.4908721
TEST_02003,3.455968,-0.7147901,0.009500811
TEST_02004,4.0268054,-0.6644191,-0.18829851
TEST_02005,2.2302818,-0.08210698,-0.39735
TEST_02006,4.300262,1.1207751,0.6041207
TEST_02007,3.0453458,-0.9634391,-0.022513334
TEST_02008,5.076431,1.6739582,0.008285291
TEST_02009,2.7913811,0.3698042,0.4721467
TEST_02010,2.0128477,0.06303148,0.08844791
TEST_02011,2.452122,-0.34895027,-0.18723716
TEST_02012,3.036706,-0.8152008,0.111394934
TEST_02013,2.8062484,0.20839548,-0.008405723
TEST_02014,3.338725,0.06366344,1.2666837
TEST_02015,2.7222512,0.47941768,-0.1998668
TEST_02016,3.0239658,0.37991646,-0.51520574
TEST_02017,3.6404326,-1.7702105,-0.4441969
TEST_02018,3.4147675,-0.1895817,-1.043871
TEST_02019,3.6207535,0.9226482,0.98847806
TEST_02020,2.6918561,0.9374662,0.87972116
TEST_02021,1.5011047,-0.22614259,-0.15112504
TEST_02022,1.1495521,-0.26860058,0.44856545
TEST_02023,3.553863,-0.12516764,0.21449882
TEST_02024,2.4600935,-0.2281245,-0.34461236
TEST_02025,1.3054767,0.3567319,-0.096720785
TEST_02026,1.6636448,-0.48645088,-0.37411854
TEST_02027,2.947227,-0.24126424,0.9242311
TEST_02028,1.9759804,-0.13961478,0.21595469
TEST_02029,4.68257,1.0963169,0.49187553
TEST_02030,1.9637421,-0.78620344,0.7496987
TEST_02031,2.352167,-0.14087777,-0.42994303
TEST_02032,3.801688,-0.33720085,1.9654006
TEST_02033,3.332753,0.18854803,0.31321695
TEST_02034,2.1496327,-0.058490537,-0.104896955
TEST_02035,2.354657,0.64815974,0.5515546
TEST_02036,4.1618605,1.7730004,0.32139817
TEST_02037,1.5919417,0.34417218,0.2268672
TEST_02038,2.3521967,0.9799808,0.9607702
TEST_02039,2.658967,0.60689265,1.4006457
TEST_02040,4.2466354,1.0132799,1.5780107
TEST_02041,3.2238407,-2.587468,-0.007289162
TEST_02042,4.733316,0.42754924,-0.59074664
TEST_02043,3.7541046,0.38179547,0.12070213
TEST_02044,3.3978531,-1.6820915,1.3649893
TEST_02045,1.4452133,-0.4762541,-0.013759149
TEST_02046,4.5012007,-0.7900053,1.1755829
TEST_02047,4.9891677,-1.1538575,-0.08525923
TEST_02048,2.8410492,-0.89801985,-0.92300135
TEST_02049,2.8423934,0.29181176,0.46886674
TEST_02050,2.9704676,0.39704946,0.1484614
TEST_02051,3.3756862,-0.06571358,0.09364192
TEST_02052,2.1275902,1.0970056,-0.7288382
TEST_02053,3.119034,0.31779847,0.22325668
TEST_02054,2.864929,-0.17980361,0.7949499
TEST_02055,1.87844,-0.61310506,0.30456322
TEST_02056,3.5739398,0.62994766,-0.43594113
TEST_02057,3.6968203,0.49498898,1.1588435
TEST_02058,2.940782,1.5310401,1.1103475
TEST_02059,2.7325256,-1.5512516,-0.82914525
TEST_02060,1.1084945,-0.30119896,0.11405346
TEST_02061,3.0684886,0.46107936,0.89035666
TEST_02062,1.6208628,0.1323051,-0.09407168
TEST_02063,2.8316114,-0.6621083,0.458732
TEST_02064,1.5181723,-0.05145766,0.23730356
TEST_02065,2.6230462,-0.16884278,0.2670688
TEST_02066,2.4019485,0.383581,0.21597724
TEST_02067,3.9489224,0.45553124,0.50839466
TEST_02068,2.7949252,0.13295522,0.14255823
TEST_02069,3.215253,1.2067485,0.5154607
TEST_02070,1.8236861,-0.68411446,-0.35825095
TEST_02071,2.5356698,0.99177873,-0.666684
TEST_02072,2.8027613,1.5666841,0.11896374
TEST_02073,2.9469676,-1.2742053,0.75033355
TEST_02074,2.7859144,0.06483777,0.1438893
TEST_02075,1.8194884,0.3603393,0.3209784
TEST_02076,2.217277,0.903652,-0.47202414
TEST_02077,3.0992143,-1.1809461,0.01966707
TEST_02078,3.4456239,1.7323766,0.8502067
TEST_02079,5.1436915,1.4024291,1.8704216
TEST_02080,2.724297,1.4252845,0.59920114
TEST_02081,2.0647504,0.3540451,-0.6147302
TEST_02082,4.468974,0.37738436,-0.5334198
TEST_02083,2.2278614,-0.23289113,0.6280284
TEST_02084,1.4477494,-0.07824795,0.1905266
TEST_02085,2.7425897,0.42840332,-0.12557389
TEST_02086,3.3588302,-0.002009213,0.96320444
TEST_02087,4.446284,-0.58689505,-0.16222697
TEST_02088,1.2718402,-0.043065216,-0.28684235
TEST_02089,2.4458747,-0.06544175,0.0798505
TEST_02090,2.6322422,0.55325943,0.08477452
TEST_02091,3.1991873,-0.1470455,0.55736256
TEST_02092,2.1658876,-0.98173857,-0.24166088
TEST_02093,2.4245543,-0.16784778,-0.07010704
TEST_02094,2.717189,1.0511332,-1.0240077
TEST_02095,2.8314607,0.014506152,0.036285598
TEST_02096,1.6379285,0.6793772,0.8801886
TEST_02097,4.285572,1.0552591,2.2195184
TEST_02098,4.8685465,-0.5640624,-0.17869127
TEST_02099,3.8752122,-0.5661013,-0.43721557
TEST_02100,2.727387,0.0039653443,-0.77120185
TEST_02101,3.439789,0.008000051,-0.6299844
TEST_02102,1.8542733,0.33122417,-0.35026416
TEST_02103,4.3482385,0.17472902,0.62398434
TEST_02104,2.630832,-0.17794839,0.3787018
TEST_02105,3.7307394,-0.9474863,1.3174522
TEST_02106,1.7404376,-0.6579413,-0.48496875
TEST_02107,2.3307629,-0.35335654,-0.42313826
TEST_02108,2.7746582,1.2822641,0.86917555
TEST_02109,1.7460115,-0.7047246,-0.31602892
TEST_02110,4.9187355,-1.105579,0.9846019
TEST_02111,3.4597933,-0.56999576,-0.27398416
TEST_02112,3.3737586,0.59181833,0.448675
TEST_02113,2.7915936,-1.0202265,0.66593117
TEST_02114,1.960565,-0.3921491,-0.028187528
TEST_02115,1.7978317,0.2562723,-0.20733966
TEST_02116,1.5004953,-0.31096363,-0.12812936
TEST_02117,1.9010891,0.055894792,-0.17682114
TEST_02118,2.953652,-0.7668782,0.77985173
TEST_02119,4.064901,1.1124485,0.6388889
TEST_02120,3.1808698,1.6536939,1.0375828
TEST_02121,1.3330613,0.88548243,0.07684574
TEST_02122,2.9383328,-0.76181376,1.3786353
TEST_02123,1.755577,0.47657493,-0.28074753
TEST_02124,2.6790266,0.13481571,0.2372106
TEST_02125,2.2087605,-0.5351257,0.7497951
TEST_02126,1.752581,0.90645415,0.26020864
TEST_02127,3.45926,-0.12957415,1.2675638
TEST_02128,5.6560903,-1.5212091,-0.69136965
TEST_02129,2.7836974,0.6906234,-0.1650384
TEST_02130,1.9270009,0.38944376,-0.33282453
TEST_02131,2.620973,-0.3271385,0.28663132
TEST_02132,3.6185446,1.3907235,1.1820173
TEST_02133,3.145638,0.27707943,-0.11159997
TEST_02134,3.0682018,-1.2100307,0.05448893
TEST_02135,2.0588968,-0.1004852,0.061948873
TEST_02136,2.255804,-0.16482832,-0.30476865
TEST_02137,3.4929023,0.12053071,1.9557196
TEST_02138,4.0979366,0.9813317,-0.7760107
TEST_02139,1.1798301,-0.6606496,-0.1678629
TEST_02140,2.4597304,0.016280334,-0.015102678
TEST_02141,1.94965,-0.17512238,-0.6147359
TEST_02142,1.74899,0.011726845,0.46804047
TEST_02143,2.6546416,0.2781405,-0.02046552
TEST_02144,2.6909099,-0.2886505,0.84135425
TEST_02145,1.6433372,0.09255584,0.012639001
TEST_02146,1.1454328,0.10950343,0.33345938
TEST_02147,2.5536523,-0.6452017,0.9625746
TEST_02148,2.4903264,-0.04344163,-0.083607584
TEST_02149,1.7787992,-0.21512964,-0.746207
TEST_02150,1.1856884,-0.17773755,0.24433635
TEST_02151,1.8528935,0.24696046,0.40649706
TEST_02152,3.3767977,1.5423353,0.5476806
TEST_02153,2.9916446,1.3753194,-0.46887466
TEST_02154,2.7502673,0.16832806,-0.2563476
TEST_02155,1.8317708,-0.035520755,-0.53647524
TEST_02156,4.2025,0.54146016,-0.24656339
TEST_02157,2.5708036,0.5581534,-0.46021113
TEST_02158,3.6681833,-1.3389555,0.36769873
TEST_02159,4.121714,1.6873448,-1.3396779
TEST_02160,3.113388,1.3356744,-0.526773
TEST_02161,4.926131,2.326162,0.0010524318
TEST_02162,2.814991,1.4849433,0.0064455504
TEST_02163,3.4919431,-1.3482109,-0.0029972265
TEST_02164,3.0604732,1.3262717,-0.113008425
TEST_02165,2.6607172,0.81676424,0.43206075
TEST_02166,4.5869126,-0.56275535,1.0624442
TEST_02167,1.7209693,0.011297064,-0.47997877
TEST_02168,5.270062,0.7627003,1.3296623
TEST_02169,4.0605392,0.0051363595,-0.21122345
TEST_02170,3.1366823,-0.014570147,0.6473297
TEST_02171,2.1005082,-0.37679726,-0.4396303
TEST_02172,3.5022013,1.2055312,-1.0836678
TEST_02173,1.6732073,-0.51547265,0.088056944
TEST_02174,3.5248628,1.2828633,1.3053714
TEST_02175,2.41482,0.099426575,0.43931472
TEST_02176,0.9189617,-0.26055598,0.17886601
TEST_02177,2.4502842,-0.82269895,1.4338257
TEST_02178,4.540907,1.5502337,1.1178306
TEST_02179,3.912699,0.84320223,0.9515257
TEST_02180,1.6196338,-0.3112845,0.74462676
TEST_02181,2.631412,-0.17471436,-0.8205081
TEST_02182,1.8690714,0.34405187,0.07148769
TEST_02183,4.3399997,-0.36113864,-0.6261418
TEST_02184,1.9535882,-0.17689079,0.47695684
TEST_02185,1.183134,-0.6316998,0.24340433
TEST_02186,1.1683822,-0.06291064,0.39198533
TEST_02187,3.5987847,-0.4290147,-0.033949483
TEST_02188,3.157713,-0.59846616,0.8547611
TEST_02189,3.7805486,-1.5050329,0.25206253
TEST_02190,2.7939324,-0.14612825,0.25592995
TEST_02191,2.0616255,-0.7691675,-0.22462201
TEST_02192,1.3481243,-0.20282385,0.27609983
TEST_02193,2.184203,-0.60923177,-0.16802841
TEST_02194,2.0454557,-0.14193772,-0.009794524
TEST_02195,1.1096591,0.2447385,-0.15645503
TEST_02196,1.3746464,-0.39862353,0.22022894
TEST_02197,2.059753,-0.8192966,-0.05668559
TEST_02198,3.565123,0.5546894,1.2779413
TEST_02199,5.859379,-1.2276845,0.516859
TEST_02200,4.1076527,-0.10335347,0.13156809
TEST_02201,3.449432,-0.56880647,0.5449105
TEST_02202,1.313026,0.8292588,0.094469026
TEST_02203,3.5411928,0.9506296,-1.1455117
TEST_02204,1.3815373,-0.5136272,0.133073
TEST_02205,2.7701602,-0.97085303,-0.8619321
TEST_02206,3.5108147,0.2504276,0.12126751
TEST_02207,1.9614488,-0.28691453,0.13371481
TEST_02208,5.302402,0.9402485,0.07875398
TEST_02209,2.686935,0.3031392,0.12770547
TEST_02210,2.653176,0.33566576,-0.765177
TEST_02211,4.377705,0.28176826,0.090289086
TEST_02212,1.3514189,0.010326775,0.3884858
TEST_02213,2.5338447,-0.19978417,0.1959791
TEST_02214,2.8007112,0.010173931,0.96606255
TEST_02215,2.001851,0.10719226,0.5584016
TEST_02216,2.5967348,0.14202555,0.84105045
TEST_02217,2.2094164,-0.039002772,0.85525507
TEST_02218,3.0141008,1.0729265,1.5616729
TEST_02219,3.9917116,1.0397779,-0.655738
TEST_02220,2.4833002,-0.8865033,-0.6118937
TEST_02221,1.2278821,0.37797058,0.5100754
TEST_02222,1.9521009,-0.3909946,0.36492682
TEST_02223,3.8005455,0.58731437,0.9261102
TEST_02224,3.0754852,-0.036414146,-0.1227216
TEST_02225,1.6822393,0.98869354,0.24432997
TEST_02226,1.3921555,0.39762905,0.24833219
TEST_02227,3.3338308,0.47507945,0.38249555
TEST_02228,2.9363408,0.79953676,-0.39180082
TEST_02229,1.520613,-0.58961254,0.9842758
TEST_02230,4.022888,-1.4719009,0.22592314
TEST_02231,2.0953772,-0.35581702,0.122687206
TEST_02232,3.1166232,0.56329095,-0.09011218
TEST_02233,3.7826645,1.3537052,1.0247923
TEST_02234,3.5094683,0.31786364,1.336386
TEST_02235,2.2357047,-0.38695672,-0.044341728
TEST_02236,1.5166043,0.094818465,0.20588478
TEST_02237,3.4135363,-0.6176785,-1.1089754
TEST_02238,1.0907435,0.17615922,-0.21429558
TEST_02239,3.2801788,1.4884001,-0.7416275
TEST_02240,4.273054,-1.8754019,0.87026286
TEST_02241,5.137423,-1.0089649,0.6871748
TEST_02242,1.1387974,-0.45934734,-0.54990363
TEST_02243,2.5792391,0.6303131,-0.040466126
TEST_02244,2.1529813,0.79385996,-0.026415698
TEST_02245,1.480189,-0.20692661,-0.54808134
TEST_02246,2.394542,-0.19956751,-0.13497905
TEST_02247,4.669507,0.3336138,-0.1861066
TEST_02248,1.8533055,1.183993,-0.68501484
TEST_02249,2.0170047,0.1242149,-0.36210963
TEST_02250,2.8996584,0.303715,-0.72554374
TEST_02251,2.384062,-0.29034132,0.29951477
TEST_02252,4.149941,-1.4452856,1.2301586
TEST_02253,1.5224912,0.030882275,0.14135306
TEST_02254,2.774171,0.78315765,0.37881336
TEST_02255,3.4297967,0.34607762,0.2702467
TEST_02256,3.424948,0.3662093,0.9996011
TEST_02257,3.15419,0.8554348,-0.22808288
TEST_02258,2.3414989,0.29419625,0.008663957
TEST_02259,4.117264,1.0241667,0.16051404
TEST_02260,2.867115,-0.022920698,0.07642803
TEST_02261,3.119531,-0.14794469,0.10403477
TEST_02262,2.328748,0.0774436,-0.31443214
TEST_02263,3.9786205,0.4075699,-0.06446625
TEST_02264,3.942015,0.03500625,0.1519518
TEST_02265,3.6528695,0.41254312,1.6758922
TEST_02266,1.3089302,0.08796178,0.31345978
TEST_02267,3.2451456,-0.14181827,-0.37657437
TEST_02268,2.0463295,0.40312693,0.30447102
TEST_02269,4.8388143,-1.4127759,0.80846256
TEST_02270,3.209033,-1.4063289,0.467341
TEST_02271,2.9971128,0.94860744,-0.6455867
TEST_02272,2.7073247,0.4796375,0.57617706
TEST_02273,1.6297538,-0.82072437,0.19022606
TEST_02274,3.4902222,0.019377723,-0.6727792
TEST_02275,0.9790962,-0.31358427,0.27260247
TEST_02276,3.7273877,-1.1085156,1.0077034
TEST_02277,3.8106585,1.041843,-0.19972457
TEST_02278,1.3171228,-0.19593082,0.5146102
TEST_02279,4.495241,1.1417941,-1.1900289
TEST_02280,3.9674895,0.7658117,-0.45515412
TEST_02281,3.2060127,-0.26804185,0.88333446
TEST_02282,4.221252,-0.49884847,-0.53526044
TEST_02283,2.2435722,0.41006288,0.08926868
TEST_02284,1.7370137,-0.41459167,0.29585686
TEST_02285,2.6575756,-1.0284548,0.2888827
TEST_02286,4.6121044,0.19023988,0.2818351
TEST_02287,3.8417144,0.87780565,-0.4109275
TEST_02288,1.1689885,-0.34276274,-0.10386069
TEST_02289,3.577207,-0.12952897,-0.34704027
TEST_02290,2.1997821,-0.13796422,-0.24664931
TEST_02291,2.1991234,0.4149491,0.72510487
TEST_02292,1.3354559,-0.559133,-0.15774542
TEST_02293,2.6744235,0.49514785,-0.29219186
TEST_02294,1.3265444,-0.7978221,-0.5276329
TEST_02295,2.6847196,0.5240932,-0.030025389
TEST_02296,2.4873862,-1.7971965,-0.18146785
TEST_02297,1.7934235,0.419922,0.62054175
TEST_02298,2.2353954,-0.9615401,0.4208286
TEST_02299,2.8145823,1.185314,0.16189499
TEST_02300,2.302083,-0.6955748,0.24216367
TEST_02301,2.1414132,-0.17841041,-0.30330473
TEST_02302,2.033784,-0.3472195,-0.046130113
TEST_02303,1.5834961,0.08383888,0.10479729
TEST_02304,1.9966283,0.27232283,0.10202526
TEST_02305,2.5779946,-0.7236019,0.57657146
TEST_02306,2.7697122,0.45185593,0.13006118
TEST_02307,2.6111233,-0.56934303,0.4721361
TEST_02308,2.125312,-0.55642724,0.456066
TEST_02309,2.8333068,-0.14788419,-0.36983755
TEST_02310,3.2779706,0.6495043,-0.36759493
TEST_02311,1.7535455,-1.0037645,-0.2269803
TEST_02312,2.2544167,-0.19683914,-0.11834033
TEST_02313,3.0781047,0.65517366,0.017600864
TEST_02314,2.7230828,-0.002720289,0.13018464
TEST_02315,2.370813,-0.77973384,-0.9451433
TEST_02316,4.0783386,0.6536332,0.3841015
TEST_02317,2.348097,1.1781902,0.5753965
TEST_02318,3.099104,-1.471978,0.15291107
TEST_02319,5.7466154,-1.034848,0.36390185
TEST_02320,4.7096543,-0.48994657,1.1367099
TEST_02321,2.7522047,0.5549513,-0.120515116
TEST_02322,4.5945477,-0.14729209,-0.63604933
TEST_02323,2.4718406,-0.40923056,0.31043947
TEST_02324,2.5268366,-1.0009137,-0.8455301
TEST_02325,2.532951,-0.1647355,0.3437914
TEST_02326,4.7885094,-0.3853176,-0.14339206
TEST_02327,3.9938807,0.98899657,-0.5218405
TEST_02328,5.234341,-0.39785293,0.35033458
TEST_02329,4.2351017,-0.59192157,-0.22601739
TEST_02330,1.1717888,-0.1587181,0.095589496
TEST_02331,1.508374,-0.19437319,-0.21032684
TEST_02332,4.289644,-1.4786837,1.953179
TEST_02333,0.7091519,0.24300626,-0.19496743
TEST_02334,2.864282,-0.8068642,0.6979753
TEST_02335,3.1240797,-0.7733013,-0.45962352
TEST_02336,2.6678245,-1.4268305,-1.0199546
TEST_02337,3.0429726,0.2423109,0.73655695
TEST_02338,3.3919153,-1.1292285,-0.728065
TEST_02339,2.9847436,0.7569472,0.57765985
TEST_02340,1.3507117,0.23162146,0.41770443
TEST_02341,1.6673453,-0.36140186,0.68017185
TEST_02342,1.8292726,0.12197637,-0.14797923
TEST_02343,4.2923846,-0.49468765,0.2573508
TEST_02344,3.448475,0.26443562,0.21823254
TEST_02345,4.9423347,1.566951,1.8245243
TEST_02346,1.545372,0.73514533,-0.13028651
TEST_02347,2.8545778,0.42043528,0.2550432
TEST_02348,2.8812854,-1.1185762,-0.99982584
TEST_02349,2.640055,1.8307402,1.4065754
TEST_02350,2.6054769,-0.6325638,0.7397605
TEST_02351,2.1690502,-0.7807228,-0.22813168
TEST_02352,2.4233453,-1.5652105,0.3837247
TEST_02353,2.1223407,-0.653853,-0.26955283
TEST_02354,2.255467,-0.40508842,0.4212113
TEST_02355,1.1383615,-0.032790963,0.22965637
TEST_02356,3.803414,1.793811,1.4698937
TEST_02357,2.1214368,-0.40608132,0.55437225
TEST_02358,3.4221852,-1.0230788,-0.76918805
TEST_02359,5.0172653,-0.9386932,-0.17627797
TEST_02360,2.1243105,0.6662249,-0.21307838
TEST_02361,1.926412,1.3241186,-0.014949666
TEST_02362,3.9480207,0.71999943,0.028800063
TEST_02363,2.1623857,-0.08367568,-0.68764037
TEST_02364,1.5678587,-0.10495892,0.20704061
TEST_02365,1.9244261,0.19830482,-0.073949724
TEST_02366,4.076995,0.112583384,-0.3971357
TEST_02367,3.2264266,0.68845505,-0.21894196
TEST_02368,3.4646697,0.38534617,-0.8933238
TEST_02369,3.3831182,-0.20616114,-0.30139154
TEST_02370,1.8592802,-0.22636098,0.3954072
TEST_02371,2.601925,0.010765446,-0.31371754
TEST_02372,2.4172375,-0.39598328,-0.11768654
TEST_02373,2.870698,-0.3094479,-0.52333015
TEST_02374,2.5419815,-0.9412055,1.1228508
TEST_02375,3.6050816,0.2730627,-0.07545823
TEST_02376,2.6102097,0.07820511,0.84546417
TEST_02377,2.8948696,-0.24984077,1.1519125
TEST_02378,2.0922332,0.33410743,-0.3681786
TEST_02379,1.7187493,-0.99977475,0.58572674
TEST_02380,1.9246863,0.65738285,0.10751332
TEST_02381,1.606701,-0.42033628,-0.4091879
TEST_02382,1.6091851,0.35742733,0.3104587
TEST_02383,1.4584653,-0.19720525,0.31715217
TEST_02384,3.6903968,-0.29274788,0.815883
TEST_02385,2.3476427,-1.8995506,-0.17718412
TEST_02386,1.7596903,0.04145515,0.1674891
TEST_02387,2.609339,0.2685402,0.30290905
TEST_02388,2.867131,0.6807887,-0.72340673
TEST_02389,4.613173,0.020083265,0.9774161
TEST_02390,5.260535,-0.16861716,1.0714893
TEST_02391,2.7174826,0.331931,0.61474854
TEST_02392,2.100769,0.62188476,0.26842064
TEST_02393,2.7235737,1.4849116,0.8025574
TEST_02394,3.0795336,-0.0704528,0.45115364
TEST_02395,1.4630635,0.6351889,0.35114586
TEST_02396,2.2362988,0.72232074,0.0056454744
TEST_02397,3.9883718,-1.0013448,0.43224794
TEST_02398,1.8299098,-0.34327036,-0.538089
TEST_02399,3.3593616,1.0908474,1.4801371
TEST_02400,3.126469,1.1902577,0.306147
TEST_02401,3.5194569,-0.267188,-0.8226732
TEST_02402,3.9848304,-0.8471196,-0.7653702
TEST_02403,1.9111063,0.5454513,0.4848615
TEST_02404,3.095766,0.9108643,-0.7575424
TEST_02405,1.6257721,0.06856282,-0.011299285
TEST_02406,2.7064977,0.63325554,0.1445719
TEST_02407,2.0113332,-0.8678146,0.07139825
TEST_02408,2.1705818,1.6456051,-0.5152279
TEST_02409,2.8530152,0.38677397,-0.5203271
TEST_02410,2.4163396,-0.09722101,0.012394998
TEST_02411,1.6544987,0.31105584,-0.4289441
TEST_02412,1.5637816,-0.531147,-0.3935375
TEST_02413,1.7862618,-0.4242692,0.2866013
TEST_02414,3.4971056,0.52942723,1.8648049
TEST_02415,2.0492606,-0.08303682,0.19153841
TEST_02416,1.5136487,-1.2566562,-0.22315627
TEST_02417,2.5477781,-1.2993202,0.22379504
TEST_02418,5.124802,0.37203658,1.4000756
TEST_02419,3.0320911,1.5860277,-0.09129797
TEST_02420,2.7160997,0.29219627,0.34776083
TEST_02421,3.4591417,-0.11384107,0.35950595
TEST_02422,1.758138,0.18409842,0.22858419
TEST_02423,2.1930888,0.8508789,-0.31772953
TEST_02424,3.2484126,-0.091174915,0.104791194
TEST_02425,2.2019663,0.034072734,1.1336119
TEST_02426,3.3681777,-0.75211054,-0.41990507
TEST_02427,1.9359329,0.013901722,0.6475181
TEST_02428,2.1405349,0.4635182,0.18369466
TEST_02429,3.5019042,0.5210184,0.082698524
TEST_02430,2.0521653,0.36134645,0.11005001
TEST_02431,2.5383077,0.5782696,0.031851508
TEST_02432,2.2729125,0.1374205,-0.4209429
TEST_02433,3.6782067,-0.12015374,0.5645718
TEST_02434,1.5540869,-0.04656966,0.036384944
TEST_02435,1.2489605,0.43834877,0.20245448
TEST_02436,2.0056465,-0.24010931,0.6029598
TEST_02437,2.1305807,-1.195119,0.08193862
TEST_02438,2.7793243,0.99948263,-0.21917401
TEST_02439,2.0558856,1.4705116,-0.63078624
TEST_02440,2.8560374,1.8111483,-0.6626125
TEST_02441,2.3714056,1.8362482,-0.85917264
TEST_02442,1.2172645,-0.5837689,0.40040985
TEST_02443,2.019339,1.9842831,0.85961413
TEST_02444,3.1748016,0.012337163,0.2173459
TEST_02445,1.9248433,0.41473395,-0.17401586
TEST_02446,1.1710473,-0.29238823,-0.16375382
TEST_02447,1.7425249,0.12201661,-0.38716832
TEST_02448,3.5168347,-1.1830016,0.054991595
TEST_02449,2.1540935,0.47608528,0.13359044
TEST_02450,2.1492283,0.35358965,-0.061226998
TEST_02451,3.272838,-0.06362755,-0.06964488
TEST_02452,4.682378,1.4326897,0.6591731
TEST_02453,3.1052222,-0.21068203,0.35762566
TEST_02454,3.5697668,1.256685,-1.1828939
TEST_02455,3.5384238,-1.1701216,1.1091263
TEST_02456,2.9558768,1.1541905,0.2863023
TEST_02457,2.2308636,0.08032364,0.06374429
TEST_02458,4.4856634,-1.3942288,-0.5210632
TEST_02459,3.0241811,0.32383576,-0.6658099
TEST_02460,2.2585976,-0.060129665,0.6429116
TEST_02461,3.446895,-0.26353714,1.0448799
TEST_02462,2.3949227,-0.32839423,0.35369226
TEST_02463,2.8821752,0.1452178,0.55691695
TEST_02464,3.7337952,-0.078663856,0.2952884
TEST_02465,3.6609054,-0.39644334,0.4762593
TEST_02466,1.8815923,-0.5508116,0.653509
TEST_02467,2.9132447,0.20712477,-0.62888336
TEST_02468,2.4855194,-0.90613055,-0.5509086
TEST_02469,2.815442,0.7467271,-1.1203885
TEST_02470,2.46694,-0.30088824,0.57677674
TEST_02471,3.114661,-1.1831052,0.56740934
TEST_02472,2.0847433,-0.8327687,0.020114377
TEST_02473,3.3916528,-0.27256483,0.27703556
TEST_02474,2.0502923,-0.09928757,-0.006703796
TEST_02475,2.416364,0.6191554,-0.3749897
TEST_02476,4.648475,-1.548182,-0.76428825
TEST_02477,3.1593022,-1.1826688,0.060938727
TEST_02478,3.655811,-0.09816438,0.9373233
TEST_02479,4.800527,0.3974533,-0.16498856
TEST_02480,4.021827,-0.7217027,-1.1405346
TEST_02481,4.639661,0.046227545,-0.526254
TEST_02482,2.314524,0.47144786,-0.3512333
TEST_02483,2.0444305,1.067772,0.328394
TEST_02484,3.4324489,-0.05046172,-0.5056156
TEST_02485,1.8681095,0.76767874,-0.47650847
TEST_02486,2.7100978,-0.46918997,-0.8995024
TEST_02487,2.7498014,-0.841662,-0.2693401
TEST_02488,5.4300165,-0.30253613,1.2049391
TEST_02489,2.0969744,-0.107273765,-0.045208357
TEST_02490,1.1028798,-0.16620067,0.09213404
TEST_02491,3.4966094,0.38770282,-0.642994
TEST_02492,3.0513608,1.0745518,0.26365378
TEST_02493,2.5304677,0.34022406,0.2461093
TEST_02494,1.6762183,1.0332527,0.47074908
TEST_02495,3.4397652,-1.2744542,1.1805608
TEST_02496,2.778359,-0.84408075,1.3398558
TEST_02497,3.2277446,1.537716,-0.4804601
TEST_02498,1.4174297,0.5066865,-0.44992015
TEST_02499,2.530503,-1.1742007,-0.18182224
TEST_02500,2.5211864,-0.6327438,0.085426494
TEST_02501,3.1050267,0.34810123,-0.46369725
TEST_02502,1.468992,0.43200964,0.2380646
TEST_02503,2.111736,0.29686433,-0.5900112
TEST_02504,2.1068404,-0.60563594,1.024734
TEST_02505,1.986241,0.89847124,0.3361111
TEST_02506,2.4822366,-0.34884018,0.45171404
TEST_02507,1.1758654,0.4597182,-0.15965366
TEST_02508,2.1851795,-0.5034203,0.096850574
TEST_02509,4.301538,0.840276,-0.39777666
TEST_02510,5.2045116,-1.6338621,1.816659
TEST_02511,1.3797538,-0.32097736,-0.03466749
TEST_02512,3.0347888,0.16976103,0.14275023
TEST_02513,3.7561703,-1.6408099,-0.5122064
TEST_02514,2.0584726,0.4472516,0.009943303
TEST_02515,1.6738617,-0.095719695,-0.2569578
TEST_02516,3.11001,-1.0469376,1.1339723
TEST_02517,3.2938607,0.22833164,0.402971
TEST_02518,0.9960464,0.31714386,0.33369872
TEST_02519,3.3127182,-0.35428065,0.92097706
TEST_02520,1.6735318,0.90243685,0.2077088
TEST_02521,1.254795,-0.4040992,-0.2803231
TEST_02522,3.051887,-1.2005191,1.1321417
TEST_02523,4.1513085,0.36989868,-1.0714357
TEST_02524,2.3528922,-0.94248843,-0.5329707
TEST_02525,2.612499,-0.04291246,-0.6374714
TEST_02526,3.9276743,-0.896626,-0.9023036
TEST_02527,1.3341341,0.62759846,-0.1567328
TEST_02528,2.0229769,0.9840894,0.4124321
TEST_02529,2.1280415,0.059818767,0.32572654
TEST_02530,3.1641214,-0.5141015,-0.6429998
TEST_02531,3.167804,-0.057881527,0.017566085
TEST_02532,1.7591946,0.36527202,0.10468701
TEST_02533,2.106307,0.22349156,0.37482038
TEST_02534,1.9125079,1.3503218,-0.1651067
TEST_02535,2.3174357,-1.0785657,0.2759973
TEST_02536,2.391146,0.73816335,0.621665
TEST_02537,3.331386,1.6869686,1.4016978
TEST_02538,4.322755,0.4375634,1.3911598
TEST_02539,0.91330683,0.34775966,-0.09344354
TEST_02540,3.4054704,0.032436777,0.92112964
TEST_02541,2.8310483,0.20715405,0.26664048
TEST_02542,1.4267197,0.0792326,0.118874654
TEST_02543,3.7155573,0.24606708,-0.26734173
TEST_02544,2.736599,-0.28674477,1.1351494
TEST_02545,4.546956,0.9537276,1.0338564
TEST_02546,1.6648748,-0.20264994,0.36766317
TEST_02547,2.931293,-0.033063296,0.619984
TEST_02548,3.0973313,-0.06809346,0.59024
TEST_02549,4.451479,-0.0016231667,-0.8220928
TEST_02550,1.7135,-0.94560194,-0.69531524
TEST_02551,2.9441724,0.028685298,-0.11550452
TEST_02552,2.3900142,-0.80817133,0.37985796
TEST_02553,3.0457509,-0.08848404,0.40282905
TEST_02554,2.1851845,0.12914518,0.2754521
TEST_02555,2.3760774,0.39534903,-0.057930566
TEST_02556,1.832991,0.77874935,-0.296896
TEST_02557,1.8610505,0.09900659,0.49707612
TEST_02558,2.2523806,-0.5159789,-0.8466471
TEST_02559,4.964435,-0.39073184,0.7708598
TEST_02560,4.1040206,1.076315,0.15610783
TEST_02561,4.368222,0.86277574,-0.7286155
TEST_02562,3.4081867,0.32512718,0.12554775
TEST_02563,3.7617147,-0.3532849,0.6285967
TEST_02564,2.7947674,0.57012665,0.15318583
TEST_02565,2.3428266,0.2326335,-0.947739
TEST_02566,1.0931576,-0.6873279,-0.38651228
TEST_02567,4.7829275,0.11837837,0.57374436
TEST_02568,4.394578,1.0372443,-0.7100924
TEST_02569,3.4538958,-0.4127833,-0.5957418
TEST_02570,2.443035,-0.035491273,0.1282735
TEST_02571,1.382588,-0.16022098,0.05522879
TEST_02572,2.6669836,0.7464876,-0.92926407
TEST_02573,3.00046,-0.37827778,0.5501599
TEST_02574,2.5758667,-0.714539,1.0876673
TEST_02575,0.9956755,0.15950827,-0.07121214
TEST_02576,2.4426448,-0.33804393,0.6137503
TEST_02577,3.6044059,2.1150403,0.065742016
TEST_02578,5.620453,0.11643047,1.1583924
TEST_02579,2.7393916,0.7333795,-0.22596943
TEST_02580,2.609573,-0.577255,-0.23494062
TEST_02581,1.0481635,-0.34619558,-0.28052786
TEST_02582,1.5630323,0.49027917,0.12263186
TEST_02583,4.4757853,-0.51656014,-0.710103
TEST_02584,3.809408,0.091717914,0.16869326
TEST_02585,4.869431,-1.7705264,0.08353947
TEST_02586,2.3921313,-0.46169755,0.35674036
TEST_02587,2.8443937,-0.43927547,0.40297922
TEST_02588,2.6283863,-0.23477176,0.20070387
TEST_02589,2.1115441,-1.4121732,1.0602065
TEST_02590,2.7000237,-1.3614124,-0.06715976
TEST_02591,2.8492353,0.043555707,-0.6115562
TEST_02592,2.1360402,0.7100045,0.61970145
TEST_02593,1.5219254,-0.44677925,0.52953666
TEST_02594,2.082053,0.36836886,0.040211726
TEST_02595,1.6251203,-0.14143042,-0.10555851
TEST_02596,1.9024236,0.0022156425,-0.013111245
TEST_02597,1.6491246,-0.065609284,0.27120888
TEST_02598,2.737256,-0.32495865,0.2240354
TEST_02599,5.9270487,1.3740551,0.82214683
TEST_02600,1.9593978,0.66858214,0.2451458
TEST_02601,4.8656926,1.4280602,0.22401306
TEST_02602,2.9647827,0.81649566,0.48180974
TEST_02603,3.1180043,1.2379323,0.82964313
TEST_02604,2.5810332,-0.3249935,0.104856886
TEST_02605,1.0653856,-0.073219284,-0.25826365
TEST_02606,4.6449356,0.19633138,0.46604508
TEST_02607,1.1326548,0.55579317,-0.3619478
TEST_02608,3.0588932,-1.0495826,0.31502697
TEST_02609,4.2888904,-0.010844834,1.012616
TEST_02610,1.3406024,-0.038427725,-0.008605157
TEST_02611,2.6074865,-0.20001796,-0.2260105
TEST_02612,2.2168784,0.355107,-0.22210033
TEST_02613,1.2429895,0.33545125,0.16076183
TEST_02614,2.6487288,0.035996966,-0.5858456
TEST_02615,0.9655314,0.4528525,-0.055518083
TEST_02616,2.3317568,-0.40020883,-1.0080956
TEST_02617,3.502289,-1.8792429,0.98153085
TEST_02618,4.238572,1.2053252,0.987818
TEST_02619,1.5977949,-0.18713142,-0.5137191
TEST_02620,2.0925152,-0.768305,0.07763506
TEST_02621,2.9016247,-0.05384255,-0.366234
TEST_02622,1.9182602,0.72686356,-0.05119152
TEST_02623,3.7211025,-0.33424455,-0.29918537
TEST_02624,4.0604296,0.23791432,0.4100931
TEST_02625,3.1902862,-1.1552106,-0.4973805
TEST_02626,0.88620245,0.06590557,-0.30478966
TEST_02627,4.171455,0.1424159,0.23956956
TEST_02628,1.6186217,-0.7476796,0.3731318
TEST_02629,3.9106503,0.6635066,-0.089105934
TEST_02630,4.0589337,-0.90859026,-0.4062258
TEST_02631,3.2649622,-0.4429263,0.7188508
TEST_02632,1.5716945,0.5807043,0.43993017
TEST_02633,2.0155346,0.14521208,0.54075074
TEST_02634,2.736898,0.14546956,-0.41912156
TEST_02635,1.1385546,0.3655169,-0.06431411
TEST_02636,4.6218925,-1.1319721,1.0021675
TEST_02637,1.1784639,-0.29098696,0.28201303
TEST_02638,3.4172747,-1.5640024,-0.8357034
TEST_02639,5.3002043,-0.56458807,0.15621883
TEST_02640,2.9878616,0.2518956,1.1068037
TEST_02641,1.120373,-0.88189155,0.16439514
TEST_02642,2.2689545,-0.5710564,0.27578664
TEST_02643,1.3182559,0.51916957,0.13764751
TEST_02644,3.1166878,-0.80994135,-0.8503917
TEST_02645,2.2304845,-1.0781533,-0.78250295
TEST_02646,4.508403,0.71965533,0.19220424
TEST_02647,1.9534786,0.655198,0.8226992
TEST_02648,3.8778923,2.0369327,0.009353796
TEST_02649,2.5156696,0.1205384,-0.0361543
TEST_02650,1.9472386,0.08253921,0.534926
TEST_02651,2.7701354,0.10017077,-0.03501269
TEST_02652,1.6231188,-0.9335249,-0.6153415
TEST_02653,3.1119466,-0.053811967,-0.40943575
TEST_02654,1.1167538,-0.38180667,-0.2726496
TEST_02655,1.3714352,0.42065305,0.19215947
TEST_02656,2.9289138,-1.0445989,0.7134341
TEST_02657,2.7629118,-0.8832974,0.2831745
TEST_02658,4.5829425,-0.13375852,1.0040774
TEST_02659,2.1751597,0.76647323,0.25062662
TEST_02660,1.6423917,0.04044635,-0.61729026
TEST_02661,3.4677665,0.12386163,0.8261706
TEST_02662,1.9243423,0.20645598,0.032204665
TEST_02663,3.0959911,-1.0267645,1.105375
TEST_02664,1.9253976,-0.3650463,-0.34641707
TEST_02665,5.3595023,1.2948524,0.4631067
TEST_02666,2.9012418,-0.2878388,-0.34308997
TEST_02667,3.3360453,0.39005733,0.19392648
TEST_02668,3.333151,0.044516124,-0.2693938
TEST_02669,3.7428827,0.2900141,0.525315
TEST_02670,4.295039,0.7091791,-0.8351344
TEST_02671,2.688908,-0.10958062,0.0018094862
TEST_02672,2.3274581,-0.14046688,0.52813625
TEST_02673,1.9363511,-0.68536824,0.050986204
TEST_02674,1.782655,-0.1203809,0.28377083
TEST_02675,2.5042903,-0.51730543,0.46655914
TEST_02676,3.030532,1.0317228,0.3270409
TEST_02677,2.132456,-0.22901736,0.32218996
TEST_02678,1.2414019,0.14162976,-0.08844589
TEST_02679,3.1007288,1.7300119,0.96608394
TEST_02680,2.2784991,-0.9925761,0.1705674
TEST_02681,1.5211437,-1.4703197,-0.35556903
TEST_02682,1.4707443,0.619154,-0.6652153
TEST_02683,1.1698871,0.06254448,0.15292051
TEST_02684,2.4643726,1.366421,-0.5977876
TEST_02685,2.1804793,0.34750152,-0.45148647
TEST_02686,1.9566289,0.76053953,0.38104075
TEST_02687,4.218927,-0.48842466,0.18220349
TEST_02688,4.81867,-0.62715626,1.1594268
TEST_02689,3.786985,-0.162728,-0.6655001
TEST_02690,1.4080578,0.3291238,-0.41606832
TEST_02691,2.0269573,0.32082018,0.4071398
TEST_02692,2.179768,-0.6841033,0.70696646
TEST_02693,2.4162884,-0.1820441,0.28780782
TEST_02694,2.3858552,0.85771334,0.7054497
TEST_02695,2.9551718,0.0048987623,-0.042979017
TEST_02696,2.8672287,0.7667148,1.0998708
TEST_02697,2.3143787,-0.43952426,1.0379537
TEST_02698,1.3305783,1.0337003,-0.69512475
TEST_02699,3.7652307,-1.3826743,1.2040199
TEST_02700,2.188816,-0.28511247,0.8124457
TEST_02701,2.1317458,0.18116076,0.6358543
TEST_02702,1.3311386,0.22926594,0.10714696
TEST_02703,3.2260695,-0.69552565,-0.034956586
TEST_02704,2.5787456,-0.20639178,-0.27804023
TEST_02705,3.3492608,-1.0834748,-0.85054266
TEST_02706,1.2862997,0.17818059,-0.30199093
TEST_02707,2.1124182,-0.18183912,-0.6079175
TEST_02708,2.260043,0.9875309,0.3022915
TEST_02709,3.2390301,1.8625902,0.83396965
TEST_02710,1.5382383,-0.51661015,-0.4431919
TEST_02711,1.9257226,0.9753111,-0.40926442
TEST_02712,1.2320505,-0.19647,0.071255326
TEST_02713,3.7785268,1.240176,-1.0454198
TEST_02714,1.2295985,0.13427669,-0.005486152
TEST_02715,1.7531803,-0.1482454,-0.035153877
TEST_02716,4.0988436,1.3003249,0.4120155
TEST_02717,3.1898873,-0.8097737,-0.51023793
TEST_02718,3.5000067,-1.7866218,-0.27367815
TEST_02719,3.5753822,-0.30293822,-1.494704
TEST_02720,2.488815,-0.86596847,-0.48932707
TEST_02721,5.29222,0.68119967,0.70901537
TEST_02722,2.2408123,1.1677651,1.062484
TEST_02723,3.1978912,-0.71528417,0.5295956
TEST_02724,2.6966658,0.42257798,-0.27657244
TEST_02725,1.590177,-0.5402117,-0.013552512
TEST_02726,2.0663261,0.3317566,0.5302355
TEST_02727,1.4658974,-0.5122858,0.3862776
TEST_02728,5.6516886,0.7019808,-0.20086941
TEST_02729,2.3548708,-0.22222042,0.52795565
TEST_02730,2.8897767,-0.44970667,0.40692022
TEST_02731,0.96486324,-0.22205451,-0.107691854
TEST_02732,4.845427,-1.1787627,0.9397388
TEST_02733,2.5157306,0.17729905,-0.016638536
TEST_02734,3.0959616,-0.3579311,-1.033607
TEST_02735,2.4784966,-0.20108557,-0.016019266
TEST_02736,1.304834,-0.17244898,0.45442107
TEST_02737,2.6662152,-0.70127475,-0.099344425
TEST_02738,1.2937051,-0.7320281,0.24837412
TEST_02739,1.7176902,-0.9018599,0.10005371
TEST_02740,1.3996059,-0.3492987,-0.5874035
TEST_02741,1.2162443,-0.12624717,-0.28103518
TEST_02742,1.2697083,0.44780764,-0.1898771
TEST_02743,3.8655434,0.12080502,-0.4621199
TEST_02744,1.3396816,-0.37914336,-0.35918
TEST_02745,4.2140613,0.8052553,0.10293567
TEST_02746,2.0658784,0.44508278,0.5068366
TEST_02747,3.6901016,-0.41936874,0.6853393
TEST_02748,1.8892342,-0.010926541,0.081415124
TEST_02749,4.53681,0.70322067,0.875885
TEST_02750,3.1265764,1.1844255,-0.37417534
TEST_02751,1.4766054,-0.7282545,-0.09559004
TEST_02752,0.79993623,0.031562775,-0.12374402
TEST_02753,1.9044027,-0.43877026,-0.0050326847
TEST_02754,3.5780258,0.43391544,-0.9817166
TEST_02755,1.9685518,-0.82907146,-0.21175751
TEST_02756,3.9983678,-1.2434225,-0.33878875
TEST_02757,1.5245262,-0.20264527,0.08239995
TEST_02758,2.1219769,0.43020892,-0.66224
TEST_02759,2.467995,-1.1665776,-0.8837053
TEST_02760,2.5954823,1.438076,0.55276614
TEST_02761,3.7659616,1.7113612,0.86654156
TEST_02762,1.5448762,-0.8635299,0.7330316
TEST_02763,2.0333714,-0.069992974,0.5623606
TEST_02764,2.935056,0.9407161,0.113716744
TEST_02765,1.8029479,0.1920093,-0.540293
TEST_02766,4.0939965,0.7676808,0.1682237
TEST_02767,1.6921831,0.19004044,0.2616016
TEST_02768,2.7712042,-0.07942269,-0.16988449
TEST_02769,2.568535,-0.033428162,0.014144567
TEST_02770,2.0157378,-0.5462988,0.2802762
TEST_02771,1.9871166,0.10637652,0.26382616
TEST_02772,4.953882,0.008559935,0.97371036
TEST_02773,2.5919957,-0.19504003,0.20531371
TEST_02774,3.161625,-0.92063683,-0.764642
TEST_02775,1.8188642,-0.26314208,0.055310577
TEST_02776,1.5014557,-0.2587286,0.38146204
TEST_02777,3.7337968,1.9018581,1.8284712
TEST_02778,1.7325376,-0.12877138,0.56416833
TEST_02779,4.3389273,-0.39783436,-0.20400175
TEST_02780,2.6476357,0.56010944,-0.89741886
TEST_02781,2.8176603,-0.3633153,-0.59438086
TEST_02782,1.2636932,0.21035884,-0.041948564
TEST_02783,3.2418466,-0.59827745,-0.29827243
TEST_02784,4.204886,-0.80629975,-0.57501245
TEST_02785,5.3895326,-0.14572647,0.6355365
TEST_02786,2.74107,-0.07886932,-0.054929737
TEST_02787,1.1651976,0.02509455,0.22203965
TEST_02788,2.1999593,0.46438584,-0.09112438
TEST_02789,4.409387,1.5848341,-0.33033103
TEST_02790,5.050531,-0.48282656,0.60887074
TEST_02791,1.9197383,0.12953645,0.20004568
TEST_02792,1.344445,0.22381245,0.33818883
TEST_02793,2.1186988,-0.18726027,0.25885358
TEST_02794,2.5342507,-0.32786357,0.40073067
TEST_02795,1.9992492,0.33704045,0.30911118
TEST_02796,3.2708962,-0.5353208,0.072947405
TEST_02797,1.8154817,-0.85037154,0.06688262
TEST_02798,1.8221525,-1.0902315,-0.8525395
TEST_02799,3.31593,1.0021207,-0.79071057
TEST_02800,3.306639,0.4996027,0.033859495
TEST_02801,1.5593908,-0.13477801,-0.15173723
TEST_02802,3.271265,-1.7343342,1.2471802
TEST_02803,1.0933373,-0.6119974,0.376459
TEST_02804,2.9384856,-0.7632518,0.10064666
TEST_02805,2.7015076,0.07500138,-0.194542
TEST_02806,5.0214114,-0.13509342,0.3396833
TEST_02807,3.571003,0.013002296,-0.78909343
TEST_02808,4.9136186,0.27734995,-0.0597709
TEST_02809,2.4917514,0.25195944,-0.2312729
TEST_02810,3.4707832,0.5549671,1.1633458
TEST_02811,1.9543226,0.42496738,0.38971496
TEST_02812,2.412141,-0.15220037,-0.38552186
TEST_02813,1.9527501,0.109498374,0.13820186
TEST_02814,2.1964958,-0.39879304,-0.41214618
TEST_02815,3.0487077,0.16392292,0.36225915
TEST_02816,2.682565,0.09094784,1.3712701
TEST_02817,3.6510096,-1.8775756,0.13274546
TEST_02818,3.4854102,-0.3031463,0.8945437
TEST_02819,1.7710657,-0.5550876,-0.07774268
TEST_02820,2.8538857,0.5817235,-0.12505832
TEST_02821,2.5749543,0.13553348,-0.4905948
TEST_02822,1.5700319,0.37503856,-0.46162125
TEST_02823,1.9905099,-0.56759423,0.74462473
TEST_02824,1.8365891,0.039383013,-0.7487377
TEST_02825,3.7131424,-0.1100194,0.465013
TEST_02826,2.6531348,0.23478219,-0.10289058
TEST_02827,2.231941,-0.40344185,0.39286998
TEST_02828,2.885426,-0.16898122,0.4435236
TEST_02829,4.587363,1.1324538,0.9168561
TEST_02830,1.8307878,1.2472507,0.5610942
TEST_02831,3.1045423,0.8842729,-0.46082675
TEST_02832,1.2507135,-0.33968443,-0.17565455
TEST_02833,3.5362322,1.2508503,1.2810621
TEST_02834,2.953759,0.17823309,-0.16454162
TEST_02835,2.4422274,0.45561108,-0.00047696568
TEST_02836,2.2269738,-0.17389321,-0.44145644
TEST_02837,2.1962845,0.27615225,0.7519855
TEST_02838,1.388817,0.23023568,-0.40608418
TEST_02839,3.6627686,1.2926581,-1.0490607
TEST_02840,3.4278328,-0.91313696,-0.014421381
TEST_02841,4.5180984,1.2679015,1.4754925
TEST_02842,3.5121796,-0.6964095,0.8718834
TEST_02843,3.3959968,1.8511785,-0.7761436
TEST_02844,3.392338,-0.17721748,-0.30706838
TEST_02845,1.6812491,0.7742269,-0.36127988
TEST_02846,4.556818,0.95404816,-0.57585025
TEST_02847,2.619421,-0.16585793,0.008167289
TEST_02848,1.4171851,-1.2882724,0.027453648
TEST_02849,3.7330005,0.192351,0.7054983
TEST_02850,2.1833951,0.32222754,0.33430195
TEST_02851,4.130878,0.19295318,0.9746586
TEST_02852,3.8622484,-0.6874309,1.0233318
TEST_02853,1.0281068,-0.32117572,0.22755668
TEST_02854,0.98380655,-0.76472443,0.14241305
TEST_02855,1.8049674,0.08372073,-0.34148514
TEST_02856,1.6304734,-0.05353357,0.4569296
TEST_02857,2.3033042,0.45186025,0.48399806
TEST_02858,2.061946,-1.0345008,0.52929324
TEST_02859,3.936453,0.88798815,-0.5595445
TEST_02860,0.7050019,-0.39545923,0.36047155
TEST_02861,2.9000785,0.14199564,0.41452408
TEST_02862,1.9356381,-0.15592761,0.16872305
TEST_02863,3.5439813,-0.52542025,0.9239566
TEST_02864,4.073634,0.6093354,0.8309085
TEST_02865,3.436948,-0.21253115,-0.34075063
TEST_02866,2.6643283,-0.25449455,0.46932837
TEST_02867,3.1695132,0.031492554,-0.9757641
TEST_02868,3.0500836,-0.1501832,0.067667335
TEST_02869,1.6724402,-0.23430878,0.85312295
TEST_02870,4.586971,-0.05660536,0.75114554
TEST_02871,0.9813,-0.69109106,-0.21450871
TEST_02872,2.971478,1.1938019,-0.77352226
TEST_02873,2.4034617,0.43731946,0.22716248
TEST_02874,2.3983173,-0.24728833,-0.026026644
TEST_02875,0.8794066,0.111357436,0.27437496
TEST_02876,1.50736,0.43524563,0.4426706
TEST_02877,3.101032,-1.3951681,0.58847183
TEST_02878,1.8449017,0.028427757,-0.4983132
TEST_02879,2.4604115,1.2415142,0.41118887
TEST_02880,2.811487,1.4851294,-0.7397608
TEST_02881,4.9045606,-1.8326567,0.39356264
TEST_02882,4.041244,0.09460248,-0.7065696
TEST_02883,2.3089437,0.23382306,0.13075392
TEST_02884,2.608185,0.10769324,0.29303086
TEST_02885,2.082373,0.23248647,0.35036877
TEST_02886,2.9078293,-1.0449797,-0.68758774
TEST_02887,4.2846985,-0.029530093,-0.677708
TEST_02888,5.8492074,-0.097849995,0.92607355
TEST_02889,3.8625476,0.46428752,0.092530906
TEST_02890,3.2166595,0.2493046,-0.08738907
TEST_02891,1.4927381,-0.015708826,0.026986761
TEST_02892,2.415285,0.8758377,0.87442714
TEST_02893,2.8433037,-0.24880517,0.09780161
TEST_02894,1.9865433,0.014939631,0.06467672
TEST_02895,1.7335702,-0.32639956,-0.19502838
TEST_02896,2.4533038,-0.54531235,1.0494967
TEST_02897,3.0547583,0.74230045,-0.17646492
TEST_02898,4.4476147,-0.54298013,-0.17543982
TEST_02899,3.329014,-0.4484956,-0.054041192
TEST_02900,2.8513687,0.5233068,0.30475637
TEST_02901,3.6607282,-0.42863485,0.040325485
TEST_02902,1.4718856,-0.36909047,0.2898816
TEST_02903,1.0751992,-0.3009165,0.23733589
TEST_02904,1.8827357,-0.31560892,-0.2695951
TEST_02905,1.5732185,-0.04157109,0.9183346
TEST_02906,2.4317355,-0.18257077,0.3410811
TEST_02907,4.499996,-0.043477356,0.6445036
TEST_02908,2.6096208,-0.16275598,0.10549079
TEST_02909,4.051057,0.34709433,0.46052074
TEST_02910,3.5838127,1.796627,-0.15050553
TEST_02911,1.6586593,0.46149254,-0.20781972
TEST_02912,3.8106484,-1.5830418,1.8327483
TEST_02913,2.8391445,0.24892883,0.5941278
TEST_02914,2.4439044,0.15304184,0.040017024
TEST_02915,1.895219,-0.10989805,-0.40975124
TEST_02916,3.720163,-1.0943695,-0.043183655
TEST_02917,2.7469022,-1.4728796,0.60626364
TEST_02918,2.9045832,-0.5574549,-0.7477588
TEST_02919,4.371311,1.4141998,1.8114861
TEST_02920,4.2377744,-1.4291035,0.80301106
TEST_02921,4.609809,0.20955324,0.3190307
TEST_02922,2.3521948,1.7163836,0.3286303
TEST_02923,3.587433,0.30234408,0.101133734
TEST_02924,1.4420273,-0.04723482,0.4856429
TEST_02925,1.1155566,0.24202204,0.07116279
TEST_02926,2.2574944,-0.84085363,-0.30217358
TEST_02927,4.90852,-1.1531624,0.22631761
TEST_02928,1.529753,0.26036844,-0.29467446
TEST_02929,3.7216928,-0.13023256,-0.44385335
TEST_02930,2.183066,-0.010270536,0.14819728
TEST_02931,1.8315237,-0.3360638,-0.14769018
TEST_02932,1.5989453,-0.12509936,-0.027016122
TEST_02933,2.6936598,-0.18458104,0.2589552
TEST_02934,3.4162126,1.537129,1.2923715
TEST_02935,0.791846,0.024674233,-0.27674186
TEST_02936,2.0102105,0.99352705,0.24591434
TEST_02937,1.4730574,-0.5453131,0.11303836
TEST_02938,4.0340734,-0.19726317,1.0987688
TEST_02939,3.1284134,-1.4449602,1.0798907
TEST_02940,2.4659078,0.19453104,-0.050562926
TEST_02941,2.2904768,-0.2621268,0.11444271
TEST_02942,2.2524965,-0.76156914,-0.7912929
TEST_02943,3.9868531,0.64147896,-0.9339991
TEST_02944,0.9653994,0.32577416,-0.20577914
TEST_02945,4.951999,1.4400693,-0.86503696
TEST_02946,2.5470262,0.19362466,-0.040124357
TEST_02947,1.9968423,0.32358888,0.36119318
TEST_02948,1.7049464,-0.6134977,0.24151158
TEST_02949,3.5225663,-0.6325647,0.8230659
TEST_02950,0.9658786,0.3807753,0.2703765
TEST_02951,2.325481,0.4370135,-0.2453341
TEST_02952,2.5687542,0.35490626,-0.06449578
TEST_02953,4.0632234,1.4055138,0.76407325
TEST_02954,1.5415251,0.2418422,-0.05528903
TEST_02955,2.3877554,-1.0339131,0.07625663
TEST_02956,3.700007,1.1751182,0.86074865
TEST_02957,2.7627397,0.9523383,0.2673205
TEST_02958,1.2829883,0.49299672,0.20167081
TEST_02959,5.3331366,-0.49648967,-0.38539177
TEST_02960,3.9656308,1.4587355,-1.1564206
TEST_02961,2.8642497,1.1042904,0.20725138
TEST_02962,1.9420372,-1.096796,-0.6573613
TEST_02963,3.6788168,1.2534318,0.8714658
TEST_02964,3.394246,1.0059549,-0.05494084
TEST_02965,2.641872,-0.71349865,0.5772745
TEST_02966,4.3291645,0.4097132,0.00070468266
TEST_02967,2.2880387,-1.0733428,0.5323494
TEST_02968,3.5108047,-2.0696204,0.5264577
TEST_02969,1.8899469,-0.46784732,0.09786153
TEST_02970,2.995506,-0.101639085,1.0735815
TEST_02971,0.9189951,0.15834159,-0.28664258
TEST_02972,1.6858842,-0.58567446,-0.8109885
TEST_02973,1.5339217,0.23290427,-0.038802404
TEST_02974,2.884229,0.102498196,0.2753832
TEST_02975,2.6957505,-0.4388277,-0.5668324
TEST_02976,1.002049,-0.79648495,0.35518155
TEST_02977,3.2001715,0.5756034,-0.62282413
TEST_02978,2.3140817,-1.0594136,0.11243718
TEST_02979,1.6199267,0.27507332,0.010914508
TEST_02980,1.5379403,0.3620361,0.032119587
TEST_02981,2.465041,0.12360592,0.44757092
TEST_02982,1.5190963,0.5286264,-0.011752125
TEST_02983,3.106435,0.55410105,-0.1239773
TEST_02984,3.4036398,-0.116273046,0.23358357
TEST_02985,3.7343402,-0.5794247,-0.39795053
TEST_02986,2.9447396,0.56014603,-0.18859906
TEST_02987,3.9142897,-0.38041717,-1.1340206
TEST_02988,1.5997825,0.34360635,0.22302711
TEST_02989,4.4597964,0.072541125,-0.92085904
TEST_02990,2.4019625,-0.6623064,1.025628
TEST_02991,2.635996,-0.30626705,0.028047351
TEST_02992,2.9413078,0.9120874,0.42950302
TEST_02993,2.3186486,-0.60085696,0.49846834
TEST_02994,1.5892974,-0.54477584,0.28580585
TEST_02995,2.0730188,-0.34378847,-0.3996808
TEST_02996,4.406284,-1.3337387,-0.774989
TEST_02997,3.0403056,1.9581379,1.0388772
TEST_02998,1.5440375,-0.9116608,0.14154175
TEST_02999,3.4005044,-0.34625188,-1.4213037
TEST_03000,3.936041,0.32859,0.46675232
TEST_03001,3.1878731,1.360365,0.2847185
TEST_03002,1.83091,-1.2576939,-0.73893565
TEST_03003,4.19413,-0.53895575,1.3475391
TEST_03004,3.1812875,0.90845984,-0.76470375
TEST_03005,1.3417587,0.4750068,-0.051604766
TEST_03006,4.92071,0.42393178,-0.31746656
TEST_03007,4.3550897,-1.4915823,1.2017139
TEST_03008,4.0425506,1.4690034,-0.4639562
TEST_03009,4.3257823,0.18724757,-1.0015085
TEST_03010,2.6669998,0.017623931,0.19582875
TEST_03011,1.6972896,-0.4253645,0.2906244
TEST_03012,2.9009676,-0.005026661,-1.2079874
TEST_03013,1.2279035,-0.05041743,0.05483965
TEST_03014,3.1015735,-0.055916544,0.1933701
TEST_03015,1.4257623,-0.021283781,0.039761182
TEST_03016,2.5115595,-0.046588257,-0.88112384
TEST_03017,3.6571958,-0.5685403,1.1321726
TEST_03018,2.3548052,-0.42093837,1.223363
TEST_03019,2.3656158,-0.06630156,0.73902464
TEST_03020,1.1121684,-0.5643738,0.076736376
TEST_03021,2.143908,-0.62446344,-0.2539982
TEST_03022,1.3102883,-0.32378766,0.11671813
TEST_03023,1.3600012,-0.21919869,0.44915164
TEST_03024,3.349259,-0.39476395,1.2382385
TEST_03025,3.6747963,-1.2572325,0.7902089
TEST_03026,3.1707,0.09685427,0.3758032
TEST_03027,2.7121904,0.04567094,-0.073683314
TEST_03028,1.95151,-0.2709321,0.19369318
TEST_03029,3.357774,-0.7466524,0.980341
TEST_03030,0.90767366,-0.4830395,0.25215468
TEST_03031,2.6753187,0.768645,0.54944044
TEST_03032,1.9693081,0.12096822,-0.032775708
TEST_03033,2.7210515,0.19807759,0.06804115
TEST_03034,1.565198,0.07401134,-0.0541196
TEST_03035,2.0445974,0.6853283,0.036944102
TEST_03036,2.1498735,-0.26038286,0.6252714
TEST_03037,3.555639,0.9824736,-0.23947033
TEST_03038,1.3660815,-0.0038934965,-0.27414927
TEST_03039,5.2305636,-0.919319,1.7398216
TEST_03040,4.6264467,0.30902636,0.13560832
TEST_03041,4.4390044,-0.7098823,-0.008591691
TEST_03042,3.866578,0.10703909,0.19481419
TEST_03043,2.8261867,-0.71958345,1.0722224
TEST_03044,2.7052777,-0.5545568,0.81159276
TEST_03045,1.124456,0.5947686,-0.18365666
TEST_03046,1.367977,0.42337757,0.26474008
TEST_03047,1.8531394,-0.7397185,0.114138566
TEST_03048,4.9425592,2.101149,1.034169
TEST_03049,1.7472713,-0.5220054,-0.023782622
TEST_03050,2.660547,-0.41887084,-0.9366812
TEST_03051,1.9430586,0.36249328,-0.3292393
TEST_03052,3.5476882,0.014922348,0.9782722
TEST_03053,2.626108,-0.64945364,0.6513904
TEST_03054,2.0405202,1.0620466,0.40943798
TEST_03055,1.6742061,-0.24247915,0.11836301
TEST_03056,2.3048613,0.8417725,-0.7838287
TEST_03057,2.595901,0.5194776,0.6590834
TEST_03058,2.9571552,-0.74607176,-1.0039469
TEST_03059,4.2994003,0.70788616,-0.056845132
TEST_03060,2.5450523,-0.35342452,0.64147013
TEST_03061,0.7844061,0.10662299,0.26666996
TEST_03062,1.7958003,0.95746523,-0.3234307
TEST_03063,3.2340572,0.36404842,1.1468865
TEST_03064,3.1490767,-0.34557632,-0.23023273
TEST_03065,4.325327,0.41773427,1.73115
TEST_03066,3.2618845,-0.36865047,-0.10523395
TEST_03067,2.6377463,0.7035786,-0.5672394
TEST_03068,1.5350956,-0.51148826,0.42971152
TEST_03069,3.3413918,0.9431252,1.1046374
TEST_03070,2.3188016,1.6930741,-0.6092447
TEST_03071,1.2472789,-0.22909053,0.3313554
TEST_03072,2.1829963,1.3063796,0.71176934
TEST_03073,3.0850992,-1.2252578,1.2447499
TEST_03074,3.0460641,0.08978421,0.8707414
TEST_03075,1.3388644,-0.15235807,-0.22207886
TEST_03076,1.519448,-0.11801107,0.03823842
TEST_03077,2.1459355,-0.2721225,0.43114296
TEST_03078,3.6259332,-1.0942649,0.58829826
TEST_03079,4.981576,-1.6391686,-0.6167556
TEST_03080,4.8233194,1.0410634,-0.63139737
TEST_03081,3.9425595,1.6695397,1.3718258
TEST_03082,1.2568349,0.1653077,-0.035966128
TEST_03083,3.7668772,-1.6684564,0.32851884
TEST_03084,2.3115072,0.72053105,-0.20406854
TEST_03085,1.0116782,0.18536349,-0.33777407
TEST_03086,3.0112119,0.6496244,0.24999285
TEST_03087,3.5792246,-0.5164925,0.6625409
TEST_03088,1.1273717,-0.78131646,-0.3070758
TEST_03089,4.1708317,-0.13744684,-0.20686541
TEST_03090,1.784464,0.4376441,-0.5490355
TEST_03091,4.3214903,-0.29730776,0.33194333
TEST_03092,4.8091187,1.3311197,-0.56774354
TEST_03093,2.1642687,0.3951511,-0.1317924
TEST_03094,1.8351452,-0.6315665,-0.30205795
TEST_03095,2.4998026,-0.287369,0.15385617
TEST_03096,0.99734163,-0.27685443,0.32444522
TEST_03097,2.9875867,-1.1308949,0.75334734
TEST_03098,3.8556054,-0.16367646,0.23363931
TEST_03099,3.7555125,0.25374857,0.6592421
TEST_03100,2.165104,0.43321702,1.0216514
TEST_03101,1.4749552,0.31660023,0.34196702
TEST_03102,1.911047,-0.0719011,0.20900075
TEST_03103,1.9898108,-0.047387224,0.3850239
TEST_03104,2.4913101,-0.109153196,0.56299156
TEST_03105,1.6193674,0.09011971,0.22534233
TEST_03106,1.85542,-0.08697071,-0.44765833
TEST_03107,3.6030064,0.041353777,0.56015307
TEST_03108,2.877465,0.041052543,-0.5058644
TEST_03109,1.6441553,-0.23616633,-0.1637118
TEST_03110,4.518172,-0.39204624,-0.24494247
TEST_03111,1.6446992,-0.69005805,0.2548249
TEST_03112,1.4618232,0.78644705,0.2316523
TEST_03113,2.4912612,-0.938737,0.08688193
TEST_03114,1.7875383,0.099801406,0.10560291
TEST_03115,0.8687372,-0.20168677,0.2714675
TEST_03116,2.1792257,0.99801135,-0.4717462
TEST_03117,2.9278598,-0.23837887,0.032310236
TEST_03118,3.2030985,0.36818057,1.3037832
TEST_03119,4.726366,0.9934404,2.0463521
TEST_03120,1.4576705,-0.04744019,-0.23987858
TEST_03121,2.6811619,0.9901808,0.45859954
TEST_03122,1.5144205,-0.47788355,-0.7407743
TEST_03123,2.464296,-2.2413266,-1.1652628
TEST_03124,1.5164132,-0.118749835,-0.03300868
TEST_03125,2.7358296,1.0371895,0.5902389
TEST_03126,4.3065305,0.094173014,-0.58712876
TEST_03127,3.0187445,-0.48108375,-0.8433861
TEST_03128,4.621834,-1.0405377,1.0705488
TEST_03129,2.7976296,0.51911336,-0.33925056
TEST_03130,1.7897158,-0.45297563,0.3497284
TEST_03131,4.3604484,-0.58272046,-1.0557473
TEST_03132,1.2733661,0.5640175,-0.27854815
TEST_03133,3.3860545,0.3488158,-0.4749364
TEST_03134,2.5756876,1.3077924,1.1404291
TEST_03135,2.1597843,1.0277627,0.44028547
TEST_03136,1.9822588,-0.55685925,-1.0057825
TEST_03137,1.6301746,-0.10829187,0.21804962
TEST_03138,2.259895,0.6937454,1.2523386
TEST_03139,1.4459376,0.13955815,0.15331912
TEST_03140,2.9944494,-0.20547594,-0.49919254
TEST_03141,3.277981,-0.11293978,0.4148121
TEST_03142,1.3411465,0.39764774,0.011586409
TEST_03143,3.0763268,-0.99359715,0.5295105
TEST_03144,3.6207316,-0.009268572,0.5807792
TEST_03145,5.208166,0.73964477,0.30507037
TEST_03146,2.7239754,0.17923348,0.70546687
TEST_03147,4.371659,-0.56815207,0.96193
TEST_03148,3.2971156,-0.7184366,0.74137706
TEST_03149,4.351861,-0.8315854,1.2367482
TEST_03150,4.207137,-0.08003559,0.58474344
TEST_03151,1.228923,-0.13740823,0.18994746
TEST_03152,3.321263,0.013811338,-0.31061316
TEST_03153,2.5805721,-1.4914602,-0.45755103
TEST_03154,3.0582612,0.4192072,0.3219955
TEST_03155,2.688573,-1.0229766,0.6964407
TEST_03156,2.7926161,1.2617953,0.31820107
TEST_03157,1.7566787,-0.30401114,0.38425082
TEST_03158,1.3926835,0.87532943,-0.44494548
TEST_03159,4.662761,-1.6149753,-0.93962353
TEST_03160,2.66172,0.26276812,0.35658267
TEST_03161,4.5974045,1.2538568,1.1164132
TEST_03162,3.6332433,-0.31317747,0.06331234
TEST_03163,2.77676,-1.6047738,1.2424264
TEST_03164,2.1213706,0.07782843,0.9737999
TEST_03165,1.8298259,0.9855591,-0.12337009
TEST_03166,1.9490788,0.07516286,-0.44155976
TEST_03167,2.48734,0.37633207,-0.6085918
TEST_03168,0.78676784,0.32295185,0.06568929
TEST_03169,4.496816,0.40222633,-0.08556344
TEST_03170,2.852127,-0.56877357,-0.46755186
TEST_03171,2.8598735,0.5028489,0.72236747
TEST_03172,3.7851748,0.41172707,1.2386409
TEST_03173,1.2057549,0.38459933,-0.00038784556
TEST_03174,1.7936181,0.9683712,-0.41135526
TEST_03175,2.5008197,-0.22750075,-0.5049896
TEST_03176,2.4996388,0.67794544,0.058889423
TEST_03177,3.8814526,0.8955689,0.4733262
TEST_03178,4.4186244,-1.0782992,-1.0719911
TEST_03179,3.7863932,0.5670265,-0.39818898
TEST_03180,2.4558845,-0.51195323,-0.37372565
TEST_03181,3.0991504,0.044822805,0.51276106
TEST_03182,2.2508087,0.52505416,0.5280101
TEST_03183,1.5185422,-0.828606,0.29627976
TEST_03184,3.4320333,0.36010984,-0.3649079
TEST_03185,1.8163838,0.31472105,-0.078215376
TEST_03186,2.4899902,-0.53622717,-0.492354
TEST_03187,3.3290105,0.41404083,-1.1049145
TEST_03188,2.5946019,-0.8191453,-0.110582165
TEST_03189,3.819085,-1.1909574,-0.69388735
TEST_03190,2.7253916,0.9387109,-0.30905837
TEST_03191,2.9161649,-0.90444386,-0.3274427
TEST_03192,2.3544421,1.2298471,-0.47798318
TEST_03193,1.3835516,-0.4190445,0.2588256
TEST_03194,3.254456,-0.2878218,0.9621627
TEST_03195,2.242759,0.42844364,0.40595153
TEST_03196,3.268563,1.0086803,-0.33110404
TEST_03197,2.5993633,-1.0906938,-0.5196075
TEST_03198,1.7120574,0.33899766,-0.5595308
TEST_03199,4.605751,-1.7368839,2.0725586
TEST_03200,1.2991145,-0.18505034,-0.36728558
TEST_03201,4.9711595,-0.64310324,0.7566157
TEST_03202,4.6822906,-0.89878523,-0.5746071
TEST_03203,3.726717,-1.6268629,0.29934657
TEST_03204,2.6812096,-0.21454962,0.063129105
TEST_03205,1.3027394,0.04637697,0.07071876
TEST_03206,4.2567267,-0.90696937,0.0623506
TEST_03207,3.048576,1.0491831,-0.15695898
TEST_03208,6.4039855,-1.4381933,1.6095914
TEST_03209,2.911005,0.029311834,0.25171125
TEST_03210,1.7043624,-0.4663768,-0.017819367
TEST_03211,4.0874543,-0.34181935,0.733516
TEST_03212,4.1907187,0.51354843,1.1278555
TEST_03213,1.478666,0.15464294,0.266434
TEST_03214,2.147993,0.1443897,1.1167263
TEST_03215,0.92727363,0.093938544,0.16858178
TEST_03216,2.405014,0.68222255,1.029154
TEST_03217,1.4377117,-0.089281484,-0.015632428
TEST_03218,3.4491637,-1.0355225,0.4645333
TEST_03219,2.056887,0.9631476,0.2564179
TEST_03220,1.2052071,-0.12747654,-0.14189067
TEST_03221,3.1409357,-0.19416668,-0.100465894
TEST_03222,1.4359174,0.28863448,0.25821316
TEST_03223,2.7314312,-0.5835417,-0.009873931
TEST_03224,1.9807546,0.619529,-0.32583648
TEST_03225,3.593619,1.5050671,1.5841055
TEST_03226,2.113582,-0.06275141,0.057888325
TEST_03227,4.162334,-0.6870565,0.6435209
TEST_03228,3.004259,-0.52257335,0.027858857
TEST_03229,3.6319518,0.3886352,0.51103336
TEST_03230,2.693711,0.5342382,-0.07176223
TEST_03231,3.2621262,-0.34253535,-0.1361358
TEST_03232,3.2194374,-1.4287071,-0.12784863
TEST_03233,2.336106,0.030766107,0.49123025
TEST_03234,2.4771109,0.2964326,0.08693453
TEST_03235,1.0897492,0.34494418,0.0042815455
TEST_03236,2.6324325,-0.51663625,0.6415446
TEST_03237,2.4314227,-0.24265516,0.5323603
TEST_03238,3.2693932,-0.7570442,0.86233467
TEST_03239,4.549104,0.61121744,0.46730903
TEST_03240,1.6605917,0.7171058,0.1910747
TEST_03241,4.9872513,-0.6842345,0.9090701
TEST_03242,3.6207964,0.6073571,1.1081133
TEST_03243,1.5444636,-0.30948603,0.010655957
TEST_03244,2.8776157,-0.82615525,-0.24585178
TEST_03245,2.6129904,1.1699421,0.9517928
TEST_03246,4.4666066,1.3731352,0.049622484
TEST_03247,2.3421438,-0.2545475,0.50055254
TEST_03248,0.87159514,-0.89983416,0.20793617
TEST_03249,2.8737583,-0.11922672,-0.3703004
TEST_03250,2.3280573,0.61639196,0.057025883
TEST_03251,3.06359,-0.07350768,0.19716117
TEST_03252,4.225218,0.87205285,-0.96043456
TEST_03253,1.6101149,-0.3119819,-0.19179392
TEST_03254,1.754982,0.9884629,-0.5563501
TEST_03255,1.8279756,0.64345366,0.24689361
TEST_03256,2.7488754,-1.0212708,-0.8193203
TEST_03257,2.8791964,0.49624348,0.7355996
TEST_03258,2.43515,0.17934667,0.8978051
TEST_03259,2.6326575,-0.7498683,0.18361117
TEST_03260,2.4143655,0.13983539,0.822576
TEST_03261,1.7002394,-0.12224221,-0.037658647
TEST_03262,2.1208677,-0.4027896,-0.58277506
TEST_03263,3.829726,0.18293962,-0.7700087
TEST_03264,2.65886,-0.18899353,1.0008361
TEST_03265,4.9219623,-0.82261235,1.62374
TEST_03266,3.355171,-0.49043933,0.66286796
TEST_03267,3.461492,-0.23597622,0.11682698
TEST_03268,2.6952333,1.0886997,0.74378306
TEST_03269,3.2178938,0.005808577,0.09567477
TEST_03270,2.6785238,1.0739731,0.32479465
TEST_03271,1.3193102,-0.29540887,-0.06149039
TEST_03272,2.827304,-1.0359453,0.13028835
TEST_03273,2.8693643,-1.0610857,0.6042572
TEST_03274,2.4630213,-0.0015841713,-0.19681457
TEST_03275,2.5622609,0.8107051,0.19240409
TEST_03276,2.4404607,-0.23908566,0.56985617
TEST_03277,1.6248608,-0.70669794,0.1976158
TEST_03278,1.4635553,-0.31216076,0.11032802
TEST_03279,3.98651,0.4070557,1.6696165
TEST_03280,4.957011,1.3971242,0.67109406
TEST_03281,1.8930074,0.954474,-0.49271294
TEST_03282,3.0232992,0.81971693,1.0969651
TEST_03283,2.903107,0.5864207,0.40452495
TEST_03284,3.1957343,0.626132,-0.44036457
TEST_03285,2.0575345,0.939349,-0.11898273
TEST_03286,4.1904073,-0.74935114,-0.26219362
TEST_03287,2.5025,-1.3012471,1.1732906
TEST_03288,1.8786161,0.62054837,0.25992334
TEST_03289,4.397871,0.24336341,-0.19484545
TEST_03290,2.0876927,0.23110154,0.22238675
TEST_03291,3.3266652,0.1617391,0.7594147
TEST_03292,1.5823069,-0.27539307,-0.016050532
TEST_03293,1.5697823,-0.52100694,0.1902562
TEST_03294,1.32626,0.91816175,0.30220383
TEST_03295,0.9204159,-0.2765082,0.19376478
TEST_03296,2.7731397,-1.1560239,-0.06297563
TEST_03297,1.9218695,0.43440294,0.42285347
TEST_03298,4.072796,-0.49495658,0.8450524
TEST_03299,1.8925675,-0.68101543,0.336143
TEST_03300,2.73528,0.23412786,0.70392823
TEST_03301,1.8568451,-0.46176562,-0.25915882
TEST_03302,1.687768,-0.19985572,0.21613769
TEST_03303,2.587212,-0.7411023,0.5531992
TEST_03304,1.8948435,0.18472527,-0.34764284
TEST_03305,4.8889284,-1.7214042,0.4083786
TEST_03306,2.384156,0.3198211,0.7283181
TEST_03307,3.0280292,-0.09537752,0.60018784
TEST_03308,3.133219,0.15065862,0.16287598
TEST_03309,1.8735313,0.48247308,0.10491177
TEST_03310,3.6441112,1.0552566,0.5349411
TEST_03311,2.612419,0.1535072,-0.09140673
TEST_03312,3.4981008,0.40686914,0.707365
TEST_03313,3.1995306,1.3507311,0.2296868
TEST_03314,1.3142731,0.11413862,0.123559386
TEST_03315,2.0089424,-0.6586631,-0.6900991
TEST_03316,1.8934708,-0.4730307,0.24296764
TEST_03317,3.5742803,0.033376034,0.2787875
TEST_03318,1.4731988,-0.36617285,-0.1950989
TEST_03319,4.539175,0.67129445,-0.22894916
TEST_03320,2.3430538,0.7284143,-0.10238551
TEST_03321,3.4515734,1.9295211,1.2100185
TEST_03322,4.495184,1.4246534,-0.29024422
TEST_03323,1.4532009,-0.73675996,-0.2361575
TEST_03324,1.438062,-0.1542062,0.15708336
TEST_03325,2.3435216,-0.67930204,-0.29870042
TEST_03326,2.8634467,-0.7000496,0.2197853
TEST_03327,4.4331503,0.7079093,-0.4437528
TEST_03328,4.9809084,-1.870675,-0.6503066
TEST_03329,2.5078714,-0.06588247,-0.6720612
TEST_03330,2.2824955,-0.20468228,-0.5634732
TEST_03331,1.6427311,-0.3217371,-0.21218361
TEST_03332,2.227258,0.11285466,-0.2889037
TEST_03333,1.2114542,0.4138987,-0.004421051
TEST_03334,2.8969877,-1.764841,-0.8959939
TEST_03335,3.88973,0.274612,1.2479377
TEST_03336,1.1586041,0.3361741,0.094392344
TEST_03337,2.0322595,0.2461209,-0.04295157
TEST_03338,3.8890185,1.2734909,-1.1851122
TEST_03339,3.8808115,-1.088355,0.29009107
TEST_03340,1.8021585,-0.029426405,-0.33082813
TEST_03341,2.4646022,-0.40066373,0.8255851
TEST_03342,2.0851555,-0.28472707,0.13003978
TEST_03343,3.197161,0.44118384,-0.5692218
TEST_03344,1.3900901,0.4304921,0.6194144
TEST_03345,1.7471465,1.2379489,0.6501725
TEST_03346,1.5132723,-0.29782704,0.48402116
TEST_03347,1.327534,-0.2064011,0.12713985
TEST_03348,2.7791975,-0.6571934,0.58200514
TEST_03349,1.4116396,0.4684447,0.22353403
TEST_03350,2.6285577,0.8354169,0.5681286
TEST_03351,1.9741158,1.1252323,-0.3486031
TEST_03352,2.8181396,-1.2870305,-0.7910307
TEST_03353,1.582781,-0.3648145,0.014611179
TEST_03354,2.501484,0.40058127,0.24331422
TEST_03355,1.8044523,0.2160365,-0.32611573
TEST_03356,2.7493718,1.7542124,-0.60053444
TEST_03357,3.2404306,1.0499514,0.41952068
TEST_03358,1.3206407,-0.62128794,-0.5116068
TEST_03359,2.4908924,-1.5485406,-1.4767069
TEST_03360,1.2859762,0.8897096,-0.0786978
TEST_03361,4.236816,1.440168,1.0111847
TEST_03362,1.4809393,-0.5152103,0.13165826
TEST_03363,2.908439,1.4799201,-0.31922874
TEST_03364,2.538413,0.5550988,0.8592762
TEST_03365,2.1104782,0.0873399,0.08817887
TEST_03366,1.8723437,-0.16755685,-0.31394014
TEST_03367,4.106491,0.087478176,0.15594187
TEST_03368,1.4058831,-0.09518805,0.7034251
TEST_03369,2.3636916,-0.12820198,-0.09092273
TEST_03370,2.031945,-0.26584184,-0.058988113
TEST_03371,3.0623362,0.2590152,0.0460575
TEST_03372,4.0117526,0.48200977,-0.2240603
TEST_03373,2.38373,0.13882147,-0.2763723
TEST_03374,3.2024636,-0.4469399,0.69475925
TEST_03375,1.2264061,0.07904157,-0.11807841
TEST_03376,3.1053922,-0.7197018,1.6999267
TEST_03377,4.0034976,-0.86760736,-0.07051623
TEST_03378,2.8987093,0.7443237,-1.3217574
TEST_03379,4.152264,1.8188109,1.3445294
TEST_03380,1.3191582,0.07191063,-0.18869425
TEST_03381,2.6430287,-0.31697524,0.19436006
TEST_03382,2.0945456,-0.12032969,-0.3247863
TEST_03383,1.6851014,0.07507128,0.5885962
TEST_03384,4.023625,-0.21425095,0.14478633
TEST_03385,5.613578,-0.9978327,1.8130972
TEST_03386,2.237929,0.1952297,0.89095587
TEST_03387,4.084887,-0.6057764,-0.5607656
TEST_03388,2.461883,1.3409611,0.2501364
TEST_03389,3.1976025,-1.7861059,1.1786485
TEST_03390,5.2745233,-1.7443179,1.1274616
TEST_03391,2.4524312,0.37945142,-0.19052418
TEST_03392,2.5455444,0.99874985,0.80004066
TEST_03393,3.293137,-1.8425055,1.1077033
TEST_03394,2.324018,-0.6532451,0.40777993
TEST_03395,2.3271446,-0.76585615,0.65161693
TEST_03396,4.0046062,1.4430482,0.07578346
TEST_03397,2.455112,-0.8559963,0.14147757
TEST_03398,2.981728,0.017047828,0.7741102
TEST_03399,4.8128667,-1.0721228,1.6764354
TEST_03400,4.5344048,-0.5622307,0.5920129
TEST_03401,3.271751,-0.63034976,0.5178859
TEST_03402,3.0746481,-0.19564305,-0.64509875
TEST_03403,2.3156044,0.7033023,0.9931057
TEST_03404,3.2076242,0.89344704,0.05983982
TEST_03405,2.4730554,-0.7883258,-0.34112683
TEST_03406,3.3610983,-0.15768117,0.85458547
TEST_03407,2.4147508,-0.3648453,0.27870706
TEST_03408,5.642034,-2.3592622,0.72013754
TEST_03409,3.3759558,0.22155112,-0.19959445
TEST_03410,1.8408586,-0.21247792,-0.23245688
TEST_03411,1.0222058,-0.011592372,-0.17925963
TEST_03412,3.7175593,0.6280761,0.38820398
TEST_03413,1.0634193,-0.3374699,0.14086239
TEST_03414,3.6690853,-0.48584947,1.7991829
TEST_03415,1.0155666,-0.41553617,0.073017344
TEST_03416,1.3609294,0.34142515,-0.16822001
TEST_03417,2.8295395,1.2706583,-0.24251075
TEST_03418,1.0803714,-0.20080306,-0.27065864
TEST_03419,3.0255022,1.4016247,0.16739221
TEST_03420,2.4610252,-0.5807915,-0.2081413
TEST_03421,3.3098652,0.17744313,-0.27844167
TEST_03422,2.3538687,-0.10609302,0.20267156
TEST_03423,1.8246082,0.7868129,0.5407241
TEST_03424,3.1170957,-0.071191266,-0.44707286
TEST_03425,3.8564472,1.1350219,-0.26815888
TEST_03426,2.8950675,-0.22076187,0.51275253
TEST_03427,1.9467704,0.26729986,-0.36886063
TEST_03428,3.223593,-0.32693246,-0.25784516
TEST_03429,4.194289,-0.07734367,0.09278249
TEST_03430,1.9015429,1.0054598,0.048970573
TEST_03431,2.8159015,-0.90822935,0.55482423
TEST_03432,1.6994506,0.71887374,-0.074793056
TEST_03433,2.8850396,0.45496017,-0.59909004
TEST_03434,1.2673959,-0.40397203,0.029473456
TEST_03435,2.2630382,0.067230895,-0.19627193
TEST_03436,4.4346256,-0.18301071,-0.033795502
TEST_03437,1.2152556,0.3210419,0.32753804
TEST_03438,2.7151427,1.3283637,-0.326364
TEST_03439,5.8501654,0.86596227,1.2346959
TEST_03440,3.69745,-2.0028014,-0.8919691
TEST_03441,4.2099805,0.2445831,1.3464282
TEST_03442,4.410703,0.020831749,0.56540066
TEST_03443,0.9793595,0.42008704,0.35163856
TEST_03444,1.9450271,0.32447526,-0.29057485
TEST_03445,2.1641285,-0.48519653,-0.27449375
TEST_03446,4.808472,-0.60483795,0.94695204
TEST_03447,1.8739111,-0.97425115,-0.24785565
TEST_03448,5.296349,-2.5103006,-0.93591255
TEST_03449,2.186124,0.4869327,0.06791244
TEST_03450,1.018339,0.44522738,0.26520488
TEST_03451,4.2231736,0.51202095,0.2460103
TEST_03452,3.2080753,1.2671884,0.38255936
TEST_03453,2.1997259,0.5367002,0.08037658
TEST_03454,2.9231708,-0.21595368,-0.27956268
TEST_03455,3.6692038,0.79490626,-0.4507956
TEST_03456,2.0793853,1.232226,-0.9396951
TEST_03457,3.3385224,1.0692582,0.16430335
TEST_03458,5.4547057,-0.36591238,0.13981044
TEST_03459,1.6636792,0.2058362,-0.15170954
TEST_03460,2.926212,0.74047375,-0.07627141
TEST_03461,1.4500567,0.042141087,0.02639836
TEST_03462,1.9616072,-0.14042494,-0.43579993
TEST_03463,3.2776625,-0.24405245,0.09784159
TEST_03464,1.4040766,0.44802243,0.58729243
TEST_03465,5.9395924,-1.7929789,1.7311171
TEST_03466,2.7873075,-0.37667742,0.793288
TEST_03467,1.7997831,0.42424452,-0.3048205
TEST_03468,2.9604852,-1.1433856,0.8839669
TEST_03469,2.2285852,-0.25834462,0.5842772
TEST_03470,4.7306967,0.6171981,1.6554353
TEST_03471,2.0820007,0.48128125,0.02617126
TEST_03472,2.2458353,-0.17964643,-0.62380254
TEST_03473,2.7260165,-0.7161474,0.051883582
TEST_03474,2.704941,-0.08763438,0.06378733
TEST_03475,0.91500735,0.16898404,0.09328292
TEST_03476,3.4223003,-0.7720654,0.42795426
TEST_03477,1.9616086,-0.46599764,0.1321508
TEST_03478,2.939306,-0.5062971,-0.3551501
TEST_03479,4.857327,-0.6247243,-0.27304584
TEST_03480,1.6597869,-0.18328115,-0.18333696
TEST_03481,1.2082807,-0.94680005,0.06640269
TEST_03482,4.546518,-1.5897152,-0.32322848
TEST_03483,4.171594,-0.38971362,0.003899858
TEST_03484,1.7107775,0.310372,0.3098293
TEST_03485,1.1027913,-0.18668716,0.23885988
TEST_03486,3.6494021,-0.8446552,-0.6158011
TEST_03487,1.5959666,0.17405751,0.72973293
TEST_03488,5.157484,0.9112551,-0.18327007
TEST_03489,2.1225572,-0.10608772,0.19221021
TEST_03490,2.703001,0.12688622,0.11606942
TEST_03491,2.5332193,0.21259199,-0.42790177
TEST_03492,5.053231,-0.9934238,-0.56051266
TEST_03493,0.97970027,-0.3353532,0.058919553
TEST_03494,1.4559071,-0.48902178,0.22914946
TEST_03495,1.5031599,0.28688294,0.09692499
TEST_03496,3.1006844,-1.2302147,0.30394235
TEST_03497,3.7527757,-0.3615215,0.115956955
TEST_03498,1.0763911,-0.6614197,0.48625243
TEST_03499,4.014376,0.41890657,0.33933377
TEST_03500,2.5243146,-0.5630938,-0.790084
TEST_03501,3.5417178,-0.46299368,-0.6111627
TEST_03502,1.8712986,0.5779596,-0.4264039
TEST_03503,3.0775945,-0.43818012,-0.23619497
TEST_03504,2.700662,0.23705932,0.19592096
TEST_03505,6.058021,0.58352053,0.9648287
TEST_03506,2.3614013,0.17735276,0.6185803
TEST_03507,2.5290952,-0.114605986,-1.0466202
TEST_03508,1.7449926,-0.5784699,0.26045504
TEST_03509,4.48245,0.78283614,1.0781717
TEST_03510,5.183771,1.1343544,-0.8897568
TEST_03511,3.533637,-0.77494234,0.27434012
TEST_03512,2.3074276,0.33669612,-0.31201804
TEST_03513,3.2117872,0.18462881,-0.57377
TEST_03514,2.9721172,0.23576227,-0.7505211
TEST_03515,2.0992374,0.40422282,-0.7453127
TEST_03516,4.4645295,-1.0598667,1.1785549
TEST_03517,2.7748678,1.3874537,0.20463583
TEST_03518,2.5583375,-0.59364843,-0.41137
TEST_03519,3.0497022,0.022079846,-0.7103401
TEST_03520,2.3352342,-0.06825276,0.45865232
TEST_03521,3.3390641,-1.7463874,0.50392747
TEST_03522,2.8366523,1.0227647,0.6466479
TEST_03523,1.8561859,-0.9516528,0.214938
TEST_03524,2.8435905,-0.94211483,1.0917915
TEST_03525,1.05182,0.03838289,0.031387955
TEST_03526,3.4952846,-1.034911,0.54972786
TEST_03527,1.0790768,-0.19154386,0.31745487
TEST_03528,4.7808495,-0.83317083,-0.9155441
TEST_03529,2.8163743,0.45774084,-0.27346402
TEST_03530,2.8429859,0.11962396,0.40023902
TEST_03531,2.787453,0.27092123,0.71631825
TEST_03532,2.7508461,-1.1192504,0.91575706
TEST_03533,2.639974,0.014276295,0.15490815
TEST_03534,1.3506451,0.14159563,0.3436308
TEST_03535,1.6360947,0.109218426,0.12772217
TEST_03536,1.9147246,-0.26976264,0.2575634
TEST_03537,2.2765837,1.00009,1.2115358
TEST_03538,3.782636,1.5976624,-1.3622192
TEST_03539,1.756693,-0.7278159,0.17283472
TEST_03540,2.2910721,-0.052082963,0.19994248
TEST_03541,1.5195719,-0.673967,0.094545074
TEST_03542,1.5359707,0.24622127,0.22088434
TEST_03543,1.7862332,-0.0732642,-0.5884106
TEST_03544,4.0427203,-0.8942297,0.23816888
TEST_03545,1.2333369,0.2211273,-0.21447383
TEST_03546,3.0097044,-0.7000419,1.0908631
TEST_03547,2.682072,0.46380675,-0.6168838
TEST_03548,3.4722571,0.33236116,0.25388455
TEST_03549,2.9813738,-1.5330751,-1.0950825
TEST_03550,4.8409863,0.23524517,1.4133712
TEST_03551,1.8453393,0.11657045,0.34442043
TEST_03552,3.4301999,-0.49036297,-0.15449232
TEST_03553,2.3574593,-0.7120138,0.37208578
TEST_03554,2.3833327,0.31220627,-0.002784878
TEST_03555,1.174192,-0.4407139,-0.123845205
TEST_03556,4.5154514,-0.96081287,-0.03311761
TEST_03557,3.425377,0.29544595,1.0077015
TEST_03558,3.6096451,-0.09080735,0.69254726
TEST_03559,3.6442564,-0.07982739,0.16133372
TEST_03560,2.342835,1.499994,-0.66605365
TEST_03561,5.0015645,-1.8525789,-0.23783308
TEST_03562,4.5517306,-0.42780322,-0.1630342
TEST_03563,1.245272,-0.504023,-0.2749762
TEST_03564,2.6319396,-0.027417714,-0.36907467
TEST_03565,1.3177973,-0.109768115,-0.25643083
TEST_03566,1.323239,-0.05194381,0.24180986
TEST_03567,2.3012059,-0.043185145,0.28802297
TEST_03568,2.2119393,-0.4961695,0.16673705
TEST_03569,1.1998253,-0.04316034,0.117520705
TEST_03570,2.0322175,0.41814542,0.057396933
TEST_03571,2.2205007,-0.15068012,0.29438332
TEST_03572,2.6928217,-1.3748599,-0.567857
TEST_03573,2.5995712,0.61116666,0.43901068
TEST_03574,3.0469613,-0.8615066,-0.25513348
TEST_03575,2.3633854,0.6591173,0.43184042
TEST_03576,1.1782568,0.46411642,0.16145529
TEST_03577,3.2880528,-1.9478437,2.1387804
TEST_03578,3.993882,1.2132598,1.6014374
TEST_03579,2.1745753,1.0773665,-0.3431803
TEST_03580,2.9995441,0.032849804,-0.95122045
TEST_03581,1.1764276,-0.5895631,0.2765898
TEST_03582,1.2692887,0.2341451,-0.14880727
TEST_03583,1.8917866,-1.0637746,-0.4325182
TEST_03584,3.8469756,-0.60316145,-0.12791885
TEST_03585,4.1763678,1.5763766,1.3184702
TEST_03586,1.9205762,-0.40536782,0.1280884
TEST_03587,3.239436,-0.5489328,-0.4046724
TEST_03588,1.8138422,0.117722556,0.2096164
TEST_03589,2.9593136,1.7187513,-0.78586
TEST_03590,1.7092276,-0.38095558,0.0016390597
TEST_03591,3.096795,1.0240064,-0.5673731
TEST_03592,3.2070196,-0.8915924,1.7770704
TEST_03593,2.6262333,-0.8698877,-0.28118277
TEST_03594,1.4838471,-0.12909073,0.18025984
TEST_03595,1.4568982,-0.4530112,0.41366178
TEST_03596,3.5832884,0.95128256,0.75390583
TEST_03597,3.2047899,1.1321807,0.30373734
TEST_03598,1.8516577,-0.46379736,-0.6942454
TEST_03599,4.2812996,-1.6385416,0.7407182
TEST_03600,4.06087,-1.0835456,1.1145123
TEST_03601,2.3870924,-0.11909618,-0.70203924
TEST_03602,4.057803,1.7163197,-0.88939244
TEST_03603,3.51866,1.01069,0.8148772
TEST_03604,1.7963469,0.012975149,0.23381783
TEST_03605,2.4484632,-0.821265,0.48137292
TEST_03606,3.2154195,0.03406918,0.3184665
TEST_03607,0.80649537,-0.35019934,-0.18794811
TEST_03608,6.286987,1.0495852,-1.14814
TEST_03609,3.6483603,0.5169669,0.22105497
TEST_03610,3.0006084,0.569069,1.1793588
TEST_03611,3.4616392,-0.06555726,-0.028625086
TEST_03612,4.793619,0.50236255,-0.057318658
TEST_03613,2.4501004,-0.24667563,0.08221784
TEST_03614,1.6404523,1.2058215,0.8091043
TEST_03615,2.586423,0.8132831,0.49675986
TEST_03616,2.7414794,0.24259025,-0.18515548
TEST_03617,3.9166503,-1.6325059,0.4559699
TEST_03618,1.0674436,-0.27436745,-0.3909839
TEST_03619,2.7537353,-0.2963182,0.06541763
TEST_03620,1.6208078,-0.74901974,0.2741885
TEST_03621,1.7449939,-0.69219977,0.3595405
TEST_03622,1.6659502,0.2171534,0.3092532
TEST_03623,1.1936301,-0.42948124,-0.45927545
TEST_03624,1.8788913,-0.2554177,0.626074
TEST_03625,4.880546,0.14318174,0.23244275
TEST_03626,1.6470264,-0.3010285,-0.26016244
TEST_03627,4.5645647,0.32421866,-1.2667282
TEST_03628,2.8036065,0.6985785,0.36906266
TEST_03629,4.5042033,0.6381528,0.473026
TEST_03630,4.7131233,-1.8289694,-0.9925953
TEST_03631,2.3927321,0.02164496,-0.1972318
TEST_03632,1.7434411,-0.068422705,-0.6887203
TEST_03633,2.4460897,-1.0090158,0.68130845
TEST_03634,3.0499647,0.61059767,-0.91949093
TEST_03635,2.4374092,-1.0001658,-0.53779763
TEST_03636,1.1473253,0.6786118,-0.3964142
TEST_03637,2.091919,1.3501778,0.2885636
TEST_03638,3.4484403,-1.6102343,0.57924956
TEST_03639,4.875411,-0.20670748,-0.9017663
TEST_03640,4.8418455,-0.8094698,-0.86831844
TEST_03641,1.9479778,-0.49615368,0.10118039
TEST_03642,4.712916,0.04924681,1.6232923
TEST_03643,1.3291373,-0.17062795,0.28761324
TEST_03644,1.4873184,0.47375026,-0.24057004
TEST_03645,2.7248342,0.69588166,0.9128738
TEST_03646,4.8717074,-0.3788285,-0.60360783
TEST_03647,4.113939,-0.26701802,0.43118155
TEST_03648,3.0132177,0.72129995,0.12467974
TEST_03649,1.9134322,-0.3539377,0.24751349
TEST_03650,2.3688087,-0.13587588,-0.03725224
TEST_03651,3.66605,-0.30279815,-0.41087344
TEST_03652,2.4967442,-0.32259312,0.5184591
TEST_03653,0.78860193,0.19454978,0.17851198
TEST_03654,2.5070717,0.5286827,0.9256595
TEST_03655,1.4707683,-0.4234726,0.38523516
TEST_03656,2.812623,0.38666463,1.1237435
TEST_03657,3.0802372,-0.6989126,1.5448276
TEST_03658,4.672809,-1.0362152,-1.2027406
TEST_03659,1.8357406,-1.0925381,-0.50181663
TEST_03660,1.1911273,-0.07418345,0.23207062
TEST_03661,2.6435945,-0.31636736,-0.06061611
TEST_03662,2.1010156,0.32127288,-0.5800676
TEST_03663,4.2553186,0.36489248,0.4903998
TEST_03664,3.578274,0.03148993,0.9061525
TEST_03665,2.3846107,-0.15428226,0.68792456
TEST_03666,1.6207756,0.034830637,-0.025284285
TEST_03667,3.8647747,0.48904985,-0.3185104
TEST_03668,1.6095642,-0.16634147,-0.026316857
TEST_03669,4.0555687,0.22085695,0.20704417
TEST_03670,4.327306,0.5797408,1.4058568
TEST_03671,2.4844556,-0.12303144,-0.04534052
TEST_03672,2.0399647,0.6473274,0.95449346
TEST_03673,3.5698662,-1.6122854,-0.18212274
TEST_03674,2.5190623,0.3860414,0.039405636
TEST_03675,1.2632064,-0.25771707,0.43624035
TEST_03676,1.4105426,0.16633828,-0.11530908
TEST_03677,1.9299977,0.19358371,0.52374357
TEST_03678,3.1840937,-1.8943071,-0.74167365
TEST_03679,4.82249,-0.04940622,-0.14761281
TEST_03680,2.0965245,-0.4676505,0.43016106
TEST_03681,5.1531177,-1.6231209,-0.5537345
TEST_03682,3.6258812,-0.27866215,0.5542061
TEST_03683,1.9713867,1.7429096,0.6326182
TEST_03684,1.0073607,0.06727044,-0.1551781
TEST_03685,2.493865,0.15494761,-0.557087
TEST_03686,2.8284805,0.3279574,0.3516873
TEST_03687,3.893539,1.3508226,0.9551941
TEST_03688,4.544598,0.25635797,-0.64279187
TEST_03689,2.699017,0.3630453,0.49530366
TEST_03690,2.4553437,0.1600727,0.77497786
TEST_03691,1.8603735,-0.40946624,0.61649793
TEST_03692,2.6327696,0.003486163,0.098168604
TEST_03693,1.0722377,0.45720503,0.080729365
TEST_03694,2.1277268,-0.8049008,0.64642346
TEST_03695,3.3103817,-0.23969904,-0.7147412
TEST_03696,3.027629,1.0190283,0.057615325
TEST_03697,2.7968895,0.64622,0.08110754
TEST_03698,3.5792525,0.3878233,-0.6082679
TEST_03699,2.6549034,-0.816281,0.0944122
TEST_03700,2.4906325,-0.26797614,-0.14041215
TEST_03701,3.0960808,0.018319206,0.19040085
TEST_03702,1.7291969,-0.003716245,-0.18434048
TEST_03703,1.6816529,-0.01562657,-0.037950967
TEST_03704,4.0119724,-0.2135402,0.52423257
TEST_03705,2.1499898,0.4630378,0.63821596
TEST_03706,2.6855898,-0.14822687,-0.5389388
TEST_03707,2.9731686,0.13801871,0.12556663
TEST_03708,3.0837264,-0.14427191,-0.16955186
TEST_03709,0.95695955,-0.5781361,0.51576173
TEST_03710,4.505314,0.7707118,-0.7295246
TEST_03711,1.1124407,0.1931013,0.099205025
TEST_03712,2.8586419,1.591248,1.191433
TEST_03713,1.343562,-0.5423962,-0.0742784
TEST_03714,1.4055811,0.080944255,-0.049996395
TEST_03715,2.620822,-0.23191458,-0.46294388
TEST_03716,2.7100575,-0.9213777,-0.36352354
TEST_03717,3.1635091,-1.8420368,1.0453334
TEST_03718,1.3319678,0.25684574,0.01471974
TEST_03719,4.0985317,-0.26982802,-1.1159126
TEST_03720,1.8134671,0.09821061,0.217718
TEST_03721,3.4307165,0.6430567,-0.10388514
TEST_03722,2.5699072,-1.1731035,0.9963566
TEST_03723,2.5792153,1.7970499,-0.7371993
TEST_03724,2.3778324,1.0772429,-0.289942
TEST_03725,2.4175441,-0.1702909,0.017912788
TEST_03726,1.1093408,-0.09769715,0.10195733
TEST_03727,2.5910287,-0.89187646,0.6608754
TEST_03728,5.8325925,-1.7260978,-0.7548686
TEST_03729,2.9922473,0.68265873,0.006648372
TEST_03730,2.5404353,0.11978756,0.20809245
TEST_03731,3.8793228,-0.5314125,0.000101221725
TEST_03732,2.5723596,0.011831383,-0.08693892
TEST_03733,1.6518371,0.5724551,-0.025293795
TEST_03734,1.7400845,0.14983304,0.31250313
TEST_03735,1.7104793,-0.43856794,0.49059135
TEST_03736,3.002962,0.56792814,0.49394342
TEST_03737,2.4883668,-1.0904853,0.67381096
TEST_03738,5.1695967,1.2311599,-0.3054353
TEST_03739,1.3798438,0.6502398,0.09230194
TEST_03740,2.747815,0.12628438,-0.015826736
TEST_03741,2.121344,0.23596478,0.22978473
TEST_03742,1.9187682,-0.07786535,-0.32631168
TEST_03743,2.718897,0.3975665,0.4709172
TEST_03744,1.172736,-0.0082808435,-0.11146934
TEST_03745,3.1843643,0.12735677,0.14535183
TEST_03746,1.1601038,0.44036695,0.04366336
TEST_03747,4.3036747,-0.86418223,0.4697188
TEST_03748,2.8860908,-0.5712442,0.36101782
TEST_03749,4.1450357,0.05883966,-0.33894914
TEST_03750,5.635084,0.72940063,1.3203007
TEST_03751,3.186404,-0.6422613,-0.5730451
TEST_03752,1.5478895,0.68321055,0.48256907
TEST_03753,2.710542,-0.48530942,0.6317636
TEST_03754,2.8128717,0.2657985,0.31639776
TEST_03755,1.8514353,0.78518856,0.5760163
TEST_03756,3.7327826,1.110541,-0.09140164
TEST_03757,2.3322852,-0.005060252,-0.016273942
TEST_03758,2.6471896,1.0913522,0.9849108
TEST_03759,3.4447618,1.3183862,1.8429455
TEST_03760,4.3778367,1.3244293,1.2820214
TEST_03761,3.306848,-1.8706942,0.5988186
TEST_03762,3.7379973,0.5110539,0.28618556
TEST_03763,3.0167081,0.6419966,-1.0242168
TEST_03764,3.2704368,0.19511324,0.10393641
TEST_03765,2.5942008,0.4103365,0.58870345
TEST_03766,3.815433,0.23445357,1.1676244
TEST_03767,2.2962246,-0.15609366,1.0584384
TEST_03768,1.6154596,-0.15321018,0.0143649
TEST_03769,3.1400952,0.30952194,0.24215883
TEST_03770,3.1249492,0.058293656,0.05006459
TEST_03771,0.83113164,0.0068256,-0.2892397
TEST_03772,1.7251798,0.8655836,0.3767544
TEST_03773,3.1678076,0.6333919,-0.47795364
TEST_03774,3.4138427,-0.9711299,-0.61596763
TEST_03775,3.6875653,-0.125731,-0.50323355
TEST_03776,2.3545034,-0.019270208,1.3191539
TEST_03777,3.2781088,-0.5777245,0.9504618
TEST_03778,3.0978944,1.4283503,-1.0380663
TEST_03779,3.0500863,0.5091142,0.43967828
TEST_03780,2.0136158,1.1661624,-1.0259649
TEST_03781,3.321176,-0.39254025,-0.18810405
TEST_03782,1.1990291,-0.123902805,-0.22644903
TEST_03783,2.776548,0.40268528,0.12111352
TEST_03784,2.342368,0.073814236,-0.08278948
TEST_03785,3.717194,1.2066872,1.5568191
TEST_03786,2.3382587,0.022539625,-0.3797502
TEST_03787,4.3602757,0.61749643,0.23142387
TEST_03788,2.5413108,0.003232643,-0.11328497
TEST_03789,4.596078,0.55614346,-0.39362124
TEST_03790,1.6304106,-0.6741899,0.3734913
TEST_03791,1.5358177,0.35396385,-9.043142e-05
TEST_03792,1.4059308,0.43155685,0.12892534
TEST_03793,2.8988,-0.31328925,0.6297738
TEST_03794,1.7146679,-0.22381316,0.097085826
TEST_03795,1.5592397,-0.39205095,0.32347187
TEST_03796,2.564475,0.4248598,-0.24270777
TEST_03797,2.8091228,1.8146601,-0.2457267
TEST_03798,2.52948,-0.55671006,0.17867522
TEST_03799,3.3143587,1.6618199,0.34568584
TEST_03800,3.9349763,-0.1452031,0.10377762
TEST_03801,4.605802,1.7719826,0.46496794
TEST_03802,2.4237022,1.831692,1.5116806
TEST_03803,1.0062554,-0.69357747,-0.2342425
TEST_03804,1.9608182,0.69200695,0.51621026
TEST_03805,2.5019755,-0.50105894,-0.24872202
TEST_03806,2.4340928,-0.67330253,0.58858246
TEST_03807,2.7640414,0.25600353,-0.7180434
TEST_03808,5.5092983,0.20606208,-0.5163231
TEST_03809,3.7772593,0.07086082,0.0828293
TEST_03810,2.688536,0.085733466,0.45731252
TEST_03811,3.376712,-0.2642301,0.0139941685
TEST_03812,4.836854,1.482563,1.7205867
TEST_03813,1.5428555,0.33335984,-0.24975784
TEST_03814,1.4591072,-0.7384192,0.30921426
TEST_03815,2.1321328,-0.057425357,-0.23239471
TEST_03816,3.1505458,1.049595,-0.015233906
TEST_03817,1.4719814,-0.11450288,0.37947938
TEST_03818,5.427329,1.5408653,1.0778177
TEST_03819,2.6949222,-0.82355285,-0.23612893
TEST_03820,1.2446637,0.15447251,-0.044323277
TEST_03821,3.1651144,0.07501173,1.1204623
TEST_03822,2.1546793,-0.22055186,-0.17843431
TEST_03823,3.1379325,-0.996906,-0.2678048
TEST_03824,2.856876,-0.31885764,-0.31584868
TEST_03825,1.3493938,-0.35692137,-0.547799
TEST_03826,1.3659352,0.23052862,-0.07988596
TEST_03827,1.3132044,-0.10382988,-0.24213324
TEST_03828,2.545007,-0.5535966,0.37392926
TEST_03829,3.5992162,1.4259086,-0.1999104
TEST_03830,2.8449497,1.644784,-0.54410666
TEST_03831,2.2867377,0.20593962,-0.14354591
TEST_03832,3.1664658,0.2266761,0.24140687
TEST_03833,3.7862616,-2.5131795,1.0502985
TEST_03834,2.0215774,-0.11319417,0.51506853
TEST_03835,1.1010331,0.0061455024,0.013866122
TEST_03836,2.9373987,0.44031143,0.8424218
TEST_03837,2.7817636,0.32853055,0.4313843
TEST_03838,1.1595296,-0.19536608,-0.24621837
TEST_03839,1.7234441,0.39464992,-0.4590147
TEST_03840,2.419199,-0.7498488,0.81698614
TEST_03841,4.691639,0.06812415,0.3784823
TEST_03842,3.8179903,-1.088435,0.533617
TEST_03843,1.5091667,0.46576196,-0.61650234
TEST_03844,1.6986282,0.0505419,0.20173112
TEST_03845,1.9857297,-0.68651193,0.5682268
TEST_03846,4.5941586,-0.58723223,-0.6809806
TEST_03847,3.6590242,-1.1908178,-0.13248524
TEST_03848,2.5191114,-0.67580503,0.4009063
TEST_03849,3.4518461,-0.144383,-0.029189602
TEST_03850,1.7881261,0.45696422,0.16425508
TEST_03851,3.0839653,0.17148621,-0.26977044
TEST_03852,1.1929973,-0.45108712,0.13262023
TEST_03853,1.8882523,-0.074100606,0.11125731
TEST_03854,1.784077,1.5534968,-0.73901194
TEST_03855,1.713736,0.7272416,0.39856642
TEST_03856,1.5692207,0.93670803,-0.37160754
TEST_03857,2.321922,-0.33278677,0.7991875
TEST_03858,3.666873,-0.86875194,-1.0962027
TEST_03859,2.7917745,-0.82935834,0.5972811
TEST_03860,2.8250842,-0.03392841,-0.29907337
TEST_03861,2.6941822,0.09774275,-0.43435225
TEST_03862,1.9188441,-0.3137222,0.029206036
TEST_03863,3.6900973,-0.5238445,0.71520495
TEST_03864,2.578874,-0.19588044,0.7901975
TEST_03865,4.2327127,1.2763358,0.15446228
TEST_03866,3.3344202,0.17169945,0.90573174
TEST_03867,3.264525,0.59614956,0.43400165
TEST_03868,2.985718,-0.4885057,-0.1696818
TEST_03869,3.09216,-1.4134018,0.16381297
TEST_03870,2.0622716,-0.015056331,0.4601006
TEST_03871,2.8056285,0.76285136,0.06136211
TEST_03872,3.7485104,0.96501225,0.8793206
TEST_03873,2.5972245,-1.3327196,0.68078965
TEST_03874,2.0501118,-0.3148388,0.32690865
TEST_03875,2.020533,0.002505851,-0.21591386
TEST_03876,3.1575367,-1.0759705,-0.28635845
TEST_03877,1.5841144,-0.08955464,0.38018733
TEST_03878,3.7306533,0.040434353,-0.461622
TEST_03879,5.3957753,-1.643193,-0.5700824
TEST_03880,3.6346319,-1.8250153,0.6866319
TEST_03881,4.881955,-1.6744295,-0.78264946
TEST_03882,3.149384,1.1425478,0.8730077
TEST_03883,1.195238,0.4934207,0.22028053
TEST_03884,3.207317,0.9526205,-0.74415964
TEST_03885,2.5392509,0.95522565,-0.49110532
TEST_03886,2.2483704,0.65948445,0.2697159
TEST_03887,4.005667,-0.09602283,-0.7148706
TEST_03888,4.4239016,-0.87229633,0.88036543
TEST_03889,2.8990808,0.018267289,-0.082268246
TEST_03890,1.4781579,0.053236917,-0.14615019
TEST_03891,1.8055878,0.25748035,-0.046283953
TEST_03892,1.9746157,-0.18205887,0.40422237
TEST_03893,1.3284792,0.033997186,0.30063653
TEST_03894,2.7118595,0.20360237,1.3447124
TEST_03895,1.9664114,0.865685,-0.27355325
TEST_03896,1.9662579,0.124422275,-0.6074759
TEST_03897,1.8009597,-0.66056275,0.20660672
TEST_03898,1.0812062,-0.46883678,-0.20077302
TEST_03899,4.519755,-0.52585477,-0.16136576
TEST_03900,1.9505432,-0.28874016,-0.39351916
TEST_03901,1.7966623,-0.15660581,0.2790298
TEST_03902,1.8662797,-0.1606015,-0.38984796
TEST_03903,3.280699,-0.71740896,-0.8833119
TEST_03904,1.5773927,0.30154493,0.34149817
TEST_03905,4.155683,-1.0755394,1.1298846
TEST_03906,2.6023903,0.06434267,-0.7417332
TEST_03907,4.3147707,-0.15140642,0.34486866
TEST_03908,2.7095995,-0.17101625,0.26422578
TEST_03909,2.2534025,-0.12040325,-1.0995004
TEST_03910,4.5911207,1.5087963,0.48995274
TEST_03911,1.3056473,-0.31888938,0.14569761
TEST_03912,2.7023532,-1.1338758,1.3043578
TEST_03913,3.359885,-0.7425775,0.8457142
TEST_03914,3.3396192,0.18619858,-0.05677039
TEST_03915,1.8454317,-0.51909906,-0.5269788
TEST_03916,3.4760487,1.9036132,0.374996
TEST_03917,1.9347525,0.0029630475,0.31880578
TEST_03918,2.5642169,-1.2217784,1.0605931
TEST_03919,3.0642111,1.3003671,-0.5869936
TEST_03920,3.6771753,1.1654868,0.6537006
TEST_03921,2.3418639,-0.22135396,-0.72180057
TEST_03922,2.9313962,-0.86642176,0.910815
TEST_03923,2.4382606,-1.9508063,0.51589656
TEST_03924,2.0204813,-0.7461748,-0.18516463
TEST_03925,1.3916842,-0.12508261,-0.035566438
TEST_03926,4.2780805,-1.1104239,-0.6875672
TEST_03927,4.4583225,-0.57267565,0.6473619
TEST_03928,0.76642704,0.14901124,-0.11107542
TEST_03929,2.9006605,-0.29796544,-0.13844155
TEST_03930,2.0859005,-0.21674417,-0.1843464
TEST_03931,1.7614838,-0.30889308,0.11676315
TEST_03932,4.793858,0.35272136,0.38815066
TEST_03933,2.6911428,-0.51822853,0.29783097
TEST_03934,3.1433842,0.6727972,0.27699122
TEST_03935,2.1969333,-0.27194172,-0.5872359
TEST_03936,2.843612,0.5426804,1.0560058
TEST_03937,2.1881807,-0.33469266,0.8746002
TEST_03938,2.478217,-0.89592487,0.30669415
TEST_03939,1.4316795,0.49435085,0.03031588
TEST_03940,1.5324587,0.5456664,0.12547532
TEST_03941,3.1941612,-0.27114725,0.058560222
TEST_03942,1.7702198,0.21891282,0.20521262
TEST_03943,1.2064942,-0.53804445,-0.4270404
TEST_03944,2.4735837,0.16477181,-0.06882846
TEST_03945,2.4169984,-0.82191294,0.18307257
TEST_03946,1.4285547,-0.31582785,0.31001675
TEST_03947,3.2020032,-0.010399396,-0.5570549
TEST_03948,2.8599527,-0.6722309,-0.6582463
TEST_03949,2.86225,1.6002061,-0.05453039
TEST_03950,1.0544596,0.77914214,0.25242627
TEST_03951,2.731377,0.4644002,-0.15152761
TEST_03952,3.6434927,-0.21707368,1.6522539
TEST_03953,2.4025037,1.0461639,-0.59257895
TEST_03954,2.497834,-0.11582124,-0.4430429
TEST_03955,1.8063953,-0.62096936,0.22605217
TEST_03956,3.056895,-1.0452217,-0.7185728
TEST_03957,1.683949,0.37723458,-0.04007449
TEST_03958,2.7620492,1.2885126,0.94300467
TEST_03959,2.9740067,0.63247263,1.3060117
TEST_03960,1.9806678,-0.63669527,0.32593656
TEST_03961,2.6488366,0.12304721,-0.42109352
TEST_03962,0.8721009,0.38313973,-0.35592768
TEST_03963,2.5868635,1.3839737,-0.78939325
TEST_03964,3.002213,-0.03777145,0.46252096
TEST_03965,1.0031371,0.3482066,-0.32464364
TEST_03966,1.550753,0.36202174,0.3139373
TEST_03967,2.5268652,-0.05390951,-0.15793401
TEST_03968,2.1262462,-0.8446094,-0.1732657
TEST_03969,2.119554,-0.32458645,-0.28942478
TEST_03970,1.8935999,0.31529483,-0.6663927
TEST_03971,3.6975334,-0.7897823,0.33134785
TEST_03972,2.5848138,0.51150125,-0.796328
TEST_03973,2.5514753,-0.01239595,0.493562
TEST_03974,3.6735156,-1.1454114,-0.7735333
TEST_03975,3.5282202,-0.578614,-0.10276652
TEST_03976,1.716253,-0.94293135,-0.30170253
TEST_03977,1.5857296,0.3002906,0.024974443
TEST_03978,3.9667153,-0.28643999,0.10148467
TEST_03979,2.0976148,-0.7646343,-0.17104074
TEST_03980,3.1196733,-0.83694744,0.14191978
TEST_03981,1.5829479,0.35169992,0.5450257
TEST_03982,1.7334638,0.68589216,0.007800374
TEST_03983,3.168504,0.6419047,-0.3388966
TEST_03984,1.6835058,0.31631505,0.6363507
TEST_03985,3.1745842,1.1385876,-0.6946576
TEST_03986,2.1798885,0.3311441,-0.35052416
TEST_03987,4.48427,-0.06575237,0.5298629
TEST_03988,1.4591476,0.46185046,-0.35080713
TEST_03989,3.6694486,1.2312788,-0.6673
TEST_03990,4.8053684,-0.51028246,0.46232307
TEST_03991,1.5699676,0.1469259,0.02252396
TEST_03992,2.1148243,1.4108794,-0.8699581
TEST_03993,2.4232326,-0.1920832,-0.14592493
TEST_03994,2.8160837,0.31159183,0.932478
TEST_03995,2.116751,-0.33506748,-0.013064589
TEST_03996,3.0095496,-0.2086611,0.6697772
TEST_03997,2.191279,-0.36322597,0.07375013
TEST_03998,3.3891318,0.71070623,-0.4533592
TEST_03999,5.392734,1.3078696,0.84158736
TEST_04000,2.3862798,0.11992438,0.2654762
TEST_04001,4.6975236,-0.16636167,0.76064026
TEST_04002,3.580034,0.9526939,1.3779373
TEST_04003,3.1678953,1.8187898,-0.7978614
TEST_04004,3.274014,-0.09399289,0.25623754
TEST_04005,1.4639043,-0.31513697,0.05953061
TEST_04006,1.1766137,-0.34066975,0.3984573
TEST_04007,3.577067,1.2317567,-0.47960785
TEST_04008,2.0094063,0.8982489,0.51864827
TEST_04009,1.2446815,0.14233889,0.30745286
TEST_04010,3.086168,0.028545676,-0.8265841
TEST_04011,1.5012859,-0.046154868,0.15762301
TEST_04012,3.3742704,1.1811711,-0.64365405
TEST_04013,2.5135982,0.69808143,-0.26804334
TEST_04014,2.018313,-0.91863513,-0.12599275
TEST_04015,1.9078113,-0.3106889,-0.21641256
TEST_04016,1.165725,0.24517094,-0.36963224
TEST_04017,1.4763287,0.47565883,0.47951707
TEST_04018,4.9618907,-1.030725,1.6273922
TEST_04019,1.8472114,0.24306941,0.37695548
TEST_04020,1.9140027,0.10529627,-0.12428237
TEST_04021,2.4081454,-0.45207137,-0.76392674
TEST_04022,1.5978922,-0.28633147,0.23780906
TEST_04023,3.519893,-0.17005885,0.3111931
TEST_04024,1.504543,-0.23328264,-0.4128078
TEST_04025,2.6650453,1.3060652,0.45747268
TEST_04026,1.8342094,-0.06802061,-0.2623625
TEST_04027,2.6376357,0.25183806,-0.7540634
TEST_04028,2.8203847,0.11117105,0.38228062
TEST_04029,4.126078,1.3498766,-1.0546492
TEST_04030,3.108305,1.446988,-0.76185685
TEST_04031,2.8469574,-0.21456493,0.3590356
TEST_04032,2.6881852,-1.3255987,-0.5376194
TEST_04033,2.7667003,-1.5215333,0.79945225
TEST_04034,3.755401,-0.24461596,-0.13775395
TEST_04035,2.178358,-0.8818479,-0.88665944
TEST_04036,2.839879,-1.2853408,0.66542226
TEST_04037,1.287665,0.39246997,-0.15254438
TEST_04038,3.2461412,-0.045660704,-0.2547943
TEST_04039,4.8812757,-0.87349975,-0.067181475
TEST_04040,2.1680424,-0.21728733,0.3965471
TEST_04041,5.088735,1.232196,0.8108086
TEST_04042,2.9487624,1.095591,-0.56801236
TEST_04043,4.251825,-2.233968,-0.42224962
TEST_04044,3.2052279,-0.18936986,1.1082413
TEST_04045,2.2566295,-0.9357743,0.7871922
TEST_04046,2.6316726,0.69382995,-0.54348415
TEST_04047,1.4638876,0.64235383,-0.3119043
TEST_04048,3.3909988,-1.9362614,-0.12397736
TEST_04049,1.6584483,0.4407889,0.19246626
TEST_04050,3.2269766,-0.14313212,0.23131818
TEST_04051,1.4955947,-0.3368189,0.34259036
TEST_04052,4.53048,-0.97833854,1.3997571
TEST_04053,2.3280787,0.4592005,-0.17329003
TEST_04054,0.7746167,-0.5497571,0.4413217
TEST_04055,3.0356777,0.9523677,0.7420681
TEST_04056,2.931707,-0.10842716,0.23857516
TEST_04057,1.5815554,0.29747105,0.32183674
TEST_04058,4.6007714,0.45118788,0.8136611
TEST_04059,4.6989956,-0.91833705,-0.7995995
TEST_04060,2.103795,0.15660577,-0.54104286
TEST_04061,2.5803082,0.02405665,0.9561754
TEST_04062,1.3861674,0.1880515,0.2567016
TEST_04063,1.201093,-0.080955,-0.21682104
TEST_04064,2.6357446,-0.21096024,0.6439171
TEST_04065,5.5609255,-0.07263106,0.68593395
TEST_04066,2.783018,0.5104068,-0.77094805
TEST_04067,2.5556145,-0.02253398,-0.09102983
TEST_04068,1.7327892,0.47265324,-0.28054395
TEST_04069,2.0719013,-1.0451257,0.82042783
TEST_04070,2.26105,-0.79417235,-0.75898707
TEST_04071,3.2085216,0.48264772,0.38666618
TEST_04072,2.8685365,-1.7541255,-0.18897745
TEST_04073,3.3853188,-0.63340646,-0.098938875
TEST_04074,2.7827806,-0.34379283,0.114695296
TEST_04075,1.307777,-0.49202973,-0.19265145
TEST_04076,3.8984795,1.0439751,-0.059531096
TEST_04077,1.9059721,-0.81971294,0.11891468
TEST_04078,1.296279,-0.21525359,0.45765582
TEST_04079,4.9192166,-1.306556,-0.15875196
TEST_04080,3.0944648,-0.77934945,1.0549515
TEST_04081,3.1641245,1.0923599,-0.34742767
TEST_04082,3.4534109,1.1096367,0.35696894
TEST_04083,1.9803787,0.60290897,0.43605497
TEST_04084,3.0325139,1.0142933,0.9841432
TEST_04085,1.4482398,-0.21833086,0.21645875
TEST_04086,1.7546265,0.07674853,0.3663539
TEST_04087,4.556104,0.55606514,-0.39739737
TEST_04088,1.6137955,0.8145467,-0.36526296
TEST_04089,3.7015898,0.04216082,-0.312307
TEST_04090,2.5938141,0.30284598,-0.71738434
TEST_04091,2.2123184,0.24813364,0.09592046
TEST_04092,1.2851077,-0.17688863,0.45321158
TEST_04093,1.1174868,0.067480564,0.17492725
TEST_04094,2.1268473,0.77419865,0.44982728
TEST_04095,2.6141672,0.60257226,-0.35786563
TEST_04096,2.3670647,-0.6361791,0.31066138
TEST_04097,3.1289904,-0.7177427,0.05080201
TEST_04098,3.6146984,-1.0686805,-0.62174463
TEST_04099,3.2424111,0.062112927,-1.0464656
TEST_04100,2.0959775,-0.35477966,-0.3986458
TEST_04101,3.169587,0.04890835,-0.076771006
TEST_04102,1.8071893,0.032403886,-0.14289168
TEST_04103,3.1410089,0.81827044,-0.68217045
TEST_04104,2.1281414,0.039344214,0.5003916
TEST_04105,5.2620854,1.4257015,1.8779358
TEST_04106,2.2407186,-0.5357885,-1.0657686
TEST_04107,3.4477077,0.7029408,0.70139545
TEST_04108,3.256134,0.40330985,-0.92869484
TEST_04109,3.3326402,1.0848862,0.6926223
TEST_04110,5.26454,1.1106414,1.9892428
TEST_04111,2.6867661,0.6600274,0.36444575
TEST_04112,2.2810729,-0.3737373,0.73484176
TEST_04113,2.5094082,-0.55548996,0.1840522
TEST_04114,2.593772,-0.24979918,-0.598546
TEST_04115,2.2512949,0.9086851,0.85863084
TEST_04116,4.6405907,1.444029,0.08957945
TEST_04117,2.0084732,-0.7602447,0.09460865
TEST_04118,1.3754203,0.1383092,0.19596732
TEST_04119,4.4928613,-1.2151147,0.5927234
TEST_04120,3.896819,0.76544195,-1.328333
TEST_04121,4.84599,0.24379914,1.1339256
TEST_04122,2.2565353,0.7248715,0.91447175
TEST_04123,2.5403767,1.5272422,0.062716074
TEST_04124,1.7516304,-0.33014908,-0.17402853
TEST_04125,2.1761549,0.98516405,0.124453574
TEST_04126,3.650778,-0.67863417,-0.18334699
TEST_04127,1.235731,0.30244908,0.24951807
TEST_04128,2.9832208,2.4862473,-0.05984813
TEST_04129,4.1169195,0.3176324,0.7506984
TEST_04130,3.5001385,-0.14934544,1.0196413
TEST_04131,4.1589255,0.26604962,0.15075146
TEST_04132,2.400681,0.71285,0.7460183
TEST_04133,1.5038345,0.35769078,0.26355746
TEST_04134,3.4250147,0.5838675,-1.000042
TEST_04135,1.5289379,0.64974964,0.084870994
TEST_04136,2.5639896,0.1504786,-0.5417191
TEST_04137,3.1611547,-1.792262,0.39197624
TEST_04138,4.800611,1.3039625,0.12374594
TEST_04139,1.8657491,-0.33801016,-0.52387476
TEST_04140,2.5008502,-0.12362659,-0.025101492
TEST_04141,3.0845232,-0.5290614,-0.6932123
TEST_04142,1.9236476,0.0901884,-0.34713155
TEST_04143,2.5763452,-0.12659146,0.68046665
TEST_04144,3.3391879,-0.39409932,0.31959337
TEST_04145,4.6437516,1.5680771,0.6532504
TEST_04146,1.8490114,0.5827709,-0.7238902
TEST_04147,2.751657,0.1568997,1.0063561
TEST_04148,2.5388925,0.058364242,-0.10545695
TEST_04149,4.2207036,1.5868682,-0.42624918
TEST_04150,1.5537604,-0.51810765,0.425735
TEST_04151,3.126531,-0.7966529,-0.5867133
TEST_04152,1.8684374,-0.773039,0.7502856
TEST_04153,1.8856199,0.99073356,0.57939494
TEST_04154,2.7444625,0.020032804,0.026838895
TEST_04155,2.4759805,-0.111463815,-0.39870772
TEST_04156,2.7802348,-0.20434496,-0.14489338
TEST_04157,2.261668,-0.3452807,-0.61884314
TEST_04158,3.5335858,1.067347,0.2628818
TEST_04159,5.065086,-1.5195289,2.03786
TEST_04160,2.6859162,0.29918498,0.14890939
TEST_04161,4.860984,2.2635124,1.1960622
TEST_04162,4.1597176,0.7442889,-0.5650904
TEST_04163,1.1573349,-0.81527257,0.2485549
TEST_04164,2.2506156,-0.18200135,0.16235653
TEST_04165,2.5906572,1.0131379,-0.6591229
TEST_04166,4.686829,0.9454987,0.5329009
TEST_04167,0.89819974,0.2101399,-0.12524155
TEST_04168,3.8860488,1.6548699,-0.065118246
TEST_04169,2.0654721,-0.45184666,-0.26679865
TEST_04170,2.8784626,-0.038835112,0.035192046
TEST_04171,2.111245,-0.34673256,0.4762897
TEST_04172,4.3234024,0.4216624,-0.2339113
TEST_04173,1.2588229,-0.40973255,-0.012040577
TEST_04174,1.3061795,0.0868185,0.59418315
TEST_04175,3.9636924,0.95390284,0.33930874
TEST_04176,2.0735033,0.10877683,-0.28683674
TEST_04177,1.6076269,-0.36822215,-0.343806
TEST_04178,2.087082,-1.4096676,0.9012176
TEST_04179,2.6780434,0.7123786,-0.77697414
TEST_04180,2.7814448,0.4901441,0.7623759
TEST_04181,1.5501527,-0.36979994,0.08347135
TEST_04182,1.3152544,0.6383617,-0.17763351
TEST_04183,3.7355528,-0.16614331,-0.30051848
TEST_04184,4.0186877,-0.1456705,0.2893935
TEST_04185,3.229365,-0.5722529,-0.55904377
TEST_04186,2.6595821,-0.10901882,-0.09680059
TEST_04187,3.9902081,0.5081797,0.35334045
TEST_04188,2.1353545,0.9348526,0.40082574
TEST_04189,3.966884,-0.50814915,0.92585903
TEST_04190,1.829814,1.1594619,-0.5046702
TEST_04191,2.5559797,0.6693451,-0.22473538
TEST_04192,3.576404,1.4450119,1.1915776
TEST_04193,2.7154367,-0.098051004,0.39755347
TEST_04194,3.1112473,0.28195423,0.34404814
TEST_04195,1.4617505,-0.6030676,0.4683584
TEST_04196,2.0620916,-0.31779963,0.020071294
TEST_04197,1.7230041,0.7602991,0.29441527
TEST_04198,2.1745133,-0.27648693,-0.021404747
TEST_04199,3.822492,-1.6135336,-0.1815903
TEST_04200,3.1522846,0.093725435,0.34846738
TEST_04201,4.261292,-0.3092289,0.8974657
TEST_04202,1.2360272,-0.44398957,-0.57994056
TEST_04203,2.0295155,1.3114887,-0.6786136
TEST_04204,2.6397457,-0.47351617,-0.3911682
TEST_04205,1.9577177,-0.8289479,0.16647255
TEST_04206,3.4178805,0.8057648,-0.54515874
TEST_04207,3.7522423,0.6647665,0.32133734
TEST_04208,2.6659014,-2.0513778,-0.4429053
TEST_04209,3.7636452,-0.017626572,-0.07322354
TEST_04210,2.181959,-0.062970884,0.45558524
TEST_04211,2.3246803,0.09953787,0.0008426104
TEST_04212,2.3977218,0.64747524,0.42822757
TEST_04213,1.0865698,-0.09638165,0.29790825
TEST_04214,1.3983648,0.6043352,0.46188703
TEST_04215,1.1100228,0.42312902,-0.12773383
TEST_04216,3.2394762,0.9604071,-0.9588276
TEST_04217,1.6759256,0.4834158,0.3325248
TEST_04218,4.0353723,-0.18133873,1.2479552
TEST_04219,2.407133,0.8072472,0.9451026
TEST_04220,2.4545774,-0.70026714,0.6453212
TEST_04221,3.208117,0.34339067,0.3851869
TEST_04222,1.329024,0.34199163,0.31631526
TEST_04223,3.9677362,-0.31153756,1.1898661
TEST_04224,4.056865,0.08858166,-0.64878464
TEST_04225,2.5965889,1.6954393,0.5417838
TEST_04226,3.3418908,-0.035064206,0.76624304
TEST_04227,2.9490218,0.6500897,0.72559965
TEST_04228,1.9583722,-0.06905981,0.27185276
TEST_04229,2.568116,1.6816077,1.2348448
TEST_04230,3.2903154,1.118134,0.1022127
TEST_04231,2.4365737,-0.21568617,-0.08713879
TEST_04232,1.5201352,-0.2320652,0.55457485
TEST_04233,3.3863022,2.0943036,1.0105491
TEST_04234,3.162493,0.77113295,-0.88513905
TEST_04235,1.452517,0.47455996,0.03379162
TEST_04236,1.3698937,-0.66123337,0.21758117
TEST_04237,2.166268,0.735314,-0.2970318
TEST_04238,1.2026361,0.20471796,0.1500335
TEST_04239,3.2751684,-0.86921287,0.9782109
TEST_04240,4.6776333,-0.4539191,-0.12521552
TEST_04241,2.5189095,0.7615142,-0.36242753
TEST_04242,1.955149,-1.2018272,-0.44186425
TEST_04243,2.7856884,-0.7319025,-0.095447265
TEST_04244,2.501243,-1.119103,1.0228964
TEST_04245,2.6200275,0.9798707,-0.597458
TEST_04246,3.518208,0.5001771,-0.34344888
TEST_04247,2.2999594,0.43594292,-0.5626159
TEST_04248,4.8076286,1.9829066,0.21500881
TEST_04249,2.0966296,0.050598048,0.31594545
TEST_04250,2.5824525,-0.028891645,0.15564121
TEST_04251,4.16451,0.4038494,-0.17900993
TEST_04252,3.1184468,1.5954742,0.29427502
TEST_04253,0.73400146,-0.04926908,0.10444738
TEST_04254,2.71592,-0.48801243,1.2028745
TEST_04255,1.0470794,-0.28661332,0.22532871
TEST_04256,2.7061217,-0.5618063,0.86957246
TEST_04257,2.258738,1.3436595,-0.5958839
TEST_04258,1.8263016,-1.2662398,-0.4257903
TEST_04259,4.1000023,-0.68262887,-1.1012574
TEST_04260,1.608716,0.18185611,-0.41742307
TEST_04261,1.1355116,-0.5017811,0.121504605
TEST_04262,1.6995456,0.023010429,0.07564704
TEST_04263,4.0280733,-0.6503883,1.191757
TEST_04264,3.3601751,0.2827482,0.027398989
TEST_04265,1.756686,0.5201065,1.0355525
TEST_04266,1.1054237,0.2553467,0.46111906
TEST_04267,3.568937,-0.07107328,0.013678478
TEST_04268,2.6584265,-1.0987408,0.6255015
TEST_04269,3.2259598,0.8179639,0.19547443
TEST_04270,3.4243932,0.7677694,-0.3841422
TEST_04271,2.4341085,0.49368107,-0.08947678
TEST_04272,2.9480608,-1.3541011,0.26780376
TEST_04273,2.3306901,-0.923414,0.5043667
TEST_04274,1.4346299,-0.47440818,0.108618736
TEST_04275,1.4393408,0.058081884,-0.04058017
TEST_04276,2.828569,-1.9953434,0.699888
TEST_04277,3.323329,2.1841393,-0.23397571
TEST_04278,3.1783302,-1.6521014,1.0045089
TEST_04279,3.182525,-1.9261806,-0.688496
TEST_04280,4.3797836,2.4783506,-0.16997607
TEST_04281,2.6236663,-0.4876671,-0.58748716
TEST_04282,3.1303675,-0.7915103,0.8739835
TEST_04283,1.6702216,-1.5152034,-0.4501788
TEST_04284,1.0733771,-0.39281565,0.42541414
TEST_04285,2.2911408,0.20836358,0.069818884
TEST_04286,2.5337925,0.26302472,-0.2829863
TEST_04287,2.4011412,1.4530623,-0.86509174
TEST_04288,3.3029678,0.26854393,-0.97588897
TEST_04289,2.701754,0.49101382,0.18683387
TEST_04290,3.274943,-0.44950444,-0.69855714
TEST_04291,2.5058446,-0.14707012,-0.40452823
TEST_04292,3.5524118,1.2421465,0.27584982
TEST_04293,1.4208994,0.018635733,-0.011436252
TEST_04294,1.109231,0.7719282,0.46483344
TEST_04295,1.3739548,-0.46577376,0.13722157
TEST_04296,1.5338013,0.38050732,0.5022512
TEST_04297,2.9141443,-1.8672119,0.26424968
TEST_04298,5.391676,-1.0094517,0.8816949
TEST_04299,2.1941414,-0.07749999,0.7276777
TEST_04300,1.6886214,-0.2976913,0.45927203
TEST_04301,2.0781991,0.286975,-0.28909725
TEST_04302,1.7940311,0.15296291,-0.52152056
TEST_04303,4.4174743,-0.53977466,0.8372589
TEST_04304,3.718796,-0.03806315,-0.5445295
TEST_04305,2.2116113,-1.4647934,-0.7109378
TEST_04306,0.8667173,0.48813727,-0.10980568
TEST_04307,3.8678133,-0.3271613,0.10455943
TEST_04308,2.7427566,-0.06758965,-0.45744443
TEST_04309,1.8989389,0.4675095,0.13823275
TEST_04310,1.9076573,-1.3864738,0.64178145
TEST_04311,1.9363993,0.20572172,0.09656643
TEST_04312,2.6310198,0.805848,0.57223177
TEST_04313,2.0456665,-0.10172269,0.06803288
TEST_04314,2.2518764,0.18762033,-0.16534403
TEST_04315,2.2717154,-0.08767694,0.009099377
TEST_04316,4.270919,-2.057286,0.7304301
TEST_04317,1.5028956,-0.29390922,0.148255
TEST_04318,1.5287865,0.6305679,0.18099932
TEST_04319,4.140438,-0.2739681,2.2171688
TEST_04320,4.45869,0.44501057,0.48790184
TEST_04321,3.2870736,0.9747874,-0.051170476
TEST_04322,2.8090932,1.6128136,0.24999961
TEST_04323,1.2524798,0.17193013,0.15897745
TEST_04324,1.6988661,0.21883237,0.17730974
TEST_04325,0.88409984,-0.29870814,-0.17286064
TEST_04326,1.2666941,-0.34329498,0.030116763
TEST_04327,5.144618,1.5821776,0.6254078
TEST_04328,4.6840234,1.3990266,-0.9560424
TEST_04329,3.3324277,-0.0723192,0.16466701
TEST_04330,1.6720725,0.25614387,-0.24897546
TEST_04331,1.0771252,-0.2736516,0.10911495
TEST_04332,4.219711,1.3707408,0.74207276
TEST_04333,2.156167,0.39953282,-0.0629482
TEST_04334,1.4177463,-0.41641968,0.32192674
TEST_04335,1.2024438,0.45300448,0.20827784
TEST_04336,1.5231198,0.4098269,-0.21507597
TEST_04337,1.3248072,0.2541204,-0.32804716
TEST_04338,4.374782,0.0023322236,-0.847453
TEST_04339,1.26846,0.58812195,0.25237325
TEST_04340,1.3089175,0.5621064,0.003034375
TEST_04341,3.0079772,-0.47444552,0.4091598
TEST_04342,1.8671899,0.63670635,0.18757427
TEST_04343,1.2482954,-0.22066532,0.2894312
TEST_04344,1.8946756,0.12990247,-0.3928708
TEST_04345,4.928181,-0.4476414,0.87188166
TEST_04346,3.179453,0.047062837,0.010794938
TEST_04347,1.9247131,0.7078577,-0.3865542
TEST_04348,1.6962197,0.44221973,0.39913052
TEST_04349,0.9158754,-0.15191951,-0.16957751
TEST_04350,1.9959182,0.56917626,0.08129188
TEST_04351,2.4099307,-0.74491584,0.5068943
TEST_04352,3.8081403,0.9467986,1.6338917
TEST_04353,3.8599408,0.67347294,1.9585832
TEST_04354,1.9157542,0.5178591,0.114579454
TEST_04355,1.5624275,0.40364596,0.22950013
TEST_04356,1.9126235,0.80464256,-0.48667318
TEST_04357,1.9607838,0.62704086,0.13218156
TEST_04358,1.1805121,0.56652814,0.2756598
TEST_04359,4.6587377,-0.019916754,0.53574777
TEST_04360,3.7394385,-1.9239297,1.0654427
TEST_04361,3.6190908,2.2297077,1.2952982
TEST_04362,2.948442,1.0788418,0.71084285
TEST_04363,3.382974,-0.5328478,0.8252586
TEST_04364,1.781635,-0.021845158,-0.40809727
TEST_04365,2.0251248,-0.4962186,-0.2026246
TEST_04366,1.7644016,0.017627899,0.06902448
TEST_04367,2.7512805,0.13181756,0.6138277
TEST_04368,2.575595,0.5278424,0.9471241
TEST_04369,2.5374362,0.039403602,-0.21949369
TEST_04370,1.4215337,0.37205434,0.25835913
TEST_04371,3.0696418,0.18049583,-0.088879555
TEST_04372,4.07137,1.63375,-0.66484827
TEST_04373,1.2685045,-0.025126029,-0.09437628
TEST_04374,1.9268198,1.5295365,-0.40487063
TEST_04375,1.7336088,0.1969149,0.18710534
TEST_04376,2.6532264,0.6484526,1.5882562
TEST_04377,2.946926,0.53824735,0.59403306
TEST_04378,1.4795983,1.1851181,0.3712951
TEST_04379,3.7669423,0.8312244,0.056691222
TEST_04380,0.9850391,-0.3099166,0.10914799
TEST_04381,3.354005,0.08174154,-0.15544996
TEST_04382,1.8140097,0.20539156,-0.17097683
TEST_04383,2.6140325,-0.58771026,0.64998734
TEST_04384,2.167641,-0.015074102,0.38309935
TEST_04385,4.4659863,0.43510568,0.3121545
TEST_04386,2.6400046,0.67121905,-0.83408237
TEST_04387,2.0927432,0.308712,-0.5994426
TEST_04388,2.2425377,-0.6151706,-0.35472414
TEST_04389,3.061609,-1.7538353,1.3576906
TEST_04390,2.4300117,0.67548364,0.86911094
TEST_04391,1.8445871,0.42425558,0.037654042
TEST_04392,3.1449103,0.7348522,0.9805987
TEST_04393,2.703228,0.30815285,0.07304786
TEST_04394,3.6840699,-0.7532342,0.5898358
TEST_04395,2.379765,1.0868617,-0.90234464
TEST_04396,1.548102,0.6864591,0.50295717
TEST_04397,1.8462709,0.015856497,0.5060428
TEST_04398,2.6103039,-0.13603635,0.1864047
TEST_04399,5.294451,0.61234045,1.406892
TEST_04400,4.1209025,1.2179687,-0.085094005
TEST_04401,4.529962,-0.62464017,-0.28098658
TEST_04402,4.308007,-0.8169905,0.41031343
TEST_04403,3.0370622,0.065642916,0.42766446
TEST_04404,2.237727,0.3358749,-0.9994427
TEST_04405,1.8707731,-0.39120206,-0.41666752
TEST_04406,2.1194756,0.6826138,-0.24461794
TEST_04407,4.970909,0.04833743,0.24711382
TEST_04408,1.2853891,0.5472244,-0.5823821
TEST_04409,3.478494,-0.12549822,-0.14649676
TEST_04410,1.1384783,-0.12370193,0.056044407
TEST_04411,1.9493037,-0.41787696,-0.3252441
TEST_04412,3.7125537,0.9443111,-1.1854511
TEST_04413,2.767525,-0.24537003,-0.16246611
TEST_04414,1.4784882,0.2492556,0.07817727
TEST_04415,3.793341,0.13658883,-0.6431824
TEST_04416,2.1284132,-0.7209212,0.2543476
TEST_04417,4.105464,-1.7328829,1.9357523
TEST_04418,4.6365457,-1.3612244,0.67367685
TEST_04419,2.5920262,0.7085697,-1.0411433
TEST_04420,1.7006335,-0.31393483,0.15840502
TEST_04421,3.246963,-0.4025579,0.36209643
TEST_04422,1.1722965,-0.22893898,-0.10144953
TEST_04423,3.7165349,0.5155545,0.6644754
TEST_04424,2.53565,-0.33898667,-0.3571879
TEST_04425,2.0737112,-0.70829993,0.5885941
TEST_04426,2.2557802,0.06647303,0.40457368
TEST_04427,4.2283115,-0.18241617,0.98187876
TEST_04428,3.1903896,0.17247508,0.15592453
TEST_04429,4.9920635,1.3640931,-0.20057388
TEST_04430,5.313599,-1.7375139,-0.9370952
TEST_04431,1.9863204,-1.2210149,-0.53988993
TEST_04432,3.3370512,-0.6067739,1.5624423
TEST_04433,3.8142264,0.12787934,0.7734143
TEST_04434,2.9592223,-0.405496,1.0007918
TEST_04435,1.3944646,-0.11882187,-0.051611207
TEST_04436,1.9232957,-0.12701997,0.6878095
TEST_04437,1.6463362,-1.0796957,0.27850464
TEST_04438,1.9917463,0.14406635,0.4603911
TEST_04439,3.9854531,-1.5646896,1.4477689
TEST_04440,2.4571471,-0.9528921,0.5617231
TEST_04441,1.3893052,0.47086155,0.142227
TEST_04442,3.8533585,0.2811551,-0.8714422
TEST_04443,3.694171,-1.3088412,-0.32588643
TEST_04444,2.4018304,0.58107525,0.40089464
TEST_04445,2.3635926,-0.027166259,0.0785412
TEST_04446,1.6492311,0.4272245,-0.19315907
TEST_04447,4.2371974,1.4127005,1.0032177
TEST_04448,4.2949414,1.6210713,1.501361
TEST_04449,3.2788107,-0.34900412,-0.50049055
TEST_04450,1.2705181,-0.051865768,0.1922648
TEST_04451,3.0173213,0.535908,0.14407846
TEST_04452,4.7289553,-0.20665093,1.6096895
TEST_04453,2.3175545,0.08459449,0.38815406
TEST_04454,2.3090556,-1.5292175,1.4168687
TEST_04455,1.8603914,1.0436897,0.13721052
TEST_04456,3.3728755,-0.36854,1.0308291
TEST_04457,2.2856593,0.0796171,0.10593908
TEST_04458,2.7169106,0.22165166,-0.11682464
TEST_04459,4.6105213,-1.4421966,1.039077
TEST_04460,2.449115,-0.1876407,-0.69320256
TEST_04461,3.1830897,-0.47136483,0.7680276
TEST_04462,2.0264037,-0.22332454,0.14490703
TEST_04463,1.8577454,0.022371404,0.5845591
TEST_04464,4.2867327,0.29417092,0.69429845
TEST_04465,4.284055,-1.6567433,-0.3088245
TEST_04466,2.09303,-0.058041766,0.30158842
TEST_04467,3.6648998,-0.7894273,-0.58799434
TEST_04468,2.565732,-0.8255572,0.4918195
TEST_04469,2.6366637,0.08864769,0.8021083
TEST_04470,2.303437,-0.103593424,0.6266274
TEST_04471,1.2705868,-0.60395664,0.21160333
TEST_04472,1.2102988,0.4857599,0.022866528
TEST_04473,2.2262647,-1.0287722,0.8696781
TEST_04474,1.5198673,-0.20892712,0.10941419
TEST_04475,2.3501186,0.7244481,0.52599704
TEST_04476,2.8774261,0.43674675,0.8311908
TEST_04477,3.068363,-0.24065138,0.97396755
TEST_04478,2.9424791,-0.8801105,0.77095926
TEST_04479,4.216487,-0.1850126,-0.08804023
TEST_04480,4.3704495,0.51216745,1.4691849
TEST_04481,1.3947728,-0.20767054,-0.113425374
TEST_04482,2.4844477,1.4562715,1.6173894
TEST_04483,2.4257743,-0.98285425,-0.8676638
TEST_04484,2.1205196,-0.29621765,0.075389534
TEST_04485,0.9409702,-0.010355908,0.30094495
TEST_04486,3.799261,0.49372324,-0.6658475
TEST_04487,4.2349052,-0.68796647,0.21783179
TEST_04488,4.594391,0.4440583,0.24290925
TEST_04489,3.1708903,-0.08573118,-0.0810574
TEST_04490,2.5935664,0.26913744,0.58782196
TEST_04491,2.8639412,0.19371122,0.51279265
TEST_04492,4.6351986,-0.7939791,0.7577315
TEST_04493,2.5535262,0.029026356,0.01151255
TEST_04494,2.2076402,-0.18098366,0.016723448
TEST_04495,1.4595258,0.8344367,-0.1984217
TEST_04496,2.9660785,-0.044278555,1.3308073
TEST_04497,3.5418274,-1.8494103,1.8289969
TEST_04498,5.082755,0.63972515,1.6240286
TEST_04499,1.9922355,1.2286161,-0.42973232
TEST_04500,3.0419717,0.3585392,0.51376873
TEST_04501,1.1717616,0.071676806,-0.12479878
TEST_04502,1.9469758,-0.27854335,0.49691328
TEST_04503,2.2067103,0.11186123,0.5952957
TEST_04504,2.7141044,-0.13653587,-0.597938
TEST_04505,2.7642262,0.9519203,1.0468026
TEST_04506,1.5507628,0.51141703,0.31025782
TEST_04507,2.0727286,0.51633596,-0.14650549
TEST_04508,2.794192,0.34281465,0.63614124
TEST_04509,3.317509,0.48986918,-1.1709948
TEST_04510,2.6825564,-1.1539496,0.7208433
TEST_04511,1.1451263,-0.40893048,-0.11335056
TEST_04512,2.2070353,0.73925906,-0.311118
TEST_04513,2.0793245,0.05591274,0.30605125
TEST_04514,3.0679057,0.14452152,0.01189119
TEST_04515,0.9832492,0.49540147,0.07079232
TEST_04516,2.9054432,0.7128675,0.4511534
TEST_04517,1.4639051,0.4024877,0.40320086
TEST_04518,3.5124671,0.44115633,0.8815453
TEST_04519,5.4682584,-1.020795,-0.9385639
TEST_04520,1.933236,0.95036197,-0.17143348
TEST_04521,1.6593181,-0.6799047,-0.19336013
TEST_04522,2.602698,-1.4361392,1.3560277
TEST_04523,3.30376,1.9279096,0.14185181
TEST_04524,3.6497366,1.154983,-0.5280416
TEST_04525,1.8255817,-0.08973271,-0.035405554
TEST_04526,2.955157,0.2949364,-0.31229934
TEST_04527,2.8910222,-0.596999,1.3298404
TEST_04528,2.7538643,1.1217531,-0.48564243
TEST_04529,1.9724884,0.4430717,0.06222635
TEST_04530,2.5709941,0.47631836,-0.31087363
TEST_04531,1.1531062,-0.124731526,-0.31231174
TEST_04532,2.6640584,-0.59743696,-0.95982105
TEST_04533,0.92933273,-0.055499688,0.19319905
TEST_04534,1.6026076,0.2381484,0.21992527
TEST_04535,4.1433105,0.3645128,-0.12962818
TEST_04536,3.211137,-0.8738469,-0.6548007
TEST_04537,3.558596,-0.35992175,0.74198806
TEST_04538,2.9794776,-0.90613806,-0.33393347
TEST_04539,2.1392026,0.13215216,-0.7309184
TEST_04540,1.5824448,-0.6855978,-0.13606547
TEST_04541,2.3027449,-0.013988875,-0.33419305
TEST_04542,1.5474747,-0.38206825,0.43600556
TEST_04543,2.3017051,-0.4140046,-0.62725025
TEST_04544,3.7680423,0.5443195,-0.22610259
TEST_04545,4.4367943,1.5929174,1.6837062
TEST_04546,1.2462087,0.19610862,0.04035112
TEST_04547,3.937821,-0.50994843,0.67344296
TEST_04548,2.825395,0.5931283,0.20287625
TEST_04549,2.6353223,-1.2493348,0.2097421
TEST_04550,1.9505653,-0.4918996,0.614749
TEST_04551,1.3979036,0.19999939,0.029443216
TEST_04552,1.724691,-0.6610627,0.046689056
TEST_04553,3.666285,2.0833302,0.7076987
TEST_04554,3.6914053,0.313291,0.33418456
TEST_04555,0.7414178,0.37239242,-0.23031595
TEST_04556,2.7541935,1.1234046,-0.77794015
TEST_04557,2.8782973,0.9827625,-0.635889
TEST_04558,2.3053846,0.8147277,0.33019802
TEST_04559,5.6231885,1.5645251,-0.5310855
TEST_04560,2.8798728,2.3826277,-0.10169482
TEST_04561,1.5129904,0.29615298,-0.47638232
TEST_04562,3.709531,-0.50225544,0.6476686
TEST_04563,2.4007378,-1.6588955,1.2302909
TEST_04564,3.09848,0.2280817,1.4603066
TEST_04565,1.0982864,-0.20344101,0.33193323
TEST_04566,2.7590513,-0.08442005,0.8443104
TEST_04567,2.8973377,0.6240258,0.7062831
TEST_04568,4.713237,-1.6964767,0.9591767
TEST_04569,2.522161,0.703477,-0.13480471
TEST_04570,2.012359,0.5850411,-0.31422836
TEST_04571,2.8206952,-0.26734585,0.7915236
TEST_04572,2.4089403,0.18653202,-0.7602015
TEST_04573,1.5437838,0.18274005,0.022436574
TEST_04574,2.2585385,0.1130005,0.40639022
TEST_04575,1.4495742,0.50781107,0.2854406
TEST_04576,3.1133473,-0.17472853,1.0535662
TEST_04577,3.2813025,-0.064061984,0.65026706
TEST_04578,4.8682327,-0.6381405,-1.1610675
TEST_04579,1.7299658,0.33726656,0.5317318
TEST_04580,2.4256716,0.09077899,0.0037465245
TEST_04581,3.4815288,0.29904518,-0.69713646
TEST_04582,1.6188192,-0.55789995,-0.49968764
TEST_04583,2.0648937,0.6402416,-0.37118238
TEST_04584,3.0848532,-0.5360003,-0.5128302
TEST_04585,2.1408577,-1.7421539,-0.47538722
TEST_04586,1.9253322,0.14439231,0.20534346
TEST_04587,2.5267854,-0.318522,-0.3850146
TEST_04588,2.3524907,-0.829262,0.09515379
TEST_04589,2.8251634,1.1759934,0.52997893
TEST_04590,5.0981026,1.4955847,-0.021766813
TEST_04591,2.1544354,0.23576449,-0.095341705
TEST_04592,2.2766123,-1.263132,0.036135923
TEST_04593,3.53227,0.72615343,-0.30585968
TEST_04594,1.7879212,-0.05039131,0.2565538
TEST_04595,1.0636687,-0.3346451,0.4254657
TEST_04596,2.216909,0.6618436,-0.1219859
TEST_04597,3.492399,-0.89712536,0.7883992
TEST_04598,1.30104,0.34857863,-0.054825682
TEST_04599,5.4846134,-0.20895919,-0.2611112
TEST_04600,3.8881674,0.36363032,-1.0301815
TEST_04601,4.5390563,-2.1479836,-0.31939974
TEST_04602,1.8856149,1.1017506,0.17507854
TEST_04603,3.4807343,-0.87892425,-0.07368363
TEST_04604,1.4326539,-0.13470328,0.51038474
TEST_04605,2.6156065,-0.029591933,-0.6589519
TEST_04606,2.9407039,-0.68308693,-0.672142
TEST_04607,3.1863232,0.92451036,-0.6965182
TEST_04608,4.2211,-0.66779375,0.5364778
TEST_04609,3.406663,0.17196792,0.4686888
TEST_04610,2.931772,0.31847772,-0.29237852
TEST_04611,2.6281888,-0.007310146,-0.21553588
TEST_04612,4.6237726,0.14276752,1.2413057
TEST_04613,1.3756473,0.09513748,-0.04009457
TEST_04614,1.7955421,1.1376696,0.33233282
TEST_04615,4.0629234,-0.8433515,-0.6392962
TEST_04616,1.7309022,0.25423717,-0.24950895
TEST_04617,2.891093,0.06475132,0.9389689
TEST_04618,4.7311287,-0.76626796,0.49566603
TEST_04619,2.2479348,-0.42607176,0.10776146
TEST_04620,2.8313613,0.2002878,-0.008707437
TEST_04621,0.7714131,0.14484066,0.084172964
TEST_04622,1.723927,0.49090868,0.52406466
TEST_04623,3.3219576,-0.26520905,1.1018339
TEST_04624,3.2784724,-0.043972213,-0.14323589
TEST_04625,2.6981595,-0.6923847,1.5187817
TEST_04626,2.63457,-0.28240207,-0.390845
TEST_04627,3.9588697,-0.12937485,-0.13527681
TEST_04628,1.7536404,-0.22725476,-0.02156759
TEST_04629,2.0088565,-1.0888028,0.3671481
TEST_04630,1.1482021,0.09503301,0.29505327
TEST_04631,1.5277593,-0.7294103,0.44984937
TEST_04632,3.3319392,0.47548556,0.1635654
TEST_04633,1.6911178,0.52795786,-0.24206826
TEST_04634,1.7266,-0.3855491,0.19622998
TEST_04635,1.0539503,0.6068845,-0.3575898
TEST_04636,3.9153621,1.8707459,-0.78106457
TEST_04637,2.3732846,-0.46247482,0.05425057
TEST_04638,1.3158586,0.72538185,0.17726299
TEST_04639,3.4342303,-1.113246,-1.2234147
TEST_04640,4.780764,2.305225,1.0612205
TEST_04641,2.7897015,0.2764151,0.5592803
TEST_04642,2.745538,-1.3873767,0.16850448
TEST_04643,3.710531,-2.2654552,0.16236775
TEST_04644,3.402574,-0.7072804,-0.857887
TEST_04645,2.8139122,-0.66856956,0.19014052
TEST_04646,1.5348628,0.2687777,-0.23423795
TEST_04647,1.9213412,-0.23964973,-0.11303714
TEST_04648,2.8588839,0.52273864,-0.47375718
TEST_04649,4.052186,0.6200685,-0.5337862
TEST_04650,2.783498,0.6389718,0.25865987
TEST_04651,2.4972677,0.19308397,-0.5301875
TEST_04652,4.2933855,0.71156245,-0.33932808
TEST_04653,2.3441072,-0.0464638,0.20927985
TEST_04654,2.007104,1.6308134,-0.16393675
TEST_04655,3.2096832,-0.58650106,-0.7414356
TEST_04656,1.9712057,-0.04457845,-0.35317534
TEST_04657,3.2967067,0.5005652,-0.2674823
TEST_04658,3.8491285,0.5482745,-0.8371086
TEST_04659,1.5440097,-0.5174819,-0.15987335
TEST_04660,0.980878,-0.18253185,-0.10682451
TEST_04661,2.0537019,-0.038058195,0.55046237
TEST_04662,2.0800812,-0.67211974,0.024639064
TEST_04663,3.8324828,0.2005401,-0.10452977
TEST_04664,3.9965491,-0.5414758,0.71363264
TEST_04665,4.1031723,1.1964749,0.08775573
TEST_04666,1.7843957,-0.5663745,-0.7929156
TEST_04667,3.3836877,-0.19961199,-0.07376913
TEST_04668,2.79383,0.19998707,-0.14499192
TEST_04669,2.8753912,0.2367266,-0.56742
TEST_04670,5.0371737,-1.1742177,1.1801409
TEST_04671,1.3036938,0.32968786,0.16470638
TEST_04672,3.0888045,-1.3621452,1.5134114
TEST_04673,2.5624132,0.47596306,0.369141
TEST_04674,2.9339633,0.14271542,-0.04783417
TEST_04675,2.4134884,0.9825143,0.5841531
TEST_04676,2.2333245,0.18437839,-0.056809485
TEST_04677,2.2132545,0.52414244,0.034542307
TEST_04678,2.17508,-1.1392688,-0.52416176
TEST_04679,4.97373,-1.5947051,2.1547568
TEST_04680,2.2592778,1.8091967,-0.37982592
TEST_04681,5.055822,0.89700276,0.9452219
TEST_04682,4.911116,-0.041941214,-0.81442523
TEST_04683,2.6088784,0.7122183,0.21035817
TEST_04684,1.7989094,-0.3444509,0.70254415
TEST_04685,3.0589015,-0.045500852,0.06108418
TEST_04686,3.908504,0.36783528,-0.2207502
TEST_04687,1.3226131,0.26259217,-0.45815906
TEST_04688,2.4936118,1.3195696,-0.9728092
TEST_04689,2.3771877,0.32379207,0.0948068
TEST_04690,2.5619721,0.7514657,0.47319
TEST_04691,2.930429,-0.15239134,0.6519423
TEST_04692,4.035747,-1.1808016,0.51495534
TEST_04693,1.3146098,-0.45194677,0.42539296
TEST_04694,3.2009516,0.06275275,0.55095935
TEST_04695,2.7211444,0.18830855,0.2126883
TEST_04696,2.7035706,0.55315626,0.0039663017
TEST_04697,1.4731295,0.052305263,0.21418457
TEST_04698,4.368314,0.059751093,0.8280543
TEST_04699,4.623967,-1.5007612,1.4191086
TEST_04700,2.8629234,-0.5040772,0.48995656
TEST_04701,1.4985931,-0.3867906,-0.1100551
TEST_04702,1.3598827,0.3290735,0.36976868
TEST_04703,1.5137216,0.09425884,-0.19363856
TEST_04704,1.236043,-0.5539987,-0.2756316
TEST_04705,1.9838779,-1.5744787,0.99004006
TEST_04706,0.97472054,0.03215232,0.33231658
TEST_04707,1.7279758,-0.7119711,0.023802646
TEST_04708,2.526505,0.007983671,-0.19889683
TEST_04709,3.3344932,-0.06056805,1.4328991
TEST_04710,4.242149,-1.1403694,0.059234515
TEST_04711,1.7033446,-0.31188238,0.18281946
TEST_04712,1.838666,0.4031597,0.53022164
TEST_04713,2.3474774,0.45936522,0.023764614
TEST_04714,1.2284696,0.1171262,-0.10287832
TEST_04715,1.5232054,0.37146175,0.33994237
TEST_04716,3.7898357,-0.2937641,0.08077618
TEST_04717,1.7466322,0.018087398,0.16665748
TEST_04718,1.9955075,0.39121628,0.91244894
TEST_04719,4.1605506,-0.55829877,0.60094696
TEST_04720,4.047596,-1.2764106,-0.57623595
TEST_04721,3.4925802,2.287437,-0.49852285
TEST_04722,1.7133875,-0.77191824,-0.5723267
TEST_04723,1.4762304,1.0775234,0.42250106
TEST_04724,2.7570918,0.66169906,-0.35464394
TEST_04725,2.789151,0.24115054,0.5675542
TEST_04726,3.4896357,-0.01347205,0.16052818
TEST_04727,2.4751828,0.53894246,0.8718166
TEST_04728,2.5332143,-1.6293535,0.57073885
TEST_04729,2.8611841,0.41366446,0.095843926
TEST_04730,1.0620009,0.07779496,-0.22891276
TEST_04731,3.817025,0.090919554,0.35383984
TEST_04732,2.8543766,-0.7947775,0.7127195
TEST_04733,2.2399528,-0.3040079,0.62259305
TEST_04734,1.918132,1.5501709,-0.3191006
TEST_04735,3.9905791,1.3482264,-0.4676768
TEST_04736,2.870642,0.020956285,0.9293048
TEST_04737,3.000343,0.026559893,0.15792845
TEST_04738,2.3698514,0.10009341,0.40831524
TEST_04739,1.2462835,-0.42188454,0.15631278
TEST_04740,1.4238919,0.26078415,-0.14878319
TEST_04741,1.0479481,0.13266864,-0.3506872
TEST_04742,1.9891838,-0.21014273,0.32004654
TEST_04743,2.153395,-0.7382593,-0.82395893
TEST_04744,2.8948703,-0.3422949,-0.038086526
TEST_04745,1.4943212,-0.08637966,0.47143605
TEST_04746,1.2325355,-0.024313837,-0.16196625
TEST_04747,2.3398716,-0.08450084,0.07580375
TEST_04748,2.7814028,1.020658,0.3148704
TEST_04749,3.37679,-0.44482905,-0.33067968
TEST_04750,4.161333,-0.097114116,0.7673648
TEST_04751,1.283756,-0.71104497,0.06871785
TEST_04752,2.1560988,-1.3321702,-0.80503374
TEST_04753,2.520968,0.8065484,1.0797936
TEST_04754,2.2538538,0.30459765,-0.016204827
TEST_04755,1.4653077,0.44228044,0.24435864
TEST_04756,3.473325,-1.2536167,1.4861183
TEST_04757,1.8293085,-0.23198944,0.32513076
TEST_04758,3.0121686,-0.38913196,1.1522608
TEST_04759,3.8547027,0.3711773,2.139709
TEST_04760,2.0510285,-0.82794,0.25197443
TEST_04761,2.523447,2.261391,-0.62158054
TEST_04762,1.7207232,0.47253188,-0.7210606
TEST_04763,3.134727,1.4864758,-1.240706
TEST_04764,2.542619,0.08691321,-0.51156557
TEST_04765,1.0018015,0.14955485,-0.20386446
TEST_04766,4.4456797,-1.0217733,0.52456975
TEST_04767,1.3167188,0.7060136,0.48240438
TEST_04768,3.241772,2.2391849,1.609576
TEST_04769,1.8845671,0.09476772,-0.078884885
TEST_04770,2.2569442,0.18776844,0.2982881
TEST_04771,1.0689881,-0.42032498,0.11523685
TEST_04772,1.1515199,0.53636676,-0.5793893
TEST_04773,2.304002,-0.82025415,0.13759811
TEST_04774,1.8959824,0.66403943,-0.1846029
TEST_04775,2.7604053,0.5090985,-0.10371275
TEST_04776,1.83295,-0.08047294,0.8268906
TEST_04777,1.9767982,-0.8854465,-0.015132299
TEST_04778,1.7822367,0.37455466,0.5889838
TEST_04779,2.2354777,-0.42608592,0.24062133
TEST_04780,1.486107,-0.68707514,0.477396
TEST_04781,3.3563938,-0.5428496,-0.10182719
TEST_04782,1.8525343,-0.2787081,-0.56725395
TEST_04783,3.0970683,-0.4119429,1.240199
TEST_04784,3.2644928,0.20052429,0.21552856
TEST_04785,2.8184347,1.7689487,-0.5882419
TEST_04786,2.8241804,-0.57597744,0.2825726
TEST_04787,1.6514703,0.31707364,0.37467638
TEST_04788,3.4449406,0.1877716,-0.09813996
TEST_04789,4.6958747,-0.409616,0.40294737
TEST_04790,3.5797236,1.1858068,-0.2556091
TEST_04791,2.1721802,0.055071652,0.6090036
TEST_04792,3.3251758,-1.3091712,0.5676536
TEST_04793,2.9635353,0.0014311643,0.9937738
TEST_04794,2.1414807,-0.22822158,0.03112884
TEST_04795,0.8330508,-0.00012275204,-0.03782586
TEST_04796,3.5494287,-0.8600445,0.51827306
TEST_04797,1.8764418,0.26638192,0.5108494
TEST_04798,2.1595273,-1.1849765,0.6431216
TEST_04799,5.0199766,0.05992385,1.6797595
TEST_04800,5.007602,-0.213918,0.6130374
TEST_04801,4.8530726,-2.4348662,-0.9592105
TEST_04802,1.3548847,0.8884992,-0.19379094
TEST_04803,2.383282,-0.98442423,-0.2532116
TEST_04804,2.1418095,0.23541231,-0.15652157
TEST_04805,1.1231881,-0.17941725,0.19076554
TEST_04806,2.447719,0.028390024,0.15563148
TEST_04807,4.0623145,-1.0042638,-0.6292377
TEST_04808,5.864811,-2.2716708,0.5986928
TEST_04809,1.7970209,0.45000833,-0.30720273
TEST_04810,2.060249,-0.429373,-0.5476295
TEST_04811,2.090078,0.104854956,-0.47385314
TEST_04812,3.0060167,1.3214642,0.45844805
TEST_04813,0.9971147,0.101598956,-0.22596629
TEST_04814,3.8954036,-0.1708054,1.1764544
TEST_04815,3.9122949,0.34141883,0.4161167
TEST_04816,1.3961071,-0.7321688,0.40690222
TEST_04817,1.6468043,-0.38443506,0.6052435
TEST_04818,4.764553,0.6759776,1.5725434
TEST_04819,0.80527747,-0.04872617,0.17773303
TEST_04820,1.3295605,0.6239607,-0.038668077
TEST_04821,1.1559558,-0.23076566,-0.07462941
TEST_04822,1.4906807,-0.014860126,-0.20496564
TEST_04823,3.7501714,0.0644289,0.21315403
TEST_04824,1.606828,0.45659995,0.54667383
TEST_04825,1.7819297,-1.1013731,0.22582078
TEST_04826,2.5654466,0.3360405,0.12089601
TEST_04827,1.7526404,-0.29451337,-0.58127457
TEST_04828,2.7593832,0.9197456,-0.82766545
TEST_04829,3.4604409,-0.6584131,-0.9057615
TEST_04830,4.5647197,-0.06716269,-0.76164854
TEST_04831,1.3787999,0.077409506,0.046793777
TEST_04832,3.2013109,0.5398624,-0.426272
TEST_04833,3.701115,0.60158664,0.6761878
TEST_04834,2.3800824,0.15751038,-0.0003578104
TEST_04835,2.4125624,0.16510247,0.3884871
TEST_04836,3.614559,-0.3750638,0.85007334
TEST_04837,1.7610288,-0.16847329,-0.13118795
TEST_04838,2.1117504,-0.95494384,0.08324189
TEST_04839,5.3487515,0.9584725,1.279599
TEST_04840,2.1082463,-0.706847,-0.19488752
TEST_04841,2.9357913,-1.3360254,-0.0799692
TEST_04842,1.8320453,0.17325886,0.11254811
TEST_04843,1.9470391,-0.32498378,-0.76987326
TEST_04844,2.5488505,0.3140369,0.2647049
TEST_04845,2.2610314,-0.3254723,-0.24209943
TEST_04846,2.2275684,0.34898573,-0.30317062
TEST_04847,4.080736,-0.73284566,0.4511167
TEST_04848,4.069795,-0.31987786,-0.66622436
TEST_04849,1.8767109,0.09881039,-0.040809657
TEST_04850,2.093743,0.23808542,-0.26837203
TEST_04851,1.7934839,0.08206754,-0.026418641
TEST_04852,1.6291119,-0.21998616,0.20080979
TEST_04853,1.0423462,0.19879389,0.035427026
TEST_04854,1.0231373,0.33367798,0.17652275
TEST_04855,1.1756048,0.62454367,-0.19709866
TEST_04856,3.390463,0.65833986,1.5400827
TEST_04857,4.270156,1.5128769,0.15441313
TEST_04858,2.1770446,0.13583499,-0.0011015022
TEST_04859,4.365824,0.9446727,1.048674
TEST_04860,2.8636281,-0.8842763,0.6731051
TEST_04861,1.69446,0.011164032,-0.35157093
TEST_04862,1.3113136,0.36766127,-0.044124857
TEST_04863,3.2077458,-0.6259286,0.7995453
TEST_04864,1.7795209,0.6427951,-0.0047362465
TEST_04865,3.0623097,0.72051984,0.35358745
TEST_04866,3.1844347,0.023941414,-0.07946123
TEST_04867,1.4770523,0.64117175,-0.05906884
TEST_04868,3.0029361,0.032612015,-0.07314023
TEST_04869,4.58957,0.24480481,-0.6921356
TEST_04870,2.499527,-0.459811,-0.21050927
TEST_04871,2.3023095,0.52464795,-0.45638493
TEST_04872,3.2079077,-0.19966675,-0.90776384
TEST_04873,2.8516302,-1.0043371,-0.20299232
TEST_04874,0.98981845,0.030596156,-0.14407754
TEST_04875,1.4392403,-0.33318514,-0.21605316
TEST_04876,3.749478,-1.3934388,1.0706886
TEST_04877,2.3543715,0.30376866,0.2563059
TEST_04878,3.1734939,-1.1836921,0.13204372
TEST_04879,5.5525107,0.94936895,-1.278842
TEST_04880,2.4951057,1.5661288,0.060505066
TEST_04881,1.6371127,-0.048559077,-0.05036523
TEST_04882,3.184763,0.9283802,1.3969617
TEST_04883,2.5087721,-0.2660623,-0.70561403
TEST_04884,3.3471534,-0.24675031,-0.56786495
TEST_04885,2.4653842,0.1404932,0.17979258
TEST_04886,2.5459142,0.2594117,0.010176312
TEST_04887,1.1959248,-0.18042205,0.44847146
TEST_04888,2.2419672,-1.7712334,-0.6479124
TEST_04889,2.9026573,0.46377304,0.19769277
TEST_04890,3.0936852,-0.1706278,0.1573348
TEST_04891,2.4446635,0.0019268394,-0.1391891
TEST_04892,1.5237551,-0.3871324,0.29230657
TEST_04893,1.7089977,0.028246861,0.0197974
TEST_04894,1.9349523,-0.579131,0.5890389
TEST_04895,4.0104647,0.67893684,-1.4987679
TEST_04896,1.1687526,-0.8198738,-0.60875654
TEST_04897,1.5464597,0.09298758,0.3359161
TEST_04898,2.9343095,0.4988639,1.3204265
TEST_04899,2.733329,-0.8297545,0.22055207
TEST_04900,2.4909885,-0.49752727,0.25117552
TEST_04901,3.0982776,-0.12627794,-1.100613
TEST_04902,1.6172203,0.3500172,-0.20385848
TEST_04903,2.0050836,-0.685888,0.7120707
TEST_04904,1.8006681,0.4475441,-0.43754932
TEST_04905,3.971109,0.65555537,0.6353337
TEST_04906,2.5386586,-0.16625345,0.27668178
TEST_04907,2.130325,-0.21582976,-0.7307948
TEST_04908,2.0907478,-0.45512363,0.018428411
TEST_04909,3.5578065,-0.77884877,-0.3064229
TEST_04910,2.2676163,-1.7257224,-0.034614295
TEST_04911,1.816829,-0.7395344,-0.048134945
TEST_04912,1.8624574,0.15964594,-0.38996312
TEST_04913,2.9758942,-0.26302016,-0.0009155683
TEST_04914,1.9873946,0.3754374,-0.26774797
TEST_04915,2.2558281,-0.42123666,0.25063008
TEST_04916,4.3132153,0.48643664,-0.11153121
TEST_04917,2.32858,-1.6116059,0.7923114
TEST_04918,2.4627001,-0.6945217,0.40017718
TEST_04919,3.674682,1.2578534,-0.22577988
TEST_04920,2.5540688,0.59058046,0.7641028
TEST_04921,2.1242223,0.076534435,0.49279034
TEST_04922,2.4828713,-1.014563,0.0071044173
TEST_04923,2.024393,1.5636902,0.68490493
TEST_04924,2.6338744,0.09753477,0.057633445
TEST_04925,2.5954263,-0.45485228,0.16354539
TEST_04926,2.2472239,-0.5138248,0.33725086
TEST_04927,2.1053889,0.1325544,-0.4799301
TEST_04928,3.0145721,0.32268414,1.2601162
TEST_04929,2.348515,0.62198085,0.05059797
TEST_04930,2.2203608,-0.33603764,0.41112286
TEST_04931,2.1800852,-0.0239976,0.11652176
TEST_04932,2.1625683,-0.9431809,0.3094652
TEST_04933,2.3978693,-0.21422233,0.34435907
TEST_04934,2.1884775,-0.27892405,0.7100326
TEST_04935,1.8172331,-0.037704997,-0.18155561
TEST_04936,2.4876792,0.95306873,-0.08247216
TEST_04937,3.2144842,-0.7629491,0.023435663
TEST_04938,3.495652,-0.01223118,-0.80987453
TEST_04939,4.463562,0.97337675,-0.9540837
TEST_04940,2.0318544,-0.8018913,0.8802053
TEST_04941,2.7723393,0.42329505,0.71182567
TEST_04942,2.4767725,-0.100703984,0.55805737
TEST_04943,2.687813,-0.26420727,0.10123142
TEST_04944,1.4124094,-0.68001586,-0.521943
TEST_04945,5.342595,-0.49809095,0.109849654
TEST_04946,2.4856222,0.36317936,-0.33320335
TEST_04947,3.9340196,0.22530597,-0.16917768
TEST_04948,2.797671,-0.51338214,0.23677471
TEST_04949,4.208075,-0.25308082,0.062250953
TEST_04950,2.7586243,1.0039513,-0.5657325
TEST_04951,1.2363621,0.2169171,-0.2354398
TEST_04952,2.6092217,1.5915313,0.111093074
TEST_04953,2.2717326,0.7623912,0.57087433
TEST_04954,1.8304428,-0.047590267,0.2646811
TEST_04955,1.2478466,0.02904696,-0.067171395
TEST_04956,4.380629,0.5357782,-0.17261623
TEST_04957,3.5163305,1.7300652,0.011017578
TEST_04958,1.9923975,-0.49284977,-0.28098905
TEST_04959,5.691923,1.5087601,-0.5774899
TEST_04960,2.5280867,2.0323226,-0.56623876
TEST_04961,4.7652826,-1.568808,0.9397349
TEST_04962,2.0094032,0.87278545,-0.39125216
TEST_04963,2.8166804,-1.6608225,-0.8355686
TEST_04964,2.065747,-0.36432752,0.51888466
TEST_04965,2.5701365,-0.53707623,0.4569209
TEST_04966,1.6834596,-0.22138292,0.3719738
TEST_04967,4.9599113,1.2023156,-0.5079278
TEST_04968,1.4123592,-0.6423949,-0.06761952
TEST_04969,2.5511386,0.08516438,-0.5655121
TEST_04970,1.7164968,0.5670371,0.5496495
TEST_04971,1.6892241,0.11565198,-0.3810619
TEST_04972,4.745163,0.8208393,-0.20595095
TEST_04973,3.0370047,0.489144,-0.5131551
TEST_04974,3.3767169,-0.7975652,0.8016975
TEST_04975,3.3310823,1.1619788,-1.0551231
TEST_04976,2.3495314,0.43445128,1.1540767
TEST_04977,1.950278,-0.064317584,0.84899575
TEST_04978,4.131992,-0.17099443,0.3504762
TEST_04979,2.0736058,-0.3811829,0.27295876
TEST_04980,2.652409,0.11548492,0.0029367479
TEST_04981,0.91334736,0.5746719,0.048839554
TEST_04982,1.9207066,-0.75244856,0.59681326
TEST_04983,1.3786764,-0.29607183,0.30826184
TEST_04984,1.2457237,0.5065736,0.4487128
TEST_04985,1.3370312,0.52326584,0.12350725
TEST_04986,2.0088096,0.48982167,0.5693562
TEST_04987,2.2811024,0.5844059,-0.40260482
TEST_04988,2.5909472,-0.17764544,0.6832833
TEST_04989,3.9183671,-0.0072181597,0.31453976
TEST_04990,4.5608997,-1.0282282,0.48768574
TEST_04991,2.900236,0.6439238,0.2623574
TEST_04992,2.42227,1.0924655,0.603581
TEST_04993,2.9773219,0.7860084,0.09972889
TEST_04994,1.2430674,0.2923588,0.21437505
TEST_04995,1.9889458,0.60191655,0.25967118
TEST_04996,4.116149,0.46743798,0.881525
TEST_04997,1.6910284,0.42045167,0.011063743
TEST_04998,1.3660204,-0.43504852,-0.4617904
TEST_04999,3.179783,0.28852546,-0.16354379
TEST_05000,2.0276241,-0.11044454,0.3526342
TEST_05001,2.756837,-1.7818778,0.8084833
TEST_05002,3.9964106,-0.16066846,0.57192725
TEST_05003,3.940264,1.7911736,-0.6348677
TEST_05004,2.8276253,-0.16456029,-0.29761627
TEST_05005,1.7992266,-0.82969636,-0.6581186
TEST_05006,1.5846454,0.31555852,-0.33332878
TEST_05007,4.000515,-0.90392095,0.7270021
TEST_05008,5.4068727,-1.1174994,0.13156298
TEST_05009,2.0205498,-0.6426908,0.29608935
TEST_05010,1.5573868,-0.55833566,0.4709231
TEST_05011,3.0805247,0.19454363,-0.49253458
TEST_05012,1.7090987,0.11612357,-0.5967527
TEST_05013,2.5285208,-0.0721301,0.17705496
TEST_05014,2.0529196,-0.1070815,-0.99413514
TEST_05015,1.9857885,-1.1471963,-0.42006904
TEST_05016,3.371557,0.71593976,-0.46274588
TEST_05017,2.4350054,-0.6128388,0.041601818
TEST_05018,4.2254086,-0.8877105,1.6702154
TEST_05019,2.2013478,-0.60608083,0.5970787
TEST_05020,0.9690917,0.134405,-0.45825386
TEST_05021,3.3306184,-0.07667979,0.13976243
TEST_05022,1.9892156,-0.26435348,0.3510749
TEST_05023,4.3700733,-0.66999763,0.23412481
TEST_05024,1.7019618,-0.34694913,0.11767471
TEST_05025,2.7485902,-1.4399272,-0.5070438
TEST_05026,1.659519,0.18643105,-0.27744702
TEST_05027,3.137414,0.54205906,-0.04325254
TEST_05028,1.5885632,0.15587798,-0.34485936
TEST_05029,2.2397983,-1.4685239,-0.35280845
TEST_05030,4.6237974,0.32231027,1.6666826
TEST_05031,2.7120235,0.265991,0.28054062
TEST_05032,3.1180937,1.0632267,-0.14100057
TEST_05033,4.2335887,-0.60434335,0.62728095
TEST_05034,3.4386299,-0.11606127,0.5289884
TEST_05035,1.0369688,0.3365567,0.25726974
TEST_05036,4.469022,-0.7773126,0.26305678
TEST_05037,3.7567935,-1.5770574,0.096103124
TEST_05038,3.0534394,0.028390013,0.22844957
TEST_05039,4.548179,-0.3182098,-0.16700041
TEST_05040,4.6847696,-1.6526222,1.3870794
TEST_05041,1.2928889,-0.23235796,-0.1175131
TEST_05042,3.026613,-0.38930365,0.76605976
TEST_05043,3.4652636,-0.15048549,0.19143835
TEST_05044,2.9056716,0.94923073,-0.59135187
TEST_05045,1.8029319,-0.4532705,-0.29857355
TEST_05046,1.3650978,-0.25465596,0.46142676
TEST_05047,1.1604105,-0.31514373,0.010665924
TEST_05048,5.298567,-2.0906022,-0.47832975
TEST_05049,3.512047,0.011326092,-0.52135605
TEST_05050,1.1968027,-0.45428327,0.08660176
TEST_05051,2.7491932,-0.3380898,-0.0042737424
TEST_05052,3.136633,0.52899057,0.5771407
TEST_05053,2.3639827,0.32304713,-0.360824
TEST_05054,3.249365,-1.1246557,-0.5878428
TEST_05055,1.516101,0.76696664,0.1922173
TEST_05056,1.7150099,0.87677795,0.9573983
TEST_05057,1.6389613,0.66146654,1.058726
TEST_05058,2.4296477,-1.2767268,0.57949775
TEST_05059,2.310501,0.4394351,-0.28429964
TEST_05060,2.9173357,0.34437892,0.6271573
TEST_05061,2.231707,-0.13264708,-0.21710129
TEST_05062,1.565008,0.15339117,0.11645933
TEST_05063,3.5652716,0.9689459,-0.8834328
TEST_05064,1.118905,-0.47695014,0.055192165
TEST_05065,5.063448,1.4156029,0.6189774
TEST_05066,2.9034202,0.08570203,-0.9960048
TEST_05067,2.4488857,0.07760149,0.48561472
TEST_05068,2.8206518,0.4280268,-0.38415772
TEST_05069,4.498672,-0.51752037,-0.8974974
TEST_05070,2.4470928,-0.4145467,0.541847
TEST_05071,2.3344564,0.43896976,0.24756038
TEST_05072,1.1465548,0.3854175,-0.2552973
TEST_05073,2.0435717,0.3892185,0.1465159
TEST_05074,2.9984078,0.16214596,0.14847489
TEST_05075,1.6166158,0.41444844,0.6609395
TEST_05076,3.1674259,-0.3395754,-0.1992682
TEST_05077,1.5617411,-0.5902225,0.117782064
TEST_05078,2.682559,0.6286185,-0.88684136
TEST_05079,1.9582092,-0.14961441,-0.96153945
TEST_05080,2.9091625,-2.1143925,0.81911945
TEST_05081,4.246841,0.58531487,0.35062745
TEST_05082,1.893245,-1.1362633,-0.25058794
TEST_05083,1.1290002,0.81689525,0.34502006
TEST_05084,1.9144132,-0.046652097,-0.1321198
TEST_05085,1.921143,-0.667778,0.26287222
TEST_05086,1.2964723,-0.45129383,-0.35233203
TEST_05087,3.5213904,-0.82354575,-0.872489
TEST_05088,4.612082,-1.0216068,-0.56751364
TEST_05089,3.5250616,0.23513873,0.030076608
TEST_05090,1.2273991,0.25505847,0.19029911
TEST_05091,3.3281376,0.2827545,0.6687344
TEST_05092,2.6502743,0.18393773,0.663889
TEST_05093,2.0638778,0.5669242,-0.13314292
TEST_05094,2.7746582,-0.6008829,0.777255
TEST_05095,3.9403894,-0.32938263,-0.26539192
TEST_05096,1.259177,-0.72829103,0.034281846
TEST_05097,3.8299088,0.022043085,1.6577411
TEST_05098,2.9900734,1.32029,-0.8203775
TEST_05099,2.485921,1.4442283,0.37045804
TEST_05100,1.5383266,-0.4642958,-0.1524124
TEST_05101,0.9450145,-0.04702562,-0.19953825
TEST_05102,1.96272,0.06083374,-0.026239017
TEST_05103,2.550303,0.18613046,0.30233103
TEST_05104,1.3994777,0.047743116,0.033399127
TEST_05105,3.7967837,-1.5247682,-0.024626726
TEST_05106,2.1742425,-0.3415553,-0.9500112
TEST_05107,4.137469,-0.31324115,0.9825578
TEST_05108,2.4690683,-0.7947043,0.3449807
TEST_05109,4.8657227,1.5687755,1.5556786
TEST_05110,4.20974,-0.31481138,-0.29416236
TEST_05111,1.808331,-0.8627824,0.14718272
TEST_05112,3.3770618,-0.38046196,-0.9091356
TEST_05113,3.647538,-0.2981631,1.1312691
TEST_05114,1.4734291,-0.3529072,0.50202894
TEST_05115,1.0748426,-0.048115794,-0.2568557
TEST_05116,3.417015,-1.8920063,1.5316452
TEST_05117,3.0665307,0.39502046,-0.8524172
TEST_05118,3.148058,-0.48136592,0.47476083
TEST_05119,3.6628392,0.7646799,1.2199117
TEST_05120,4.082566,-2.020792,1.3615491
TEST_05121,2.208266,0.6019513,-0.10046874
TEST_05122,3.0461285,-0.8713769,-0.60774046
TEST_05123,3.7989838,0.5815352,-0.23540115
TEST_05124,1.8119477,0.54333985,0.12652652
TEST_05125,0.91752845,0.1692952,-0.07843915
TEST_05126,5.2360077,-0.8532804,-0.4700132
TEST_05127,3.6022315,0.48227754,-0.8508337
TEST_05128,2.9766111,2.4887471,-0.9520973
TEST_05129,2.808109,-0.2710024,0.4184692
TEST_05130,2.1815894,-0.5119661,-0.26079035
TEST_05131,3.7810473,0.4661044,-0.01725682
TEST_05132,1.4866807,0.09758373,0.6337758
TEST_05133,1.5700432,0.0663625,0.06819605
TEST_05134,2.674605,0.060141683,1.3844187
TEST_05135,1.992005,-0.15828887,-0.35082668
TEST_05136,1.0406778,-0.6152335,-0.53070897
TEST_05137,2.1360507,0.13459729,0.7820016
TEST_05138,1.1913227,0.4353122,-0.037813157
TEST_05139,3.034772,-0.42352393,0.054687504
TEST_05140,1.0865697,0.09133559,-0.094673395
TEST_05141,3.4787257,-0.21537346,0.7767995
TEST_05142,1.6240113,-0.58291084,0.21511859
TEST_05143,2.8129296,-0.6328466,1.1523639
TEST_05144,1.6574503,0.46419466,0.32670414
TEST_05145,4.091894,-0.6645348,0.4412093
TEST_05146,2.5143237,0.3190542,-0.52114904
TEST_05147,2.8357365,0.034313798,0.2766454
TEST_05148,2.2112226,-0.19665965,-0.1046245
TEST_05149,3.316736,1.953044,0.5181423
TEST_05150,4.4523244,-0.48299164,0.74477804
TEST_05151,2.2657719,-0.19382754,-0.17316735
TEST_05152,1.6588202,-0.4801856,-0.31936342
TEST_05153,3.009743,-0.8273299,-0.35282558
TEST_05154,1.7863718,0.41526994,-0.16207172
TEST_05155,1.6362627,-0.7359658,-0.55160236
TEST_05156,4.041761,-0.49346247,-0.38645008
TEST_05157,1.8115124,0.46914017,0.010689983
TEST_05158,2.6594245,-1.2248826,-0.13414541
TEST_05159,6.113443,1.6763148,-1.2301543
TEST_05160,1.6605831,0.25806582,-0.3041667
TEST_05161,1.3495439,0.21372393,0.02783911
TEST_05162,1.7349528,1.1296446,1.019717
TEST_05163,1.8721613,-0.6024945,-0.37620294
TEST_05164,1.6259449,-0.01665193,0.4317536
TEST_05165,2.927564,0.6129455,-0.40638435
TEST_05166,1.988504,0.49856356,0.12069203
TEST_05167,4.8071876,-0.79340905,0.21948472
TEST_05168,2.6351657,-0.73565674,-0.37766165
TEST_05169,3.5328162,0.18899716,-0.18795055
TEST_05170,2.2555466,-0.39004168,-0.2458081
TEST_05171,3.5156584,0.10299952,0.06326433
TEST_05172,3.2064426,1.2039791,-0.67034996
TEST_05173,1.9847934,-0.387546,0.37248254
TEST_05174,1.6543713,0.4678634,-0.051069234
TEST_05175,1.9567981,-0.8308277,-0.22357793
TEST_05176,2.9542582,-0.58386433,1.1742271
TEST_05177,1.6663665,-0.51419765,0.7007597
TEST_05178,4.932284,0.180599,1.5032142
TEST_05179,1.9719009,0.06064544,-0.5288019
TEST_05180,2.2183373,-0.15794343,0.10873692
TEST_05181,0.96139294,-0.4556431,0.078208834
TEST_05182,1.8665638,0.6605936,-0.45777726
TEST_05183,2.9580715,0.40195775,0.43820217
TEST_05184,1.8576483,0.43487853,0.6210927
TEST_05185,5.3533726,-1.1998533,-0.7618713
TEST_05186,2.5549066,-0.12061179,0.77660376
TEST_05187,1.627236,0.513575,0.53579533
TEST_05188,2.653122,-0.71123606,0.46046782
TEST_05189,4.8061714,-1.4710681,0.77873296
TEST_05190,2.5678816,1.5887934,0.095710926
TEST_05191,2.6265407,-0.2512424,0.6121885
TEST_05192,3.56181,0.64676785,0.636927
TEST_05193,1.8889784,0.48824883,0.03989684
TEST_05194,2.4415078,0.1337407,-0.24917111
TEST_05195,1.7392572,0.114874035,-0.56048656
TEST_05196,3.5962968,-0.09090338,1.2583354
TEST_05197,3.1250463,1.0964813,-0.53623945
TEST_05198,3.3158817,0.9668942,-0.19445617
TEST_05199,5.3536777,0.9562661,-0.55934006
TEST_05200,2.5815,-1.0663226,0.23310547
TEST_05201,4.3532567,-0.911025,-0.4904844
TEST_05202,1.5581361,0.39419574,0.75878024
TEST_05203,3.5690331,-2.0654356,-0.34582862
TEST_05204,3.2939548,0.83580065,-0.49276674
TEST_05205,2.1927862,-0.5012687,0.14014727
TEST_05206,2.56471,-0.18013653,0.54545593
TEST_05207,2.8100126,-0.19743381,0.9904497
TEST_05208,1.660565,0.39410755,0.72158515
TEST_05209,1.7356917,-0.350682,-0.18279493
TEST_05210,3.1095173,0.477974,0.39851853
TEST_05211,3.1557567,-0.0025806893,-0.01458576
TEST_05212,2.3646188,1.2852627,0.3112799
TEST_05213,1.2637355,-0.4777371,-0.062302805
TEST_05214,2.9733853,0.122819744,0.22077818
TEST_05215,2.4825144,-0.5948998,0.20578623
TEST_05216,3.1325521,1.0005944,0.2680445
TEST_05217,3.2247484,-1.3083063,1.464449
TEST_05218,1.1751686,0.78990257,-0.40444604
TEST_05219,4.40988,1.0315264,1.1443894
TEST_05220,1.990148,-0.89677364,0.14187823
TEST_05221,2.284832,-0.14066884,-0.81103605
TEST_05222,1.2365646,-0.40757167,0.17673568
TEST_05223,3.5272434,-0.405483,0.027565729
TEST_05224,3.0991313,0.101402305,-0.5000898
TEST_05225,3.3589294,1.8513613,2.0018766
TEST_05226,1.4696614,-0.35769555,-0.37040454
TEST_05227,2.7924771,0.22399643,-0.96376216
TEST_05228,2.907725,-0.36349118,0.44774994
TEST_05229,4.8711815,1.3354849,0.6814448
TEST_05230,3.5820303,-1.0619975,0.9703368
TEST_05231,2.6216247,-0.07275962,-0.10644316
TEST_05232,2.7393708,-0.140928,0.2483926
TEST_05233,3.135472,0.22161916,0.52748907
TEST_05234,2.7686932,0.022221865,0.086425684
TEST_05235,1.389501,-0.30112934,-0.20055842
TEST_05236,2.7930517,1.1438135,0.014252908
TEST_05237,2.4312382,0.8441006,-1.0743214
TEST_05238,2.5650747,-0.5228611,-0.40604118
TEST_05239,4.243875,-1.4964262,-0.3927356
TEST_05240,3.4789183,1.1400878,1.3269994
TEST_05241,5.2755437,1.9723531,-0.2737357
TEST_05242,4.4473195,0.027649716,0.92748517
TEST_05243,2.6054363,1.4493767,0.8458803
TEST_05244,1.7845573,-0.2308414,-0.21760508
TEST_05245,1.8873849,0.51507485,-0.33484474
TEST_05246,1.6396309,-0.5745023,0.13392778
TEST_05247,2.2272205,-0.9206321,0.7864928
TEST_05248,5.6494145,-0.0015935116,-0.6631311
TEST_05249,3.5155697,0.07567221,0.17960048
TEST_05250,2.6384032,0.6148114,0.031862076
TEST_05251,3.9911416,-0.16408566,-0.26292768
TEST_05252,1.458627,-0.17528832,0.04668094
TEST_05253,2.7810292,-0.06710817,0.23590451
TEST_05254,1.1408253,0.8165743,0.42963913
TEST_05255,2.6001635,0.009515853,-0.108291864
TEST_05256,1.1352668,0.36012506,0.087842904
TEST_05257,3.1574109,-0.2540177,0.5485248
TEST_05258,1.7004228,-0.88331115,-0.768843
TEST_05259,1.8447325,0.79391223,-0.4712939
TEST_05260,1.655504,0.039567906,0.35625055
TEST_05261,2.7513316,0.0632429,-0.0085725915
TEST_05262,1.3336136,-0.3605315,0.28463924
TEST_05263,1.9624839,-0.7041749,0.28762904
TEST_05264,2.288123,-0.069152094,0.5117144
TEST_05265,4.0808754,-0.73661065,0.71036243
TEST_05266,3.2985265,0.40476286,0.25562292
TEST_05267,3.7906442,0.7620966,0.32851002
TEST_05268,3.0390291,-0.58756465,-0.14649901
TEST_05269,4.090179,-1.0048574,-1.1991931
TEST_05270,4.9208717,-1.3207983,1.7574033
TEST_05271,3.0335662,-0.06620702,-0.14689381
TEST_05272,2.7632203,-0.7647673,1.3869486
TEST_05273,2.4705746,-0.12263334,-0.14648372
TEST_05274,1.4133953,-0.032122314,0.51658773
TEST_05275,0.81398714,-0.2836849,0.13951494
TEST_05276,3.5077698,-0.7667618,0.24406654
TEST_05277,3.008604,0.42410326,0.8205694
TEST_05278,1.6312335,-0.44329882,-0.5663348
TEST_05279,2.4921613,-0.0054298136,0.7958981
TEST_05280,3.9364417,0.42523327,0.52364236
TEST_05281,2.967602,-0.2252288,-0.88468856
TEST_05282,3.9898372,0.49354523,1.3844858
TEST_05283,1.6855443,1.2726471,-0.429423
TEST_05284,2.0875182,-0.803857,-0.12234844
TEST_05285,2.5473864,-0.89894587,-1.0121903
TEST_05286,3.3818955,-0.17897508,-0.21607967
TEST_05287,2.2505937,0.0254989,0.803231
TEST_05288,3.8564456,0.8105506,0.49562004
TEST_05289,3.0036716,-0.2040399,0.31204298
TEST_05290,1.8217072,0.24595827,0.36607885
TEST_05291,2.5779498,-0.04346627,0.41738737
TEST_05292,1.2974077,0.15016887,0.17547414
TEST_05293,2.0789337,-0.060155056,-0.042312413
TEST_05294,1.2511382,-0.3270142,-0.092713885
TEST_05295,3.4569979,0.57171184,-0.623019
TEST_05296,2.4494257,-1.2078712,-0.72705096
TEST_05297,2.9620204,1.0101811,-0.6237867
TEST_05298,2.009917,0.38535902,0.048253216
TEST_05299,3.3522937,0.59844136,-0.5744521
TEST_05300,2.7804618,0.32897565,-0.84500945
TEST_05301,2.0389414,-0.60372853,-0.09882115
TEST_05302,1.7048326,-0.23184878,0.07369065
TEST_05303,3.1915665,-0.61106485,-0.8599136
TEST_05304,2.8286624,-0.5449542,0.26514754
TEST_05305,5.0354414,0.24745457,-0.7743426
TEST_05306,1.6598468,-0.06322226,0.12252204
TEST_05307,3.9961808,-0.7032647,-0.4629685
TEST_05308,2.013659,-0.5702849,0.3807444
TEST_05309,1.8181378,-0.82035697,-0.5210194
TEST_05310,3.3229284,0.027543468,-0.23585933
TEST_05311,2.5539184,0.9118188,0.6315354
TEST_05312,3.9161685,-0.7637516,-0.78436714
TEST_05313,2.5864668,-1.5719987,-0.54825205
TEST_05314,1.5830598,-0.37778026,-0.118631214
TEST_05315,1.8772099,-0.13742766,0.057184696
TEST_05316,2.3702426,-1.2112378,-0.7039541
TEST_05317,2.9510434,1.2390242,0.69784236
TEST_05318,2.4358065,0.33968475,0.3795967
TEST_05319,5.5068803,-0.07709709,1.5908616
TEST_05320,2.9483225,-1.0366756,-1.0710045
TEST_05321,2.0813408,-1.1122065,-0.63976264
TEST_05322,4.0059185,-0.09915061,0.13566448
TEST_05323,4.4348407,1.5377582,0.044371344
TEST_05324,2.4017897,0.98025894,0.006816388
TEST_05325,2.0394125,0.29203662,0.6397327
TEST_05326,2.782617,-0.5459031,0.54423136
TEST_05327,3.5225596,-0.4627888,0.6617204
TEST_05328,2.2769208,-0.60206866,-0.79990876
TEST_05329,2.57324,0.3380534,-0.20328832
TEST_05330,2.3076508,-0.47004753,0.14581037
TEST_05331,0.78704053,0.33786774,-0.05628092
TEST_05332,1.1533456,0.24892218,0.060440242
TEST_05333,2.0240111,-0.7365013,0.20577992
TEST_05334,0.9793871,0.36476007,0.02285771
TEST_05335,1.223702,-0.04585606,-0.14865853
TEST_05336,2.7591894,-0.39865878,-0.04396874
TEST_05337,2.897342,-0.9342772,0.76878214
TEST_05338,3.3928132,0.12594195,-0.24268018
TEST_05339,2.4015527,1.1530455,0.4467987
TEST_05340,1.7030154,0.06821162,-0.11111492
TEST_05341,2.7543232,-0.45121568,0.62411624
TEST_05342,1.6044954,-0.033143405,0.10460159
TEST_05343,1.7328357,-0.6761391,0.34629822
TEST_05344,1.1046015,-0.22302544,-0.08345672
TEST_05345,2.066488,-0.48358518,-0.35667238
TEST_05346,1.8699037,-0.5616515,0.5031831
TEST_05347,3.4725585,-0.24165633,0.117439136
TEST_05348,2.3208008,-0.43402573,0.35583168
TEST_05349,2.7842333,-0.5449789,-0.19231692
TEST_05350,4.382779,-0.7306726,0.556441
TEST_05351,2.4435062,-0.52570474,-0.70522165
TEST_05352,3.0567627,-0.7675945,-0.9629819
TEST_05353,3.4432428,1.7770225,0.8576007
TEST_05354,1.1508236,-0.24073216,0.2270444
TEST_05355,1.8083689,0.09519921,0.07699836
TEST_05356,2.8485792,0.22705662,-0.4322037
TEST_05357,2.1134603,-0.2624036,0.38606033
TEST_05358,3.9807603,-1.078067,0.8797438
TEST_05359,4.2543383,-1.3428191,1.7172439
TEST_05360,3.622546,2.2724094,-0.57644504
TEST_05361,3.9648755,-1.9100713,1.542843
TEST_05362,3.2564833,1.214085,1.1707681
TEST_05363,3.6049695,1.982801,1.0240419
TEST_05364,2.001667,-0.3038047,0.34456563
TEST_05365,2.038456,0.41582146,-0.41905355
TEST_05366,4.030356,0.058473006,0.19976188
TEST_05367,5.2124543,-0.29934108,-0.24896692
TEST_05368,4.101724,-0.76975274,0.6417532
TEST_05369,3.5065117,0.2753477,0.5030618
TEST_05370,2.8352544,-0.13072333,-0.17530558
TEST_05371,3.997039,-0.5502449,-0.102127105
TEST_05372,2.5418882,0.29606238,-0.09268093
TEST_05373,1.6391156,0.46487147,0.15546961
TEST_05374,3.28046,1.2283896,-1.2028329
TEST_05375,2.2623334,0.12172642,-0.17912175
TEST_05376,1.9025999,-0.44630614,-0.48852247
TEST_05377,3.827721,-1.8815421,0.5041438
TEST_05378,5.613456,-1.3580725,0.5177464
TEST_05379,2.8485267,-1.1996508,0.53558993
TEST_05380,2.2354624,0.5128677,0.45758516
TEST_05381,3.7180567,0.29420695,0.49391416
TEST_05382,2.1019506,0.3526821,-0.39846802
TEST_05383,3.8977706,-0.5841801,0.2328042
TEST_05384,3.826373,-0.66448325,0.20158306
TEST_05385,1.7273282,1.2876472,-0.95926946
TEST_05386,2.3736215,0.26999038,-0.40181738
TEST_05387,3.7490406,0.79413444,0.3358717
TEST_05388,1.9530054,-0.6796178,0.055034544
TEST_05389,4.1366253,-0.5639332,1.019294
TEST_05390,1.0935539,0.064358,-0.1229007
TEST_05391,2.06159,0.15485957,-0.30068418
TEST_05392,1.6343236,0.79793245,0.07180034
TEST_05393,2.2897482,-0.7379044,0.06443213
TEST_05394,2.6658664,-0.2797299,0.16500992
TEST_05395,2.2566357,0.2943356,0.80003226
TEST_05396,2.302841,-1.031142,-0.17163351
TEST_05397,1.392946,-0.18880129,-0.13086058
TEST_05398,1.1108357,0.011756394,-0.23481688
TEST_05399,2.7243848,1.2207164,-0.52905506
TEST_05400,2.458802,-0.45219737,0.59696597
TEST_05401,2.2235293,0.65167505,0.22866479
TEST_05402,2.0391662,0.44691932,-0.11813723
TEST_05403,1.2983849,0.68307424,0.21021397
TEST_05404,1.8757155,-0.37359038,0.22258377
TEST_05405,1.0287927,-0.027215563,0.12982261
TEST_05406,4.22665,0.6179135,1.1431032
TEST_05407,3.821178,0.6361089,0.4675434
TEST_05408,3.1636484,1.2246869,1.3326811
TEST_05409,2.987877,0.46213782,0.16873118
TEST_05410,2.643637,-0.26309404,-0.21120122
TEST_05411,3.213691,0.2682998,0.12091724
TEST_05412,1.9494549,1.1698678,-0.7381024
TEST_05413,2.4001894,-0.21779019,-0.04121398
TEST_05414,2.241535,0.73146224,-0.8955162
TEST_05415,3.0322556,-0.115706,0.04156403
TEST_05416,2.1295733,0.18440852,0.89545786
TEST_05417,2.7180314,-1.4435651,0.5615166
TEST_05418,1.946356,-1.5470853,-0.85343575
TEST_05419,1.5232816,-0.54379314,0.10114348
TEST_05420,1.6910119,0.041289866,0.038825985
TEST_05421,2.2894654,0.14869526,-0.8855396
TEST_05422,1.1653682,-0.09134814,0.1135976
TEST_05423,3.0773149,-0.530892,-0.6991488
TEST_05424,3.1452157,-0.076116696,0.10974179
TEST_05425,4.8903565,-0.38882628,1.1279175
TEST_05426,2.687049,0.3241367,0.101163164
TEST_05427,2.58194,0.107490726,0.7217613
TEST_05428,1.7813015,0.5368657,0.05616525
TEST_05429,3.4371245,-1.3067837,0.84859
TEST_05430,2.2395535,0.19783692,-0.5088294
TEST_05431,1.1643369,0.009776242,0.08523122
TEST_05432,2.380167,-0.7958935,1.2372555
TEST_05433,2.588967,0.22200234,0.5496687
TEST_05434,2.9976897,-0.30608752,0.08949232
TEST_05435,1.914852,-0.5911675,-0.113889284
TEST_05436,4.5915847,0.37839895,0.7843027
TEST_05437,3.444483,0.13724707,1.0186988
TEST_05438,3.9653318,-1.3713961,-0.14977998
TEST_05439,4.6679735,-1.2793087,2.4322693
TEST_05440,1.8126471,-0.6572127,-0.24743289
TEST_05441,2.6548862,0.95375353,0.613374
TEST_05442,3.0265,-0.714343,0.32875347
TEST_05443,2.886077,1.1476437,-1.3756732
TEST_05444,3.2975621,-0.7729108,0.7503449
TEST_05445,2.686013,0.5068244,-0.018155914
TEST_05446,1.8244554,0.61957276,0.37585318
TEST_05447,4.299846,1.2338756,1.2087945
TEST_05448,3.0244462,0.48581538,1.1692414
TEST_05449,3.207814,0.14387736,0.52936697
TEST_05450,3.2401037,0.20905234,-0.119586065
TEST_05451,1.8442404,-0.3977374,0.5561379
TEST_05452,4.57475,-0.7352398,0.9740143
TEST_05453,1.5314448,-0.22656512,0.19589448
TEST_05454,3.4417589,-1.1083643,1.1389393
TEST_05455,2.87188,0.46223724,0.48831666
TEST_05456,3.0351024,-0.18322611,0.5791183
TEST_05457,3.5583696,-1.51164,0.81708324
TEST_05458,3.164691,-0.7114085,0.49643263
TEST_05459,3.5482736,-0.90579325,-1.1111245
TEST_05460,3.203047,-0.50161046,-0.3813802
TEST_05461,1.2343614,-0.49900818,-0.4226424
TEST_05462,1.7205961,0.53392726,-0.57332
TEST_05463,2.018503,-0.21191262,0.7075734
TEST_05464,3.1186194,0.0065192655,-0.4943374
TEST_05465,2.2773764,-0.7430034,0.17844039
TEST_05466,2.756966,-0.0029743784,-0.11771007
TEST_05467,2.5506542,-0.6054963,0.96693265
TEST_05468,3.1589777,0.35489354,-0.028697621
TEST_05469,3.6078174,-0.2937482,0.12621059
TEST_05470,0.9155406,-0.29829127,0.1870644
TEST_05471,2.6679802,-0.614119,0.10976217
TEST_05472,1.9848212,-0.84422874,0.07362621
TEST_05473,2.7996836,-0.36736336,0.14595114
TEST_05474,2.8913736,0.5474843,-0.4875546
TEST_05475,1.3932594,0.2961842,0.3363943
TEST_05476,4.4288435,-1.1189581,0.66536593
TEST_05477,3.040889,-1.7235881,0.42699853
TEST_05478,3.4462633,-1.2785282,0.015524107
TEST_05479,6.114952,-0.13644958,0.36274248
TEST_05480,1.2479097,0.23734942,0.123415485
TEST_05481,4.2997108,0.1780938,0.41778758
TEST_05482,4.196198,1.2480563,0.59234685
TEST_05483,1.9886329,1.2972548,-0.60337174
TEST_05484,2.485636,0.068124115,0.35903645
TEST_05485,3.0536263,0.6054343,-0.038135827
TEST_05486,4.4303226,0.032185834,0.2680219
TEST_05487,4.9048815,1.3376529,0.31455353
TEST_05488,2.2366943,1.049449,0.8512496
TEST_05489,1.9695693,-0.11091077,0.22872373
TEST_05490,2.1776729,0.11070103,0.36759818
TEST_05491,3.4716456,0.030521048,-0.2548477
TEST_05492,3.7905397,0.913861,-0.061943434
TEST_05493,1.5079312,-0.64384484,-0.3964352
TEST_05494,2.1423945,1.5809515,-0.3294171
TEST_05495,2.9640129,0.059998717,0.20281035
TEST_05496,1.5746167,0.13454854,0.8655995
TEST_05497,1.7016164,-0.117487654,0.6623618
TEST_05498,2.9673855,0.35422158,0.2630349
TEST_05499,3.4969778,0.42664018,0.72775376
TEST_05500,1.3893422,-0.4432491,0.06007549
TEST_05501,2.9566565,0.47030896,0.29976022
TEST_05502,2.2834404,0.47960588,0.6577051
TEST_05503,3.389213,-0.8088144,0.4096453
TEST_05504,3.5562007,-0.54764134,0.1639413
TEST_05505,4.5305963,-0.41641095,0.5304973
TEST_05506,3.18435,-0.5082854,0.085084006
TEST_05507,1.5569416,0.15323916,0.36566538
TEST_05508,2.567603,0.38597837,-0.38637432
TEST_05509,3.4365718,-0.868305,-0.023223389
TEST_05510,3.978335,-0.10043284,0.8235902
TEST_05511,1.3887869,-0.5069459,0.34777355
TEST_05512,1.2328944,0.2579229,0.008152773
TEST_05513,2.654414,-0.60236347,0.6298882
TEST_05514,2.2977693,0.40929553,-0.083596095
TEST_05515,2.150559,0.13599662,0.039483517
TEST_05516,4.8404956,0.9889874,0.7302646
TEST_05517,2.3589091,0.89586127,-0.19462866
TEST_05518,2.5750592,0.1663179,0.70513856
TEST_05519,2.770169,1.5798161,0.12947834
TEST_05520,1.4995008,-0.6259148,-0.29682267
TEST_05521,3.0763397,2.163806,0.12842415
TEST_05522,1.2380769,0.041333586,-0.544546
TEST_05523,3.696509,-1.1073925,-0.73504996
TEST_05524,1.4431219,0.33661065,0.2734258
TEST_05525,3.066654,-0.22410826,0.49668804
TEST_05526,1.5470096,0.21616831,-0.39726004
TEST_05527,4.1965017,-0.15876827,0.68933123
TEST_05528,2.213941,0.5318295,-0.0907647
TEST_05529,3.2847297,-0.16968831,0.26622266
TEST_05530,1.639249,0.101773344,0.23930377
TEST_05531,3.105671,0.38716844,-0.85600245
TEST_05532,1.2525463,0.31817198,0.4546209
TEST_05533,2.2511737,-0.13592921,0.30506292
TEST_05534,2.0714633,-1.0623217,-0.010539533
TEST_05535,3.2809148,-1.0405194,0.6035824
TEST_05536,2.7281492,-1.5361419,-0.6514122
TEST_05537,1.5617788,-0.27856836,0.27257985
TEST_05538,4.834026,0.53708464,1.7356497
TEST_05539,2.7435973,1.3565911,-0.7695475
TEST_05540,1.965824,-0.10815597,-0.2768368
TEST_05541,3.6584022,0.31044832,0.98302746
TEST_05542,1.7765639,0.45175672,-0.0029369453
TEST_05543,3.069681,-0.004729225,0.3599818
TEST_05544,1.0553936,0.22155493,-0.046376087
TEST_05545,5.8271084,-1.617707,0.3603475
TEST_05546,1.5680026,0.7695065,0.036145218
TEST_05547,3.811429,0.035086207,-0.023628995
TEST_05548,2.7035837,-0.006202087,0.058031067
TEST_05549,2.5161593,1.044327,0.1942011
TEST_05550,1.9687737,0.7585972,0.46696293
TEST_05551,1.80636,0.14456546,-0.34341267
TEST_05552,2.2265823,-1.1432368,-0.49478194
TEST_05553,3.0697505,1.1822383,0.120221585
TEST_05554,3.534452,0.52794564,0.013912382
TEST_05555,1.6778355,-0.4427982,-0.21921748
TEST_05556,3.8834374,0.6884016,1.1984298
TEST_05557,2.4932737,1.37859,-0.19102077
TEST_05558,3.3004446,0.69308585,-0.5962611
TEST_05559,5.027116,-1.4335887,1.6504997
TEST_05560,2.1991413,-0.74542737,0.06859765
TEST_05561,4.3417945,1.7022936,1.1607862
TEST_05562,3.862259,-0.0904209,-0.04789348
TEST_05563,3.3217413,2.1147273,-1.3209931
TEST_05564,2.5020056,-0.6294388,0.02822526
TEST_05565,2.2320602,0.7852879,-0.72792417
TEST_05566,2.9872859,0.25473446,0.15519312
TEST_05567,4.4817805,0.627725,1.1971893
TEST_05568,5.3326936,-1.4992446,0.008749246
TEST_05569,2.219277,0.53311735,0.23559165
TEST_05570,2.4546826,-0.20447274,-0.74182904
TEST_05571,3.6219285,-0.26200405,-0.43691942
TEST_05572,4.358973,-0.9393541,0.7892017
TEST_05573,1.2450329,-0.22127336,0.13474156
TEST_05574,2.9680402,-0.052137,0.6430862
TEST_05575,2.09955,-0.7576675,0.30852622
TEST_05576,1.7617166,-0.6685218,-0.6188583
TEST_05577,2.5145135,0.7456694,1.0527766
TEST_05578,4.6753144,-0.83901244,-0.814201
TEST_05579,2.5004232,0.654181,0.20040333
TEST_05580,3.217976,-0.25248256,0.39151692
TEST_05581,3.0342758,-0.061641984,0.119925
TEST_05582,2.1970937,-0.73729795,0.77143836
TEST_05583,2.1681154,0.037682697,-0.30010265
TEST_05584,1.6209831,-0.18859905,-0.39089388
TEST_05585,3.504287,0.096285865,1.3386694
TEST_05586,1.5292287,0.51626295,-0.28155503
TEST_05587,1.8221374,0.63377935,-0.32275552
TEST_05588,2.5444837,-0.0014989886,-0.13279885
TEST_05589,2.9208877,-0.8338582,0.15608819
TEST_05590,3.5695598,0.6174587,0.40963715
TEST_05591,2.4155593,0.60210395,0.42272484
TEST_05592,1.7180035,1.1485748,-0.03610079
TEST_05593,2.6726732,0.44235894,0.07287338
TEST_05594,2.3354065,0.36064887,0.017592324
TEST_05595,1.7594447,0.6005811,-0.32432392
TEST_05596,1.7526549,-0.99153876,0.5241895
TEST_05597,2.0103006,-0.8654854,0.28638387
TEST_05598,1.6834812,-0.11557691,0.52329427
TEST_05599,4.6453075,-0.8318844,0.27780634
TEST_05600,4.596029,0.6717581,-0.6165769
TEST_05601,4.6340504,1.7659221,-0.6868164
TEST_05602,3.7483146,0.3630652,-0.4676597
TEST_05603,1.4487735,0.82783496,0.090905026
TEST_05604,2.3728745,-0.41555583,0.8822478
TEST_05605,2.1099524,0.63226014,0.06548722
TEST_05606,4.3707404,0.6996915,1.0473057
TEST_05607,1.8813673,-0.26234415,0.35612276
TEST_05608,1.1551366,0.50518376,0.2350056
TEST_05609,3.3575861,0.31794032,0.2235863
TEST_05610,1.436611,0.2093638,-0.40627697
TEST_05611,3.3693454,-0.5006552,0.1509891
TEST_05612,2.2395573,-1.2974238,0.8850762
TEST_05613,3.2365925,0.27377996,0.44382274
TEST_05614,1.129934,0.78751975,-0.56640714
TEST_05615,2.2034788,-0.6917474,0.42398858
TEST_05616,1.3828377,-0.4750834,0.45463175
TEST_05617,4.360328,2.0826173,-0.5744867
TEST_05618,3.7907073,0.57848966,-0.43337762
TEST_05619,1.190225,-0.6710363,0.11995043
TEST_05620,3.338281,-0.34007028,0.83186233
TEST_05621,2.1294286,-0.059882447,0.68664765
TEST_05622,1.963071,0.053054098,0.43995413
TEST_05623,1.5682964,0.59509355,0.12903267
TEST_05624,3.9624226,0.21157666,-0.11087515
TEST_05625,4.4723687,0.011917938,0.51958853
TEST_05626,2.3843305,-0.44301245,0.41170007
TEST_05627,1.5782161,0.43523467,0.14819434
TEST_05628,2.7366755,-0.5425341,0.2297955
TEST_05629,3.9081345,-1.1026195,-0.7005759
TEST_05630,2.8085885,0.28609908,0.07221162
TEST_05631,2.2432058,-0.7786196,0.4241318
TEST_05632,2.3677394,1.5993123,0.010041834
TEST_05633,3.6641097,1.0204045,1.485343
TEST_05634,1.4194893,-0.06452178,-0.026473092
TEST_05635,1.6669272,0.17673089,0.11620466
TEST_05636,3.4177322,1.4146358,0.94691384
TEST_05637,3.319928,-1.3247268,-0.75958264
TEST_05638,1.0727594,-0.26543176,0.3375105
TEST_05639,3.218137,1.6280793,0.50429636
TEST_05640,3.4413476,-0.47737354,0.92639256
TEST_05641,3.385947,1.139143,0.51381475
TEST_05642,1.314997,-0.16311985,-0.17383574
TEST_05643,4.175574,-1.2110411,0.61788684
TEST_05644,2.352567,0.8107727,0.39139575
TEST_05645,1.5458803,-0.012118679,0.0055615082
TEST_05646,4.2408705,1.4208179,-0.5426527
TEST_05647,2.681927,1.0026208,-0.038809426
TEST_05648,1.1548225,0.6583585,0.5192588
TEST_05649,1.9331936,0.7199909,-0.097965166
TEST_05650,2.2009041,0.0038721673,-0.36342517
TEST_05651,1.1276788,0.1496745,-0.1684871
TEST_05652,2.575831,-0.025979316,0.14761789
TEST_05653,2.9239914,-0.27022043,0.28668192
TEST_05654,2.505824,0.76801693,0.9920767
TEST_05655,1.742728,0.47692758,-0.4275002
TEST_05656,1.9681785,0.61360645,0.7889981
TEST_05657,3.0122428,-0.10240635,0.79983276
TEST_05658,4.647919,0.869604,0.9325761
TEST_05659,3.6969454,1.1224474,0.5929911
TEST_05660,2.160761,0.2032578,-0.37924284
TEST_05661,3.0286586,-0.3093225,1.5219073
TEST_05662,1.6324044,0.1919996,0.2893286
TEST_05663,3.487867,0.5781381,-0.37236938
TEST_05664,3.122263,-0.22884192,0.27321056
TEST_05665,5.556667,-1.8914672,-0.6507398
TEST_05666,2.9523263,-0.54357064,0.67137253
TEST_05667,3.6106122,0.30620313,-0.2391914
TEST_05668,1.8308268,0.3836537,-0.4096771
TEST_05669,3.1352,-1.8711275,-1.1114763
TEST_05670,3.5732906,1.2961088,0.7815625
TEST_05671,1.1778444,0.17911294,0.10775529
TEST_05672,2.637062,0.57776237,0.45730135
TEST_05673,1.6077356,-0.13433935,-0.004577875
TEST_05674,3.5601463,0.73097765,0.09851778
TEST_05675,1.9632938,0.93119264,-0.6119123
TEST_05676,4.4852395,-2.2446666,1.4735446
TEST_05677,3.2827334,0.5900694,0.66279495
TEST_05678,0.9644777,0.35235626,0.35620368
TEST_05679,4.8788877,0.4342037,1.5064815
TEST_05680,3.0182796,-0.17903176,-0.2568978
TEST_05681,4.024895,1.659751,-0.55299646
TEST_05682,2.1991317,-0.5916895,-0.50657827
TEST_05683,2.4886441,-0.4842636,-0.006064934
TEST_05684,2.7889903,0.20060124,0.7553026
TEST_05685,2.2415428,-0.12832937,0.80223864
TEST_05686,3.0987017,-0.6658807,-0.46864104
TEST_05687,3.6440442,0.7791467,-0.56730103
TEST_05688,1.1055676,-0.5110873,0.049070675
TEST_05689,3.3582418,0.20331478,0.18864176
TEST_05690,3.2247016,0.55622584,0.29898098
TEST_05691,2.3503244,0.07828244,-0.82726336
TEST_05692,1.3424829,0.68298584,-0.014581497
TEST_05693,2.550708,0.10627237,-0.22005823
TEST_05694,1.9040966,0.6335281,0.19629724
TEST_05695,2.363688,-0.2516802,-0.5649764
TEST_05696,3.2104354,-0.4476802,0.45786005
TEST_05697,3.0205297,-1.1944749,0.43554989
TEST_05698,2.8911088,0.31923544,-1.1112015
TEST_05699,3.9978392,1.5458043,-1.2552402
TEST_05700,2.7269218,-0.21229684,0.19587535
TEST_05701,2.9005468,0.09071979,-0.9709986
TEST_05702,1.659891,-0.115881994,0.3649224
TEST_05703,3.6665149,-0.07534267,0.4137961
TEST_05704,2.7000074,0.29883423,0.044173256
TEST_05705,1.3934433,0.28455442,0.6154612
TEST_05706,2.0548794,0.55375606,0.5236671
TEST_05707,1.2945935,0.057495534,0.4438908
TEST_05708,2.98913,-0.2274898,0.5710715
TEST_05709,1.952767,1.0958863,-0.27787083
TEST_05710,2.0884047,-0.83286136,-0.76740474
TEST_05711,2.2924414,0.59302187,0.42452794
TEST_05712,1.385337,0.39771745,-0.4135842
TEST_05713,1.8490461,-0.009831969,-0.4594665
TEST_05714,3.4151535,-0.5745569,1.24519
TEST_05715,1.4618473,-0.34817687,0.23191728
TEST_05716,1.7542255,0.19430564,0.08118595
TEST_05717,1.8450276,0.72021246,-0.48510092
TEST_05718,2.0036676,-0.089363486,0.8384023
TEST_05719,4.866939,0.69302905,0.64496
TEST_05720,1.4901898,-0.5062956,-0.13480613
TEST_05721,1.7582663,0.28048834,-0.44723058
TEST_05722,4.0786233,0.384337,-0.69049436
TEST_05723,3.293129,-1.6288737,0.45051497
TEST_05724,1.8241391,-0.27916464,0.29908568
TEST_05725,1.8809894,-0.4913444,0.1601197
TEST_05726,1.6876483,-0.28911743,0.09734197
TEST_05727,2.0776682,-0.8089298,-0.021569075
TEST_05728,6.119204,1.7108797,-0.38100487
TEST_05729,1.0968933,-0.3468969,0.05095525
TEST_05730,1.4095194,0.33100078,0.11034134
TEST_05731,2.2195776,0.26705623,0.032145415
TEST_05732,4.512178,-0.6685116,0.9421403
TEST_05733,1.491505,0.29605633,0.10581763
TEST_05734,1.4330307,-0.2934826,0.3156818
TEST_05735,2.0018704,-0.98980373,0.009942921
TEST_05736,2.4944208,0.79569346,0.058684696
TEST_05737,2.1633613,0.2084392,0.044742174
TEST_05738,2.3282428,1.18024,-1.0630563
TEST_05739,0.7814265,-0.39222255,-0.07293435
TEST_05740,2.2177076,0.43030095,-0.83430636
TEST_05741,3.1897733,-0.26883733,0.06214184
TEST_05742,1.303712,0.1901416,-0.20023856
TEST_05743,1.6850907,-1.0171989,0.6861993
TEST_05744,2.0231693,0.06248221,-0.16201523
TEST_05745,2.0140755,0.5217128,-0.84384775
TEST_05746,2.557479,0.07712947,0.026444461
TEST_05747,1.9638748,-0.56301653,0.5952275
TEST_05748,1.9604428,0.711986,-0.09781324
TEST_05749,3.9413033,-0.68719083,-0.9701707
TEST_05750,1.1662965,0.6523753,0.13583387
TEST_05751,1.7063291,-0.122830704,0.03741716
TEST_05752,1.969583,0.8607691,-0.41784817
TEST_05753,2.142607,-0.14656591,0.56421036
TEST_05754,0.9536745,-0.33086658,-0.001276399
TEST_05755,1.36823,-0.3179119,-0.114150025
TEST_05756,2.0614126,-0.4421769,0.61811125
TEST_05757,1.5516003,-0.05040978,0.14072676
TEST_05758,3.228061,-1.2533439,0.31500426
TEST_05759,3.2961192,-0.6641249,0.8024232
TEST_05760,2.2010553,0.96145225,0.21435626
TEST_05761,2.8784175,-0.14638399,0.14736305
TEST_05762,3.6773787,-1.537877,1.3159156
TEST_05763,3.7713645,-1.4015541,1.0497644
TEST_05764,2.1469245,0.17507076,-0.464253
TEST_05765,1.491972,0.30001056,-0.33112264
TEST_05766,1.5511943,0.010213947,-0.26423797
TEST_05767,4.4834404,-0.70694923,-0.5993855
TEST_05768,2.3700805,1.029748,0.0557302
TEST_05769,3.0440032,0.1356053,0.24337326
TEST_05770,2.6951177,-0.32303035,0.066352636
TEST_05771,3.6611166,0.049879503,-0.010067156
TEST_05772,2.4064019,0.8220635,0.47598055
TEST_05773,1.5636458,0.27185833,-0.2631046
TEST_05774,1.1650944,0.3234918,-0.103800826
TEST_05775,2.1351712,0.41093135,0.06720034
TEST_05776,1.0113113,0.37653244,0.54062366
TEST_05777,1.119315,0.16948295,0.08748307
TEST_05778,4.5610228,1.5669354,1.3787496
TEST_05779,1.0655146,-0.57615656,0.14896004
TEST_05780,2.0434024,0.22762601,-0.4316326
TEST_05781,2.3809326,-0.3560992,-0.97194976
TEST_05782,1.3511572,0.019180445,0.056927975
TEST_05783,3.9284127,-0.008779637,-0.43639913
TEST_05784,1.3904374,-0.28295588,0.26227847
TEST_05785,4.2252545,1.6068784,1.1930686
TEST_05786,3.0121267,-0.18570435,-0.41238016
TEST_05787,3.4594123,0.6907412,0.147255
TEST_05788,2.4288628,0.70355535,0.21526302
TEST_05789,0.73368084,-0.0060921274,0.17104805
TEST_05790,3.642456,0.17184594,0.681409
TEST_05791,3.0060565,0.54235744,-0.49139515
TEST_05792,2.7097957,-1.1239046,-1.0991147
TEST_05793,3.116166,0.17520843,0.9666985
TEST_05794,3.137848,0.2786472,-0.37094617
TEST_05795,0.9569092,0.46504882,-0.069992386
TEST_05796,3.847831,-0.46796343,0.24993244
TEST_05797,2.567677,0.8663228,0.16206962
TEST_05798,3.207641,-0.94643974,0.9019397
TEST_05799,2.753382,-0.71028113,0.8310606
TEST_05800,2.7597735,1.3501165,0.5376722
TEST_05801,3.896594,-0.63437814,0.16913518
TEST_05802,4.4812937,-0.9900636,0.018389247
TEST_05803,3.3617568,0.548359,0.09118485
TEST_05804,2.350161,-0.25608492,0.8014845
TEST_05805,1.6416143,0.96010214,-0.51315427
TEST_05806,2.574473,0.26772192,0.31505936
TEST_05807,3.3025608,-0.50549006,0.53013587
TEST_05808,1.8333596,0.53877133,0.8984707
TEST_05809,4.5828514,0.5663486,-1.1082113
TEST_05810,2.4178472,0.59931344,0.07562114
TEST_05811,4.216259,-0.24455614,0.5325256
TEST_05812,2.6954646,0.8047197,-0.86334825
TEST_05813,0.92478395,0.29689234,-0.099762924
TEST_05814,1.3924665,0.0216228,-0.3665929
TEST_05815,1.5021989,-0.7260327,0.4088274
TEST_05816,2.9904916,-0.4844945,-0.47344854
TEST_05817,1.453123,0.54757047,0.10537777
TEST_05818,1.9053844,-0.14105387,-0.9288566
TEST_05819,4.544628,-0.80060637,0.41156158
TEST_05820,1.0051732,0.04328776,-0.12938784
TEST_05821,1.8291702,0.59868824,0.067268774
TEST_05822,1.462654,-0.04487981,0.028020725
TEST_05823,1.2814143,-0.07291299,-0.23359598
TEST_05824,3.2949173,0.0039871586,-0.20982379
TEST_05825,2.1968224,-1.126367,0.83235157
TEST_05826,1.3139768,0.0615192,0.07074494
TEST_05827,4.0400143,-0.14117955,-0.4798092
TEST_05828,2.2389739,0.13232906,0.31795186
TEST_05829,1.2076696,-0.2111838,0.40612778
TEST_05830,1.2072623,0.13341253,0.42673042
TEST_05831,1.2889004,-0.08979799,0.24524492
TEST_05832,1.9513221,0.39726496,0.27116403
TEST_05833,1.8748616,0.7267757,0.51482546
TEST_05834,3.4523144,0.2900897,-0.90324885
TEST_05835,0.9329092,-0.39917395,-0.20393504
TEST_05836,2.9479492,-1.4230008,-0.58002704
TEST_05837,3.8115735,-1.9540511,0.16613708
TEST_05838,0.89051914,0.47618642,-0.043113034
TEST_05839,3.0439675,0.8386566,-1.0953431
TEST_05840,2.6860878,2.069628,1.076165
TEST_05841,4.275167,-1.1995518,0.9725344
TEST_05842,2.0709417,0.9717904,-0.8843244
TEST_05843,3.1878967,-1.0133793,0.50920975
TEST_05844,2.3494902,-0.33495012,-0.14079906
TEST_05845,1.6519734,-0.7130051,-0.24349009
TEST_05846,4.33136,-0.38203877,0.51924217
TEST_05847,3.420479,-0.23209763,-0.23664832
TEST_05848,4.3373756,-1.5125613,0.7704989
TEST_05849,1.50602,0.019688964,0.10588781
TEST_05850,2.5920959,0.28766686,0.062397733
TEST_05851,3.5370715,0.4742513,0.6433573
TEST_05852,3.2714891,0.3196381,-1.1484252
TEST_05853,1.0402489,0.04038629,0.16065075
TEST_05854,1.7119102,1.0496174,-0.099158674
TEST_05855,3.0439532,-0.83847463,1.1299347
TEST_05856,2.7743928,-0.682742,0.14007057
TEST_05857,2.275017,0.8031374,0.43819132
TEST_05858,3.6736128,1.5857598,-0.22179328
TEST_05859,2.263628,-1.3145746,-0.5821576
TEST_05860,1.1231436,0.16384728,0.29740226
TEST_05861,3.110123,-0.1787534,0.12004763
TEST_05862,2.2065084,-0.04015777,0.03566939
TEST_05863,3.7410674,-0.60157186,-0.8045004
TEST_05864,3.0237064,0.0074317567,0.069642894
TEST_05865,1.5124735,-0.11938686,0.73718935
TEST_05866,1.5291287,0.591277,-0.3804993
TEST_05867,3.569036,0.10578662,-0.05240169
TEST_05868,1.5582207,0.043607153,-0.0008990923
TEST_05869,1.3147323,0.2964544,-0.6144314
TEST_05870,1.5338558,-1.1195623,-0.1192953
TEST_05871,2.0154288,-0.7102132,-0.043712333
TEST_05872,3.120983,1.4168472,1.1447593
TEST_05873,2.8725088,1.6070268,-0.7879631
TEST_05874,2.678402,0.64936435,0.6916279
TEST_05875,1.2203987,0.22447926,-0.003561215
TEST_05876,2.4089825,-0.6539143,0.27208227
TEST_05877,2.9195335,0.46950078,0.6075224
TEST_05878,2.247501,0.21636929,0.40380037
TEST_05879,3.9076223,-0.279003,0.6419502
TEST_05880,3.7453146,-0.057436652,0.06740177
TEST_05881,2.8896327,0.9023257,-0.42238504
TEST_05882,1.5007945,-0.061835982,-0.13294692
TEST_05883,2.5088823,-1.4487022,1.0670846
TEST_05884,3.0603518,-0.5549075,1.3939776
TEST_05885,1.7120403,-0.1719634,-0.18593545
TEST_05886,4.9887567,0.5054735,0.5168149
TEST_05887,4.2156053,-1.1686889,0.118673705
TEST_05888,2.237056,0.48857096,0.48775145
TEST_05889,2.7797196,0.13512243,0.48653185
TEST_05890,3.197187,0.2678798,-0.1812158
TEST_05891,1.8765357,0.19823323,0.036503583
TEST_05892,4.5009284,0.26970077,0.61340636
TEST_05893,2.743607,0.62406594,-0.29145157
TEST_05894,2.5249882,-0.55807036,-1.008864
TEST_05895,1.4024134,0.34359854,0.3220793
TEST_05896,2.586547,0.26344055,0.900674
TEST_05897,2.1707172,0.38346896,-0.048311662
TEST_05898,5.402933,-0.96630555,0.066885285
TEST_05899,3.5132952,1.1961052,-0.7487662
TEST_05900,2.0197213,-0.31345165,0.5108233
TEST_05901,1.5220501,0.29956275,-0.25534678
TEST_05902,2.0793982,-0.7686533,-0.13337314
TEST_05903,2.15792,-1.0717103,-0.13445917
TEST_05904,1.1498616,-0.20744956,-0.079749204
TEST_05905,3.8255355,-0.18664762,1.7930176
TEST_05906,1.4507328,0.4678601,-0.48593754
TEST_05907,3.5970569,0.17093521,-0.3732891
TEST_05908,2.723684,-0.7548388,0.37417275
TEST_05909,4.096459,0.52075315,1.0508151
TEST_05910,3.1595442,0.27017286,-0.9033019
TEST_05911,1.7971994,-0.48682776,0.18865414
TEST_05912,2.495363,-0.14554583,0.3291144
TEST_05913,3.1811225,-1.4319803,-0.2825794
TEST_05914,2.4646187,0.08455698,0.072061025
TEST_05915,1.5953174,0.10601434,-0.26115432
TEST_05916,1.2739657,0.16727649,-0.17151509
TEST_05917,3.489937,0.50903165,0.3360826
TEST_05918,1.6836705,-0.08391264,-0.36919287
TEST_05919,4.7649274,-0.9398433,1.1942495
TEST_05920,3.28535,1.240864,0.827393
TEST_05921,0.9634286,-0.6267504,0.23511755
TEST_05922,2.6634007,0.38981962,1.7563996
TEST_05923,1.2494179,0.26997882,-0.12239149
TEST_05924,3.134959,0.7833521,-0.38612515
TEST_05925,1.0018058,-0.3566781,0.32852688
TEST_05926,2.0853636,0.42607456,-0.13173841
TEST_05927,2.9526532,0.61125594,-0.060588535
TEST_05928,3.712778,-1.7790954,-0.010322209
TEST_05929,3.0387654,0.63038933,-0.14778027
TEST_05930,2.5825408,-0.014049634,-0.19811173
TEST_05931,4.0438614,0.27534023,1.1185391
TEST_05932,3.331854,-0.96025485,1.1679068
TEST_05933,1.4528408,0.3340424,-0.21860689
TEST_05934,2.824592,0.9442605,0.4029409
TEST_05935,2.4756866,0.24540822,-0.31120783
TEST_05936,2.9759226,0.44172087,0.5757567
TEST_05937,3.4097333,1.850916,-0.1620061
TEST_05938,2.888533,-0.81271684,-0.8796805
TEST_05939,3.475027,1.3731247,-0.050398387
TEST_05940,2.997602,-0.84664214,-0.5473154
TEST_05941,2.9907312,0.19681348,0.44947904
TEST_05942,1.401074,-0.55391175,0.17933562
TEST_05943,3.617268,0.63967645,0.89944595
TEST_05944,1.4966071,0.08377336,-0.14651397
TEST_05945,2.579777,0.48573112,0.055962104
TEST_05946,2.3425665,0.4380707,0.29110485
TEST_05947,2.3668735,-0.4010193,0.031191293
TEST_05948,1.9298522,-0.45493126,0.397334
TEST_05949,4.1594343,-1.6010934,-0.16223724
TEST_05950,5.2817507,0.4024372,1.5461088
TEST_05951,2.5291026,0.7744401,0.65960795
TEST_05952,3.3644202,1.5642843,1.0168403
TEST_05953,3.3106008,0.4583376,0.35831812
TEST_05954,2.560219,-0.46763867,0.58088166
TEST_05955,1.6918067,-0.19822113,0.26211318
TEST_05956,3.9072876,-1.149367,0.30121058
TEST_05957,1.7600251,-0.24070364,0.2685355
TEST_05958,1.6890584,0.85662293,-0.65553236
TEST_05959,3.6874127,-0.7945499,-1.3119664
TEST_05960,4.5444856,-1.3962886,1.2261256
TEST_05961,4.979049,2.026142,-0.6886466
TEST_05962,1.7067051,0.7456953,0.24442397
TEST_05963,0.9649707,-0.43557394,0.28300518
TEST_05964,1.8995073,0.668454,-0.029078407
TEST_05965,1.7558745,-0.5789834,-0.0056105396
TEST_05966,2.5418706,0.20647027,-0.97133005
TEST_05967,3.6649039,1.0765814,-0.5747402
TEST_05968,2.5237641,-0.45723712,-0.8640835
TEST_05969,2.6198273,0.03802009,0.1845061
TEST_05970,1.5660452,-0.18000692,0.2223084
TEST_05971,3.2197337,0.23554975,-0.64962536
TEST_05972,4.432405,0.83248055,0.030308537
TEST_05973,1.7699847,-0.081236646,-0.057948872
TEST_05974,2.0647345,-0.889761,0.79017484
TEST_05975,2.4974062,0.1549783,-0.21637344
TEST_05976,2.9379945,0.91544706,-0.06458068
TEST_05977,1.6394328,0.8523819,0.2396933
TEST_05978,1.51274,-0.25253573,-0.8621843
TEST_05979,1.1797937,0.011658762,-0.2915504
TEST_05980,2.4582253,-0.11514544,1.0245242
TEST_05981,3.3662248,-0.07944923,0.62026757
TEST_05982,1.76217,0.17689258,0.2981888
TEST_05983,2.052504,-0.81793493,0.66381663
TEST_05984,3.2709324,-0.41246694,0.7491365
TEST_05985,2.5360832,0.62932646,1.4172268
TEST_05986,2.0647705,-0.42571223,0.8728295
TEST_05987,2.3498828,0.16640519,-0.39211738
TEST_05988,1.9993724,0.6188459,0.19777976
TEST_05989,4.2297225,-0.9231767,0.2817912
TEST_05990,4.771864,-0.3860271,0.33335957
TEST_05991,2.4473805,-0.3727338,-0.49654326
TEST_05992,2.371779,-0.9890183,-0.22943603
TEST_05993,3.4052162,1.6679233,-0.8888927
TEST_05994,2.3471081,0.24785931,-0.026786765
TEST_05995,2.2097254,-0.793896,-0.2760808
TEST_05996,4.1832614,2.1371427,-0.5480018
TEST_05997,3.3586311,-0.6814298,0.9864501
TEST_05998,2.044876,0.99000055,-0.27060026
TEST_05999,4.8222938,-0.019413367,0.45522124
TEST_06000,2.8912525,0.16485779,0.35099557
TEST_06001,1.7652214,1.2068015,0.26521376
TEST_06002,3.4673088,-0.5368856,1.2508152
TEST_06003,0.78707117,-0.30056044,0.23582393
TEST_06004,3.4523144,0.86530983,-0.20345396
TEST_06005,2.6190727,-0.7800954,-0.9619353
TEST_06006,4.286076,-0.65998924,0.016688764
TEST_06007,2.523786,0.1601124,-0.61955816
TEST_06008,1.5720308,-1.0745083,-0.29036143
TEST_06009,1.7613897,-0.14212327,0.26472557
TEST_06010,1.7874832,-0.21063125,0.04444943
TEST_06011,3.1556447,0.17460856,-0.624294
TEST_06012,3.2418242,-1.7017424,-0.4001283
TEST_06013,2.870398,-0.08084164,0.31152734
TEST_06014,1.7344551,0.5620731,0.067602314
TEST_06015,1.8544492,0.33959898,0.550937
TEST_06016,2.1383824,0.56111073,0.22175038
TEST_06017,1.2708021,-0.15731215,-0.7343016
TEST_06018,2.7650456,1.2165747,0.55399466
TEST_06019,4.6671944,0.17276719,1.218769
TEST_06020,2.947075,-0.07762625,-0.6447147
TEST_06021,3.3790808,-0.030102275,0.58612174
TEST_06022,1.6472069,-0.08672888,0.25005794
TEST_06023,4.101263,-0.11677924,-0.2528538
TEST_06024,3.3605468,-0.36585656,-0.4102441
TEST_06025,3.4419365,1.7613436,-0.32934478
TEST_06026,2.2207797,0.1103529,-0.4079983
TEST_06027,1.6278397,0.5482053,0.28138655
TEST_06028,2.0414894,0.75824964,0.19839816
TEST_06029,4.1648884,-0.7443501,-0.7627755
TEST_06030,3.234243,1.1462388,1.0821708
TEST_06031,1.4666213,0.13270336,-0.22837877
TEST_06032,2.7777617,0.4057002,-0.12925397
TEST_06033,3.7743921,-1.5196426,-0.23089312
TEST_06034,3.2544048,0.59708834,0.2649208
TEST_06035,1.0427506,-0.061939977,0.111091375
TEST_06036,3.916067,-0.26430205,1.1829673
TEST_06037,3.4570153,0.4419836,0.8875066
TEST_06038,2.4404502,-0.4248567,0.6256081
TEST_06039,3.7362065,-1.3470193,-0.4107016
TEST_06040,1.3785431,-0.78426594,0.46757683
TEST_06041,1.8762197,0.18087393,-0.2996644
TEST_06042,1.608636,-0.2770911,0.13492924
TEST_06043,2.7869964,-1.0163724,0.23046403
TEST_06044,3.8022301,1.447942,0.90343326
TEST_06045,1.9804229,-0.9702458,0.2039798
TEST_06046,3.0445096,0.204819,-0.14877139
TEST_06047,3.4361541,-0.17713653,-0.070559375
TEST_06048,1.204187,0.24040706,0.43534213
TEST_06049,2.3888824,0.38326016,-0.08610773
TEST_06050,3.3358338,0.20665497,0.57576925
TEST_06051,4.2583547,0.1406501,-1.1981623
TEST_06052,4.7978473,-0.16297793,0.25685114
TEST_06053,2.3949502,0.058036096,-0.15328059
TEST_06054,1.6390787,-1.0691487,-0.14627638
TEST_06055,1.8033972,-0.25603968,-0.10738125
TEST_06056,2.0723732,0.63906735,0.37501487
TEST_06057,1.0889033,0.49418008,0.4662882
TEST_06058,4.1075177,-0.054059215,0.3708237
TEST_06059,2.3404937,-0.30041754,-0.4028619
TEST_06060,2.8817852,-0.09811279,0.16647133
TEST_06061,1.6131951,-0.13678284,0.09179049
TEST_06062,2.3120034,0.64180976,0.77283293
TEST_06063,3.4789326,-0.1085333,-0.33709407
TEST_06064,2.9861095,0.45485026,0.6194605
TEST_06065,3.5253882,-1.650579,1.2737902
TEST_06066,3.5900483,-0.08173414,0.82992226
TEST_06067,2.618901,-0.16097267,-0.2662531
TEST_06068,2.5265868,-0.45377615,-0.07311026
TEST_06069,4.235017,0.5274139,-0.8196921
TEST_06070,2.8005414,-1.3406361,0.29671285
TEST_06071,1.6912841,-0.5531333,-0.21990624
TEST_06072,2.305791,-1.0147786,-0.084089905
TEST_06073,3.4651299,-2.1387646,-0.6840683
TEST_06074,3.2024882,-0.4852941,0.5453262
TEST_06075,1.5522183,0.18373984,0.46247035
TEST_06076,2.9158618,0.83582956,-0.3428329
TEST_06077,1.7035705,-0.16072178,0.08080368
TEST_06078,1.9171541,-0.19916819,-0.42541423
TEST_06079,4.261467,1.7090338,1.5360061
TEST_06080,4.189222,-0.27075493,0.50430965
TEST_06081,3.7674556,2.2933784,1.366234
TEST_06082,2.6421788,-0.7578406,-0.59009445
TEST_06083,2.6696537,1.8618267,1.0053495
TEST_06084,2.5656729,-1.235557,1.1054053
TEST_06085,1.6918199,-0.3023746,-0.35726482
TEST_06086,2.362508,1.1269146,0.5897747
TEST_06087,1.5724827,0.4713009,0.015019167
TEST_06088,4.6676965,-1.6545234,1.2109158
TEST_06089,2.8809931,0.23833124,0.21236096
TEST_06090,2.4807096,0.6578904,0.20094807
TEST_06091,2.3670268,-0.0986673,-0.59674144
TEST_06092,3.9192662,1.1889731,-1.3571417
TEST_06093,1.1693195,-0.20412125,0.2718599
TEST_06094,3.5257826,-0.61819434,1.1869453
TEST_06095,3.4776053,0.8935011,0.28949732
TEST_06096,2.5131893,0.20349768,0.24133095
TEST_06097,2.7245874,0.4757073,0.3309517
TEST_06098,4.3843603,-1.5437059,-0.037044954
TEST_06099,3.1934295,1.354717,1.2307825
TEST_06100,2.5336852,-0.7457409,-0.3907595
TEST_06101,3.0307157,0.4300745,0.6873536
TEST_06102,2.2248025,0.45851952,-0.6158141
TEST_06103,2.0823898,0.6878075,-0.30155846
TEST_06104,4.1803384,-0.05505693,1.0824893
TEST_06105,1.5886589,1.1324203,-0.6259076
TEST_06106,2.3395617,-0.011137905,-0.80790526
TEST_06107,4.228674,0.75059885,0.8968783
TEST_06108,2.153058,-0.57008225,0.17522639
TEST_06109,2.4806693,-0.57335365,0.5467437
TEST_06110,1.1348156,0.42745036,-0.034107152
TEST_06111,2.5389388,-0.57763726,0.29336357
TEST_06112,2.9935076,1.3223392,1.0466285
TEST_06113,2.4559145,-0.12097337,0.5898267
TEST_06114,1.9211504,0.1707688,0.17624432
TEST_06115,2.3298929,0.6136127,0.89030516
TEST_06116,3.9007208,-0.63286084,0.9830631
TEST_06117,2.2468562,-1.028539,-0.025096796
TEST_06118,2.6256394,1.2011225,0.50503665
TEST_06119,5.8399143,0.78410304,-0.48048264
TEST_06120,3.1369045,-0.5236512,-1.117437
TEST_06121,2.1242518,1.2732155,-0.3082854
TEST_06122,1.8972154,0.9014446,-0.34020305
TEST_06123,2.5241327,-2.2724874,0.21830319
TEST_06124,2.4201913,0.38704225,0.8556218
TEST_06125,1.5963264,0.27859506,-0.2041257
TEST_06126,5.183033,-0.082968496,0.1126152
TEST_06127,2.0590172,0.52900106,-0.5051009
TEST_06128,2.755684,0.7673967,-1.0195197
TEST_06129,3.229517,-0.174137,0.16409615
TEST_06130,2.572092,0.0025329404,-0.60506666
TEST_06131,4.3604093,0.33182868,-0.34024036
TEST_06132,4.777454,-0.1512405,1.7750714
TEST_06133,2.0601375,-0.43820542,0.53403497
TEST_06134,2.4319305,-0.014104889,-1.0725211
TEST_06135,2.64301,-0.7994338,-0.15906996
TEST_06136,1.622178,-1.1247393,-0.32314664
TEST_06137,2.2150831,0.5452705,-0.72994435
TEST_06138,4.5665793,0.29134557,0.77604353
TEST_06139,2.9473617,0.15228216,-0.87471026
TEST_06140,2.693512,-0.90135413,0.8730985
TEST_06141,3.0483153,-0.18049009,-0.6175793
TEST_06142,2.2010732,0.9400267,-0.6686814
TEST_06143,1.4439911,-0.3792666,0.37189585
TEST_06144,1.6974579,-0.65758526,0.050967123
TEST_06145,3.7403145,-0.66718405,0.6417682
TEST_06146,2.1357121,-0.18411522,0.14657275
TEST_06147,3.448473,-0.39532948,-0.67807996
TEST_06148,2.5280416,-0.55973333,0.66703004
TEST_06149,2.3101044,1.1835462,1.3984919
TEST_06150,4.2708693,-1.5747048,1.6834365
TEST_06151,2.8657837,-1.3260417,0.37189576
TEST_06152,1.1823711,0.47704804,-0.036011383
TEST_06153,2.6868765,0.17993492,0.7844259
TEST_06154,3.0485659,-0.38513148,1.3065332
TEST_06155,2.1120932,-0.08179869,0.022048153
TEST_06156,2.237493,1.2352442,-0.4940031
TEST_06157,3.500735,-2.2305381,-0.8704771
TEST_06158,2.6027133,1.7176633,-1.0220091
TEST_06159,0.9860985,0.47882223,0.12757067
TEST_06160,2.9095762,-1.650428,-1.2786118
TEST_06161,1.43748,-0.5046732,-0.16634616
TEST_06162,1.4406391,-1.2447034,-0.2930309
TEST_06163,2.495768,-0.48341006,0.006838722
TEST_06164,3.26839,1.4985304,1.7214003
TEST_06165,1.300697,0.19791198,-0.058282074
TEST_06166,1.883251,-0.3206558,-0.13197204
TEST_06167,4.4730253,0.104082,0.0057154354
TEST_06168,2.5147998,-1.2227519,0.7560079
TEST_06169,2.7443972,-0.37435067,0.067601874
TEST_06170,1.6017282,-0.39378732,0.22941181
TEST_06171,2.7774186,-0.13879895,-0.2100501
TEST_06172,3.2877927,-1.1226876,1.0929542
TEST_06173,2.2928112,0.5358932,0.33376893
TEST_06174,1.6282278,0.014702505,-0.5124419
TEST_06175,1.7971509,-0.3392577,0.1718342
TEST_06176,2.4117312,-0.92542404,-0.83504814
TEST_06177,3.101776,-0.53233284,0.8566047
TEST_06178,2.5652552,0.9648043,1.2257595
TEST_06179,0.97170323,0.2144419,-0.26749903
TEST_06180,1.4771832,-0.15635534,-0.10385433
TEST_06181,2.8180554,-0.2686951,-0.6429798
TEST_06182,1.9493508,0.2305739,0.08240396
TEST_06183,1.3514527,0.1527431,-0.0053555146
TEST_06184,1.2249106,-0.2423095,-0.1316692
TEST_06185,4.023557,-0.97005665,0.29090416
TEST_06186,2.678486,-0.14410757,0.034389958
TEST_06187,3.5972464,0.8392385,0.8631884
TEST_06188,2.903965,-0.45097765,0.07844432
TEST_06189,4.91833,-0.554093,0.87838775
TEST_06190,3.0081525,1.6596825,1.319635
TEST_06191,1.850577,-0.93756735,-0.40865833
TEST_06192,3.3864136,0.008435724,0.49480116
TEST_06193,2.5541117,0.267567,0.09524862
TEST_06194,2.6162972,0.051361736,0.4950466
TEST_06195,0.8107707,-0.12801825,0.007649333
TEST_06196,2.9078825,-1.612201,0.13474874
TEST_06197,2.2341971,-0.7494084,0.7951288
TEST_06198,2.9470253,-1.4126639,0.7052514
TEST_06199,4.8392296,-0.46274734,-1.2636474
TEST_06200,2.8980894,-1.5962512,-0.80598545
TEST_06201,3.5782278,-0.4850053,0.42750907
TEST_06202,1.4091269,-0.2862996,0.55846274
TEST_06203,2.6318526,0.6651516,-0.4338246
TEST_06204,2.2837825,0.2931248,0.9906826
TEST_06205,0.89735734,-0.17197816,-0.01344487
TEST_06206,1.3160584,0.5910949,-0.28418306
TEST_06207,4.865427,1.2611084,-0.16971275
TEST_06208,2.6550083,1.8240225,-0.6515318
TEST_06209,2.0014555,0.4849685,-0.14226265
TEST_06210,1.2236516,-0.3467486,-0.21664348
TEST_06211,2.2413874,-0.5835244,0.67335343
TEST_06212,3.4144144,1.2506615,0.37811685
TEST_06213,2.7024477,-0.45965642,0.16186604
TEST_06214,3.019053,-0.17874058,1.4660114
TEST_06215,1.1769542,0.6112201,-0.3110203
TEST_06216,1.5326496,-1.0798943,1.0011331
TEST_06217,2.3469796,0.73292935,-0.6574865
TEST_06218,3.8661003,-1.1529782,1.2125808
TEST_06219,3.9717786,1.3238349,-0.99371326
TEST_06220,1.2536824,0.28008667,-0.25238293
TEST_06221,3.575352,-0.31281415,0.6056886
TEST_06222,1.16612,-0.08062852,-0.02993387
TEST_06223,3.3680794,-0.14290458,-0.3069751
TEST_06224,1.7389374,0.59188473,-0.32904017
TEST_06225,3.1315715,1.4028349,0.5903564
TEST_06226,3.2032413,-0.049795654,-1.061686
TEST_06227,1.7016578,0.19952643,-0.09819412
TEST_06228,2.550842,-0.91008407,0.48741782
TEST_06229,4.633174,0.9034686,-1.0207986
TEST_06230,2.2896307,0.35492846,-0.66968846
TEST_06231,2.3369284,-0.061011095,0.03798464
TEST_06232,3.7551742,-0.90538156,0.57632375
TEST_06233,2.6644368,0.2789566,-0.4145477
TEST_06234,3.1431482,-0.28530443,0.1222138
TEST_06235,1.4994661,0.6111923,-0.50352293
TEST_06236,3.6668947,2.1933084,0.7585114
TEST_06237,3.6217096,1.783746,0.803873
TEST_06238,3.256559,0.5238176,1.2650642
TEST_06239,1.0582967,-0.41402727,-0.17208609
TEST_06240,3.9508097,-2.124283,-1.1273322
TEST_06241,4.44406,-0.099084675,0.22922218
TEST_06242,0.932774,0.5880022,0.27675062
TEST_06243,3.9921434,-1.1793026,-0.54396254
TEST_06244,3.4225771,-0.34742814,0.16292866
TEST_06245,1.5305544,0.4801017,-0.32857305
TEST_06246,3.4857202,1.0833954,1.137114
TEST_06247,3.7747142,1.4010729,0.5452062
TEST_06248,4.4837813,0.9239377,0.6154491
TEST_06249,2.1804998,0.27722627,0.16854581
TEST_06250,3.1180081,0.64225954,-0.82616055
TEST_06251,3.5095675,-0.13692407,-0.18445434
TEST_06252,1.959781,1.5052093,-0.46967837
TEST_06253,3.0967274,0.050669603,0.49614802
TEST_06254,1.1576128,-0.066765405,0.22858106
TEST_06255,4.233347,0.35732135,0.8362007
TEST_06256,1.8265463,0.5829357,0.2037285
TEST_06257,3.2304993,-0.432254,-0.5469584
TEST_06258,3.1705558,1.1614342,-0.107777104
TEST_06259,4.167712,-0.8358578,0.9930032
TEST_06260,2.251722,0.75460255,-0.7332103
TEST_06261,3.4608805,-0.47536114,-0.8439659
TEST_06262,1.9083643,-0.41296527,-0.35198402
TEST_06263,1.3801727,0.10402618,-0.56468016
TEST_06264,3.558248,-0.57484454,0.20863035
TEST_06265,1.3492568,-0.59379816,-0.5399469
TEST_06266,2.4984581,0.23760039,-0.4058443
TEST_06267,1.4877702,0.018372633,0.41929272
TEST_06268,2.186902,-0.9342302,0.00067684613
TEST_06269,0.95215464,0.3150391,-0.052841898
TEST_06270,4.910165,-1.178379,1.2790973
TEST_06271,2.0662112,-0.43785304,0.10995183
TEST_06272,1.7246125,0.47598153,0.55322987
TEST_06273,2.513555,1.4965318,-0.7977545
TEST_06274,3.051536,0.04340649,0.9172192
TEST_06275,1.9101477,-0.5700345,-0.22826132
TEST_06276,4.6265173,0.87894547,-0.5025098
TEST_06277,2.155678,0.6464627,0.29619232
TEST_06278,1.3052086,-0.4786028,0.6026783
TEST_06279,1.5750731,-0.92129153,-0.56318724
TEST_06280,3.120617,0.28821713,0.4737266
TEST_06281,4.271094,-0.0096495785,0.82252014
TEST_06282,3.401052,-0.20536406,1.1908408
TEST_06283,1.3081456,-0.95917916,0.121200256
TEST_06284,1.784374,-0.007531083,-0.18928501
TEST_06285,1.1266677,0.2071278,0.24876127
TEST_06286,4.515092,0.17126714,0.24113731
TEST_06287,1.691423,0.029033272,-0.15714093
TEST_06288,5.2179894,-0.8232003,0.34519294
TEST_06289,2.9872568,0.34060252,-0.42616224
TEST_06290,3.3287024,0.2075897,-0.027692681
TEST_06291,1.2402987,0.16479608,0.22837548
TEST_06292,1.6869093,1.1615983,0.7752047
TEST_06293,2.931895,-0.3464585,0.21438539
TEST_06294,2.3099058,-1.2943149,-0.17965925
TEST_06295,3.4901786,1.0210007,-0.6340822
TEST_06296,2.0055094,-1.3341271,-0.18636885
TEST_06297,1.8299603,0.1479826,0.15654531
TEST_06298,1.8099298,-0.5439432,-0.7228533
TEST_06299,3.1675746,-1.2300084,0.06704149
TEST_06300,1.7010512,-0.19607946,0.11374518
TEST_06301,3.5069911,-0.051172234,0.34870082
TEST_06302,1.2213187,0.18626621,0.28124636
TEST_06303,1.8864319,-0.37616473,-0.21279825
TEST_06304,3.8306878,-0.23006028,0.3001489
TEST_06305,4.206251,-0.41073132,-0.37807235
TEST_06306,2.4269874,0.26494476,-0.096692786
TEST_06307,3.6054397,-0.10741708,0.103035636
TEST_06308,2.5941331,1.009806,0.63143057
TEST_06309,2.9659657,-1.2942116,-0.21091987
TEST_06310,1.8848526,-0.42484504,-0.07535761
TEST_06311,2.3633757,-0.016690282,-0.06410885
TEST_06312,2.5373375,0.33627376,0.9256272
TEST_06313,2.1934147,0.30466998,0.40962636
TEST_06314,3.061655,-0.2830144,0.8721335
TEST_06315,1.9636133,-0.033961624,0.044193245
TEST_06316,3.5098126,-1.7085512,-0.6709288
TEST_06317,1.906583,-0.4856825,0.20966837
TEST_06318,3.8045137,1.3248338,-0.7400875
TEST_06319,4.190261,-1.1571641,0.49769947
TEST_06320,1.7146064,1.1428146,-0.25419378
TEST_06321,4.591786,-1.353141,1.2837957
TEST_06322,3.7246413,-0.08360509,0.6165739
TEST_06323,3.5177329,-1.1179396,-0.13903445
TEST_06324,1.859027,0.038628295,0.28644088
TEST_06325,2.2936466,-0.49046072,0.10562025
TEST_06326,2.6839564,-0.8583991,0.83064437
TEST_06327,2.8549712,-0.76950866,-1.0093766
TEST_06328,5.397132,-2.37512,0.9283516
TEST_06329,3.3756905,-0.3055854,-0.22889696
TEST_06330,1.466574,-0.623711,0.10694877
TEST_06331,1.3513036,0.52836615,-0.09980634
TEST_06332,2.0764925,-0.9883569,-0.2680476
TEST_06333,2.3452427,-0.28480837,-0.09418985
TEST_06334,3.5745451,-1.2056926,-0.4783142
TEST_06335,2.3056903,0.58814204,0.38304648
TEST_06336,2.1240513,-0.7123719,0.06743027
TEST_06337,3.0441902,-0.72195446,1.2414019
TEST_06338,2.2633832,-0.46528137,0.38315427
TEST_06339,4.2440066,-0.92785114,-0.2614665
TEST_06340,2.9515405,-0.41745427,-0.055463582
TEST_06341,1.1116184,0.085204005,0.16428529
TEST_06342,1.7136676,0.050961528,0.5191856
TEST_06343,2.842179,-0.07444712,-0.14798811
TEST_06344,1.846221,0.33213878,-0.3446248
TEST_06345,3.5771923,-0.8391019,-0.33148086
TEST_06346,2.4732025,-0.4129408,-0.6207579
TEST_06347,3.9935522,0.16822286,0.8174893
TEST_06348,2.7562099,-0.4530655,0.525531
TEST_06349,3.31554,-1.1375544,-0.59519213
TEST_06350,1.5283918,0.78261364,-0.31661946
TEST_06351,2.7889917,0.60579157,-0.5519662
TEST_06352,3.3699937,-0.9866351,-1.0182269
TEST_06353,3.9139922,-0.7118768,0.58981794
TEST_06354,3.4133592,0.6588343,1.4384844
TEST_06355,1.0127373,0.09788798,0.32523698
TEST_06356,2.1076202,1.2755271,-0.31487757
TEST_06357,3.1655817,0.90715736,0.27120104
TEST_06358,2.7689872,-0.6344437,-0.26659307
TEST_06359,4.8252454,0.57641,0.39381206
TEST_06360,4.0554805,-0.13319828,-0.15335819
TEST_06361,3.816326,0.9636445,0.0941073
TEST_06362,4.25966,0.73557067,0.5967211
TEST_06363,4.018914,-0.12160878,0.74198115
TEST_06364,1.9982586,0.9741683,-0.21557322
TEST_06365,2.113616,-0.84760034,0.5179574
TEST_06366,2.937536,-0.32150263,-0.17320697
TEST_06367,4.6212673,-0.446258,1.270638
TEST_06368,4.898848,-2.0147765,-0.6524525
TEST_06369,0.69036144,-0.051874742,-0.110732265
TEST_06370,1.9659739,-0.70198536,-0.20731796
TEST_06371,1.2297881,0.1573833,-0.1389556
TEST_06372,2.0262825,0.8832346,0.66964394
TEST_06373,2.4772232,-0.41845986,0.47577104
TEST_06374,2.8348763,-0.13980435,1.5973501
TEST_06375,2.1172948,-0.20900437,0.10057028
TEST_06376,2.5104723,-0.61047083,0.65528804
TEST_06377,4.1279354,-0.9227771,2.2163994
TEST_06378,3.5611045,1.0344977,-0.63357615
TEST_06379,4.3628006,0.0652166,1.13602
TEST_06380,2.313513,0.09641137,0.04671054
TEST_06381,2.0898478,-0.09900847,-0.88911927
TEST_06382,1.744344,-0.4271646,-0.30747658
TEST_06383,2.186147,0.052405618,0.77103615
TEST_06384,2.7355254,0.19660287,-0.051909797
TEST_06385,1.8508008,-0.22552189,0.5330842
TEST_06386,2.6344256,-0.27358645,0.3289503
TEST_06387,4.5033927,0.9599878,1.101167
TEST_06388,2.4160373,-0.008551013,-0.6611443
TEST_06389,3.5907652,-1.4402527,1.1152775
TEST_06390,1.8856899,0.80826956,0.6416988
TEST_06391,2.3459697,0.6988951,0.32477987
TEST_06392,1.8037283,-0.1122158,-0.084920585
TEST_06393,2.0884864,0.5470971,0.5562194
TEST_06394,2.087282,-0.4472654,0.5498177
TEST_06395,2.64251,-0.48016828,-0.7666077
TEST_06396,1.8899349,0.12954345,-0.25687262
TEST_06397,2.5333462,1.0013773,-0.11083256
TEST_06398,3.2123952,-1.6146029,-0.5893701
TEST_06399,3.8931668,-0.88841116,0.43538475
TEST_06400,4.410822,1.2772065,1.1399913
TEST_06401,1.6497439,1.0544751,0.56598574
TEST_06402,1.4782656,0.15481566,-0.35691434
TEST_06403,0.8596533,0.22807729,0.3640202
TEST_06404,3.2660499,1.2534013,0.22794516
TEST_06405,2.1047635,0.23814958,-0.14319012
TEST_06406,1.1945151,0.051656015,0.10242323
TEST_06407,3.877258,0.012216502,0.005452886
TEST_06408,5.341428,0.96836823,0.4316206
TEST_06409,3.9180012,0.19790986,-0.3306902
TEST_06410,1.5202115,0.4778617,-0.20782274
TEST_06411,2.1645424,0.43419883,-0.77862597
TEST_06412,1.1216855,0.12963028,-0.006858352
TEST_06413,2.0259316,0.39506412,0.24586654
TEST_06414,1.709881,0.8359966,-0.065622814
TEST_06415,2.8028455,-1.1407106,-0.3196854
TEST_06416,2.7896228,0.46987706,0.6197283
TEST_06417,2.4468355,-0.62617975,-0.5018318
TEST_06418,1.7871252,-1.0392518,-0.30884767
TEST_06419,1.7982239,0.43738732,-0.42429873
TEST_06420,2.9940848,0.669973,-0.15367848
TEST_06421,2.7877102,0.28098744,-0.63277584
TEST_06422,1.8078886,-0.22497796,0.297736
TEST_06423,1.4172974,0.010574779,-0.12767144
TEST_06424,0.9934468,-0.2662628,0.06184432
TEST_06425,3.573672,-0.8327421,2.0609014
TEST_06426,2.1568842,-0.3977639,0.55315244
TEST_06427,1.69438,0.42421275,-0.045835517
TEST_06428,3.2987387,-0.016236022,0.3774234
TEST_06429,3.2598617,0.6652398,1.0071045
TEST_06430,4.3460727,-0.029099565,1.2096428
TEST_06431,2.5622964,0.18881747,0.080475934
TEST_06432,3.364711,-1.0100579,-0.9564468
TEST_06433,3.2108934,-0.812296,0.93985987
TEST_06434,1.4416425,0.008960176,-0.092018135
TEST_06435,2.0485008,0.45174435,0.16926539
TEST_06436,2.3970282,1.3671012,0.29567468
TEST_06437,2.0403843,-0.7828387,0.5146191
TEST_06438,1.1025361,-0.4987919,-0.12322595
TEST_06439,5.079966,0.8879547,-1.124801
TEST_06440,3.8644223,-0.5912978,0.42315865
TEST_06441,3.7678156,1.8548849,0.5682411
TEST_06442,3.6230893,-0.4677728,0.5988442
TEST_06443,2.595105,2.2230694,0.80134773
TEST_06444,2.9186702,0.2200546,0.2851681
TEST_06445,2.0336745,0.4056302,0.46562368
TEST_06446,4.9819136,-1.1292632,0.45104888
TEST_06447,1.8993248,-0.23725988,-0.02029626
TEST_06448,5.0329833,-1.9370167,-0.66234225
TEST_06449,2.6961648,-0.3343719,0.33928552
TEST_06450,1.589056,0.54212624,-0.16408652
TEST_06451,3.6937027,-0.24559444,0.16221534
TEST_06452,1.5741419,0.75400734,-0.51304734
TEST_06453,2.5402217,0.096017376,0.4896126
TEST_06454,1.402397,0.07638261,0.41847348
TEST_06455,3.078382,0.23689093,0.19987845
TEST_06456,2.4725823,0.5723746,0.9618238
TEST_06457,2.3782868,1.4450612,0.5280256
TEST_06458,2.3095522,-0.6321163,0.6524853
TEST_06459,3.3513622,-0.49699572,0.5262116
TEST_06460,2.6542397,-0.5182301,-0.10955256
TEST_06461,2.4556055,-0.194273,0.71879673
TEST_06462,1.8376063,0.71634907,0.39401847
TEST_06463,1.9657739,0.7111309,0.31049013
TEST_06464,3.5726352,0.00082986057,0.14132085
TEST_06465,3.972972,0.38255748,0.47217888
TEST_06466,1.4153463,-0.34359854,0.09873995
TEST_06467,1.8265141,0.49045432,-0.051607892
TEST_06468,2.4588509,1.0957702,0.35389143
TEST_06469,3.8506012,1.1403146,0.38222253
TEST_06470,4.0542665,0.060599107,0.91152096
TEST_06471,1.4207335,-0.7218765,0.37963167
TEST_06472,2.628886,-0.22615153,-0.8927246
TEST_06473,2.7735622,-0.046696667,0.6570956
TEST_06474,3.163414,-0.32960814,0.53414375
TEST_06475,0.98251027,-0.21171522,-0.024094053
TEST_06476,1.5123681,-0.061160754,0.35625952
TEST_06477,3.6588945,-1.5084682,0.59748447
TEST_06478,1.5189899,0.5215274,0.07367617
TEST_06479,2.6873016,-1.6075857,-0.9059399
TEST_06480,2.8460212,0.20261553,0.7133658
TEST_06481,2.664589,0.3494288,-0.25205705
TEST_06482,3.7824144,1.6021104,1.6283478
TEST_06483,3.9345818,-2.133464,-1.0484334
TEST_06484,2.215261,-0.17400937,0.8296657
TEST_06485,2.6525538,-0.29430577,0.26576677
TEST_06486,4.362613,0.14153743,0.18466829
TEST_06487,4.883563,-1.3012918,0.18482149
TEST_06488,2.8411431,0.69398147,0.47517478
TEST_06489,3.570153,0.02910627,0.06483121
TEST_06490,2.3316107,-0.02768283,0.054816384
TEST_06491,0.79108137,0.118604854,-0.12981373
TEST_06492,1.7659414,-0.6567821,-0.26365653
TEST_06493,1.63832,0.25809446,0.15988111
TEST_06494,1.3186346,-0.51991874,0.09053059
TEST_06495,2.6869037,0.938507,-0.7811805
TEST_06496,2.1146367,0.35777152,0.050234795
TEST_06497,2.3677857,0.373944,0.08522715
TEST_06498,2.229631,0.3736071,0.3055233
TEST_06499,1.5643594,0.33302695,0.29567537
TEST_06500,1.9469737,0.4578838,-0.36734208
TEST_06501,2.7071319,0.04475276,-0.0684725
TEST_06502,1.4796913,0.009768464,-0.18789911
TEST_06503,3.5143507,0.7044636,0.016801067
TEST_06504,3.8793433,-0.26492447,-0.06349988
TEST_06505,3.8908806,0.6625851,0.601839
TEST_06506,2.570145,0.18605812,0.018402854
TEST_06507,3.7109585,-0.29494447,1.0210018
TEST_06508,2.9255168,1.2520064,0.09053878
TEST_06509,1.0571858,-0.16241184,-0.19626029
TEST_06510,1.0340027,0.20100668,0.029932888
TEST_06511,2.6789758,0.0042029284,-0.06778296
TEST_06512,2.1216033,-0.13358478,0.36766264
TEST_06513,2.561009,-0.6347562,-0.7180445
TEST_06514,1.4268737,-0.2034961,0.2534646
TEST_06515,1.5816456,-0.6195564,0.31270763
TEST_06516,2.8582819,0.41978797,-0.06523086
TEST_06517,3.385348,0.65172064,0.31922445
TEST_06518,1.740438,0.20920254,0.20170496
TEST_06519,5.6530457,0.4447203,1.2983303
TEST_06520,4.365492,-0.36170113,-1.4664097
TEST_06521,4.396623,0.79956627,0.21006644
TEST_06522,2.5703316,0.083055675,0.05381363
TEST_06523,1.9752475,-0.7032169,0.25002486
TEST_06524,2.8388417,-0.32838723,0.006388313
TEST_06525,1.1432724,0.052562878,0.24778683
TEST_06526,1.7561439,-0.22256882,0.04834551
TEST_06527,4.348601,0.60056734,1.2512707
TEST_06528,4.2015886,0.61315614,-0.36898658
TEST_06529,2.8090515,0.6510541,-0.17285529
TEST_06530,1.4155099,0.08741044,-0.11967375
TEST_06531,0.8848194,0.059533373,0.043771263
TEST_06532,4.2320127,-1.0344843,1.4597709
TEST_06533,1.6505324,-0.40126315,0.34278288
TEST_06534,2.1292896,-0.4687739,0.11755108
TEST_06535,2.1454003,-0.13549693,-0.09040055
TEST_06536,2.083173,0.5962939,0.89913195
TEST_06537,3.7929025,-0.009574161,-0.30669287
TEST_06538,5.057824,-1.3271782,-0.2079215
TEST_06539,3.0848234,1.2534938,0.0628879
TEST_06540,2.2801304,-0.35290885,-0.8481366
TEST_06541,2.3339849,-0.009727774,-0.6430751
TEST_06542,1.2450733,-0.027783133,0.10879213
TEST_06543,4.2175517,-0.9663357,-0.99834764
TEST_06544,4.3876467,0.41493654,-0.8826875
TEST_06545,1.9908158,-1.7486668,-0.9191865
TEST_06546,2.1730618,0.51267594,-0.7158216
TEST_06547,2.1764648,-0.35834342,0.29035097
TEST_06548,2.926671,0.38983312,0.4391988
TEST_06549,1.8328741,-0.34238324,0.5411022
TEST_06550,4.64399,-1.1717083,-0.75358444
TEST_06551,1.9730603,-0.36396196,-0.15995976
TEST_06552,1.6909524,-0.15935022,-0.14643875
TEST_06553,1.9201237,-0.23050731,0.2874009
TEST_06554,2.304603,-0.41409993,-0.09170924
TEST_06555,1.9826461,0.53845805,0.7054253
TEST_06556,2.959858,-0.4543426,0.29037556
TEST_06557,1.2732666,-0.019606749,0.37203032
TEST_06558,3.1077425,1.7670498,-0.63008744
TEST_06559,3.5647104,0.97727484,0.57791734
TEST_06560,2.8583853,1.7011347,1.1986253
TEST_06561,3.3846102,-0.3545662,-0.4476314
TEST_06562,2.4801059,0.14394745,-0.008661741
TEST_06563,3.896001,1.2919747,0.68163085
TEST_06564,1.79191,-0.41365498,0.5796525
TEST_06565,2.9321487,-0.20957388,0.6205691
TEST_06566,2.2038162,0.3044685,0.4195699
TEST_06567,2.8384259,1.320634,-0.73323923
TEST_06568,2.2338562,-1.3763857,0.48698977
TEST_06569,2.9854965,0.24981573,-0.22671248
TEST_06570,3.3865128,0.30816472,0.47583237
TEST_06571,1.4085985,-0.44528145,-0.2626802
TEST_06572,2.0674634,0.033322074,-0.8482952
TEST_06573,2.6317806,-0.15384194,-0.06780982
TEST_06574,2.2023757,-0.65428275,0.50458026
TEST_06575,2.828531,0.11505063,0.8707163
TEST_06576,2.621881,0.9494971,0.071160935
TEST_06577,2.8664494,0.2533392,0.5862044
TEST_06578,5.6606803,0.20779724,1.5658125
TEST_06579,3.0834534,1.1912732,0.7965919
TEST_06580,1.7919601,0.22734886,-0.3107052
TEST_06581,2.591073,0.222867,1.0220364
TEST_06582,1.1956561,-0.2400442,0.181916
TEST_06583,3.5935762,0.31287575,0.0025599375
TEST_06584,2.8800004,-0.27219972,0.7242575
TEST_06585,5.4091325,0.6747576,0.8470344
TEST_06586,3.1004753,-0.42688575,0.5963842
TEST_06587,4.0738115,0.034164615,-0.8069664
TEST_06588,2.1754956,-0.61385775,-0.28972316
TEST_06589,2.83372,0.91088945,-1.0612786
TEST_06590,4.5205855,1.1450107,-1.006004
TEST_06591,2.1420038,0.14675814,-0.16949958
TEST_06592,2.1868463,0.09850003,-0.8079481
TEST_06593,2.5105603,-0.70062494,-0.0337713
TEST_06594,1.6747091,-0.4501757,0.23416694
TEST_06595,1.0976588,-0.2289485,0.24409106
TEST_06596,2.8797495,-0.35657424,-0.6931279
TEST_06597,2.076074,0.13754265,-0.3778563
TEST_06598,1.3744131,-0.099046536,-0.28011742
TEST_06599,5.353131,0.26984444,1.9808311
TEST_06600,3.0846243,-1.2790964,0.2695966
TEST_06601,1.9394333,0.26092905,0.6072533
TEST_06602,1.9948422,-0.83606035,-0.50830925
TEST_06603,1.9382055,1.0920045,-0.87765867
TEST_06604,2.6075714,0.6313315,0.920205
TEST_06605,3.1127172,0.38446116,-0.23740266
TEST_06606,4.8675137,-0.43983296,-0.5465459
TEST_06607,1.6846857,0.49859557,0.025052242
TEST_06608,5.633526,-0.4771087,0.25371027
TEST_06609,3.4194372,-0.09587166,-0.2596626
TEST_06610,2.7330074,-0.04988719,-0.37917787
TEST_06611,2.2027347,0.026092112,-0.68894225
TEST_06612,2.0616703,-1.5688406,0.96080667
TEST_06613,1.6491789,-0.37716067,0.26918796
TEST_06614,2.6742015,1.0482428,-1.0479281
TEST_06615,2.9851165,1.1751363,0.5299221
TEST_06616,3.252795,-1.1031069,-0.3405647
TEST_06617,2.7642915,-0.9073123,1.5245265
TEST_06618,2.0376153,-1.1088544,-0.6733187
TEST_06619,2.7333107,-0.4856882,0.3730895
TEST_06620,1.6232053,0.42701614,0.44822812
TEST_06621,1.3367991,-0.12207081,0.17864552
TEST_06622,1.8058659,-0.39322954,0.24430159
TEST_06623,2.9924033,-0.52115643,-0.19123995
TEST_06624,3.1844535,0.13024583,-0.21905026
TEST_06625,2.9411974,1.3735399,-0.88550234
TEST_06626,1.0731498,0.20585056,0.28279805
TEST_06627,3.5343442,0.20200244,1.2329118
TEST_06628,2.3090549,0.07823989,-0.1783731
TEST_06629,4.191659,-0.95970756,-0.27442175
TEST_06630,1.96401,1.4827539,-0.6759146
TEST_06631,2.1021972,-0.037197202,0.0416151
TEST_06632,1.3590618,-0.6474722,0.70645905
TEST_06633,2.3459904,0.36069104,0.5108351
TEST_06634,1.2233679,0.155474,-0.27086
TEST_06635,1.2240607,0.23936416,0.37129268
TEST_06636,2.4263492,0.43086475,0.94462717
TEST_06637,3.5881462,-0.7623214,-0.3787852
TEST_06638,1.9844004,-0.48739117,-0.19314536
TEST_06639,3.8405547,1.0485895,0.2312941
TEST_06640,4.597173,-0.028876167,1.4477557
TEST_06641,4.768512,2.0840583,-0.83672315
TEST_06642,3.9615698,-0.778438,-0.75807333
TEST_06643,2.7042928,-0.36978054,0.6771717
TEST_06644,2.8239155,0.64821196,-0.4796699
TEST_06645,2.2051303,-0.8588758,-0.17150924
TEST_06646,1.5104584,-0.66710204,0.398282
TEST_06647,4.7016687,-0.7476623,-0.9864336
TEST_06648,4.450626,-0.38036716,-0.032640606
TEST_06649,3.143341,-0.09817911,0.30452648
TEST_06650,3.320928,-0.08571586,1.1911583
TEST_06651,2.3959532,0.17125371,-0.008814125
TEST_06652,2.52357,-0.3207772,0.75196207
TEST_06653,1.271663,0.48169708,0.038990386
TEST_06654,2.031139,-0.33418116,0.92487186
TEST_06655,3.7080595,-0.09232892,-1.0941387
TEST_06656,2.8379028,-1.0043218,-0.7454452
TEST_06657,3.745769,2.0681982,2.2623906
TEST_06658,4.748571,1.4896942,-0.76269436
TEST_06659,4.1992846,-1.3335271,-0.18095821
TEST_06660,2.0623045,-0.9608439,-0.8478352
TEST_06661,1.8795913,-0.35459462,-0.16557427
TEST_06662,1.6546305,0.32564017,0.050125413
TEST_06663,4.4728675,0.2681361,0.832432
TEST_06664,1.5970923,0.6647319,0.2679437
TEST_06665,4.203443,-0.2823128,0.49771127
TEST_06666,3.182639,-0.5433513,0.70683265
TEST_06667,2.6233418,0.7632228,1.005825
TEST_06668,2.6772265,-0.7393344,-0.015117019
TEST_06669,3.796993,-0.6034547,0.59945893
TEST_06670,2.634456,1.3675331,-0.7439084
TEST_06671,1.8362776,-0.6060734,-0.35024685
TEST_06672,1.4635351,0.20851824,-0.13287976
TEST_06673,2.6918342,-0.14124137,0.50059557
TEST_06674,3.6246114,0.08198947,1.1131681
TEST_06675,2.0673187,-0.33531335,0.3384198
TEST_06676,2.7739272,-1.5946926,-0.5012886
TEST_06677,3.1315658,0.3548312,0.8628668
TEST_06678,1.4293483,0.13503239,0.12766998
TEST_06679,2.7016785,1.1612967,-0.33709028
TEST_06680,3.2029083,1.2498778,0.18479322
TEST_06681,2.6261487,0.8339294,0.49236995
TEST_06682,1.7780935,-1.1245464,-0.34435955
TEST_06683,2.350459,-0.47188324,0.8672788
TEST_06684,2.0089805,-0.28391236,-0.26812208
TEST_06685,2.6227062,-0.2373028,0.5084963
TEST_06686,3.383435,-0.5586894,-0.7835143
TEST_06687,3.186874,0.39308393,0.3519773
TEST_06688,5.718012,-1.4131312,1.263116
TEST_06689,2.4756336,0.48525396,-0.038762137
TEST_06690,1.3612922,0.18647833,0.15259628
TEST_06691,1.4216298,0.04184943,0.15229487
TEST_06692,2.5393028,-0.93624896,0.1745047
TEST_06693,2.9051402,0.21162558,0.22582829
TEST_06694,1.4210674,-0.75927347,0.59525037
TEST_06695,0.9039685,0.2863222,0.23673439
TEST_06696,2.7381113,-1.5033928,-0.08829446
TEST_06697,3.777609,-0.054491743,0.5215239
TEST_06698,3.1467476,-0.4516102,1.2629634
TEST_06699,3.958908,-0.47441626,1.1525337
TEST_06700,2.3563094,0.007461315,-0.24378425
TEST_06701,2.7465875,0.10716492,0.86097556
TEST_06702,1.2722517,0.0031179308,0.42862836
TEST_06703,3.0957284,-0.09464249,-0.40604976
TEST_06704,2.7476645,-0.17021891,0.20961322
TEST_06705,5.2882004,0.31680745,-0.46264747
TEST_06706,1.8997904,-0.12697469,0.2131093
TEST_06707,3.2741127,0.5166231,0.4950749
TEST_06708,2.5493853,0.42905447,0.2253695
TEST_06709,4.4968605,-0.7294643,0.041940555
TEST_06710,4.1370144,-0.03326072,-0.5293329
TEST_06711,1.9907423,-0.9592753,0.1316565
TEST_06712,1.9745256,1.2098455,-0.87788904
TEST_06713,2.6950014,-0.035495266,-0.2554781
TEST_06714,1.2681786,0.16626333,0.039279874
TEST_06715,1.0613533,0.097083315,0.2556769
TEST_06716,1.4450191,-0.32543665,-0.21327248
TEST_06717,1.2336262,-0.28707668,-0.1754231
TEST_06718,1.395486,-0.5968781,-0.27348596
TEST_06719,5.3843446,0.7288084,-0.0974852
TEST_06720,2.5955987,-0.5783499,0.41372097
TEST_06721,4.681699,0.7083995,-0.04611499
TEST_06722,4.6639585,1.392338,-0.5070352
TEST_06723,1.7232401,-0.12131917,-0.09553245
TEST_06724,1.5244986,0.52588195,-0.27182958
TEST_06725,1.3056492,0.63892704,0.36079502
TEST_06726,5.240276,-0.42629933,-0.24652582
TEST_06727,3.0131462,0.38952938,0.46891728
TEST_06728,5.5948315,-1.6168256,-0.89029765
TEST_06729,2.3580174,-0.26879027,0.005518877
TEST_06730,2.863973,0.59593487,-0.15690878
TEST_06731,1.230659,0.0942578,0.1981952
TEST_06732,4.2042193,0.11340918,0.3703533
TEST_06733,3.0631864,-0.35103056,0.54515773
TEST_06734,2.4168437,-0.2601779,0.3097987
TEST_06735,0.91302836,0.24879102,0.03735686
TEST_06736,1.6845297,0.10788301,0.42770928
TEST_06737,3.4717808,0.22143719,0.76151377
TEST_06738,5.4367695,1.1792475,-0.46163177
TEST_06739,2.5093727,1.3203021,0.065206476
TEST_06740,1.5511636,0.12426904,0.30895835
TEST_06741,1.2844149,0.027019273,0.20962739
TEST_06742,1.9623289,-0.2586115,-0.6751662
TEST_06743,2.963606,0.749306,-0.7490512
TEST_06744,2.3162897,0.1573622,-0.52254516
TEST_06745,4.522412,1.8106507,-0.4730444
TEST_06746,3.2410917,0.8553525,0.59034413
TEST_06747,4.695641,-0.4372946,0.02892669
TEST_06748,2.508703,0.4407576,-0.35205555
TEST_06749,3.5446193,-1.5794926,-1.1749765
TEST_06750,1.1638538,-0.25474197,-0.04903038
TEST_06751,1.205753,-0.9012034,-0.06661646
TEST_06752,2.7283568,1.4743946,0.6218033
TEST_06753,2.2636297,0.45483848,-0.40720013
TEST_06754,2.2871487,0.28774244,0.08870055
TEST_06755,1.8945769,-0.70380795,0.5083932
TEST_06756,3.147453,-0.7658071,-0.37587294
TEST_06757,2.127883,-0.039845515,-0.26184717
TEST_06758,3.3530154,-1.3530133,0.74127364
TEST_06759,4.560787,0.20035985,0.8932719
TEST_06760,3.0904443,-1.5649216,-0.5767662
TEST_06761,4.287126,0.87255657,-0.7354572
TEST_06762,3.9856634,-1.5411813,-0.93942976
TEST_06763,1.5552605,0.13213572,0.69801986
TEST_06764,1.7673103,-0.00033433735,-0.045623675
TEST_06765,1.4609184,-0.073357,-0.33628082
TEST_06766,3.6830869,-0.74426633,-0.5808846
TEST_06767,3.7902088,1.3399183,-0.9333724
TEST_06768,4.87654,-1.6677907,-0.120795935
TEST_06769,2.4799886,-0.049110983,0.0039734654
TEST_06770,1.0776715,0.5948207,-0.24493775
TEST_06771,4.0996737,0.15874952,1.0852228
TEST_06772,4.721965,1.1067321,1.1016874
TEST_06773,1.3532255,0.42000693,0.35771856
TEST_06774,3.3184829,0.99406296,0.9388866
TEST_06775,2.8455577,0.5841149,-0.12545729
TEST_06776,2.2520041,0.26025406,-0.19880901
TEST_06777,1.4985,0.5004087,-0.35772213
TEST_06778,2.5530024,-0.21739626,0.13299835
TEST_06779,4.2675605,1.3077434,0.91503567
TEST_06780,1.4545094,0.1786147,-0.009787698
TEST_06781,3.0811849,-0.03541246,0.13097541
TEST_06782,2.2513025,-0.08787027,0.08254599
TEST_06783,3.867644,0.12448448,0.86943734
TEST_06784,3.1803277,-0.26128012,0.059047054
TEST_06785,2.3934307,-0.2804315,0.052921057
TEST_06786,2.5759335,0.04862559,-0.028162125
TEST_06787,4.5427756,0.80090624,-0.313409
TEST_06788,2.0053432,-0.61946374,-0.33907533
TEST_06789,4.667636,-1.1233346,-0.37366745
TEST_06790,1.6466014,0.12713245,0.5491998
TEST_06791,2.4154758,0.6609517,0.012094531
TEST_06792,3.2032454,-1.5683391,-0.8615804
TEST_06793,3.3556983,0.9948627,1.0587631
TEST_06794,2.3853786,0.3416841,-0.040964
TEST_06795,2.5265257,0.82515544,0.516105
TEST_06796,4.5210238,-1.626505,-0.41965324
TEST_06797,1.8426571,-0.4161133,0.52644616
TEST_06798,3.660663,-0.699786,0.97906345
TEST_06799,3.9479525,1.8126994,-0.42753166
TEST_06800,2.6021194,1.5514218,0.67139965
TEST_06801,4.463033,1.6661252,-0.035964206
TEST_06802,1.7651653,1.1467243,1.0695167
TEST_06803,1.9164858,0.76601815,-0.14712058
TEST_06804,2.2057736,-0.09055596,-0.122906506
TEST_06805,2.8756676,-0.36564437,0.7726094
TEST_06806,3.7862656,-0.4515823,0.26966926
TEST_06807,3.7583544,-1.4132736,-0.90210974
TEST_06808,5.6639276,0.11519474,0.11079729
TEST_06809,3.1716754,0.2143788,0.22023723
TEST_06810,2.750216,0.16006312,0.15041834
TEST_06811,2.4682584,-0.19769059,-0.16605474
TEST_06812,3.064343,-0.10415245,1.2113749
TEST_06813,2.553412,0.039137363,-0.3915066
TEST_06814,2.7780576,-0.018669073,0.6598092
TEST_06815,2.2963176,0.465759,-0.10482015
TEST_06816,2.98109,0.5126462,0.9184213
TEST_06817,2.501573,-0.73186773,1.3231752
TEST_06818,3.3868885,-0.93653834,1.1691799
TEST_06819,2.4009128,0.68685347,0.2893839
TEST_06820,2.388424,-0.36028987,-0.07707253
TEST_06821,3.0642846,-0.11033469,0.22094621
TEST_06822,1.494522,0.8142455,-0.057614807
TEST_06823,3.54389,0.41275606,0.8319862
TEST_06824,1.7085266,0.27527857,-0.15373158
TEST_06825,3.3556008,1.3883454,0.11718175
TEST_06826,1.419457,-0.13855746,0.46048212
TEST_06827,3.221473,0.1958004,0.4572498
TEST_06828,1.4001962,0.29107708,0.18266998
TEST_06829,3.7724469,-0.15216497,-0.9039446
TEST_06830,3.8982327,0.29814103,1.2332731
TEST_06831,2.7864494,0.9574308,-0.30437914
TEST_06832,3.4663792,0.22372808,0.5699889
TEST_06833,3.8184137,-1.0571319,1.2783875
TEST_06834,3.1318374,0.01924644,-0.5176736
TEST_06835,1.0075784,0.34328094,-0.033744078
TEST_06836,2.747602,0.17720525,-0.14088205
TEST_06837,0.99257076,-0.014286893,-0.13745475
TEST_06838,2.3786328,-1.1725914,-0.5486275
TEST_06839,3.895868,-0.539316,-1.0074362
TEST_06840,1.6383357,-0.31972867,0.30835003
TEST_06841,4.55092,-0.7594637,0.95984334
TEST_06842,2.0224504,0.020004442,0.08595433
TEST_06843,3.2163076,1.0271395,-0.7987295
TEST_06844,2.037228,-0.78155655,-0.5696444
TEST_06845,1.2362696,-0.47084588,-0.10024585
TEST_06846,5.0677023,0.6232602,-0.27626455
TEST_06847,4.0299997,-1.0908384,-0.7432561
TEST_06848,4.546684,-2.2619295,0.8214009
TEST_06849,3.3864284,-0.47071353,-0.31518248
TEST_06850,3.0947921,-0.052803993,-0.5702452
TEST_06851,1.137942,-0.3015206,-0.018438503
TEST_06852,3.4988377,0.0022327648,-0.84713507
TEST_06853,3.0177965,0.3316399,0.38220754
TEST_06854,1.6596653,1.2319391,-0.6375561
TEST_06855,1.7857643,0.13654797,0.4388201
TEST_06856,2.8261094,-0.05180284,0.743016
TEST_06857,1.9673785,-0.36742538,-0.11256185
TEST_06858,4.835395,1.1644876,1.415315
TEST_06859,1.2151083,-0.11937962,-0.12791522
TEST_06860,1.4569565,-0.21794742,-0.25008634
TEST_06861,1.2325854,-0.39597142,-0.110237435
TEST_06862,1.5413779,0.39988703,0.12572667
TEST_06863,1.213598,-0.35818803,0.50114536
TEST_06864,3.6862419,-0.5639111,-0.5805068
TEST_06865,5.2865973,-0.49502963,-0.15307981
TEST_06866,1.9360013,-0.43705305,-0.36306357
TEST_06867,3.9400458,-0.22244434,-0.09733178
TEST_06868,1.967642,0.45547292,0.3366714
TEST_06869,3.6236165,-0.75100607,1.3132904
TEST_06870,1.3362737,-0.64919126,-0.44541332
TEST_06871,2.71762,-1.2256669,0.4756349
TEST_06872,1.4793277,-0.7361301,0.138875
TEST_06873,3.6341584,-0.059277683,0.69776875
TEST_06874,2.5207164,0.4421588,0.67351276
TEST_06875,1.0023496,-0.12317263,-0.3372987
TEST_06876,4.203798,0.33300748,0.5888816
TEST_06877,2.660198,1.1781098,0.12382053
TEST_06878,2.573404,-0.41096437,0.44076735
TEST_06879,5.501997,0.33658606,2.1109548
TEST_06880,2.1067789,-0.47449446,0.10282835
TEST_06881,4.2982173,-0.039309055,-0.2588821
TEST_06882,4.340294,0.95947945,0.2185555
TEST_06883,3.5454962,-1.1937438,1.0620383
TEST_06884,2.754529,0.104544334,-0.5281997
TEST_06885,1.0197829,-0.33023387,0.17517582
TEST_06886,2.955924,-0.0862783,-0.3278289
TEST_06887,4.3830156,0.11568459,-0.33437485
TEST_06888,3.7733164,1.2793036,1.3572975
TEST_06889,4.5479436,-0.43238214,-1.0477296
TEST_06890,1.6526488,0.12222239,-0.11454412
TEST_06891,2.6269004,-0.14296207,-0.5919236
TEST_06892,4.7003217,-0.81953686,0.20832267
TEST_06893,2.8033452,-0.56809074,0.58531636
TEST_06894,1.6092768,0.104234695,-0.5080165
TEST_06895,3.9568791,0.5748272,-0.76274663
TEST_06896,3.447586,0.06839519,-0.31579334
TEST_06897,1.4597895,-0.39545706,-0.34167206
TEST_06898,5.060749,-0.38860482,-1.0487468
TEST_06899,3.8885775,-0.24688269,1.038267
TEST_06900,2.3012118,0.4053256,-0.6811138
TEST_06901,3.192556,0.062073387,0.4767933
TEST_06902,1.3101491,-0.5135376,0.31082633
TEST_06903,4.0850472,-0.63290256,1.0733839
TEST_06904,2.4603095,-0.4106783,-0.5086309
TEST_06905,4.914785,-1.2311281,1.668509
TEST_06906,2.1753273,0.09753865,-0.48997924
TEST_06907,2.3130057,-0.12796688,0.90699637
TEST_06908,2.9025564,0.13015547,0.027096048
TEST_06909,4.884603,0.44378775,-0.3254552
TEST_06910,1.9263045,-0.97269523,-0.49942052
TEST_06911,2.1484606,-1.1878246,-0.47191346
TEST_06912,1.4645543,0.91567606,0.47504243
TEST_06913,2.8189485,1.5238905,0.9629021
TEST_06914,1.7819922,-0.008910857,-0.16059077
TEST_06915,2.2933974,-0.1960858,-0.27408594
TEST_06916,4.2681127,0.68648416,0.7803434
TEST_06917,1.4015088,0.26532272,0.22326285
TEST_06918,2.8698878,0.7080273,-0.5773952
TEST_06919,3.256975,-0.77873534,1.9553132
TEST_06920,1.8300946,0.48795778,0.1812053
TEST_06921,1.1160231,0.28798214,0.06415072
TEST_06922,2.0516386,-1.0144527,0.06296325
TEST_06923,3.986984,-1.2060431,0.31305054
TEST_06924,2.0735557,-0.92337126,-0.55357367
TEST_06925,1.2527629,-0.3106948,-0.3052113
TEST_06926,1.5013149,0.700543,-0.027196147
TEST_06927,4.2155967,-0.3704688,0.9985926
TEST_06928,2.4169285,-0.2344383,1.3096915
TEST_06929,3.634451,0.4897471,-0.08656924
TEST_06930,2.2374628,0.28345245,0.4153571
TEST_06931,1.0346175,-0.425103,0.09718483
TEST_06932,3.247818,0.1464192,-0.10428722
TEST_06933,2.2594082,0.17680642,0.50611126
TEST_06934,2.9189205,-0.15195338,0.28149328
TEST_06935,1.9719223,0.32483602,0.24304144
TEST_06936,1.507602,0.54898036,0.45160714
TEST_06937,3.4703844,0.3457989,0.6887377
TEST_06938,4.638035,1.0876627,-0.21092282
TEST_06939,3.6636188,0.45010003,0.07461436
TEST_06940,1.1620338,0.18784489,-0.3503365
TEST_06941,2.8287675,-0.08738434,-1.0562959
TEST_06942,2.287075,-0.6592197,0.18740627
TEST_06943,3.9302118,-0.5508773,-0.1580098
TEST_06944,1.3106468,-0.4113109,-0.3339258
TEST_06945,1.7597873,0.41964516,0.4749739
TEST_06946,1.3843358,-0.040585928,0.6372499
TEST_06947,1.4949484,0.16393632,-0.16115928
TEST_06948,2.5052934,-0.49398747,0.3126642
TEST_06949,1.3832932,-0.2123888,-0.32868168
TEST_06950,2.7237163,-0.16937688,-0.027463565
TEST_06951,2.3148208,-0.1561819,0.6094638
TEST_06952,1.1261798,-0.43275318,0.32767802
TEST_06953,3.677698,0.7774236,0.08882163
TEST_06954,2.8812132,-0.6357161,-0.040142838
TEST_06955,2.2448318,-0.28347898,-0.011708856
TEST_06956,4.264163,1.4572246,1.0485446
TEST_06957,3.0310724,-1.0270686,-0.34747612
TEST_06958,1.2670355,0.2702216,-0.39800027
TEST_06959,2.0602748,0.77078295,-0.323415
TEST_06960,2.666515,-0.4629548,0.37572804
TEST_06961,3.0175192,0.17927237,-1.0138335
TEST_06962,0.88335943,0.05697094,0.48048347
TEST_06963,3.687488,0.27440298,0.37162519
TEST_06964,2.9788723,0.65806705,0.6832927
TEST_06965,2.1760502,-0.87189317,0.9103645
TEST_06966,4.9400597,-0.3466393,0.46614465
TEST_06967,1.3670752,0.35692137,-0.5509748
TEST_06968,4.19164,2.2169118,0.6497627
TEST_06969,1.2622837,0.29877135,-0.0033680433
TEST_06970,1.5992738,-0.3109202,0.38574445
TEST_06971,1.9291204,0.6147792,0.057456553
TEST_06972,0.9872222,0.55794954,0.3937384
TEST_06973,3.2279015,-0.45343906,0.01750743
TEST_06974,2.3913553,0.635,-0.87185866
TEST_06975,3.7164223,0.7835372,-0.6530978
TEST_06976,1.1944349,-0.6231348,-0.14227597
TEST_06977,1.3116953,0.4333997,0.16131887
TEST_06978,4.3549805,0.26019862,-0.1460644
TEST_06979,4.3517127,1.6333312,1.5082427
TEST_06980,1.2181329,-0.63889956,-0.45181856
TEST_06981,3.550135,-0.5241963,-0.09157921
TEST_06982,2.517959,0.5104754,-0.08694394
TEST_06983,3.003441,0.2181267,-0.6767469
TEST_06984,3.246936,-0.34514016,0.4531477
TEST_06985,2.1432662,-0.16261852,1.1667188
TEST_06986,2.2004907,0.37801498,0.1039146
TEST_06987,3.0488691,0.071171634,0.22599526
TEST_06988,2.9511611,1.1646765,0.15309384
TEST_06989,1.9315934,-1.195721,0.46529347
TEST_06990,1.0376444,-0.2826227,0.15567338
TEST_06991,1.9494107,-0.52447784,0.2701522
TEST_06992,1.9785879,-0.8518592,0.80312526
TEST_06993,2.6691477,-0.24534488,-0.4283169
TEST_06994,2.0122356,0.60126054,-0.004247032
TEST_06995,2.3580298,-0.61849207,-0.6844297
TEST_06996,2.1604133,-0.6740183,-0.44104224
TEST_06997,2.7882257,-0.4775621,0.5570031
TEST_06998,1.2462192,-0.21674713,0.21529613
TEST_06999,4.8829093,-1.180165,0.42408356
TEST_07000,2.4872663,0.6089733,0.28047073
TEST_07001,2.4202046,1.5129443,0.27141806
TEST_07002,1.9612242,-1.3142731,0.30000696
TEST_07003,1.914426,1.2674978,0.5635624
TEST_07004,1.6154636,0.06422123,-0.19005038
TEST_07005,3.0092633,0.57130307,-0.24979226
TEST_07006,1.4389498,0.5369253,0.24799748
TEST_07007,5.1374583,1.6795588,-0.538725
TEST_07008,1.3384513,-0.75691015,0.5662379
TEST_07009,4.4355454,0.68712294,1.2637622
TEST_07010,1.4614607,0.2149786,0.36640465
TEST_07011,3.446704,0.1425038,-0.015261291
TEST_07012,3.3451052,0.20114478,0.03696064
TEST_07013,2.4929912,0.038538456,0.2195248
TEST_07014,2.6658,-0.18913633,0.49810928
TEST_07015,3.739095,0.9951013,-0.98173463
TEST_07016,1.7748871,-0.8709604,-0.70546407
TEST_07017,3.9493463,-1.5095177,-0.02755735
TEST_07018,4.0943184,1.6642541,-0.45976785
TEST_07019,2.272586,0.64698225,0.02192072
TEST_07020,1.6716621,0.12703514,-0.3542727
TEST_07021,1.0733255,-0.19273093,0.030519634
TEST_07022,1.9008209,0.5073745,0.24645326
TEST_07023,2.4705393,-0.7978237,0.2427982
TEST_07024,2.3152447,-0.19510423,0.4700914
TEST_07025,3.7338202,1.6468397,0.112478316
TEST_07026,2.9050894,0.35778302,-0.07222892
TEST_07027,2.0007617,0.6971321,-0.54929733
TEST_07028,2.9124055,-0.040437818,-0.07526091
TEST_07029,2.7442324,-1.4816309,0.040524025
TEST_07030,4.204519,-0.17763574,0.15024118
TEST_07031,2.5852873,-0.49456325,0.3369873
TEST_07032,3.4240701,1.4303042,0.34206206
TEST_07033,1.3195186,-0.6606242,-0.3099463
TEST_07034,1.8830929,-0.016902119,0.11535814
TEST_07035,2.2925496,-0.8906827,-0.48559687
TEST_07036,2.0769055,-0.22820048,-0.6537594
TEST_07037,2.6464725,0.048249625,0.35222235
TEST_07038,2.5486228,0.74039054,1.0946833
TEST_07039,6.1973343,0.3823446,2.3412104
TEST_07040,4.3861914,1.1129708,1.6892284
TEST_07041,1.6843647,0.6485219,0.49896246
TEST_07042,2.724986,0.40224132,1.1192684
TEST_07043,3.2402225,0.5382366,0.105603665
TEST_07044,3.3369534,0.153943,0.2619448
TEST_07045,1.3886875,0.18907084,-0.33798835
TEST_07046,3.155281,-0.45923012,0.48576134
TEST_07047,4.1277556,-1.0028147,1.1163195
TEST_07048,4.72304,-1.0503774,1.3436167
TEST_07049,3.027398,0.3563,0.3440209
TEST_07050,2.6225007,0.2614353,0.23957735
TEST_07051,1.6124496,-0.058493022,-0.34554178
TEST_07052,2.0561275,1.2747277,0.5739937
TEST_07053,3.022526,-0.38438085,-0.2861124
TEST_07054,3.5032172,-0.15216133,0.73549587
TEST_07055,1.5775152,0.25102738,-0.11488983
TEST_07056,2.1598341,-0.14979409,-0.08477813
TEST_07057,1.697354,0.27484724,-0.5349608
TEST_07058,5.3528275,1.0759729,1.2776996
TEST_07059,1.7873844,0.060550615,-0.016222851
TEST_07060,2.8903234,0.44415975,-0.4389158
TEST_07061,0.9681842,0.4170887,-0.16105461
TEST_07062,1.5595843,0.34444764,0.05015453
TEST_07063,3.2292252,0.7084682,0.91435546
TEST_07064,0.9056045,-0.2746882,-0.13598043
TEST_07065,2.1061761,-1.0629541,0.7524301
TEST_07066,2.8219426,0.059039623,-0.24062623
TEST_07067,3.644696,0.57548124,-1.0506756
TEST_07068,2.321028,1.2938981,-0.8530643
TEST_07069,1.4188865,0.36200902,0.38261968
TEST_07070,3.5549123,-1.4350598,0.5456113
TEST_07071,3.3857358,0.82272923,0.56741196
TEST_07072,2.4993598,0.1795398,0.102817215
TEST_07073,2.370435,0.35817614,-0.2694363
TEST_07074,2.3304145,0.55477303,-0.52498436
TEST_07075,2.1842144,-0.06520836,0.057137102
TEST_07076,1.4147133,-0.07077161,0.45110038
TEST_07077,1.6682572,0.12394644,0.33324188
TEST_07078,3.61704,-1.4889047,0.17703822
TEST_07079,4.7675633,0.17143826,0.6110354
TEST_07080,1.2450279,0.49693587,0.091629244
TEST_07081,2.6377752,0.18586157,-0.018484196
TEST_07082,3.2013423,-1.6461424,-0.22929099
TEST_07083,3.1714394,-1.48016,1.299722
TEST_07084,3.282738,-0.88435733,-0.7546331
TEST_07085,2.7916698,0.7057434,-0.037139617
TEST_07086,3.0615935,0.660077,0.39121112
TEST_07087,1.2530077,0.15468703,-0.034933757
TEST_07088,4.1062937,-1.9032068,0.58816123
TEST_07089,3.8926501,-0.20973033,0.06621558
TEST_07090,2.4471352,0.29765254,0.15878691
TEST_07091,2.9151118,-0.01732286,0.63511205
TEST_07092,4.882799,1.369248,1.3286095
TEST_07093,1.2858914,-0.15978497,0.15720169
TEST_07094,1.6882138,0.42809024,0.5847661
TEST_07095,1.224821,0.06420542,0.40143946
TEST_07096,2.361939,-0.8824392,0.7649997
TEST_07097,2.4178689,1.4598088,0.64230496
TEST_07098,2.0477068,1.4556135,0.70784366
TEST_07099,3.1642349,-1.6989478,-1.4270725
TEST_07100,1.160718,-0.3566533,0.18640645
TEST_07101,3.404792,-0.11624084,0.60328263
TEST_07102,1.2729189,-0.6353594,0.2850951
TEST_07103,1.6655219,-0.02749008,-0.041513216
TEST_07104,1.4548721,0.13624328,-0.008353925
TEST_07105,2.9658186,0.94725907,-0.63314945
TEST_07106,2.678263,-0.529893,0.6968128
TEST_07107,2.6593318,0.7838594,-0.7468233
TEST_07108,2.455484,-0.108362064,-0.047280937
TEST_07109,3.8973632,-0.9298646,-0.43492138
TEST_07110,3.5742428,-1.1071132,0.67218816
TEST_07111,1.5825562,0.63418305,-0.13458326
TEST_07112,3.2263286,0.8977943,0.004448179
TEST_07113,2.3780885,0.8328517,-0.23337471
TEST_07114,1.7350913,0.38287574,0.06960215
TEST_07115,1.2017667,-0.30756605,-0.120641485
TEST_07116,1.739934,0.10261729,0.21937688
TEST_07117,2.6248128,0.22171275,-0.7000876
TEST_07118,2.783287,-0.2160718,-0.49887186
TEST_07119,3.2584164,-1.8767776,-0.46885386
TEST_07120,2.0641072,-0.9907264,-0.65764993
TEST_07121,2.518323,-1.2743065,-0.7175808
TEST_07122,3.7102196,-1.2844136,-0.06508982
TEST_07123,1.4527441,-0.493103,0.26154456
TEST_07124,2.4944057,-0.16032846,0.6085037
TEST_07125,2.3846054,-0.53300047,0.2563036
TEST_07126,5.227636,0.61741066,0.38356027
TEST_07127,4.343292,0.64216256,0.006028628
TEST_07128,5.16546,0.88997847,-0.17328332
TEST_07129,1.7994462,0.06830497,0.3028238
TEST_07130,2.8695781,-0.3710492,-0.3977157
TEST_07131,1.8299224,0.33645177,0.04868405
TEST_07132,1.0454427,-0.25146398,0.28381497
TEST_07133,1.4916902,0.27259094,-0.11480127
TEST_07134,1.4894207,0.12534598,0.23000781
TEST_07135,2.0527325,-0.79107946,0.25205955
TEST_07136,2.3063078,-1.2358377,0.10484583
TEST_07137,4.275586,-1.6337856,-0.6825576
TEST_07138,2.8932202,0.6793748,0.2389409
TEST_07139,4.6504965,-0.17733896,1.2781582
TEST_07140,2.8177893,0.4045017,0.39661202
TEST_07141,2.8939533,-0.19365862,-0.9598726
TEST_07142,1.1362996,-0.23064889,0.23522957
TEST_07143,1.4125253,-0.16944976,0.2209911
TEST_07144,4.2145057,-0.7025326,0.19043061
TEST_07145,4.055388,0.70251006,0.9985231
TEST_07146,2.0750592,0.16568467,0.25204188
TEST_07147,4.752482,0.016799655,0.016626945
TEST_07148,3.4593976,-0.47806796,0.56877184
TEST_07149,3.024544,-1.2369606,0.5573864
TEST_07150,4.916402,0.58598024,-1.0289012
TEST_07151,1.5299138,0.53383476,0.14241926
TEST_07152,3.3307588,1.1116376,-0.27039272
TEST_07153,3.2903087,0.47413823,1.10493
TEST_07154,2.3418376,0.16591863,0.00662159
TEST_07155,1.3814267,0.26095456,-0.15364851
TEST_07156,2.9959433,0.8710708,0.5459097
TEST_07157,2.4437902,0.82289785,0.44914967
TEST_07158,2.7715242,0.089409366,1.1469917
TEST_07159,5.5749974,-1.0839257,2.247888
TEST_07160,2.1428819,-0.41611928,0.48921797
TEST_07161,3.3076737,0.3922192,1.0187622
TEST_07162,2.7749686,-1.6247026,1.1724828
TEST_07163,1.5278579,1.3788406,0.37999177
TEST_07164,2.3613024,0.22317246,0.0038256794
TEST_07165,1.6728148,-0.11355381,0.2015158
TEST_07166,1.6140107,-0.6392884,0.05285514
TEST_07167,1.843358,0.06804854,-0.22453639
TEST_07168,2.214479,0.6883576,0.8526208
TEST_07169,3.6677418,0.2769972,-0.018573852
TEST_07170,1.8398931,-0.17268994,-0.3557724
TEST_07171,3.8612185,-0.3060278,-0.7317602
TEST_07172,2.5930367,1.3834289,-0.18389794
TEST_07173,0.91460896,0.35236168,-0.043298487
TEST_07174,1.083445,-0.38436833,-0.12901537
TEST_07175,2.166584,0.0033903448,0.28513983
TEST_07176,1.1855929,0.06702965,0.4829836
TEST_07177,2.5840302,-0.04218915,0.9550304
TEST_07178,3.097373,-0.21086478,-0.9643781
TEST_07179,3.4120555,-1.5045663,0.48129547
TEST_07180,2.4500167,0.51382107,-0.79745734
TEST_07181,1.0451887,-0.031946067,0.23299937
TEST_07182,1.8274572,-0.1051688,0.10117848
TEST_07183,4.368651,0.08856264,0.5752019
TEST_07184,2.8723373,-0.13122094,0.01324689
TEST_07185,2.7205036,0.038375232,1.1916863
TEST_07186,2.6497147,0.3200174,-0.5037494
TEST_07187,4.1261187,-0.17909819,0.67700833
TEST_07188,2.419832,-0.670574,0.20497152
TEST_07189,4.3959584,-1.1549983,1.4064465
TEST_07190,3.9917533,-1.5864066,1.4697285
TEST_07191,2.514807,-0.51222277,-0.22083636
TEST_07192,3.69985,1.3494273,1.4696001
TEST_07193,2.6948705,1.2957153,0.86992174
TEST_07194,2.5328352,-0.1775655,-0.4311397
TEST_07195,2.080484,-0.70157635,0.3255514
TEST_07196,1.9269489,1.3295732,-0.30579767
TEST_07197,2.479868,0.28886667,-0.26650682
TEST_07198,3.6275969,-1.2515186,1.1864305
TEST_07199,3.5974252,-1.35277,0.9043961
TEST_07200,4.0822744,-0.06905012,0.58002466
TEST_07201,3.8081424,-0.55641645,1.1761231
TEST_07202,1.0196794,-0.34012362,0.4651224
TEST_07203,2.128605,1.4233617,0.08937337
TEST_07204,2.4175026,-0.5057699,-0.1584965
TEST_07205,2.7367425,0.93379533,-0.4066728
TEST_07206,3.6298356,0.23726273,-0.3437637
TEST_07207,2.1894526,-0.3769383,-0.6866448
TEST_07208,5.6694794,0.107002795,-0.40879452
TEST_07209,2.1251535,-0.671771,0.005554868
TEST_07210,2.697297,0.5024637,0.07907074
TEST_07211,4.43571,-0.4590822,0.07914394
TEST_07212,0.88071287,-0.49939272,-0.26138034
TEST_07213,1.5310737,0.23754969,0.079103306
TEST_07214,1.8391608,-1.3280543,0.40599203
TEST_07215,4.062584,1.2247236,-1.3461617
TEST_07216,1.8583223,0.05421787,-1.0283157
TEST_07217,3.2290154,-0.24046744,0.9498082
TEST_07218,1.2779242,0.7833807,-0.46570665
TEST_07219,2.2131302,-0.9247707,-0.24456131
TEST_07220,1.8779498,-0.64912874,-0.030501176
TEST_07221,3.4019725,-0.27436355,-1.1447494
TEST_07222,1.339912,0.50978094,-0.12840034
TEST_07223,3.9705377,-0.3218611,0.5711743
TEST_07224,2.8006213,0.46889824,0.9879639
TEST_07225,3.5630484,0.819002,0.73816466
TEST_07226,3.3791964,0.733841,-0.10664876
TEST_07227,4.435522,-0.35016152,-0.08988036
TEST_07228,2.1907501,0.6388208,0.12068959
TEST_07229,2.9164343,-1.2609786,-0.85506624
TEST_07230,2.9131517,0.18684277,-0.60520405
TEST_07231,1.9163169,0.31641412,-0.06861958
TEST_07232,3.3552594,-1.084265,1.594166
TEST_07233,2.7726467,0.40621483,1.0001233
TEST_07234,1.9690065,0.3870201,0.278101
TEST_07235,2.0016742,-0.7181999,0.3706575
TEST_07236,2.8300576,-1.1427395,-0.46948528
TEST_07237,2.6571226,0.42952752,0.5269231
TEST_07238,3.6350572,0.8337052,-0.20913456
TEST_07239,4.3133273,1.5537086,-0.908798
TEST_07240,2.4965677,-1.8463432,-0.9775107
TEST_07241,4.204063,1.506554,0.7413399
TEST_07242,2.8203857,-1.0334125,-0.8418186
TEST_07243,3.9799747,0.2921351,0.2483718
TEST_07244,3.2358053,0.049075007,0.6169794
TEST_07245,2.365267,-0.04672369,-0.7390406
TEST_07246,4.701374,0.43803498,-0.9265367
TEST_07247,1.4624842,-0.09875783,-0.24355163
TEST_07248,1.7787453,0.6621565,0.116912685
TEST_07249,3.5498476,0.5446127,0.13232245
TEST_07250,1.820162,0.43935904,-0.1456039
TEST_07251,1.5437224,-0.056408543,0.26625913
TEST_07252,2.475414,-1.3316063,-0.73179024
TEST_07253,1.0787137,0.09518799,0.13441274
TEST_07254,3.7017076,1.2317978,-0.38713357
TEST_07255,2.202792,-0.90165985,-0.058911666
TEST_07256,3.2343154,0.67436916,-0.5180866
TEST_07257,3.847166,0.8261776,2.0235152
TEST_07258,4.101081,0.5870619,-0.36042845
TEST_07259,1.1736062,-0.19300382,-0.46169883
TEST_07260,3.0383618,0.6046699,0.50556034
TEST_07261,2.8324723,0.01784556,0.28809932
TEST_07262,1.8283272,-0.13132483,-0.33003297
TEST_07263,3.089319,-1.0535573,0.5617469
TEST_07264,2.7141178,0.04300699,0.2644872
TEST_07265,2.0216851,0.04975547,-0.4478322
TEST_07266,1.909447,-0.055031195,-0.44022337
TEST_07267,2.0143144,0.35840473,-0.030791467
TEST_07268,2.669104,0.7521596,0.59244645
TEST_07269,4.8048964,0.24645346,1.2247851
TEST_07270,1.8022058,-0.22375338,-0.22309548
TEST_07271,2.1305196,-0.41954827,-0.14697789
TEST_07272,1.1749071,0.39499155,-0.51002043
TEST_07273,1.9300549,-0.4844905,-0.440448
TEST_07274,3.6098218,0.3655753,-0.49868065
TEST_07275,1.9546912,-0.85776997,0.3337414
TEST_07276,1.3862486,0.9130592,0.459289
TEST_07277,2.1992745,0.11607733,0.66826284
TEST_07278,2.8538897,0.86761147,1.1076361
TEST_07279,5.2833805,-1.3973007,-0.52934897
TEST_07280,1.5295141,0.340177,-0.0064868694
TEST_07281,4.8464246,-0.36510524,0.5452421
TEST_07282,2.13079,0.3131926,-0.6641515
TEST_07283,1.0473137,0.70722324,-0.122400396
TEST_07284,2.6368096,-0.36132428,0.08346335
TEST_07285,1.7744765,0.34933084,0.17259547
TEST_07286,2.0555089,0.45479825,-0.41403762
TEST_07287,4.7442985,1.5240448,-0.89975995
TEST_07288,5.9847536,-0.96238256,1.6811692
TEST_07289,3.8368711,0.3113251,1.1552318
TEST_07290,2.0306911,0.1941327,0.4212932
TEST_07291,3.9155512,0.38561088,0.9573652
TEST_07292,5.0130305,0.40690914,-0.76840967
TEST_07293,2.8262382,0.11147781,0.1701596
TEST_07294,1.7814578,1.1495771,0.34142885
TEST_07295,2.7125726,0.3909292,-0.30834702
TEST_07296,2.5475366,0.5897162,-0.6594472
TEST_07297,3.6750631,-0.33814135,0.380772
TEST_07298,5.7769685,1.5321391,1.7842035
TEST_07299,1.3707943,-0.22347513,-0.17919084
TEST_07300,1.958102,0.3333602,0.50419027
TEST_07301,1.093539,-0.030945249,0.3198501
TEST_07302,1.5733935,0.16382179,-0.07853457
TEST_07303,1.854844,-0.1381749,0.56339586
TEST_07304,1.1584244,-0.22891802,0.29771537
TEST_07305,3.2352188,-1.4233141,1.9569374
TEST_07306,2.0020454,0.274708,-0.17260177
TEST_07307,3.0518882,-0.44305408,-0.937287
TEST_07308,3.219944,0.30950567,-0.03470545
TEST_07309,4.473163,-1.2772042,1.2770503
TEST_07310,3.7833967,0.34469616,-0.5471965
TEST_07311,2.197048,0.82056886,-0.5357966
TEST_07312,2.9170358,-0.7913429,-0.9067524
TEST_07313,2.2176394,-0.42190605,0.22682846
TEST_07314,1.5907359,-0.3395128,0.089373834
TEST_07315,0.88948715,0.1389372,-0.1467733
TEST_07316,2.1156058,-0.62129647,0.04763452
TEST_07317,1.9124179,-0.6769312,0.4094419
TEST_07318,1.9694752,-0.8049394,-0.3070755
TEST_07319,5.700084,0.58862215,0.52868193
TEST_07320,3.6633725,-1.3249375,-0.6529733
TEST_07321,3.1076543,0.22465518,-0.31167483
TEST_07322,3.5415084,-1.801315,0.691368
TEST_07323,2.5653372,-0.9392221,0.9601238
TEST_07324,1.6891146,0.10732449,0.1431169
TEST_07325,1.3524559,0.33047676,0.2661294
TEST_07326,3.1565845,0.40729794,0.6044844
TEST_07327,2.3952146,1.2519885,0.25858057
TEST_07328,4.5055013,-0.16272105,-0.92350143
TEST_07329,4.1085467,0.031063536,-0.30458006
TEST_07330,1.3624057,0.12876764,0.29748252
TEST_07331,2.8684435,0.2871543,0.24790828
TEST_07332,2.6594977,1.6239395,-0.79838055
TEST_07333,1.9667302,-0.26960802,0.3148105
TEST_07334,2.3076875,0.23897998,0.86084664
TEST_07335,3.6210115,0.79734266,0.39344543
TEST_07336,2.1275852,-0.061499003,-0.2046215
TEST_07337,2.0731804,0.25321698,-0.2455015
TEST_07338,1.7432045,1.2979751,0.3060179
TEST_07339,3.1542282,-0.824587,1.0080197
TEST_07340,1.662157,0.24811508,-0.16274789
TEST_07341,1.121448,-0.53511417,0.08515164
TEST_07342,2.012576,-0.8439653,-0.7637627
TEST_07343,1.3462455,0.07631831,-0.36020452
TEST_07344,3.2838676,0.1556454,0.09010762
TEST_07345,3.1457727,0.018795362,0.016931979
TEST_07346,1.690584,-0.7448667,0.41407162
TEST_07347,3.0330274,0.2171167,0.9131144
TEST_07348,1.6615746,0.17547522,0.12231716
TEST_07349,2.4623802,-1.4129759,0.61078876
TEST_07350,4.4781485,-0.22017364,0.80036014
TEST_07351,1.5612407,0.5459025,0.24649733
TEST_07352,1.197519,-0.47834426,-0.36587304
TEST_07353,1.9885917,-0.0919438,0.33551002
TEST_07354,3.0137672,-0.43964893,0.07316284
TEST_07355,1.7100866,0.04416303,0.1314462
TEST_07356,1.9219403,-0.36541447,0.05313621
TEST_07357,2.486194,-0.49899173,0.35726526
TEST_07358,1.888492,0.18669476,0.34109527
TEST_07359,5.798329,-0.9204833,0.7827429
TEST_07360,2.719792,1.2510582,-0.15424505
TEST_07361,2.3746612,1.432206,-0.71956384
TEST_07362,0.85461754,0.51418775,0.32036895
TEST_07363,3.4495723,0.7219263,-0.09173547
TEST_07364,2.354851,-0.34686404,0.502949
TEST_07365,2.6650107,-0.8251969,-0.471825
TEST_07366,4.432344,-1.1643317,1.1055416
TEST_07367,3.2282126,-1.5146276,0.095626116
TEST_07368,1.9650897,-0.34678513,-0.25005892
TEST_07369,1.7081734,-0.4549349,-0.17170462
TEST_07370,1.988132,0.29288304,-0.05356283
TEST_07371,2.3191361,0.19133702,0.18293108
TEST_07372,3.499937,1.2859194,-1.3060695
TEST_07373,1.392715,-0.5820371,0.36243567
TEST_07374,2.751538,1.4918393,-0.10036787
TEST_07375,3.4308572,0.87684214,0.4649937
TEST_07376,1.8414536,-0.053409655,-0.69793326
TEST_07377,1.446839,0.37092987,0.80840456
TEST_07378,1.2782584,0.71834075,-0.21245359
TEST_07379,4.324798,1.5221827,1.3678755
TEST_07380,1.8545318,0.32724983,-0.3056447
TEST_07381,2.410089,0.27031824,0.11410279
TEST_07382,1.6155372,0.03406575,0.10921542
TEST_07383,2.0374844,0.5477074,0.08899143
TEST_07384,2.6653147,-0.32464057,-0.81163573
TEST_07385,3.373835,-0.2941408,0.2799249
TEST_07386,2.6823263,-0.15250829,-0.9065825
TEST_07387,2.2909212,-0.0800962,-0.68775594
TEST_07388,1.9007108,-0.0187238,0.2300075
TEST_07389,1.2888186,-0.5903757,-0.6717603
TEST_07390,3.8965375,0.88984174,-0.796451
TEST_07391,2.1828923,-0.60974175,-0.25383627
TEST_07392,2.2361748,0.32538277,0.041379493
TEST_07393,2.5256798,0.0010638516,-0.20135367
TEST_07394,1.7169013,-0.36043844,-0.2654262
TEST_07395,1.5328485,0.43445387,0.12493757
TEST_07396,2.67749,1.1137112,0.7231914
TEST_07397,3.0174978,0.16712578,0.55201495
TEST_07398,3.5913095,1.8054507,0.56426036
TEST_07399,5.486908,-0.7613519,0.7918906
TEST_07400,4.2214937,1.7437419,0.9280065
TEST_07401,1.3112491,1.0031481,-0.19506013
TEST_07402,2.3746436,1.148964,-0.429745
TEST_07403,2.5718422,0.2881077,0.9170116
TEST_07404,1.1634367,0.25829136,-0.10368512
TEST_07405,2.1162205,-0.0850801,0.28573248
TEST_07406,4.394974,1.1895381,1.18802
TEST_07407,4.641413,-0.90647984,0.89999247
TEST_07408,5.6406417,0.9824772,0.41488707
TEST_07409,2.6092334,-0.1878657,0.06864624
TEST_07410,2.9423146,-0.30592388,-0.25579938
TEST_07411,2.429483,-0.073353976,0.55978614
TEST_07412,2.8617666,0.48121858,-0.41795582
TEST_07413,1.0636625,0.22051692,0.18423742
TEST_07414,1.2166903,-0.68840367,-0.2536073
TEST_07415,2.1701665,-0.7020794,-0.08059324
TEST_07416,2.5361052,-1.1264617,0.33543852
TEST_07417,3.257092,-0.3036147,0.9907811
TEST_07418,1.8758742,1.1433386,-0.9054925
TEST_07419,3.4195287,-1.5187067,0.9648762
TEST_07420,2.3643413,-0.8982906,-0.118996195
TEST_07421,3.103861,-0.04913371,0.12836656
TEST_07422,1.479784,-0.1997413,0.10006013
TEST_07423,1.3835155,-0.005957268,0.47278634
TEST_07424,1.9964631,0.2837909,0.8778027
TEST_07425,4.2015862,0.017436389,1.5114174
TEST_07426,2.5376341,-0.27936384,-0.13305908
TEST_07427,2.2454689,-0.24762751,0.061093457
TEST_07428,2.934097,-0.04529676,0.036385834
TEST_07429,0.7967485,0.23313479,-0.014972494
TEST_07430,2.6826658,-0.57729876,0.88706505
TEST_07431,1.9099689,-0.95984846,0.021460753
TEST_07432,2.0115194,-0.1503996,-0.31718022
TEST_07433,3.0924802,-0.06617223,0.5717171
TEST_07434,2.0354745,-0.6484503,0.30032548
TEST_07435,2.018276,0.13645506,0.11354365
TEST_07436,1.2616366,0.25428343,0.1263807
TEST_07437,2.6439862,0.5736061,0.16422473
TEST_07438,3.4898844,-1.7699953,0.22925122
TEST_07439,3.7917187,-0.29236892,-0.7417808
TEST_07440,2.4366064,-1.553371,-0.43018085
TEST_07441,4.528545,0.7904666,-1.006385
TEST_07442,1.9471161,-1.4734936,0.63933
TEST_07443,3.458999,1.5176888,-0.4252046
TEST_07444,1.7971878,-0.13820828,0.5393437
TEST_07445,1.3153886,0.5156002,0.32804543
TEST_07446,4.1257777,0.77833474,0.84263974
TEST_07447,4.397283,-0.74429566,-0.007716212
TEST_07448,4.709045,1.3374329,1.0268759
TEST_07449,4.1101522,0.2544507,0.8589497
TEST_07450,1.6906576,0.028056342,-0.32686934
TEST_07451,4.314006,-0.353935,-0.9116024
TEST_07452,4.3935604,1.1858137,1.3772731
TEST_07453,3.0917137,-0.41714707,0.15828653
TEST_07454,2.1809525,0.77380526,0.18663742
TEST_07455,3.0243506,0.93175554,-0.033398814
TEST_07456,2.8219147,1.0237073,1.5942315
TEST_07457,1.4577007,-0.45857713,-0.051591422
TEST_07458,2.9827962,-0.25257993,-0.9495443
TEST_07459,2.910171,0.40521,0.04924845
TEST_07460,1.5912805,-0.31291682,0.28125232
TEST_07461,2.7678797,-0.47155887,-0.88109756
TEST_07462,1.8595779,-0.49484372,-0.3207604
TEST_07463,2.3721855,-0.58438647,-0.085705414
TEST_07464,2.0068326,0.11151039,-0.001360797
TEST_07465,1.3102175,0.31736583,-0.37341505
TEST_07466,1.9640099,-0.096801534,0.37728566
TEST_07467,3.4108145,0.5020395,0.5157085
TEST_07468,2.118939,0.09821836,0.5451982
TEST_07469,4.389438,-0.15006506,0.99198973
TEST_07470,1.5026757,-0.04020007,0.421304
TEST_07471,1.654446,-0.7097381,0.01486841
TEST_07472,2.7434528,-1.0197686,-0.18080842
TEST_07473,4.2231417,0.26533496,-0.39156976
TEST_07474,2.480762,0.28140748,0.087334976
TEST_07475,1.5050058,0.4372553,-0.024720866
TEST_07476,2.5147827,0.7532666,0.69169015
TEST_07477,3.042466,0.33193713,-0.09447464
TEST_07478,2.2376263,-1.1816478,-0.21156223
TEST_07479,5.6055794,-0.2812203,-0.29290026
TEST_07480,4.271189,1.9190165,-0.8939882
TEST_07481,4.2557244,-1.2066307,0.41024023
TEST_07482,1.0164224,0.026901037,0.52074033
TEST_07483,3.8724923,-0.3711247,1.1367292
TEST_07484,3.0224276,0.04774488,1.3788832
TEST_07485,1.4223579,0.1438865,-0.40627325
TEST_07486,3.4161563,-0.4612979,0.6598187
TEST_07487,4.3940673,0.84537005,0.538258
TEST_07488,4.2587037,-2.1203215,-0.1692728
TEST_07489,3.6401536,0.4961256,0.8981502
TEST_07490,1.3331238,-0.54691386,-0.27355707
TEST_07491,2.7510536,-0.6208728,-0.9949378
TEST_07492,4.6190886,0.18162571,-0.56303054
TEST_07493,2.1244822,0.12522708,-0.15726285
TEST_07494,1.6123624,0.5194721,0.38886583
TEST_07495,2.00962,-1.1359239,-0.13134003
TEST_07496,2.1547256,-0.41875392,1.01618
TEST_07497,3.9705818,-0.48769382,-0.3831926
TEST_07498,3.8895826,-1.3541228,0.020381542
TEST_07499,2.2698379,-0.027378805,-0.13979732
TEST_07500,1.3890452,-0.43535057,0.057318345
TEST_07501,3.5995245,-0.5861184,-0.81350875
TEST_07502,1.2034013,-0.39692283,-0.3590463
TEST_07503,1.5695251,0.35510945,-0.5046096
TEST_07504,4.345839,-0.07113639,1.226835
TEST_07505,5.122036,-0.4728776,-0.1861435
TEST_07506,2.0925813,-0.36770248,-0.96488875
TEST_07507,3.7474658,0.013385927,-0.22075473
TEST_07508,2.2376897,-0.30809543,0.32165632
TEST_07509,4.024068,-1.5820993,1.0816733
TEST_07510,2.4654431,-0.4699838,-0.76518476
TEST_07511,2.760499,-0.5641526,-0.42287445
TEST_07512,3.8008103,0.8115384,2.0963528
TEST_07513,2.413959,-0.88318723,0.19618994
TEST_07514,2.463456,0.25378254,0.047489405
TEST_07515,1.8196129,-0.07129121,0.31732586
TEST_07516,3.5667968,-0.03778455,-0.39451224
TEST_07517,3.0095463,-0.036882155,0.78622645
TEST_07518,2.6950736,1.3762935,-0.014313596
TEST_07519,5.6545615,0.53592414,0.061635233
TEST_07520,4.1601944,0.1974462,0.24297108
TEST_07521,3.1724286,2.0230556,0.63571984
TEST_07522,3.6610954,-0.029443055,0.18849173
TEST_07523,2.1679184,-1.1414541,0.36128807
TEST_07524,1.9520452,-0.46707207,-0.5680589
TEST_07525,2.0307107,-0.02755949,-0.64966387
TEST_07526,2.6471512,-0.7197455,-0.45591807
TEST_07527,4.081484,0.5007951,0.16948374
TEST_07528,4.939629,0.9956342,-0.87649065
TEST_07529,3.1239486,0.20670436,-0.16130613
TEST_07530,2.6200361,0.40383133,0.2235624
TEST_07531,3.508787,-0.67159164,-0.77492195
TEST_07532,3.5732818,-0.060823582,1.5927013
TEST_07533,1.097861,-0.16062184,0.100472294
TEST_07534,2.9990768,0.5800035,0.017652098
TEST_07535,1.7290988,-0.91648793,0.0431747
TEST_07536,2.3949473,-1.0076628,0.9339364
TEST_07537,2.2336717,0.65639377,0.051600415
TEST_07538,3.9852164,1.2865883,1.4477746
TEST_07539,2.4509022,0.2332314,-0.7815646
TEST_07540,2.7049613,-0.5473992,0.24883151
TEST_07541,2.7273452,-0.076975934,0.29172993
TEST_07542,1.495495,-0.20132078,0.2893329
TEST_07543,1.6041887,-0.84576416,0.0005637397
TEST_07544,3.200846,-0.14341031,0.09560339
TEST_07545,3.3020885,-0.1296926,1.0348481
TEST_07546,2.599789,0.17138614,0.011098093
TEST_07547,2.9326727,0.49082315,-0.49715224
TEST_07548,3.2395165,0.0850994,-0.13467887
TEST_07549,4.1545353,-1.3299967,0.2826326
TEST_07550,2.50511,-1.36621,-0.493738
TEST_07551,1.254383,-0.12586291,0.011195302
TEST_07552,3.3834436,1.6309408,-0.45956272
TEST_07553,3.619613,-1.9067968,-1.0595018
TEST_07554,1.8673589,-0.4773249,0.10758453
TEST_07555,1.8309906,-0.8683235,-0.66766584
TEST_07556,1.9846048,-0.35681796,0.21457301
TEST_07557,2.6451104,-0.9105212,0.046496976
TEST_07558,2.187426,-0.0017340239,-0.20734765
TEST_07559,4.89367,-0.3927512,-0.107197866
TEST_07560,4.3767414,-0.9377312,0.77698517
TEST_07561,4.691805,1.4885145,1.0342346
TEST_07562,2.2936025,-1.7173654,-0.7473972
TEST_07563,3.8861005,0.9028513,-1.3511201
TEST_07564,2.4563115,0.058864735,0.93816173
TEST_07565,1.240678,0.19212528,0.013802571
TEST_07566,4.839209,0.5856805,1.2097087
TEST_07567,3.1513164,-0.24102423,-0.62717223
TEST_07568,1.4396317,-0.80100083,0.34202164
TEST_07569,3.8963895,0.06780875,-0.6880259
TEST_07570,2.435955,-0.7303119,-1.0240072
TEST_07571,3.2752752,-0.29142496,0.4042889
TEST_07572,3.5115511,-0.8710519,-0.65308666
TEST_07573,2.2738547,0.084957026,-0.15957724
TEST_07574,2.1692603,1.0735518,-0.32133338
TEST_07575,3.9168117,0.7642553,-0.22945113
TEST_07576,1.6181827,0.68090755,0.40950653
TEST_07577,3.734077,-0.77885276,0.588985
TEST_07578,1.4079416,1.4033644,0.53307456
TEST_07579,3.8099966,-0.091747805,-0.7527844
TEST_07580,3.27727,-0.43544233,0.8516828
TEST_07581,0.935553,-0.29654482,-0.062054053
TEST_07582,1.3439404,0.5955258,-0.16737795
TEST_07583,4.389619,0.62481624,0.9075103
TEST_07584,0.9256988,0.3685522,0.015765797
TEST_07585,2.9243715,1.2242829,0.893451
TEST_07586,2.3159077,0.18558754,-0.46095634
TEST_07587,1.4637103,0.06220737,0.07445964
TEST_07588,3.0051756,0.18411037,-0.40657982
TEST_07589,3.7218513,-0.86148345,1.0261273
TEST_07590,3.0071476,0.9078398,0.4911076
TEST_07591,1.5313088,-0.97245294,-0.17552772
TEST_07592,2.9933627,1.4443942,1.3690532
TEST_07593,3.3470132,-0.54403484,0.872592
TEST_07594,2.2398705,0.35189903,-0.023380999
TEST_07595,2.3194206,0.55060023,0.6472913
TEST_07596,3.6151,-1.3532894,-0.47332567
TEST_07597,2.983257,-0.23264757,0.56718206
TEST_07598,2.9006667,-1.1658667,-0.48188773
TEST_07599,4.817974,0.6875294,0.2169101
TEST_07600,1.9674388,0.24837857,0.084015705
TEST_07601,2.8147078,-0.5546676,0.87424195
TEST_07602,3.3246217,-0.14879467,0.43776155
TEST_07603,2.807956,-0.6025358,-1.3260154
TEST_07604,1.4123082,0.16081549,-0.18014202
TEST_07605,2.3927455,0.4898758,-0.72467995
TEST_07606,2.1347919,0.13233177,-0.31994143
TEST_07607,4.7013383,0.86445534,1.1979505
TEST_07608,1.3876778,0.71671987,0.33796152
TEST_07609,2.1507318,0.7108092,0.13505955
TEST_07610,3.205492,-0.4764277,0.61171114
TEST_07611,1.3431975,0.10326304,0.21562758
TEST_07612,3.2089062,0.95868695,-1.1997159
TEST_07613,1.3969084,-0.39348692,-0.047675475
TEST_07614,3.6386592,0.89450127,0.31381524
TEST_07615,1.4967694,0.14988205,-0.01666835
TEST_07616,1.7158002,-0.5444594,-0.6523478
TEST_07617,3.039979,-0.58968973,0.7974343
TEST_07618,1.8656515,-0.9444974,-0.5409661
TEST_07619,3.3942394,-0.0593213,-0.045089033
TEST_07620,1.5612799,-0.11010528,0.38331047
TEST_07621,2.4212787,0.055920757,0.16019179
TEST_07622,2.0761023,-0.7746317,0.7411424
TEST_07623,2.371403,0.26440218,-0.56478435
TEST_07624,3.218336,-0.06351606,0.041886315
TEST_07625,1.5769417,0.85439014,-0.24847098
TEST_07626,3.576742,-0.6535238,-1.1459472
TEST_07627,2.1347568,-0.4238504,0.29065192
TEST_07628,2.6040902,-0.3914462,0.053367995
TEST_07629,4.5167804,-1.8725803,1.756163
TEST_07630,4.368275,0.4465979,1.6562288
TEST_07631,1.6214929,-0.12597223,-0.020693738
TEST_07632,1.9661208,-0.9120966,-0.1289293
TEST_07633,3.4252005,1.4805682,0.0833302
TEST_07634,3.1294107,0.51461875,-0.13915522
TEST_07635,1.3034742,-0.012184321,0.41994154
TEST_07636,4.7037883,-1.7180585,-0.3995636
TEST_07637,1.6408864,0.46316648,0.11413728
TEST_07638,1.5405447,-0.40662685,0.5646875
TEST_07639,5.111995,-0.9924345,-0.28944892
TEST_07640,1.336253,0.65975875,-0.18999025
TEST_07641,4.9430594,2.0561628,0.7380542
TEST_07642,2.525922,0.29559156,-0.4443872
TEST_07643,4.0850534,-0.9976832,-1.2932186
TEST_07644,2.047033,0.18416119,0.06331528
TEST_07645,0.8279946,-0.25317973,-0.12746164
TEST_07646,4.683254,1.1430444,-0.56794626
TEST_07647,4.692532,1.3352318,0.7562542
TEST_07648,1.9173733,-0.8471207,0.12006889
TEST_07649,4.53077,-0.4573115,-0.5850356
TEST_07650,0.809186,-0.15152763,-0.04474922
TEST_07651,1.7520692,0.3751968,-0.285535
TEST_07652,3.3900573,1.1388109,0.623643
TEST_07653,1.705031,-0.39253938,-0.041940596
TEST_07654,2.9639864,0.18009484,-0.65306985
TEST_07655,3.2716389,-0.17033197,-0.44530046
TEST_07656,1.4115713,0.22236092,0.41416988
TEST_07657,2.4672844,0.7283015,0.32136488
TEST_07658,3.713143,-0.45419562,-0.29422495
TEST_07659,3.2073476,-1.4842103,-1.2642673
TEST_07660,1.5896069,-0.4492558,0.2567159
TEST_07661,2.9582102,0.2924138,0.9075068
TEST_07662,1.9399469,-0.36938083,0.64796805
TEST_07663,1.2766905,-0.20664261,0.014404089
TEST_07664,2.7264998,0.271946,0.6337324
TEST_07665,5.4410253,-0.4149719,-0.60196185
TEST_07666,2.7367156,-0.10350259,-0.8359897
TEST_07667,2.2563233,-0.21910152,0.79608953
TEST_07668,1.6136863,-0.53175336,0.25556433
TEST_07669,2.2811294,-0.37129253,1.3499236
TEST_07670,4.5193753,0.6710243,0.7942147
TEST_07671,3.040941,0.42176542,-0.1430834
TEST_07672,1.8790989,-0.942969,0.15034267
TEST_07673,3.9709494,0.23448116,0.88285
TEST_07674,2.7773085,0.32972658,0.004474722
TEST_07675,2.3664672,-1.0806865,1.1023449
TEST_07676,3.912198,1.1248269,0.6098449
TEST_07677,2.4447792,-0.32002765,0.29678428
TEST_07678,1.7486987,-0.9219629,-0.9231248
TEST_07679,3.2474818,-1.0775598,-1.0545382
TEST_07680,1.9351699,1.7144705,-0.8031695
TEST_07681,2.7848072,1.3649132,-0.23246527
TEST_07682,3.0990703,0.8898139,1.2817732
TEST_07683,2.270184,1.3140867,0.38792878
TEST_07684,2.7889695,0.1555666,-0.0007372536
TEST_07685,2.7648416,-0.6156465,-0.781362
TEST_07686,1.4470543,-0.32923436,0.16268022
TEST_07687,4.8008966,-0.684471,0.8602903
TEST_07688,5.7177844,0.574858,-0.5491239
TEST_07689,1.695195,0.37022832,0.003571082
TEST_07690,1.8768278,0.17156743,-0.096417084
TEST_07691,1.5267079,-0.37874702,0.28562087
TEST_07692,2.563897,0.67316246,0.3916933
TEST_07693,2.0225084,0.16865598,0.20520487
TEST_07694,2.7827349,0.7381977,0.8217625
TEST_07695,3.4202473,0.49680507,-0.19584249
TEST_07696,1.6103274,-0.06839128,-0.6084002
TEST_07697,3.607129,-1.135541,1.9194113
TEST_07698,5.686703,1.2183517,-0.058529545
TEST_07699,4.433276,-1.7261871,0.12868518
TEST_07700,0.9613592,0.34833053,0.11672918
TEST_07701,3.479615,-0.09775099,0.3637777
TEST_07702,2.139193,-0.44468358,0.93321157
TEST_07703,3.4869769,-0.17614423,0.25246665
TEST_07704,3.5577157,-0.17248157,0.42179117
TEST_07705,1.1885295,-0.11270927,-0.15985209
TEST_07706,3.0567584,-0.3484246,-0.8917914
TEST_07707,2.1180212,-0.03294526,-0.5289916
TEST_07708,3.219452,-0.44016227,-0.13747582
TEST_07709,1.302339,-0.3515891,-0.43896177
TEST_07710,1.2701647,-0.30246067,-0.1156606
TEST_07711,2.0821204,-0.63672405,-0.37020653
TEST_07712,2.6704853,1.5157329,0.6804934
TEST_07713,3.2290323,0.1312421,0.28965828
TEST_07714,3.2616274,-0.20958927,-0.33769777
TEST_07715,1.1084733,-0.24753733,-0.11348056
TEST_07716,3.6450522,0.1628465,-0.58127993
TEST_07717,3.58283,0.8920992,0.6436072
TEST_07718,1.406783,0.9324184,0.5996001
TEST_07719,5.221636,0.5795625,0.8532177
TEST_07720,3.4018145,-0.31717154,0.7422366
TEST_07721,1.8154901,0.410559,-0.36129886
TEST_07722,3.6988976,-0.08904055,0.9667262
TEST_07723,3.2927933,-0.21223554,-6.8181194e-05
TEST_07724,2.2430172,-0.44212335,0.68962
TEST_07725,0.99080783,0.27077314,-0.047312267
TEST_07726,2.596791,-0.056479573,-0.27558544
TEST_07727,1.3542076,0.8319466,0.40591314
TEST_07728,1.0981485,-0.49954617,-0.2022602
TEST_07729,2.437749,-0.26721504,0.31132472
TEST_07730,2.6075747,0.6672041,0.74608237
TEST_07731,2.8828032,0.38601592,0.74640334
TEST_07732,0.8781073,0.019703247,0.0030489927
TEST_07733,1.9642285,-0.21062446,0.1168138
TEST_07734,1.4451404,0.64467955,0.6344388
TEST_07735,2.790389,0.66920877,-0.57208383
TEST_07736,3.1763005,-1.1224375,0.9129293
TEST_07737,1.555932,0.7629991,0.74375397
TEST_07738,2.46107,-1.2260365,-0.7856242
TEST_07739,2.9552286,-0.124866605,-0.7319771
TEST_07740,3.054826,0.28096643,0.15155698
TEST_07741,1.9749228,-0.32305962,-0.0412172
TEST_07742,1.421457,-0.65046686,-0.56406426
TEST_07743,3.82286,0.5975498,1.0318707
TEST_07744,4.0538597,-0.65960544,0.5666614
TEST_07745,2.0684621,1.4183416,1.1304331
TEST_07746,3.2639825,-0.5121605,-0.63065153
TEST_07747,3.469696,0.2515557,-0.81105536
TEST_07748,1.7550501,-0.38152933,0.058627315
TEST_07749,2.9501078,1.1111925,-0.84432465
TEST_07750,1.1377808,-0.20809731,0.22511657
TEST_07751,2.7818582,-0.53534365,-0.72478485
TEST_07752,3.2895095,0.46023914,-0.4119777
TEST_07753,3.42107,0.91656864,-0.9577262
TEST_07754,1.4505731,-0.12625197,0.09265898
TEST_07755,0.96101713,0.123724796,0.26463386
TEST_07756,4.377416,-0.29797742,1.1002244
TEST_07757,2.5077622,0.8827789,-0.3088967
TEST_07758,2.0221906,-0.24984276,0.4995259
TEST_07759,4.282224,1.846864,1.2544271
TEST_07760,4.6249914,-0.9298179,0.41871542
TEST_07761,2.76827,2.1700768,-0.11296105
TEST_07762,3.5377834,-0.052730303,-0.15651873
TEST_07763,3.5659034,1.2946854,-1.04613
TEST_07764,1.5508889,-0.07334882,0.035076164
TEST_07765,1.3780211,0.65312845,-0.16257209
TEST_07766,4.333285,0.9261659,0.3027154
TEST_07767,2.3369894,1.508952,-0.75305367
TEST_07768,4.84594,-1.6967058,-0.5744734
TEST_07769,2.9896712,0.3412296,0.31790146
TEST_07770,2.4542482,0.10320845,-0.14580838
TEST_07771,2.9476435,0.26899478,-0.43540716
TEST_07772,1.5566765,-1.0179626,0.577335
TEST_07773,2.828415,0.5677168,0.062149268
TEST_07774,1.0776216,0.35652256,0.26314935
TEST_07775,3.0596397,0.70650613,0.0056520663
TEST_07776,3.0185807,0.68418825,1.3597374
TEST_07777,1.6886516,0.8578264,-0.3084856
TEST_07778,3.4597766,-0.7984602,0.7097551
TEST_07779,3.5148098,-0.75261295,0.7064676
TEST_07780,3.1633008,-0.6785859,-0.63447905
TEST_07781,3.6862047,-0.121842116,-0.33509013
TEST_07782,1.475042,0.17749733,-0.069578566
TEST_07783,3.1644723,-0.12760961,0.1232315
TEST_07784,4.1316023,-0.20865428,-0.5763871
TEST_07785,5.480751,-1.6628296,1.476179
TEST_07786,1.686234,-0.3777367,0.12801044
TEST_07787,1.533769,0.0037808456,-0.20566142
TEST_07788,1.5387923,-0.61755973,-0.12946437
TEST_07789,1.9456955,0.24045219,-0.40838054
TEST_07790,2.7972753,1.5734845,0.032540172
TEST_07791,2.0009232,0.5394423,0.18336704
TEST_07792,3.071219,-0.74811643,0.652769
TEST_07793,2.5021508,0.025993466,-0.27804828
TEST_07794,1.9538989,-0.16211486,0.04982787
TEST_07795,0.9995465,0.4696107,-0.3841439
TEST_07796,1.5431774,-0.19480821,0.42005786
TEST_07797,3.1755388,0.440225,0.6853633
TEST_07798,3.041781,0.4108667,-0.17906752
TEST_07799,3.3684113,1.1242449,-1.4277984
TEST_07800,4.923229,-0.50191927,-1.2596259
TEST_07801,1.3390656,-0.054193005,-0.06314897
TEST_07802,0.930044,0.31472647,0.108693704
TEST_07803,2.2939749,-0.24250868,-0.76113904
TEST_07804,2.931143,0.18611896,-0.6052251
TEST_07805,2.3304195,-0.004245352,0.007338201
TEST_07806,1.1665107,-0.22323117,0.24802168
TEST_07807,4.234475,0.47840318,-0.8655884
TEST_07808,0.78994656,0.2155584,-0.0012411
TEST_07809,1.633025,0.33764213,0.10528863
TEST_07810,3.033933,0.04256566,0.14623389
TEST_07811,1.7895911,-0.14071538,-0.2357654
TEST_07812,4.5736127,0.99631023,-0.34890613
TEST_07813,2.2402396,0.06692933,-0.05686275
TEST_07814,2.655551,0.650621,-0.08455147
TEST_07815,1.267835,0.50277346,-0.09451458
TEST_07816,1.5963762,0.93384534,0.08224196
TEST_07817,3.2485015,-0.6655828,0.6350982
TEST_07818,4.090929,-1.1920679,-0.013264195
TEST_07819,1.4427797,0.5301412,-0.19665001
TEST_07820,1.6263733,-0.117935136,-0.302481
TEST_07821,1.4236015,-0.11072783,-0.36039776
TEST_07822,1.5908495,-0.25604847,0.010259986
TEST_07823,2.3530738,-0.17285863,0.6013538
TEST_07824,1.9959676,0.38695994,-0.47300634
TEST_07825,2.675764,-0.73524976,0.010011414
TEST_07826,3.1218581,0.44298717,-0.2709154
TEST_07827,3.0071683,0.50223935,0.10831397
TEST_07828,2.7723408,0.04720034,-0.0051115286
TEST_07829,1.4796631,-0.12373234,-0.2130356
TEST_07830,2.4791398,0.0808081,0.88832617
TEST_07831,1.5181491,1.2137358,-0.032198314
TEST_07832,1.06169,-0.24502298,-0.006562478
TEST_07833,3.8582635,-1.0191855,0.44827354
TEST_07834,3.644124,0.6321111,1.293476
TEST_07835,1.943931,-0.061613552,0.32044363
TEST_07836,3.13296,-1.421523,1.1310896
TEST_07837,2.191861,0.20441306,0.59700537
TEST_07838,3.039951,0.7167152,0.76953137
TEST_07839,3.6053736,-0.21887314,0.6089323
TEST_07840,3.5779495,-0.27122334,1.4293301
TEST_07841,4.763785,2.1289144,1.1959242
TEST_07842,1.4257964,-1.4725497,-0.584923
TEST_07843,1.3820627,-0.17173809,-0.72791326
TEST_07844,1.5514312,-0.7151841,0.25522202
TEST_07845,1.6965846,-0.43598023,-0.34968692
TEST_07846,4.8272038,0.61022985,0.7795179
TEST_07847,3.6085365,0.28257272,0.05044303
TEST_07848,5.4971547,-2.2365205,0.10400257
TEST_07849,1.924856,0.63825965,0.1899885
TEST_07850,1.6839116,0.37024143,-0.30492222
TEST_07851,1.3749081,0.2978632,0.1862662
TEST_07852,2.0556138,0.75820327,-0.020410998
TEST_07853,1.364586,0.102948375,-0.15429737
TEST_07854,2.4762616,-1.275386,0.5790829
TEST_07855,3.3036036,-0.70178205,0.8877506
TEST_07856,2.7961628,0.018675853,0.49940917
TEST_07857,2.323253,-0.007869057,0.15033181
TEST_07858,3.8119926,-1.5839257,0.73462415
TEST_07859,2.7795062,1.1609799,-0.15379778
TEST_07860,0.9022939,-0.13400729,0.43242264
TEST_07861,1.1961683,0.5446129,0.29107627
TEST_07862,2.0368176,0.7021635,0.5739995
TEST_07863,1.3625742,-0.32669008,-0.07008777
TEST_07864,3.218687,-0.25165987,-0.17774737
TEST_07865,1.098989,0.569332,0.56657195
TEST_07866,1.41356,0.018607648,-0.008005432
TEST_07867,1.1086138,0.11020621,0.09023289
TEST_07868,3.2256331,-0.8302765,-0.4900001
TEST_07869,0.98529416,0.61918527,-0.11909829
TEST_07870,3.1098056,-1.0217854,0.91432965
TEST_07871,1.8906043,-1.1926223,0.08242786
TEST_07872,1.7406895,-0.3481854,0.5197792
TEST_07873,3.7552469,-0.6650036,-0.165704
TEST_07874,3.095652,0.34305292,-0.35184157
TEST_07875,1.1019433,-0.18339154,0.057180572
TEST_07876,3.0587893,-1.4093707,1.1764249
TEST_07877,2.1895294,-0.50624716,0.28476936
TEST_07878,1.2368705,0.014730619,0.35457382
TEST_07879,4.490205,-0.84666777,1.7385362
TEST_07880,4.3668017,1.4993701,-1.0158904
TEST_07881,2.7248504,-2.37485,0.5809302
TEST_07882,3.1745908,-0.3568751,-0.006443711
TEST_07883,2.6369257,0.7503687,-0.44655448
TEST_07884,2.5231915,0.5092909,0.2885874
TEST_07885,1.9809877,-0.33879957,-0.52601534
TEST_07886,3.7478614,-0.4322334,-0.66753876
TEST_07887,3.0905027,0.23488078,-0.3161913
TEST_07888,1.999171,0.2063318,0.79999155
TEST_07889,2.9159775,-0.22363524,-0.28782612
TEST_07890,2.592631,-0.27807447,0.47122362
TEST_07891,3.7674341,-0.47619545,-0.41226345
TEST_07892,3.079321,0.43006766,1.2100949
TEST_07893,2.9707735,0.08078012,0.027305897
TEST_07894,2.7543807,1.4204422,0.26802695
TEST_07895,1.8996166,0.6875944,0.024423126
TEST_07896,1.9708893,0.10517776,0.39728463
TEST_07897,3.8608885,0.38387927,1.4954858
TEST_07898,2.8812397,-0.9286658,-1.0014181
TEST_07899,1.8916608,-0.5431046,0.6586202
TEST_07900,2.612069,-0.21813007,0.5320884
TEST_07901,1.5424379,-0.2794342,-0.20413637
TEST_07902,1.54718,0.006675631,0.28574094
TEST_07903,3.2813735,0.51973826,0.47423643
TEST_07904,3.4923685,-0.23501208,0.9269457
TEST_07905,4.210122,-0.9580172,1.3519131
TEST_07906,3.08479,-0.12608145,0.48113605
TEST_07907,2.9979014,0.87118936,-0.6981313
TEST_07908,2.6023817,-0.06649813,-0.12056204
TEST_07909,3.5937483,1.2248778,1.3696475
TEST_07910,4.2778053,-0.1000135,1.9356978
TEST_07911,2.9901948,0.2471545,-0.037907135
TEST_07912,1.1489122,0.4731921,-0.36120728
TEST_07913,1.6040725,-0.5462037,0.56919515
TEST_07914,3.007632,0.37779295,-0.59338355
TEST_07915,1.1104296,0.04967128,-0.30630568
TEST_07916,1.6605176,0.75696886,0.19343436
TEST_07917,3.0207832,-1.6546708,0.8271297
TEST_07918,2.4770038,1.1025711,-0.80296224
TEST_07919,3.5994403,-0.2482205,-1.4255354
TEST_07920,2.4873054,0.8916733,0.1325221
TEST_07921,3.6513374,0.5578998,0.002105223
TEST_07922,4.0806446,-0.109264754,-0.49211243
TEST_07923,4.2735543,-2.0847728,0.5942094
TEST_07924,2.8424177,0.45125443,0.4707793
TEST_07925,1.1864916,-0.312909,0.15527098
TEST_07926,4.6649923,-0.7401483,0.40398562
TEST_07927,2.1042876,-0.8438401,-0.08354874
TEST_07928,3.3525667,-2.1450028,-0.60298955
TEST_07929,3.9705005,0.25601605,-0.30237037
TEST_07930,2.4871776,0.26802143,-0.32820946
TEST_07931,2.7002103,0.21963313,0.1616959
TEST_07932,3.479768,-0.7648168,-0.70500636
TEST_07933,0.8665186,-0.20516224,0.00750605
TEST_07934,1.5647016,-0.29208207,0.25628653
TEST_07935,2.6578577,-0.15304098,0.08556138
TEST_07936,1.7093552,-0.8084903,0.10261842
TEST_07937,2.4213438,1.0586569,1.2617503
TEST_07938,3.1896663,1.511906,-0.1352475
TEST_07939,2.5672402,0.46643716,0.6184218
TEST_07940,2.0906014,-0.7472355,-0.40432572
TEST_07941,2.074699,0.32636434,0.13758343
TEST_07942,1.4032608,-0.286743,-0.44952163
TEST_07943,4.023888,0.47040418,-0.22476974
TEST_07944,1.9442122,0.43614206,0.880732
TEST_07945,5.7272754,-0.29761428,1.42582
TEST_07946,2.0337634,0.16408539,0.32754883
TEST_07947,3.7191567,-0.83663785,0.598177
TEST_07948,2.9519377,-1.055818,-0.0460599
TEST_07949,3.780429,0.67803335,0.17865291
TEST_07950,4.96356,-1.579274,-0.9325964
TEST_07951,1.2180917,-0.6372842,-0.09682429
TEST_07952,2.046903,0.8783736,0.2505377
TEST_07953,2.8448899,1.5390985,-0.6916606
TEST_07954,3.1475585,0.17697012,0.048919804
TEST_07955,1.4066191,0.2171228,0.24477796
TEST_07956,3.1834,-2.0228121,0.33522657
TEST_07957,1.7118912,0.011392519,0.15999222
TEST_07958,3.496131,0.094659254,0.022751
TEST_07959,6.084654,-0.6164861,1.5795949
TEST_07960,4.367005,0.72598314,0.9583708
TEST_07961,3.0989676,1.743468,1.1366172
TEST_07962,2.7412136,0.84579146,-0.55758905
TEST_07963,1.4152727,-0.14321357,-0.5632962
TEST_07964,2.3957465,0.48721004,0.61832696
TEST_07965,0.75889385,-0.060188,-0.28600323
TEST_07966,3.6602466,1.0668303,-0.91926986
TEST_07967,0.88602877,-0.45868817,0.34204528
TEST_07968,3.9660754,-0.6773833,0.21675646
TEST_07969,2.2219477,0.18873417,0.121895425
TEST_07970,2.202425,0.0038999543,-0.3732681
TEST_07971,4.531518,0.25447154,-0.48909628
TEST_07972,3.1792507,-1.6168549,-0.58072096
TEST_07973,2.9565537,-0.5166532,0.22026762
TEST_07974,2.3915348,0.38981456,-0.657949
TEST_07975,3.0793993,1.0691864,0.80782264
TEST_07976,2.6482332,-1.1832157,-0.017046597
TEST_07977,4.088621,0.4224214,-0.3480248
TEST_07978,4.629883,-0.7318263,-0.6240856
TEST_07979,3.031776,0.034396622,0.46999344
TEST_07980,2.2937527,0.7418542,0.40956753
TEST_07981,1.4686406,-0.007936174,-0.5862771
TEST_07982,1.9478772,0.54359657,0.6726114
TEST_07983,1.270664,-0.20272934,-0.4015749
TEST_07984,1.8776312,-0.17935759,-0.31144154
TEST_07985,4.839522,-0.95778835,1.7687769
TEST_07986,1.7882454,0.24333408,-0.69781893
TEST_07987,4.435014,0.9603676,-0.020159379
TEST_07988,2.2741592,0.5653878,-0.33669516
TEST_07989,1.2619072,-0.1462148,0.29961577
TEST_07990,3.509604,1.7247889,0.5246189
TEST_07991,1.096847,0.12664162,0.02378614
TEST_07992,3.3905337,1.4649918,1.3911787
TEST_07993,3.2778418,1.8888817,0.2523741
TEST_07994,3.446847,-0.12553951,0.5089801
TEST_07995,1.5976641,0.37684134,-0.4805993
TEST_07996,4.3645263,-0.1606431,0.07558469
TEST_07997,2.4264708,0.25748467,0.5487907
TEST_07998,1.4589963,0.7528995,0.43092185
TEST_07999,5.087779,1.5830134,2.0777447
TEST_08000,4.209296,1.8302432,-1.4081388
TEST_08001,2.11214,-1.604245,0.5380989
TEST_08002,3.95945,0.9889108,0.6328892
TEST_08003,3.444403,-0.6846992,0.09632838
TEST_08004,1.640478,0.24179476,0.08346684
TEST_08005,1.8342801,-0.6671757,-0.5716733
TEST_08006,4.9000554,0.19453238,-0.10096447
TEST_08007,2.7990575,1.4853157,0.22354454
TEST_08008,4.292191,0.35421976,0.6529223
TEST_08009,3.4784265,0.5724946,0.46486977
TEST_08010,2.1064162,-0.25349203,-0.047651563
TEST_08011,3.346509,0.09740923,0.1980246
TEST_08012,2.5137546,1.5298351,-0.7721986
TEST_08013,2.4563537,0.5352929,-0.3483321
TEST_08014,2.5925837,0.2853025,1.3868202
TEST_08015,2.6751015,-0.7361798,0.2629748
TEST_08016,1.7274216,1.2534415,-0.05692421
TEST_08017,3.1822295,-0.058996398,0.64092743
TEST_08018,3.4320278,-0.83201987,0.3432269
TEST_08019,4.642314,0.5435731,0.06549437
TEST_08020,1.9252789,0.043265928,0.35775942
TEST_08021,2.5262794,0.34946167,-0.37132016
TEST_08022,1.6878178,0.13826153,0.053609684
TEST_08023,2.4692163,0.123108946,-0.55277026
TEST_08024,3.0355666,0.36580738,0.73546106
TEST_08025,3.6698794,-0.07879539,0.102089025
TEST_08026,2.2094646,-0.17482685,-0.48269793
TEST_08027,3.2637613,-0.5190483,-0.56830794
TEST_08028,2.801618,0.51426804,0.25171578
TEST_08029,2.8455734,-1.2643938,0.7055071
TEST_08030,1.9596701,0.047926545,0.79027337
TEST_08031,2.9940648,1.0065055,-0.62396115
TEST_08032,1.8652513,-0.67361534,-0.40196338
TEST_08033,3.0007074,-1.0665947,0.63773096
TEST_08034,2.0469122,0.3773027,0.28974348
TEST_08035,1.9416747,-0.20436642,-0.23298033
TEST_08036,1.442753,0.46032828,0.50988203
TEST_08037,2.0828314,-0.2537483,0.5524472
TEST_08038,1.9752678,-1.0921953,0.5873047
TEST_08039,4.5671587,0.31675687,1.7321682
TEST_08040,2.5933113,-0.11120078,0.26847288
TEST_08041,1.9187834,-0.74902487,0.17341508
TEST_08042,1.6791549,-0.1464762,0.0035965396
TEST_08043,1.7673712,0.90382147,-0.8576246
TEST_08044,2.9733343,-0.4931298,0.95347965
TEST_08045,1.0208548,-0.030053541,0.12375557
TEST_08046,1.9911492,-0.016620614,0.07754037
TEST_08047,1.62549,-0.2648318,-0.10613201
TEST_08048,4.6905117,-1.0067074,1.2328104
TEST_08049,1.7932087,-0.10300929,-0.26057798
TEST_08050,2.1352515,0.23531762,0.0046092374
TEST_08051,1.4214013,0.6670145,-0.13204457
TEST_08052,3.5107882,-0.16655287,-0.3786685
TEST_08053,2.0905201,0.6170638,-0.32193387
TEST_08054,1.2611343,-0.36012292,0.09641643
TEST_08055,1.193113,-0.03534758,0.02499267
TEST_08056,3.1348398,0.39091358,0.31975082
TEST_08057,1.0854378,0.27758723,0.5026695
TEST_08058,1.8715982,-0.66446126,0.6957941
TEST_08059,1.8219917,0.28711483,-0.23994626
TEST_08060,1.4739952,-0.17665274,-0.42337808
TEST_08061,3.1178138,0.30014527,0.009983526
TEST_08062,1.8046726,-0.02649284,-0.0147822555
TEST_08063,3.744072,0.21717183,0.27782825
TEST_08064,3.215581,-0.09371417,0.1270332
TEST_08065,4.341927,-0.06335682,-0.47865835
TEST_08066,2.3170493,-0.28221923,-0.79833066
TEST_08067,2.7173154,0.11837538,-1.0200506
TEST_08068,2.4972718,-0.79019874,-0.12329242
TEST_08069,3.8970757,-1.1275431,-0.58441126
TEST_08070,3.7747269,-0.95590913,0.9372489
TEST_08071,1.5353265,0.06779718,-0.11287038
TEST_08072,2.6914687,0.54533243,0.1528334
TEST_08073,4.12352,0.19497044,-0.9712911
TEST_08074,2.56565,-0.40179095,0.38966596
TEST_08075,1.1027707,0.12707753,0.1434139
TEST_08076,4.671289,-0.9089331,-0.2680659
TEST_08077,1.5071698,-0.84901655,-0.5391987
TEST_08078,2.701829,-1.3371055,-0.1050527
TEST_08079,5.740717,0.7889607,0.1196079
TEST_08080,2.1873047,-1.6373726,-0.34327552
TEST_08081,4.816054,2.2451787,0.9288616
TEST_08082,4.5512066,-1.4960048,-0.67303145
TEST_08083,3.1936274,-0.7530566,-0.89778924
TEST_08084,3.4029403,1.2072014,1.7108274
TEST_08085,2.20322,0.8187274,0.04001086
TEST_08086,4.6285257,0.09562594,0.72748125
TEST_08087,1.1791487,-0.19944204,0.33710048
TEST_08088,3.4728174,-0.9128404,0.2242196
TEST_08089,1.8087599,0.107923806,0.20311527
TEST_08090,1.5239681,-0.40609667,-0.16520022
TEST_08091,2.9526815,0.25506574,-0.09106505
TEST_08092,3.5193117,-1.2347962,1.4935004
TEST_08093,2.0415835,0.43126565,-0.088317946
TEST_08094,3.450687,-0.07887566,-0.30504185
TEST_08095,1.5073507,0.45533013,-0.04722208
TEST_08096,3.5231252,-0.4122923,0.6701269
TEST_08097,3.1957238,-0.18009341,1.9076465
TEST_08098,4.5750585,0.8595638,-0.68926346
TEST_08099,1.3716146,-0.2657566,-0.12646493
TEST_08100,2.480355,0.48244816,0.21091947
TEST_08101,1.7796735,-0.16005546,0.36827457
TEST_08102,1.5246822,-0.018489383,-0.016442865
TEST_08103,4.4627357,0.24425493,0.6325922
TEST_08104,4.237741,-0.38688746,-0.23521909
TEST_08105,2.1410055,-1.5343598,-0.6100293
TEST_08106,3.1028101,0.38189578,-1.1580505
TEST_08107,2.8792396,-0.14556718,0.18919912
TEST_08108,3.368625,1.3801732,-0.23963925
TEST_08109,1.0651703,0.17569587,0.03561394
TEST_08110,4.837714,-1.387218,0.0036524495
TEST_08111,1.8514769,-0.980161,-0.1984623
TEST_08112,3.11416,-0.25002867,0.32212517
TEST_08113,2.1267393,-0.26761085,-0.6185033
TEST_08114,2.0200815,-0.109777585,-0.047165193
TEST_08115,1.0588361,0.56905514,0.51530623
TEST_08116,2.307383,0.9642002,-0.8343
TEST_08117,1.6664538,0.6023345,0.32092488
TEST_08118,3.803621,-0.9823503,-0.8970139
TEST_08119,3.7629488,-1.7730134,-0.9104876
TEST_08120,3.6211486,1.8066845,1.2103571
TEST_08121,3.1271725,-1.4875212,-0.826702
TEST_08122,4.132891,-0.58402944,-0.32140324
TEST_08123,2.2584183,1.3278131,-0.4820108
TEST_08124,3.0185738,-0.13496491,0.33188096
TEST_08125,2.350164,0.51733,-0.40773425
TEST_08126,1.0309443,-0.00036116992,0.3131378
TEST_08127,2.2829072,-0.013825659,0.69024354
TEST_08128,5.1211486,1.3087975,0.4704924
TEST_08129,2.9117775,-0.34225637,0.4115265
TEST_08130,1.5635915,-0.73180425,0.26892322
TEST_08131,1.2922053,0.24547361,0.3643153
TEST_08132,4.606371,-0.90318733,0.66311514
TEST_08133,2.473136,-0.045839153,0.23233698
TEST_08134,3.401435,1.0357927,0.15018895
TEST_08135,2.2153962,0.12631023,0.16985725
TEST_08136,3.1005778,-0.49005273,1.3463591
TEST_08137,3.5914967,-1.2743183,0.18285549
TEST_08138,1.6834637,1.8090304,0.7971641
TEST_08139,4.173962,0.42506889,-0.13756843
TEST_08140,2.1606936,-0.1957196,-0.00046456244
TEST_08141,2.1960957,-0.42728615,-0.29738554
TEST_08142,2.161132,0.5815024,-0.5960882
TEST_08143,3.8910177,0.2783745,-0.18443269
TEST_08144,3.117843,-0.34748343,-0.38484883
TEST_08145,2.3282013,0.050260797,0.020459928
TEST_08146,1.6473448,0.60830975,0.11851499
TEST_08147,3.221316,0.15447776,-0.43290824
TEST_08148,2.452068,0.60079473,0.32929975
TEST_08149,1.4617692,0.7926932,-0.60954165
TEST_08150,4.7873926,-0.022918677,0.7891
TEST_08151,2.8679113,-0.5315483,0.6417144
TEST_08152,3.3199291,1.1956782,-0.4587628
TEST_08153,3.5753372,-0.5757415,0.058478225
TEST_08154,2.6867204,0.016535465,0.64934736
TEST_08155,1.89576,0.7284619,0.81414104
TEST_08156,3.0196826,-1.1737955,1.2427529
TEST_08157,1.5778679,-0.4475055,0.25006652
TEST_08158,1.3217435,0.78241765,0.19361745
TEST_08159,4.907045,0.33275804,-0.97120464
TEST_08160,3.4233098,-0.46158206,0.031081477
TEST_08161,4.1017046,1.0080632,-0.0077383076
TEST_08162,3.0079107,-0.54352754,1.3962443
TEST_08163,1.6170763,0.0070518106,-0.15212785
TEST_08164,2.0623815,-0.42813453,0.025596831
TEST_08165,2.5673428,1.0007563,0.8267602
TEST_08166,2.5283806,1.0132298,-0.56488055
TEST_08167,2.5439172,0.7271685,0.0695018
TEST_08168,5.7196846,-0.39249712,1.0974832
TEST_08169,2.8086982,0.39613986,0.051126815
TEST_08170,2.1352036,-0.13379554,-0.044730764
TEST_08171,1.2501627,-0.17323701,0.14204445
TEST_08172,3.7570047,-0.04266396,1.132139
TEST_08173,2.403282,0.22578959,0.2910304
TEST_08174,2.4993136,0.26809096,0.3422897
TEST_08175,2.7633667,-0.9276751,-0.6059453
TEST_08176,1.1822348,0.50280446,-0.29023793
TEST_08177,3.973762,0.36509842,-0.45775196
TEST_08178,1.8455856,0.7348703,0.73711807
TEST_08179,3.3451705,0.028076328,0.25554124
TEST_08180,2.4352138,0.74534607,-0.417094
TEST_08181,1.3531636,-0.0033939146,-0.20610769
TEST_08182,2.086841,0.50571495,-0.051596083
TEST_08183,4.400013,0.0024553537,0.3533218
TEST_08184,3.7815278,-0.39478043,-0.74650896
TEST_08185,1.2074319,-0.59910464,0.41734707
TEST_08186,2.1952527,-0.25540143,-0.42340744
TEST_08187,3.8249834,-0.16901511,0.41011384
TEST_08188,2.8664694,-0.64879674,0.7052402
TEST_08189,3.715961,-0.13197137,0.061963987
TEST_08190,1.7822832,1.070756,-0.52016014
TEST_08191,1.7805277,-0.39389583,0.15498437
TEST_08192,1.6521851,0.7337748,0.45419824
TEST_08193,2.7459753,-0.19648302,0.683424
TEST_08194,2.9014874,0.60326976,-0.7254098
TEST_08195,1.2006598,-0.043166816,-0.010979237
TEST_08196,2.9980578,0.71990436,0.633382
TEST_08197,3.5707746,-1.9255995,-0.4576237
TEST_08198,2.5985034,1.293534,-0.7658686
TEST_08199,4.3429656,-1.3638752,0.8305647
TEST_08200,3.7174568,-0.13103458,0.045418303
TEST_08201,2.6538677,1.7298954,-0.39629892
TEST_08202,2.021625,0.007940769,0.8987101
TEST_08203,3.9520316,0.69326454,-0.59769666
TEST_08204,3.1882567,1.4159046,0.67584836
TEST_08205,1.1110739,0.0582956,0.23076247
TEST_08206,2.5982609,-0.6085659,0.42360574
TEST_08207,2.5603883,0.9597552,0.018320104
TEST_08208,1.9344326,1.2712028,0.9778254
TEST_08209,3.41114,0.4440796,0.63723606
TEST_08210,1.9104497,0.3982737,0.15036497
TEST_08211,1.6389581,0.21652237,0.30986455
TEST_08212,4.5771546,0.30456305,-0.9302014
TEST_08213,1.0454452,-0.1935726,0.14690775
TEST_08214,2.9889119,1.2082907,-0.26319516
TEST_08215,1.9746753,0.59354025,0.16950467
TEST_08216,0.8996169,-0.5586366,-0.21326917
TEST_08217,2.1192377,0.23866141,0.70144165
TEST_08218,4.5203924,-0.39828578,0.4763607
TEST_08219,3.0252461,0.48044434,0.9977289
TEST_08220,2.5901027,-0.046945333,-0.0060697794
TEST_08221,3.2527375,-0.09578915,-0.06553391
TEST_08222,2.2522476,0.35036424,0.08742664
TEST_08223,4.395595,-0.64881766,0.6379696
TEST_08224,3.11399,0.3141483,0.42781916
TEST_08225,4.7139525,-1.3573685,0.9104697
TEST_08226,1.4848337,0.06327653,-0.46892017
TEST_08227,2.077696,-0.38166583,0.008301578
TEST_08228,3.0226076,0.10938586,0.17718992
TEST_08229,3.9134285,0.18290615,0.7371273
TEST_08230,1.1348289,0.6224429,-0.049682748
TEST_08231,2.3599699,0.07332134,-0.11126459
TEST_08232,2.988236,-0.46791387,0.8415057
TEST_08233,3.8163664,-0.95376766,1.7751659
TEST_08234,1.3642713,-0.11744541,-0.24739456
TEST_08235,2.076792,-0.28450578,0.54939014
TEST_08236,3.8058126,0.64670473,0.82913995
TEST_08237,2.6600978,-0.63211507,0.6683183
TEST_08238,1.4013091,0.64656365,0.631024
TEST_08239,3.3677502,-0.46991235,-1.1106477
TEST_08240,4.016905,2.3476884,-1.2763404
TEST_08241,5.373877,2.182648,0.7342203
TEST_08242,2.8207223,1.1410401,-0.64807147
TEST_08243,1.7092913,-0.83982414,0.34442326
TEST_08244,1.9184062,-0.66497874,0.40753517
TEST_08245,1.6411731,0.20110568,0.3939522
TEST_08246,3.0230143,0.70111996,0.12885451
TEST_08247,1.5180063,-0.5279935,-0.36118016
TEST_08248,4.8197374,1.8430984,-0.47179776
TEST_08249,4.116419,0.41994703,-0.91711247
TEST_08250,0.9908905,0.24253601,0.027200956
TEST_08251,3.3569336,0.33714435,-0.3868897
TEST_08252,3.472593,1.3634475,1.551001
TEST_08253,2.6739423,-0.1829737,0.010371495
TEST_08254,1.5616283,-0.70532745,0.74803203
TEST_08255,2.7277718,0.09197439,0.2137625
TEST_08256,1.2135808,-0.31359017,0.028734623
TEST_08257,3.1422243,1.7368832,-0.42695796
TEST_08258,1.4444687,0.68828166,0.19692491
TEST_08259,2.5371048,-0.9924523,0.5571104
TEST_08260,1.2024897,0.015939914,0.3039957
TEST_08261,1.782708,-0.15606108,-0.083738424
TEST_08262,2.2597358,-0.29475716,-0.13595575
TEST_08263,1.0024065,0.33936772,0.34436327
TEST_08264,2.650548,0.097091876,0.008657187
TEST_08265,5.5172057,1.4230751,0.46112752
TEST_08266,1.5825804,-0.11851207,0.34018862
TEST_08267,3.2476058,-0.44905478,0.14706522
TEST_08268,2.3663402,1.1139369,0.2786205
TEST_08269,3.568973,-0.33142743,0.07752634
TEST_08270,3.8602755,-0.22569337,1.7481894
TEST_08271,2.6691792,-0.95824903,-0.017751293
TEST_08272,1.6032019,-0.41462478,-0.48804688
TEST_08273,2.8618426,-0.7119589,0.5911538
TEST_08274,2.230382,-0.50044835,0.63263506
TEST_08275,0.7347595,0.3779874,-0.13459836
TEST_08276,1.1818472,-0.4607768,-0.2675803
TEST_08277,1.2902045,0.38402003,0.13312575
TEST_08278,2.759122,1.5559032,0.38934413
TEST_08279,5.111342,-1.2865695,0.8574337
TEST_08280,3.2211945,1.3128649,0.08772509
TEST_08281,2.7198274,0.28104347,0.0131746605
TEST_08282,2.1550496,0.43143356,1.4837906
TEST_08283,3.5657368,-0.19323903,0.9963227
TEST_08284,1.9199915,0.12242955,-0.16726191
TEST_08285,1.6700227,0.2962186,-0.18932854
TEST_08286,4.9800153,-0.548575,-0.12922566
TEST_08287,4.797814,0.9293882,0.64419425
TEST_08288,4.7448187,1.4878488,-0.7761173
TEST_08289,3.442222,0.22655071,0.18104918
TEST_08290,1.6628853,-0.554762,-0.10191931
TEST_08291,0.9764854,0.19332612,-0.18325068
TEST_08292,2.3513694,1.2610233,-0.0677259
TEST_08293,1.3868072,0.4100849,0.023241568
TEST_08294,3.4551444,-1.2024413,1.9793963
TEST_08295,1.5678823,0.54099566,0.40949306
TEST_08296,2.9217315,0.7795782,1.5710875
TEST_08297,1.8593476,0.69640756,-0.60501343
TEST_08298,3.8863034,0.96171176,0.2737624
TEST_08299,4.048668,1.2276887,0.9300439
TEST_08300,2.6552494,-0.16314851,-0.46156096
TEST_08301,2.6349602,-0.4143247,-0.118250616
TEST_08302,1.39974,0.24572563,0.28469953
TEST_08303,1.4175103,-0.7602702,-0.019184843
TEST_08304,3.9358869,0.2037645,0.4647081
TEST_08305,1.5054512,-0.4402928,0.11619646
TEST_08306,2.870621,0.096236065,0.36443067
TEST_08307,1.2702808,-0.19559212,-0.0015317337
TEST_08308,3.4006908,0.47615558,-0.7070107
TEST_08309,4.753879,-1.0762955,0.79504436
TEST_08310,1.6587287,1.0770496,-0.7625104
TEST_08311,1.9242901,-0.68823576,-0.102227174
TEST_08312,3.5001168,0.7132897,1.2940147
TEST_08313,2.9263663,-0.6710452,-0.49394053
TEST_08314,2.2210186,0.39708313,-0.045697488
TEST_08315,2.1560795,-1.0413486,0.90959054
TEST_08316,3.3065348,-0.259816,-0.31061515
TEST_08317,3.2847824,1.7975627,-0.13067468
TEST_08318,3.2685957,-1.4540558,-0.62642545
TEST_08319,5.53902,-0.8150019,0.9554593
TEST_08320,1.6756945,-0.41552812,0.16923258
TEST_08321,5.004781,0.5287955,0.9306585
TEST_08322,1.0675992,0.35745957,0.64850056
TEST_08323,3.098655,0.4272149,0.5710638
TEST_08324,2.6809273,-0.033871934,-0.92084086
TEST_08325,1.8736787,0.26600492,0.14003806
TEST_08326,4.0392733,0.1675733,0.1624951
TEST_08327,3.4584908,-0.4431744,0.9223908
TEST_08328,3.6861134,-1.9322516,-0.13672154
TEST_08329,3.4354386,0.42484728,0.8024106
TEST_08330,2.68157,0.5294332,-0.6450228
TEST_08331,3.3831682,0.3852565,-1.0621016
TEST_08332,2.4051826,1.244694,0.36555877
TEST_08333,2.1647694,0.3510535,-0.07786
TEST_08334,2.0439866,-0.24773246,-0.13530342
TEST_08335,2.913326,-0.0015905835,-0.16506116
TEST_08336,3.0740592,0.8776854,-0.013604023
TEST_08337,3.649998,-0.6420124,0.93661624
TEST_08338,4.3896985,0.9443831,-0.7813989
TEST_08339,1.9497088,0.6112874,0.29461145
TEST_08340,1.9915704,-0.8680141,-0.54368407
TEST_08341,2.348569,-0.49872172,0.25195494
TEST_08342,2.2426162,0.6215047,0.037061628
TEST_08343,0.9491831,-0.18565835,0.2489575
TEST_08344,1.2043287,-0.28748766,-0.041182954
TEST_08345,1.9144648,0.087987654,-0.38213673
TEST_08346,3.3061495,0.264221,0.46035475
TEST_08347,4.195744,-0.4371655,1.0281043
TEST_08348,2.1088827,0.5330167,0.10145142
TEST_08349,4.6646676,1.0070992,-0.84832984
TEST_08350,5.130867,-0.7491893,-0.41593567
TEST_08351,2.9470994,0.26509732,-0.11701146
TEST_08352,3.1852238,0.51341045,1.296699
TEST_08353,2.5631835,-1.1759219,0.23822896
TEST_08354,2.6048164,0.49830356,0.088493764
TEST_08355,2.1524591,-0.20324782,-0.7370388
TEST_08356,1.7559204,-0.27459377,0.46635902
TEST_08357,2.184166,-0.16771603,0.63290626
TEST_08358,1.7271581,0.35497195,-0.19324604
TEST_08359,5.5238323,-1.0865331,-0.31939396
TEST_08360,2.7855294,-1.1881714,0.6271032
TEST_08361,1.0671433,0.202868,-0.31292266
TEST_08362,3.5952508,-0.7277829,0.54046166
TEST_08363,3.3285718,0.8764604,-0.08336966
TEST_08364,2.0042841,0.52347744,-0.42242044
TEST_08365,1.6307472,-0.11499649,-0.321064
TEST_08366,4.16315,-0.14705311,-0.7856656
TEST_08367,3.7486382,-1.3934473,1.0582075
TEST_08368,1.6078204,0.29239908,0.22522482
TEST_08369,3.5469787,-0.03688072,-0.0057826564
TEST_08370,2.006752,-0.4647453,-0.4144715
TEST_08371,2.6671038,-0.12921967,0.90689826
TEST_08372,1.5042698,0.77326375,-0.63520145
TEST_08373,1.9563712,0.49930075,0.2590964
TEST_08374,2.184111,0.33443746,-0.07450165
TEST_08375,2.348137,0.088053435,0.42442706
TEST_08376,2.6586986,-0.46132606,0.96450293
TEST_08377,2.2976346,-1.1067574,-0.063297056
TEST_08378,3.9887626,-0.26396158,0.22763741
TEST_08379,2.7225251,0.61051005,0.63494223
TEST_08380,2.5128758,0.880216,0.50267327
TEST_08381,3.7555075,-0.25958794,1.2395091
TEST_08382,1.4957345,0.5111336,0.21757837
TEST_08383,1.6620415,-0.37618956,0.029304381
TEST_08384,1.1082307,0.4575396,-0.07396147
TEST_08385,3.4004786,-1.8835016,-0.2443709
TEST_08386,2.6829646,-0.57790136,-1.0266632
TEST_08387,2.2946541,-0.6859899,-0.16849926
TEST_08388,2.3121452,-0.03632065,-0.0010391681
TEST_08389,3.3399827,-1.2122157,-0.14251277
TEST_08390,4.6525073,-1.4100095,0.60169524
TEST_08391,1.1543897,-0.13818115,-0.0722967
TEST_08392,3.5391085,1.1806113,-0.76368225
TEST_08393,2.5296447,-0.015839864,-0.40479589
TEST_08394,2.3169985,-0.3941887,0.052434236
TEST_08395,1.5063024,-0.322922,-0.07855723
TEST_08396,3.0796592,0.17757913,0.81005704
TEST_08397,2.270041,-0.05029296,0.12689894
TEST_08398,1.6659957,-0.08451392,0.39283833
TEST_08399,5.0859537,-1.0632645,0.0069625434
TEST_08400,3.9268484,-0.3050891,-1.13507
TEST_08401,2.2021523,1.3912485,-0.110034905
TEST_08402,3.7366295,-0.9831537,1.0897411
TEST_08403,3.9040601,-0.53377026,0.17628904
TEST_08404,2.8636208,-0.41960987,0.039831854
TEST_08405,1.1927927,0.2385227,-0.09923453
TEST_08406,4.7021317,-0.8862989,0.13586555
TEST_08407,2.01747,1.103769,0.455387
TEST_08408,3.393523,1.4709244,-0.6612202
TEST_08409,2.868059,0.19700548,0.9324982
TEST_08410,3.1799688,0.48620012,-0.6837027
TEST_08411,0.95573616,0.078599565,-0.18246487
TEST_08412,4.337048,0.29222932,-0.19064209
TEST_08413,1.4430075,0.4484614,-0.17546186
TEST_08414,2.9392712,0.23846164,0.81476814
TEST_08415,2.311179,0.5789495,-0.27501756
TEST_08416,1.9522384,-1.2723851,0.1369357
TEST_08417,3.27808,0.13806288,-0.14263761
TEST_08418,2.1293812,1.0570834,-0.5106848
TEST_08419,2.7940233,-0.62482363,-0.5811576
TEST_08420,2.299481,-0.22381076,0.8929409
TEST_08421,3.1257074,-0.079972096,0.4068487
TEST_08422,2.2278533,0.5861156,0.39659047
TEST_08423,1.3726046,0.10864982,-0.0915046
TEST_08424,3.127857,0.44680882,0.4188981
TEST_08425,4.2189016,0.7028129,-0.6676921
TEST_08426,1.9071531,0.2323422,-0.088504456
TEST_08427,3.5481954,-0.35684982,0.35291636
TEST_08428,2.6732194,-0.67456925,-0.3795404
TEST_08429,3.906275,-1.6100568,0.0688027
TEST_08430,3.2693353,1.0036242,-0.32482898
TEST_08431,2.4662983,-0.97855335,-0.017870795
TEST_08432,1.4064213,0.31320173,-0.41597486
TEST_08433,2.2361617,-0.25564724,-0.4536775
TEST_08434,2.6493535,0.2927433,0.110256776
TEST_08435,2.2354088,-0.5615886,-0.99896765
TEST_08436,4.459856,0.7154999,0.26551133
TEST_08437,3.3154988,0.8303032,1.0380671
TEST_08438,1.5036365,0.3113388,-0.22942361
TEST_08439,4.2363057,0.3704927,0.63697237
TEST_08440,3.8857512,-0.3935106,-0.23725004
TEST_08441,4.1299267,0.4401262,0.57976735
TEST_08442,4.238957,-0.92930734,0.6605963
TEST_08443,3.553911,0.24642193,-1.0635791
TEST_08444,3.1901314,1.2136011,-0.09060101
TEST_08445,1.4900641,0.2297752,-0.17388308
TEST_08446,3.4200501,0.18419039,-0.1568258
TEST_08447,3.6142325,-1.0790774,-0.016125211
TEST_08448,4.0483494,1.802973,0.06945538
TEST_08449,2.9173422,0.057041403,-0.41826385
TEST_08450,1.318724,0.43631515,0.12487151
TEST_08451,2.8678963,-0.12348261,0.33979166
TEST_08452,2.2937698,1.3218036,0.6128483
TEST_08453,3.1644158,0.29053986,-0.11755463
TEST_08454,1.4214236,-0.046418123,0.037286617
TEST_08455,1.306063,0.66470826,-0.22219244
TEST_08456,3.241633,-1.2634944,-0.036883477
TEST_08457,2.621467,-0.18747406,1.3579986
TEST_08458,5.103447,-0.12587388,1.0616206
TEST_08459,1.7475908,0.18383986,-0.3902486
TEST_08460,2.35157,0.047799796,-0.44491726
TEST_08461,3.178498,-0.15327391,0.37880567
TEST_08462,1.7151545,-0.6533271,0.6012177
TEST_08463,1.6822469,0.54524875,-0.1152846
TEST_08464,1.1522036,0.0130330715,-0.23823857
TEST_08465,2.5586648,-0.06505746,1.091293
TEST_08466,2.6544204,-0.01922851,-0.037745845
TEST_08467,4.27689,-0.4578487,-0.7549839
TEST_08468,2.6621335,-0.1415722,-0.08417997
TEST_08469,3.1932197,-0.83600146,1.2001594
TEST_08470,3.5351155,0.6860885,0.76770735
TEST_08471,1.8398347,-0.671431,0.41002545
TEST_08472,3.219413,0.8473693,0.46996897
TEST_08473,3.2563312,0.590393,1.1904491
TEST_08474,1.702744,-0.076663025,0.18296795
TEST_08475,1.7891812,-0.32875258,0.16045962
TEST_08476,1.8455861,-1.0155549,0.01853853
TEST_08477,3.694179,-1.8137921,-0.040979236
TEST_08478,3.6252034,-1.3916756,0.9832682
TEST_08479,4.93864,-1.0140426,-0.52734
TEST_08480,1.5457867,0.94277143,0.18467292
TEST_08481,2.15277,1.1627449,-0.25999454
TEST_08482,4.26283,-0.17617914,1.5167494
TEST_08483,3.6731071,0.07296374,0.40660447
TEST_08484,1.7103877,0.3264827,0.2937429
TEST_08485,1.6746386,-0.31327286,0.41919398
TEST_08486,4.2040944,-0.60160404,-0.851136
TEST_08487,3.3708146,1.6921312,1.1543784
TEST_08488,4.479463,2.2814164,-0.3276003
TEST_08489,4.209329,-0.027229235,-0.47408563
TEST_08490,2.8046732,0.28628454,0.20323715
TEST_08491,1.5832714,0.017096816,0.4124663
TEST_08492,3.644745,0.8426435,0.32530487
TEST_08493,2.3351595,-0.1823658,0.036163505
TEST_08494,1.8299648,1.0934591,-0.5647943
TEST_08495,2.648866,-0.17451942,0.1785779
TEST_08496,3.670619,0.61845464,0.4348748
TEST_08497,2.8573573,-0.14754555,0.03140204
TEST_08498,1.0984356,0.037205897,0.33108294
TEST_08499,2.2818544,0.5660717,-0.07987725
TEST_08500,2.9881337,0.3832662,-0.15529488
TEST_08501,1.9974183,-0.024202008,-0.5613094
TEST_08502,1.1140368,-0.35542548,-0.30246538
TEST_08503,4.0465384,0.22773606,0.82305956
TEST_08504,2.6357007,-0.12610237,0.11881095
TEST_08505,5.4477234,1.7203873,2.0178478
TEST_08506,2.2080448,0.4567716,0.85624945
TEST_08507,3.159414,-0.19832903,-0.8614801
TEST_08508,2.2383277,-0.63189477,0.19746672
TEST_08509,1.1338007,0.17872354,-0.31829756
TEST_08510,2.1042469,0.14249541,0.6718763
TEST_08511,1.332441,-0.6491864,0.0032654912
TEST_08512,3.1529295,0.27414182,0.6308253
TEST_08513,1.9711956,-0.59314454,-0.212078
TEST_08514,2.2769516,-0.23369223,-0.014241649
TEST_08515,1.5442315,0.63355434,0.15259822
TEST_08516,4.23896,1.9731338,0.75635344
TEST_08517,3.4966986,-0.6046563,0.09712801
TEST_08518,3.7585018,1.4848591,0.43733177
TEST_08519,4.188077,1.0869668,-1.1707882
TEST_08520,3.321599,-0.2528763,-0.30842048
TEST_08521,3.3231454,0.21163942,-0.49336183
TEST_08522,3.8643286,0.66937137,1.107105
TEST_08523,4.0551267,-1.7702154,-0.5751107
TEST_08524,2.5095148,-0.4105883,-0.6772691
TEST_08525,1.4415091,-0.057597406,0.12613215
TEST_08526,3.2175746,0.14530316,-0.73753023
TEST_08527,3.9427307,-1.1360525,-0.99501157
TEST_08528,2.95487,2.207025,0.4354838
TEST_08529,3.4867954,0.32550308,-0.59429497
TEST_08530,2.84837,-0.17991555,-0.13720582
TEST_08531,2.2854044,-0.37955254,0.13834341
TEST_08532,4.6976933,0.34958267,-0.17929487
TEST_08533,2.4474473,0.08053671,0.17241105
TEST_08534,1.5291898,0.050294876,0.033442803
TEST_08535,1.2457426,-0.5367626,0.31097716
TEST_08536,2.0553138,-0.1893634,0.419086
TEST_08537,2.580935,0.6025917,0.08794606
TEST_08538,3.8963978,0.7274479,-0.991965
TEST_08539,2.7838044,-1.7086216,0.58106875
TEST_08540,1.4235126,-0.20986937,-0.45522922
TEST_08541,2.1556263,0.040670067,0.11149941
TEST_08542,1.4538789,0.48135012,0.14396277
TEST_08543,1.0478317,0.39331502,-0.2592217
TEST_08544,3.3537357,-0.056783855,-0.046075545
TEST_08545,3.0087264,0.34594613,0.35732266
TEST_08546,2.9082978,0.20373353,0.38352695
TEST_08547,2.6022751,0.3229831,0.079505935
TEST_08548,1.967173,0.04381243,-0.34222272
TEST_08549,2.75891,1.5575002,0.81834936
TEST_08550,5.2512083,-0.21295536,0.20491345
TEST_08551,1.8449153,0.6115608,-0.13232642
TEST_08552,2.6949518,1.8541877,-0.375295
TEST_08553,3.518506,1.0885062,-0.23325089
TEST_08554,2.7680285,0.0987369,0.6714149
TEST_08555,1.738222,-0.056438774,-0.4260225
TEST_08556,2.5949178,0.7003599,0.25340682
TEST_08557,2.133772,0.7172961,-0.31492624
TEST_08558,3.0231843,1.6212679,-0.41612157
TEST_08559,5.0130825,1.6379428,-0.22633834
TEST_08560,2.9022357,-0.27279058,0.8844433
TEST_08561,2.146601,1.3538741,-0.12473188
TEST_08562,1.2617662,-1.0097865,0.24224126
TEST_08563,1.0292509,-0.09211392,0.0878523
TEST_08564,2.2216964,-0.014798012,0.4174226
TEST_08565,1.7209444,-0.08565621,-0.15426677
TEST_08566,4.145711,-0.46043172,0.25364608
TEST_08567,4.6132493,-1.0664252,0.5535401
TEST_08568,2.1250353,1.297808,0.5762711
TEST_08569,1.07218,-0.30867848,0.1275963
TEST_08570,1.9761021,-0.26082724,-0.042587213
TEST_08571,1.5611683,-0.0403421,-0.07303946
TEST_08572,4.097573,0.0889574,1.0286732
TEST_08573,2.43015,0.2772929,0.5507307
TEST_08574,3.4482,1.3065118,1.441679
TEST_08575,2.2491512,1.0575656,0.20819275
TEST_08576,2.4085045,-0.78519875,-0.02415527
TEST_08577,3.2613885,0.92226315,0.52939826
TEST_08578,3.6271346,0.37817365,1.0593191
TEST_08579,3.7290394,-0.36458224,0.72870237
TEST_08580,2.3145163,0.92528015,-0.377414
TEST_08581,3.272394,-0.15209125,-0.27476087
TEST_08582,1.8319213,0.10070089,0.26752517
TEST_08583,4.2384806,-0.66707176,1.0987052
TEST_08584,3.7461374,-0.53949344,0.3127053
TEST_08585,2.700076,1.1415033,0.2100239
TEST_08586,1.0724179,0.21557327,-0.38727677
TEST_08587,4.5044518,0.41069925,-0.2662891
TEST_08588,3.6136243,0.8608566,-0.30605295
TEST_08589,3.684429,-1.5387421,-1.3029815
TEST_08590,2.4305751,-0.6667174,-0.7795257
TEST_08591,2.580566,-0.71398604,0.6133802
TEST_08592,1.5908897,1.0777786,-0.7296661
TEST_08593,2.784861,0.9698016,0.9963824
TEST_08594,2.271229,0.07859064,0.040498264
TEST_08595,1.872188,-0.73226887,0.43717128
TEST_08596,3.3692904,-0.21014172,0.8260387
TEST_08597,2.4358785,0.030120365,-0.06988774
TEST_08598,1.728328,0.87384826,-0.5892687
TEST_08599,1.3768438,-0.6052389,0.21675426
TEST_08600,3.1649578,-1.5148978,1.1973605
TEST_08601,1.1215101,-0.124213465,0.229884
TEST_08602,2.9522505,1.5391725,1.4085108
TEST_08603,1.9797945,-0.12282288,-0.40506425
TEST_08604,2.2208142,-0.2509792,-0.042652007
TEST_08605,1.9775283,-0.94941163,-0.7568389
TEST_08606,1.8394486,0.16252843,-0.55068165
TEST_08607,1.305129,-0.31581205,-0.35271934
TEST_08608,4.378158,1.9084853,-0.9810611
TEST_08609,4.0121574,-0.45915973,0.45559472
TEST_08610,1.8528646,0.7816762,-0.3140219
TEST_08611,4.109524,-0.3175568,0.3218711
TEST_08612,3.3507583,0.92403257,0.8443959
TEST_08613,2.7015643,-0.2802819,-0.003027998
TEST_08614,1.340297,0.8002509,-0.1973544
TEST_08615,2.0489397,-0.7424673,0.47058654
TEST_08616,2.9599202,0.6305772,0.65405774
TEST_08617,2.2632394,0.4821048,0.5127205
TEST_08618,2.888117,1.3098422,0.11137441
TEST_08619,1.2230792,0.08798103,-0.16003552
TEST_08620,1.8872943,0.20632945,-0.23263949
TEST_08621,2.871769,-0.19406484,0.32529113
TEST_08622,1.7657622,0.002949886,0.10985364
TEST_08623,2.7322876,0.8100925,-0.85916895
TEST_08624,2.9152286,-0.22517602,0.32702783
TEST_08625,4.11676,1.2011456,-0.5760192
TEST_08626,2.1157122,0.28864878,0.045080066
TEST_08627,1.1592212,0.062494397,0.32588193
TEST_08628,3.0025566,-0.36442763,-0.10500941
TEST_08629,4.188252,1.4757454,1.2859303
TEST_08630,1.1088853,-0.21209691,0.12687361
TEST_08631,2.8702,0.84290427,0.25594813
TEST_08632,2.5748234,0.59381735,0.10332319
TEST_08633,3.2784677,-1.729877,-0.48550078
TEST_08634,1.2531686,0.25611445,-0.036179364
TEST_08635,1.2066787,0.40394437,-0.35827795
TEST_08636,3.9739175,-1.0516161,-0.018853731
TEST_08637,3.4054427,-1.3378341,0.8155604
TEST_08638,2.4942982,0.8942407,1.2189426
TEST_08639,5.5854435,-0.31049436,0.31557325
TEST_08640,2.5884678,0.45983535,-0.30437517
TEST_08641,3.4213738,-1.0054992,-0.88685966
TEST_08642,4.4661126,0.5912161,0.39596465
TEST_08643,2.1359253,-0.918421,-0.88084036
TEST_08644,2.078185,0.7123466,0.37198162
TEST_08645,1.742832,-0.2731011,-0.4624951
TEST_08646,3.8718457,1.128317,-0.71915525
TEST_08647,2.295525,1.3352892,0.0634992
TEST_08648,5.1864247,0.82102776,0.32762963
TEST_08649,1.948737,-0.047854796,0.2640963
TEST_08650,1.8956417,0.48418197,0.06391107
TEST_08651,3.3496869,0.4338889,0.33385238
TEST_08652,3.852077,0.07763075,0.63479614
TEST_08653,3.100134,0.67234784,-0.5407261
TEST_08654,2.969807,-1.594828,-1.1213835
TEST_08655,4.2839494,-0.55780756,-0.23164561
TEST_08656,1.7599244,-0.2731976,0.068123296
TEST_08657,3.6284,2.0424697,0.041503884
TEST_08658,2.0312514,0.3671993,-0.2935479
TEST_08659,2.936874,-1.2540598,0.49827588
TEST_08660,1.9892216,-1.0379083,1.0317378
TEST_08661,0.7627434,-0.22311506,-0.25144273
TEST_08662,1.6172422,0.31532162,0.3151581
TEST_08663,3.3884242,0.14419098,-0.9153635
TEST_08664,1.9439678,0.058380235,-0.39709756
TEST_08665,4.3224926,0.5154947,-0.37055853
TEST_08666,1.367058,0.14936611,-0.5697472
TEST_08667,2.5868301,-0.46418053,0.26797915
TEST_08668,2.7700443,-0.6239298,0.31294084
TEST_08669,2.4657507,1.4367015,0.5955384
TEST_08670,1.0703844,-0.6292634,-0.1637193
TEST_08671,3.2434986,0.11014123,-0.12292819
TEST_08672,2.6879108,-0.21433294,-0.1965417
TEST_08673,2.5640907,-0.085771024,0.49813095
TEST_08674,3.4375455,-0.4248335,0.6522285
TEST_08675,1.3469183,0.48468447,-0.1905652
TEST_08676,3.9236917,1.5803847,0.70298064
TEST_08677,2.1155448,0.9223923,0.20942032
TEST_08678,3.2933967,-1.8289407,-0.91589254
TEST_08679,4.334235,-1.3234973,2.2224956
TEST_08680,4.7357817,2.1091547,-0.9138351
TEST_08681,2.3356328,0.79100597,-0.28842223
TEST_08682,1.3743138,-0.5683579,-0.3396556
TEST_08683,3.7639923,2.066318,0.8892695
TEST_08684,2.6782978,-0.37015182,-0.19984986
TEST_08685,1.4214566,-0.24064314,0.01764492
TEST_08686,3.2722445,-0.40482065,-0.086837
TEST_08687,2.9979417,0.39003047,-0.6435556
TEST_08688,0.7842593,0.41826573,0.214012
TEST_08689,2.7331903,0.31144267,-0.08640212
TEST_08690,3.1601136,0.076942995,1.2159162
TEST_08691,2.7921765,0.15952997,-0.13765784
TEST_08692,2.4098384,0.9411743,0.10494004
TEST_08693,1.3136957,0.22309202,-0.06863344
TEST_08694,3.1974208,0.06368933,1.4116167
TEST_08695,3.5794513,0.5760957,-1.0054435
TEST_08696,3.0889592,-0.49082127,1.5426879
TEST_08697,3.827662,-0.5976325,0.75267726
TEST_08698,3.4090111,0.467353,-0.97457314
TEST_08699,2.397297,1.2482387,-0.3712225
TEST_08700,3.4074051,0.98240244,0.8628155
TEST_08701,3.6311972,0.34558815,-0.6872803
TEST_08702,1.8065189,0.13681439,-0.097036295
TEST_08703,2.4952087,-0.17577606,0.12655155
TEST_08704,1.6183298,0.59721804,-0.22470741
TEST_08705,2.9149597,-1.4693887,-0.6148792
TEST_08706,3.3017282,-0.5060161,0.48265153
TEST_08707,2.1460178,-0.15279303,0.45508814
TEST_08708,2.9859662,0.66487527,-0.6061467
TEST_08709,4.4123077,-0.9881169,0.91571957
TEST_08710,1.8383132,0.105800256,0.6053259
TEST_08711,2.4760442,-0.87977755,0.24803272
TEST_08712,1.8402758,-1.1311554,0.82949305
TEST_08713,2.452838,0.14277656,0.1667248
TEST_08714,3.4068832,-0.4904873,-0.339615
TEST_08715,1.3336916,-0.18134889,0.1406013
TEST_08716,2.9807596,-0.3916609,0.71704215
TEST_08717,3.083717,-0.15615605,-0.45121154
TEST_08718,3.6399834,-0.10442588,1.1686071
TEST_08719,5.44273,0.8950245,2.0464923
TEST_08720,3.785148,0.40187612,0.76465726
TEST_08721,3.9855244,0.091388375,0.6344232
TEST_08722,3.8212528,0.7651172,1.605302
TEST_08723,1.8249673,0.4698726,0.65207034
TEST_08724,2.82701,0.4320948,0.24125986
TEST_08725,1.0791669,-0.36295018,-0.023726795
TEST_08726,1.5008987,0.049846523,0.14750266
TEST_08727,2.9736035,0.2432746,0.8205894
TEST_08728,1.014301,-0.8828522,0.26115575
TEST_08729,1.7186328,0.43751067,0.03955499
TEST_08730,1.5683463,-0.0513037,0.3166097
TEST_08731,3.7190485,0.38386932,0.24655873
TEST_08732,2.90082,0.6030781,1.368541
TEST_08733,3.032493,0.0021653608,0.31155437
TEST_08734,3.2475073,-0.47029528,-0.4341257
TEST_08735,1.609425,0.34219775,0.40678892
TEST_08736,1.5762849,-0.1869911,0.8261112
TEST_08737,2.892932,-0.24874035,0.73085964
TEST_08738,3.2105749,1.4930775,1.7317173
TEST_08739,2.3867474,0.33516774,-0.22983103
TEST_08740,1.5613784,0.23588698,-0.45557013
TEST_08741,3.5998402,-0.0960903,0.24672808
TEST_08742,1.4969523,0.43557304,-0.01287522
TEST_08743,1.6579957,0.7550156,0.3162844
TEST_08744,3.8318622,0.19262534,-0.48945042
TEST_08745,1.5133207,-0.6091815,-0.5624435
TEST_08746,2.638798,-0.15696013,-0.888338
TEST_08747,2.9252977,0.1605533,-0.24547595
TEST_08748,1.6438252,-0.16398568,0.1861791
TEST_08749,2.9671037,-0.5706073,-0.43134996
TEST_08750,3.8272223,1.5394946,1.5428549
TEST_08751,1.323127,0.21074903,0.08363216
TEST_08752,2.1933467,-0.9332781,0.05565539
TEST_08753,2.0952187,-0.58170927,0.03942156
TEST_08754,1.9028674,-0.40132388,0.29476726
TEST_08755,1.6315831,-0.59146386,-0.15899758
TEST_08756,3.3865173,-0.15615562,1.0499475
TEST_08757,3.51514,0.5633891,0.7665379
TEST_08758,0.9168607,0.06915305,0.013100818
TEST_08759,0.9774971,-0.11489916,-0.26692125
TEST_08760,1.8483202,0.19486222,0.35870174
TEST_08761,2.548395,1.5017267,0.07766705
TEST_08762,3.2252252,0.6922489,0.47807178
TEST_08763,3.1121619,1.1253852,0.011077495
TEST_08764,2.2382092,-0.683818,-0.35559553
TEST_08765,0.79824495,-0.1559145,-0.18098123
TEST_08766,2.5243332,0.10543156,-0.3797034
TEST_08767,2.2168796,1.0996559,-0.7447378
TEST_08768,3.9380093,-1.0207802,0.24920008
TEST_08769,1.8628048,0.6694915,0.08623388
TEST_08770,1.3438549,0.08452422,-0.09306973
TEST_08771,1.5344102,-0.1785678,-0.2308916
TEST_08772,4.543222,0.030167684,-1.0022361
TEST_08773,2.5313935,0.16311742,0.15734841
TEST_08774,2.3129003,-1.3802732,-0.6571528
TEST_08775,2.5653515,0.017437464,0.6611529
TEST_08776,2.1262484,-0.1678474,0.40069526
TEST_08777,3.7878826,0.740395,1.0545424
TEST_08778,4.765189,0.5675453,-0.9427912
TEST_08779,2.5573397,-1.1703119,-0.45811108
TEST_08780,2.2641592,-0.25131282,0.6399517
TEST_08781,2.3369603,0.14709689,-0.57034796
TEST_08782,1.4483161,-0.2363461,-0.08020311
TEST_08783,4.4307327,0.12617972,-0.92542577
TEST_08784,3.3748553,0.037204176,-0.594464
TEST_08785,4.7458234,1.3081439,-0.029877996
TEST_08786,1.4158965,-0.18310253,-0.50560266
TEST_08787,3.3897266,0.1478241,0.7738994
TEST_08788,2.373254,-0.035490677,-0.03278824
TEST_08789,3.0640585,-1.529723,1.042333
TEST_08790,1.4128321,-0.43936136,0.49784088
TEST_08791,2.8350406,-0.018295802,0.16861634
TEST_08792,2.1388292,0.71827215,-0.757267
TEST_08793,1.8656574,0.1438553,-0.29319566
TEST_08794,1.3328859,0.14675386,0.03875901
TEST_08795,0.9663981,0.04758531,-0.008898939
TEST_08796,1.9445606,0.07718521,0.14723782
TEST_08797,2.7553248,1.5396482,0.29712337
TEST_08798,1.9845428,0.4472203,-0.15539655
TEST_08799,5.4043984,-0.79456496,0.30520004
TEST_08800,2.3907473,-1.106007,0.31499997
TEST_08801,4.560605,-1.4728453,-0.70534414
TEST_08802,3.0190535,1.3412979,0.2617816
TEST_08803,2.7955406,-0.08360529,0.5754107
TEST_08804,2.2839134,-0.97079295,0.7532586
TEST_08805,2.8570046,0.8047024,0.7330329
TEST_08806,3.7403028,1.3353479,-0.14807528
TEST_08807,1.9948109,0.12842874,-0.09411697
TEST_08808,2.6376448,0.1720241,0.553059
TEST_08809,1.9925501,0.041653607,-0.123453215
TEST_08810,2.137346,0.19297351,0.27009904
TEST_08811,2.408495,-0.019238504,-0.6637099
TEST_08812,1.7674375,-1.0631248,-0.7259174
TEST_08813,1.1308131,-0.09440017,-0.0909854
TEST_08814,1.2946041,0.5447339,-0.45395213
TEST_08815,1.4247929,-0.4506686,0.1517075
TEST_08816,1.1551428,-0.20221566,-0.37098768
TEST_08817,2.4756439,0.23191686,0.58103913
TEST_08818,4.46943,0.4031804,-0.6091315
TEST_08819,1.8483082,-0.8182634,0.5062306
TEST_08820,2.308646,0.056589276,-0.5249078
TEST_08821,3.3598583,0.2489565,0.026561406
TEST_08822,1.9516265,-0.40307087,-0.29445785
TEST_08823,1.5692191,0.31991088,0.1420418
TEST_08824,2.67862,-0.18742755,0.1823045
TEST_08825,1.6780845,-0.5261675,0.9454521
TEST_08826,3.4063046,0.2612577,-0.8031859
TEST_08827,1.4590672,0.33996573,0.1333383
TEST_08828,2.3754542,-0.2792195,0.15350133
TEST_08829,0.89310634,0.35683236,0.47153828
TEST_08830,2.6206257,0.7068888,-0.7585393
TEST_08831,1.79711,-0.34500504,-0.0581097
TEST_08832,2.6405606,0.5115137,0.3395411
TEST_08833,3.5553875,0.88226646,0.47862488
TEST_08834,1.7142115,0.30621696,-0.12876175
TEST_08835,1.585084,0.4228949,0.5093493
TEST_08836,3.3199096,-1.4549049,1.2059197
TEST_08837,2.973946,-1.6250216,-0.38042974
TEST_08838,3.1570976,-0.11006127,1.0564115
TEST_08839,5.3935356,-0.48787433,1.342477
TEST_08840,3.7345803,1.4469094,0.5821403
TEST_08841,1.012062,0.20478196,0.1969623
TEST_08842,3.863482,1.4397821,0.7132175
TEST_08843,2.662986,-1.6848515,-0.73276275
TEST_08844,2.8190725,0.021010606,0.19865769
TEST_08845,2.6096692,0.6076367,-0.16204932
TEST_08846,3.2936695,-0.3398586,-0.60024345
TEST_08847,1.9788281,1.2679042,-0.92943627
TEST_08848,6.1946297,1.8098483,-0.6979356
TEST_08849,1.5974938,-0.36767837,-0.08331135
TEST_08850,2.9025598,-0.018106835,-0.7148177
TEST_08851,0.9428988,0.20626836,-0.2369419
TEST_08852,1.135519,-0.88436204,0.3378788
TEST_08853,1.3247696,-0.1624234,0.011112409
TEST_08854,1.9162164,0.62018114,-0.1908307
TEST_08855,3.7235801,-0.5871276,0.5634542
TEST_08856,1.521841,-0.39856207,-0.19362286
TEST_08857,3.998883,-0.19778968,1.9713186
TEST_08858,2.6275387,0.7442384,-0.7829095
TEST_08859,1.9369833,0.38373858,-0.511395
TEST_08860,0.9192357,0.27530634,-0.041102327
TEST_08861,3.2947278,-0.25522178,0.8744835
TEST_08862,1.4126822,-0.24802718,0.16135557
TEST_08863,2.122938,0.37716222,0.07068201
TEST_08864,3.309776,0.09738659,0.1432727
TEST_08865,3.6066675,0.95689964,1.7537093
TEST_08866,1.6848238,-0.44719312,-0.43083668
TEST_08867,2.3273644,0.49199277,-0.29279378
TEST_08868,2.326929,0.73447144,-0.4564879
TEST_08869,3.160434,-0.7342681,0.8744219
TEST_08870,4.792341,-0.73379564,1.5139714
TEST_08871,1.0702025,0.08850114,-0.012153033
TEST_08872,0.90807104,-0.18362258,0.2590792
TEST_08873,1.849818,-0.34880722,-0.1726456
TEST_08874,2.376773,0.19757675,0.098415025
TEST_08875,2.3421545,0.39178297,-0.026998349
TEST_08876,1.4791309,-0.29192585,0.2032754
TEST_08877,3.8036032,0.69131106,-0.24621382
TEST_08878,2.30836,0.8340437,-0.40349242
TEST_08879,5.4040165,0.08730227,1.1541662
TEST_08880,3.7783267,0.8796575,0.99773085
TEST_08881,3.771589,-1.5029293,0.30046865
TEST_08882,1.0225646,0.079459675,0.37182632
TEST_08883,2.6838307,1.7515658,1.1360937
TEST_08884,3.078906,-0.16165109,0.2901835
TEST_08885,1.0151671,0.24357006,0.024994113
TEST_08886,1.707482,0.26637006,-0.06462398
TEST_08887,3.2279093,0.49825436,-0.00094323605
TEST_08888,2.5731769,0.50963026,-1.1818482
TEST_08889,1.4751718,0.2254521,0.10265457
TEST_08890,2.9868784,0.33463994,-0.37058333
TEST_08891,1.5708561,-0.044937264,-0.29532298
TEST_08892,1.0088761,0.15258142,0.32717714
TEST_08893,2.9680438,-0.19445695,0.31953913
TEST_08894,2.7334561,1.5257585,1.110064
TEST_08895,2.396252,-0.43647778,-0.0166069
TEST_08896,1.9864334,-0.6104716,1.2171733
TEST_08897,4.1195965,-0.24607415,-0.74094796
TEST_08898,1.2912687,-1.16793,-0.4853219
TEST_08899,0.9587064,0.32174644,-0.12636374
TEST_08900,2.369869,-0.39976302,0.4263982
TEST_08901,1.8504058,0.08156831,-0.31320477
TEST_08902,2.04994,0.38992915,-0.17842741
TEST_08903,3.3695366,-0.68132865,0.9114035
TEST_08904,2.4153364,-0.41513398,0.38691255
TEST_08905,1.4453132,0.16156156,0.25513253
TEST_08906,2.747816,0.2777425,-0.1338612
TEST_08907,2.4819565,0.43341967,-0.16911645
TEST_08908,2.257821,-0.8936313,0.5455491
TEST_08909,4.0263205,1.4353315,0.76982594
TEST_08910,3.0192153,-1.6292918,0.8193111
TEST_08911,1.2751426,-0.22330327,-0.21199222
TEST_08912,1.9969403,-0.14816622,0.53762424
TEST_08913,2.8535492,0.38225368,-0.9414113
TEST_08914,2.996019,-0.30482805,0.61175597
TEST_08915,1.3662366,0.0549895,-0.1287452
TEST_08916,2.9505746,-0.09593098,0.3492516
TEST_08917,3.5930123,-2.1563964,-0.5116398
TEST_08918,3.8123848,-1.4294344,-0.23987976
TEST_08919,2.3177812,-1.4372929,0.6301489
TEST_08920,4.864721,-0.116130225,0.3660171
TEST_08921,4.941419,1.986313,0.0036059897
TEST_08922,3.7558725,-0.21066141,0.6106217
TEST_08923,3.002709,0.015357489,0.42835468
TEST_08924,1.5062214,-0.3282256,0.6064794
TEST_08925,2.193416,0.45893368,0.3662358
TEST_08926,2.7237504,-0.28180254,-0.8073786
TEST_08927,2.9609118,-0.14656945,0.48868465
TEST_08928,5.443615,0.037756152,0.63794076
TEST_08929,4.312189,-0.07276635,-1.108392
TEST_08930,2.7219613,0.4664529,-0.75970954
TEST_08931,3.7189014,-0.5492915,-0.7293705
TEST_08932,4.1296396,0.9328851,-1.2360663
TEST_08933,0.91143167,0.4180666,-0.10783565
TEST_08934,2.241906,1.6670666,-0.4400959
TEST_08935,1.212268,0.415846,0.25773045
TEST_08936,1.5298231,0.27662683,0.15207653
TEST_08937,3.952937,-1.6488947,0.7771462
TEST_08938,5.7631826,0.3985703,-1.1625388
TEST_08939,1.1146041,-0.07243748,0.18403848
TEST_08940,2.3280783,0.68088955,0.429788
TEST_08941,1.1492072,0.13515794,0.23603518
TEST_08942,1.7028145,0.7807134,0.5372671
TEST_08943,1.8238626,-0.10839812,-0.29745352
TEST_08944,2.8505497,0.47053543,-0.18852939
TEST_08945,4.592418,1.6895784,0.026170563
TEST_08946,3.387535,-0.2010354,0.12855503
TEST_08947,1.3311197,0.38527024,-0.4592383
TEST_08948,3.1724901,0.24135987,-0.29736337
TEST_08949,4.5498123,0.6071191,0.9061639
TEST_08950,2.605064,1.6336722,0.5611447
TEST_08951,2.5991583,0.78401804,0.43268892
TEST_08952,3.1824722,1.7247881,1.6948884
TEST_08953,3.8501112,0.46114784,1.0713533
TEST_08954,1.758723,0.37403065,0.36573914
TEST_08955,1.1183376,0.2756643,-0.19719268
TEST_08956,3.7864912,-1.492687,0.4917742
TEST_08957,1.8154218,0.4643222,0.13571103
TEST_08958,1.8089874,-0.96844834,0.040713232
TEST_08959,2.6639383,-0.9074788,0.867564
TEST_08960,1.4974644,-0.117976956,0.06725299
TEST_08961,5.177338,0.9797298,1.0834677
TEST_08962,1.3977752,-0.60645205,0.3302904
TEST_08963,1.5402669,1.1032476,-0.58515936
TEST_08964,2.7427495,-0.041962735,0.09412716
TEST_08965,2.4452848,0.03390937,-0.33036393
TEST_08966,5.1892524,0.5310733,0.5504425
TEST_08967,2.3662617,1.280632,0.15786567
TEST_08968,4.9816566,-0.3153186,1.0207514
TEST_08969,4.0373654,0.1788653,-0.81206375
TEST_08970,1.5130556,0.017534986,-0.21309677
TEST_08971,4.028246,-0.5001922,-0.6303086
TEST_08972,4.5504065,-1.2348018,-1.0041353
TEST_08973,0.90841615,-0.2766373,0.27211308
TEST_08974,3.1839855,-1.3693856,1.2632346
TEST_08975,2.9081624,-0.6698736,0.45578244
TEST_08976,2.7547238,-0.51474154,1.6589981
TEST_08977,3.2076113,-0.26904902,0.93572617
TEST_08978,2.286338,-0.73633575,1.345824
TEST_08979,2.943787,-1.3782964,-0.8235457
TEST_08980,2.0493798,-0.2454134,0.42001992
TEST_08981,3.4847393,0.13658105,0.45546508
TEST_08982,2.0461094,0.038586006,-0.22388771
TEST_08983,2.8105597,-0.12191812,0.106292546
TEST_08984,3.0572877,-0.056084946,0.8495804
TEST_08985,1.9985414,-0.27293468,0.61320704
TEST_08986,1.9010727,0.7529683,0.37295723
TEST_08987,3.6050193,-0.076962315,-0.021071866
TEST_08988,2.7309654,-0.18029553,0.0081790425
TEST_08989,3.2205813,-1.0323476,0.8488154
TEST_08990,1.2627068,0.23220626,-0.23686218
TEST_08991,2.4270072,0.023628734,0.03358553
TEST_08992,2.139469,-0.6985225,-1.0827572
TEST_08993,3.5108855,1.7600653,0.54120284
TEST_08994,2.7802947,-0.2741698,0.13118249
TEST_08995,0.8066092,0.135802,0.17149854
TEST_08996,2.4261281,0.4972843,0.32982317
TEST_08997,0.98749214,-0.42406076,0.32484382
TEST_08998,3.0971088,-0.7951895,0.68807495
TEST_08999,3.9485414,-0.58056146,-1.193148
TEST_09000,4.438762,-1.1631976,0.44952077
TEST_09001,2.5034459,-0.18821792,0.3429302
TEST_09002,1.7343343,0.27094162,0.7960474
TEST_09003,2.806485,-2.3821242,-0.5394186
TEST_09004,2.6395745,0.023316745,0.2674653
TEST_09005,1.3068819,0.61153555,-0.17614642
TEST_09006,4.442446,-1.0432296,0.8306808
TEST_09007,4.0587816,0.4755984,1.1860048
TEST_09008,5.5511675,-0.6990425,0.10918166
TEST_09009,0.99862236,0.3126165,0.16913134
TEST_09010,1.0730965,-0.18421462,0.1153672
TEST_09011,1.6422217,0.088561915,-0.07767151
TEST_09012,3.6041665,-0.015395641,0.38887942
TEST_09013,1.4512043,0.044798296,-0.17281671
TEST_09014,1.644684,-0.05725901,0.71827817
TEST_09015,3.05576,0.46571082,0.48598316
TEST_09016,2.137062,0.14756499,-0.8371249
TEST_09017,1.310016,0.6899224,0.61926335
TEST_09018,3.206954,0.9234727,-0.69507825
TEST_09019,2.2440853,-0.97964644,0.6339323
TEST_09020,2.1095304,0.1829549,-0.9563244
TEST_09021,3.3251405,-0.35245126,0.81998026
TEST_09022,2.187262,-0.14452085,0.06865901
TEST_09023,3.2663553,-0.05893583,-0.3306232
TEST_09024,1.9386834,0.08375909,-0.1503588
TEST_09025,3.978235,1.2375466,0.8972116
TEST_09026,1.2052583,-0.06474264,-0.434936
TEST_09027,3.9651186,-0.49118605,-0.14858298
TEST_09028,2.9880202,0.0036949832,-0.10276196
TEST_09029,4.611055,0.7844007,-0.5479406
TEST_09030,5.2619586,-1.0714962,1.7533321
TEST_09031,2.036827,-1.0984926,-0.12261567
TEST_09032,2.164585,0.4577957,0.25107768
TEST_09033,2.1712644,0.27479482,0.60017675
TEST_09034,1.548605,0.2941743,0.20175965
TEST_09035,1.4347562,0.2896833,0.2033691
TEST_09036,1.6294675,-0.6711809,-0.15064697
TEST_09037,3.9912815,0.6937604,-0.56941044
TEST_09038,0.89480305,-0.26368305,0.41176552
TEST_09039,4.7305465,1.7379979,-0.9304331
TEST_09040,1.6407983,-0.6040175,-0.121028595
TEST_09041,1.2449315,0.25124577,-0.29859656
TEST_09042,3.333163,-1.5940595,0.89626193
TEST_09043,1.2244091,-0.50184923,-0.04930323
TEST_09044,3.4876163,0.25082192,-0.18661466
TEST_09045,2.127872,0.98383677,0.71134406
TEST_09046,1.5068543,0.982136,0.074719645
TEST_09047,2.23673,0.5047614,-0.006832617
TEST_09048,3.9449666,1.64115,0.30166104
TEST_09049,2.902976,0.50038767,-0.21626522
TEST_09050,1.4558344,0.2179217,0.09634187
TEST_09051,1.7109464,-0.21770966,0.1714985
TEST_09052,2.0668335,-0.1317704,-0.24147591
TEST_09053,3.0487988,0.22200033,-0.3079151
TEST_09054,3.4954216,-1.7356961,-1.1175768
TEST_09055,1.2039227,-0.35530108,-0.013190554
TEST_09056,2.7068026,-0.27055344,0.7067136
TEST_09057,3.1779196,-1.1168232,0.8758384
TEST_09058,4.2562513,0.044759735,-0.6296098
TEST_09059,1.4338461,0.6878033,-0.20225802
TEST_09060,2.793317,0.52391773,-0.9576903
TEST_09061,1.6127138,-0.5142934,0.37637103
TEST_09062,1.3811191,-0.4244539,0.30813482
TEST_09063,2.135315,-0.36431924,0.45677692
TEST_09064,2.0228589,-0.021726843,0.35895717
TEST_09065,2.7354085,-0.08661864,-0.5167654
TEST_09066,2.6967187,0.33638987,0.0321586
TEST_09067,3.532356,0.59435755,0.09039595
TEST_09068,3.2673469,0.7127672,0.64046067
TEST_09069,3.0407367,-1.3270733,-0.7836585
TEST_09070,2.2285798,-0.36349413,-0.6176877
TEST_09071,2.1005492,0.11944031,0.3326242
TEST_09072,3.4908757,0.5215341,0.4144734
TEST_09073,2.221816,-1.3522502,0.23405091
TEST_09074,2.6289318,-0.57011306,0.37112927
TEST_09075,1.3015431,0.091114834,-0.04349414
TEST_09076,4.2604623,0.72774446,-0.8444815
TEST_09077,2.258884,-0.028930055,0.34337914
TEST_09078,2.7538743,-0.750506,0.26655844
TEST_09079,1.9337565,-0.7766935,0.2564485
TEST_09080,4.4682364,1.0384367,-0.16278283
TEST_09081,5.1103635,-2.0642765,-0.6230534
TEST_09082,1.4524301,-0.9838756,0.59400994
TEST_09083,1.1151141,-0.23052059,-0.025496684
TEST_09084,3.2825766,-0.32850957,0.54577965
TEST_09085,2.1491284,0.7387439,-0.21680863
TEST_09086,3.9060693,-0.25963446,1.0806197
TEST_09087,2.014659,1.4158745,0.6023462
TEST_09088,4.147384,2.228965,0.3292274
TEST_09089,3.1305263,0.55263746,-0.26549065
TEST_09090,2.3907144,0.43804404,0.25675476
TEST_09091,2.5610077,-0.1245832,-0.21270432
TEST_09092,4.3248186,0.020589909,0.3774984
TEST_09093,2.56144,0.080947384,0.12368483
TEST_09094,2.9255223,-0.84187084,0.8754223
TEST_09095,2.2897651,0.9608307,0.8571416
TEST_09096,3.3203576,0.5759283,0.7423873
TEST_09097,1.7428232,0.1589369,-0.37024057
TEST_09098,5.093506,-1.461273,0.069151565
TEST_09099,3.3503618,0.9665876,-1.1673816
TEST_09100,1.5525786,-0.26650923,-0.09025655
TEST_09101,1.8596666,0.2761507,-0.5167726
TEST_09102,2.1709018,0.16516268,0.6281787
TEST_09103,3.4271996,0.2932003,-0.15297766
TEST_09104,1.4274827,0.11652009,0.40678966
TEST_09105,3.9556832,-0.51239574,0.35821065
TEST_09106,2.5366797,0.7285609,-0.53696007
TEST_09107,1.2526193,0.044647276,-0.20847096
TEST_09108,2.8291109,-0.42031267,0.18742804
TEST_09109,1.5665349,-0.2902529,0.59101796
TEST_09110,5.306653,-0.5796735,-0.7540213
TEST_09111,2.6636956,0.94203573,-0.66088223
TEST_09112,1.9459208,0.60162604,0.6178642
TEST_09113,3.6280842,0.8794562,0.97310495
TEST_09114,1.8663615,-0.6548342,-0.19568269
TEST_09115,2.0909936,0.4620187,-0.45488974
TEST_09116,4.4627686,0.53472835,-0.18871965
TEST_09117,2.6626818,1.0338198,-0.6095197
TEST_09118,1.5376527,-0.07639991,-0.2605205
TEST_09119,4.716099,-1.0588801,-0.73824936
TEST_09120,4.1905284,2.464172,0.2558973
TEST_09121,4.0744805,-0.9232918,0.95397735
TEST_09122,1.9391448,0.9862204,0.30425745
TEST_09123,2.7351315,-2.2343204,-0.122411646
TEST_09124,1.4038379,0.00062254816,-0.25417453
TEST_09125,2.4387238,0.47558424,0.33185795
TEST_09126,4.9616303,-0.59720695,-0.27510652
TEST_09127,1.6926619,0.11593845,-0.4463333
TEST_09128,2.0006156,0.149312,0.58499855
TEST_09129,1.9462627,0.747024,-0.16798963
TEST_09130,1.0675565,-0.055441234,0.27819794
TEST_09131,2.1593707,0.48065802,-0.28412485
TEST_09132,1.2215086,-0.528013,-0.36263222
TEST_09133,1.6795248,-0.30270466,0.34451982
TEST_09134,2.4269927,-1.6160933,1.209311
TEST_09135,1.454442,-0.64462084,-0.08536977
TEST_09136,2.1721876,0.3346287,0.9350177
TEST_09137,3.6272957,1.7057112,0.8625931
TEST_09138,3.0848844,0.046285205,0.550879
TEST_09139,4.379486,-0.6785386,-1.0984669
TEST_09140,2.2078922,0.70810264,-0.8441602
TEST_09141,3.1410127,0.2660369,-0.41987318
TEST_09142,1.5684266,0.044623923,0.42981002
TEST_09143,3.2634513,0.17356494,0.1737574
TEST_09144,3.6474059,0.294348,0.51515925
TEST_09145,4.4094872,-0.14180097,-0.7108839
TEST_09146,2.6135864,0.35074413,0.19352524
TEST_09147,1.8333519,-0.66819024,0.017171118
TEST_09148,2.8300166,-0.3125091,-0.5399274
TEST_09149,3.5335064,0.6596212,0.092745535
TEST_09150,2.995654,0.41282648,0.86822677
TEST_09151,2.7948403,-0.39528427,0.009928124
TEST_09152,2.9285781,-1.3287655,-0.41011718
TEST_09153,2.7520592,0.93303853,-0.70500946
TEST_09154,2.2414217,0.20003922,-0.17305717
TEST_09155,1.0678074,0.004951965,-0.1157259
TEST_09156,1.5496416,0.31691086,0.5001843
TEST_09157,3.2789378,-0.58252656,-0.5630943
TEST_09158,2.8230846,-0.15094554,0.19469419
TEST_09159,5.6454515,0.76564556,1.3868022
TEST_09160,4.5272703,-1.3487244,-0.10171598
TEST_09161,1.9743298,0.23758318,0.25553203
TEST_09162,1.736058,-0.031125952,-0.4953583
TEST_09163,2.08973,0.16266046,0.44699895
TEST_09164,2.356802,0.4269984,0.16640988
TEST_09165,2.5297925,0.7628176,-0.10427408
TEST_09166,1.4536216,-0.46120507,0.20625807
TEST_09167,4.555809,-1.3847394,1.0762837
TEST_09168,1.6823715,-0.840075,0.21836251
TEST_09169,1.186429,0.3399849,0.2513191
TEST_09170,2.5026352,0.40284002,0.89135593
TEST_09171,2.3191967,-0.29336488,0.079058126
TEST_09172,2.1017497,0.16749674,-0.014610872
TEST_09173,2.506929,0.027146578,0.11343596
TEST_09174,3.524737,0.05502808,-0.71707743
TEST_09175,1.278279,0.07632005,-0.32582876
TEST_09176,1.0257366,0.006922198,0.027859518
TEST_09177,4.1674438,0.117845796,1.5985396
TEST_09178,1.6834729,-0.019369012,0.45100608
TEST_09179,3.7306197,0.057184096,0.6991768
TEST_09180,2.579936,-0.2621511,0.77014196
TEST_09181,0.8315674,0.2517129,-0.012068436
TEST_09182,2.0956264,0.6476103,-0.05103557
TEST_09183,1.239205,-0.5158672,0.13905357
TEST_09184,3.2322147,0.17694633,-0.20058937
TEST_09185,2.0985596,0.8887798,0.7453525
TEST_09186,3.260809,0.44013533,0.094880514
TEST_09187,3.9849246,-0.17394698,-1.2495441
TEST_09188,3.3750074,1.120121,-1.1606348
TEST_09189,3.9817367,0.25787234,0.77558535
TEST_09190,4.0347886,-1.2639937,0.9472829
TEST_09191,2.9605985,0.048362717,0.3728713
TEST_09192,3.0441215,0.08557318,-0.5054724
TEST_09193,3.017575,0.6779363,-0.31282285
TEST_09194,1.7630997,0.33340502,0.06389169
TEST_09195,1.8564266,-1.0257899,-0.7200944
TEST_09196,4.2724233,-1.3574315,-0.45076948
TEST_09197,1.6362436,-0.42130867,0.09420153
TEST_09198,2.095227,0.59351796,0.774551
TEST_09199,2.1120288,-0.23034221,1.1079456
TEST_09200,2.7977664,-0.98311454,0.5233961
TEST_09201,4.0781507,-0.22308062,1.0973134
TEST_09202,1.9299871,1.6824212,0.16250643
TEST_09203,1.7453393,-1.8785348,-0.6389295
TEST_09204,1.7741365,0.57126534,-0.49390256
TEST_09205,1.6836244,-0.44829312,0.56766963
TEST_09206,4.2181516,-0.14580259,0.375051
TEST_09207,3.652422,-0.26959303,0.3546973
TEST_09208,2.9207926,2.2918887,-0.37077916
TEST_09209,3.131747,0.15189809,0.38869652
TEST_09210,2.8349972,-0.29237136,0.0028179046
TEST_09211,1.4291049,0.17270155,-0.21284334
TEST_09212,4.3874826,1.1911025,0.43238607
TEST_09213,3.0878716,-0.3713111,-0.676695
TEST_09214,1.5164855,0.37985668,-0.18111074
TEST_09215,3.3655546,0.7224228,-0.44693917
TEST_09216,1.2725387,0.08887232,-0.30140546
TEST_09217,2.5873742,-0.017887913,0.69545525
TEST_09218,2.20223,-1.7242446,0.1916292
TEST_09219,3.3966787,0.3416979,0.022154972
TEST_09220,2.3795006,-0.18653929,0.27079836
TEST_09221,3.0627265,0.09299715,-0.16259864
TEST_09222,1.5477859,-0.36720914,-0.25765014
TEST_09223,4.4455805,-0.47781217,1.1022726
TEST_09224,3.0614476,0.26247588,1.1732297
TEST_09225,2.8899198,0.15245403,-0.8893242
TEST_09226,3.1377432,0.27890325,-0.020807412
TEST_09227,2.3139348,-0.6403374,-0.1796279
TEST_09228,2.7219663,0.035991363,-0.6376322
TEST_09229,2.7562196,1.477721,0.6947923
TEST_09230,4.112451,1.1901082,1.6794571
TEST_09231,2.2461045,0.603532,-0.000618292
TEST_09232,1.2112535,0.32118088,0.36769113
TEST_09233,3.754355,1.9167655,1.169329
TEST_09234,2.5457935,-0.031433724,-0.032709636
TEST_09235,1.5502032,-0.07032155,0.33951136
TEST_09236,2.16233,0.007213502,-0.78471714
TEST_09237,1.6021539,0.2688275,-0.12221349
TEST_09238,1.1772326,0.13938786,-0.23489647
TEST_09239,4.9382095,0.7827735,1.377319
TEST_09240,2.1699722,0.433433,0.38467994
TEST_09241,2.6383047,-1.577227,-0.33487523
TEST_09242,2.3317497,-0.94483906,0.4186029
TEST_09243,2.9084456,-1.1964254,0.6593158
TEST_09244,2.685738,0.051211324,0.2881513
TEST_09245,1.8865423,-0.6377357,0.058966838
TEST_09246,5.062809,1.318175,-0.9461902
TEST_09247,3.390956,0.01563392,0.4990794
TEST_09248,3.717012,-0.62609005,0.52825207
TEST_09249,4.6215553,0.74035335,-0.20900688
TEST_09250,1.3200202,-0.023917677,0.1748543
TEST_09251,3.0462832,0.19235352,-0.14844066
TEST_09252,3.9568148,1.1077607,-0.1124844
TEST_09253,2.7083364,-0.026663516,0.17279501
TEST_09254,3.5112076,-1.5396681,-0.29441363
TEST_09255,2.4563377,-0.39548784,-0.6018756
TEST_09256,3.0512602,-1.4861151,-0.7446587
TEST_09257,1.5839318,0.47400337,0.5852827
TEST_09258,4.091331,-0.5713881,0.5422755
TEST_09259,1.646023,-0.9933628,0.4658365
TEST_09260,1.2426643,-0.07179926,-0.25618684
TEST_09261,0.9929488,-0.0077890605,0.15145907
TEST_09262,2.059072,0.30836806,0.038650066
TEST_09263,2.2099686,0.15794763,0.5255386
TEST_09264,3.3730755,-0.5679211,0.8760648
TEST_09265,2.0406451,-1.1034462,-0.8585627
TEST_09266,2.8021784,-0.47066844,0.6192606
TEST_09267,3.0274506,-0.2222315,-0.10002355
TEST_09268,2.1060088,-0.30442643,-0.0043727793
TEST_09269,1.9168559,0.3438269,-1.3124883
TEST_09270,2.2744098,0.46637014,-0.36445287
TEST_09271,1.7562929,-0.43466857,0.10381307
TEST_09272,2.0808852,-0.482562,-0.55335206
TEST_09273,2.2238078,0.5193981,-0.1585438
TEST_09274,3.4989552,-0.7813958,0.81571656
TEST_09275,1.9383359,-0.38416988,0.1019953
TEST_09276,2.0091224,0.14381358,-0.07018961
TEST_09277,3.5249238,0.7042928,0.2926896
TEST_09278,3.1469574,-0.4072937,0.19033341
TEST_09279,4.7544575,-0.037141625,0.41892293
TEST_09280,3.0242434,0.69035554,0.7700206
TEST_09281,1.8095795,1.2318604,-0.13393578
TEST_09282,2.260332,-0.33930275,0.42576498
TEST_09283,2.6534986,1.2246555,0.38221806
TEST_09284,2.428041,0.21736747,-0.12760079
TEST_09285,1.5896044,-0.012708903,0.2451638
TEST_09286,5.1092687,0.81374216,0.69851077
TEST_09287,2.6499443,-1.3642492,-0.3818363
TEST_09288,3.3498268,0.9438765,-0.70103437
TEST_09289,4.227812,0.045002393,0.8358998
TEST_09290,1.827713,0.12140098,0.28731537
TEST_09291,1.5479962,-0.29856798,-0.4070178
TEST_09292,1.2436321,-0.085561536,-0.0802722
TEST_09293,1.1136705,0.14200127,0.12467381
TEST_09294,2.2546694,0.49647588,-0.66860986
TEST_09295,3.0686336,-1.1261146,-0.41248316
TEST_09296,1.0037695,0.58324164,-0.3707204
TEST_09297,1.9655045,-0.15250699,-0.29737103
TEST_09298,4.3937397,-0.98971575,-0.6112927
TEST_09299,1.7255211,-0.3309207,-0.33154303
TEST_09300,2.8838315,-0.4370655,-0.12364382
TEST_09301,2.106978,-0.44525295,-0.45181775
TEST_09302,1.3955464,0.31075245,0.3645557
TEST_09303,3.2379777,-0.21174657,0.11386426
TEST_09304,2.6185045,0.054810017,-0.13327304
TEST_09305,3.3893561,-0.23305735,0.021587707
TEST_09306,1.619495,0.44758004,0.18241651
TEST_09307,4.2451,0.14568,-0.7075442
TEST_09308,1.94087,0.50528145,0.047564153
TEST_09309,3.0060427,0.81593627,0.0846346
TEST_09310,4.449043,1.4841815,0.62499315
TEST_09311,3.0352478,-0.63851804,-0.49799868
TEST_09312,1.4439343,-0.04912085,-0.0024964362
TEST_09313,2.1966949,-0.98490757,0.5722293
TEST_09314,3.351872,0.53179115,-0.6384002
TEST_09315,1.3690664,0.6890094,0.33860803
TEST_09316,4.5243177,-1.8714594,0.42521346
TEST_09317,1.6405802,0.10342276,0.44828948
TEST_09318,2.2287447,0.17264412,-0.8019983
TEST_09319,4.2846427,-1.2909806,2.3050065
TEST_09320,3.9393451,0.33808315,1.1005484
TEST_09321,4.7691517,-2.4857173,1.5865749
TEST_09322,3.500843,-1.7198366,-0.6900648
TEST_09323,1.3127718,1.0386279,0.33313006
TEST_09324,2.2259233,-0.25629953,0.5558712
TEST_09325,2.510336,0.46918407,0.3231002
TEST_09326,1.3870747,0.35092634,-0.17930916
TEST_09327,4.653611,0.014924857,0.073286645
TEST_09328,4.721641,0.4913687,0.2828616
TEST_09329,2.096773,0.32110977,0.095109284
TEST_09330,2.753615,0.044959217,0.64548767
TEST_09331,3.1176574,0.2636636,-0.51683193
TEST_09332,4.4703693,-0.7396764,0.23832846
TEST_09333,3.0208535,0.08326059,-0.02843643
TEST_09334,2.973701,0.4043747,-0.12150957
TEST_09335,4.1792426,0.5673541,0.040959217
TEST_09336,2.6056082,-1.1008726,-0.38082162
TEST_09337,1.8655837,-0.22655505,0.88116544
TEST_09338,3.1715398,-0.11614438,-1.0683979
TEST_09339,1.1325829,-0.153583,-0.28805688
TEST_09340,1.0434082,-0.23725167,-0.107023984
TEST_09341,3.5681236,-0.21950607,-0.26686162
TEST_09342,1.6833925,-0.6051204,-0.1593902
TEST_09343,4.3561735,0.18850036,1.3641714
TEST_09344,2.0417612,-0.67146873,0.39278445
TEST_09345,4.0577335,1.6381772,0.45905966
TEST_09346,1.9903914,-0.324747,-0.5134548
TEST_09347,3.6765318,0.3598059,0.45980865
TEST_09348,2.7473803,-0.67431414,0.3169627
TEST_09349,4.168612,1.5686642,-0.8911592
TEST_09350,2.3413403,-0.7357016,-0.39461124
TEST_09351,1.7416459,-0.24297339,0.20523305
TEST_09352,2.941642,0.8897661,-0.6796707
TEST_09353,2.832595,0.20195106,0.772058
TEST_09354,1.0945992,0.119590834,0.117311954
TEST_09355,1.8449792,-0.9403881,0.3678819
TEST_09356,3.9363668,-1.6063036,0.30926374
TEST_09357,3.0463476,-0.5596062,0.35986787
TEST_09358,1.456967,0.1915462,0.45284826
TEST_09359,3.7457905,-1.6908281,0.7630904
TEST_09360,4.480449,-1.62597,0.19229206
TEST_09361,1.4852768,-1.2520972,-0.012571379
TEST_09362,2.5820625,0.1292444,-0.39968684
TEST_09363,3.9440742,-1.3530391,-0.5903046
TEST_09364,2.2502441,0.22575231,0.47564137
TEST_09365,1.1209527,-0.165008,-0.35697517
TEST_09366,3.5439043,0.05757428,0.030944051
TEST_09367,1.263108,-0.05529475,0.24370424
TEST_09368,2.9275985,0.9333134,0.17244104
TEST_09369,2.3968961,0.43647313,0.34763116
TEST_09370,0.78975445,0.2700747,0.20787755
TEST_09371,1.6101295,0.07682267,0.3838119
TEST_09372,2.135125,-0.5717484,-0.5803057
TEST_09373,2.4351091,-0.44437543,0.2339952
TEST_09374,3.4121556,-1.2397137,-0.62377524
TEST_09375,1.0527469,-0.2875412,0.17083369
TEST_09376,2.4842725,-1.0420759,0.660434
TEST_09377,3.8231924,-2.069534,1.4866081
TEST_09378,3.121919,-0.8076522,-0.1650842
TEST_09379,3.042255,-1.0046741,0.7212787
TEST_09380,2.3267694,0.20455886,0.10004696
TEST_09381,2.3578176,-0.43569428,0.18570623
TEST_09382,1.9068583,-0.29327914,0.49328607
TEST_09383,3.7130558,-0.5504832,-0.6941407
TEST_09384,2.4502196,0.14755404,-0.0412305
TEST_09385,3.565021,-0.14582172,0.84777784
TEST_09386,2.8206463,0.5097059,0.50352603
TEST_09387,3.0278711,0.24145886,0.59751207
TEST_09388,2.8422656,0.40714735,-0.6414208
TEST_09389,3.283275,-0.50688374,-0.72577333
TEST_09390,3.9978764,-1.4398936,-0.7371992
TEST_09391,2.6948264,0.41936693,0.5788825
TEST_09392,1.045301,-0.18997787,-0.27867523
TEST_09393,2.406244,-0.9083038,-0.48209316
TEST_09394,3.3596206,-0.44693464,0.089621045
TEST_09395,1.2676748,-0.40101123,-0.2639163
TEST_09396,2.6985843,-0.08888648,0.26761308
TEST_09397,1.3746903,-0.027551282,0.0007416196
TEST_09398,2.3716586,0.7269772,-0.018144395
TEST_09399,3.5609562,1.7765666,-0.41550225
TEST_09400,1.6690459,0.28365493,0.47056812
TEST_09401,3.3752196,0.52816397,-0.76040316
TEST_09402,3.1975598,-0.9459696,0.27208123
TEST_09403,1.6953776,0.45307255,0.2303505
TEST_09404,3.2395222,-0.41335884,-0.1309724
TEST_09405,1.2638342,0.64816535,-0.15497208
TEST_09406,4.9217587,0.5719528,-0.818161
TEST_09407,3.5767002,1.156593,-0.21809703
TEST_09408,1.8171217,-0.6269414,-0.57332337
TEST_09409,1.4723912,0.6525076,-0.09518506
TEST_09410,2.281578,0.70506877,0.45083287
TEST_09411,2.407102,-0.093069285,0.2303535
TEST_09412,4.955141,-1.1138448,-0.28899005
TEST_09413,3.0409687,0.64960366,0.0801483
TEST_09414,1.7260467,-0.8351022,-0.35873365
TEST_09415,2.6805809,0.18407181,-0.16100389
TEST_09416,2.6075485,0.054631412,0.9563303
TEST_09417,3.8383985,2.3219764,0.6004428
TEST_09418,4.425366,-0.04939254,1.45343
TEST_09419,3.137452,-1.3665406,-0.1782991
TEST_09420,1.7611529,-0.70966727,0.36719278
TEST_09421,2.086047,-0.44391522,-0.3310858
TEST_09422,1.4536983,-0.52290756,0.4266775
TEST_09423,3.9018018,-0.3014831,0.47038192
TEST_09424,1.3551124,0.076969914,0.34749752
TEST_09425,3.6022968,0.80464077,0.54872245
TEST_09426,1.8949044,0.2189587,-0.79970187
TEST_09427,3.322237,-0.5999846,0.18802767
TEST_09428,2.592203,-0.3300476,0.030272184
TEST_09429,4.1212225,-1.0753124,0.21884044
TEST_09430,3.3694534,0.7462627,0.6738131
TEST_09431,1.7264324,0.6375399,0.18489616
TEST_09432,2.6631098,-0.9258289,1.1691996
TEST_09433,2.5828698,0.049079712,-0.0026295409
TEST_09434,1.9166223,-0.4171623,0.18583696
TEST_09435,1.3963039,0.25886554,-0.43458682
TEST_09436,4.5062704,1.9046875,-0.003961902
TEST_09437,3.4179866,-1.4882004,-0.7020349
TEST_09438,1.2996913,0.013575191,-0.45082602
TEST_09439,5.9197297,-1.6990379,-0.108686835
TEST_09440,2.4903316,-0.67604506,0.0395087
TEST_09441,3.1707091,-1.1838363,-1.0321658
TEST_09442,0.46187288,0.3693541,-0.20662768
TEST_09443,2.5240934,-1.5912951,0.912528
TEST_09444,2.003219,0.039962884,-0.09465
TEST_09445,2.7783751,-0.30338138,-0.07644436
TEST_09446,4.357333,-1.2715861,-0.4359076
TEST_09447,4.952824,-0.6679106,0.81971514
TEST_09448,2.6560485,-1.3512956,-0.099400744
TEST_09449,2.464743,0.047490478,0.25248745
TEST_09450,3.1346443,0.6451876,0.82420105
TEST_09451,1.4199612,-0.22856349,-0.2652307
TEST_09452,3.2095873,0.9880784,-0.23296803
TEST_09453,1.0938779,-0.043559894,0.29618484
TEST_09454,1.5184909,0.51954585,-0.098788366
TEST_09455,2.3011835,0.66389555,-0.56704885
TEST_09456,3.1794508,0.21511862,-0.059622683
TEST_09457,3.183882,-0.14869124,0.5964544
TEST_09458,5.539802,0.3381733,-1.1687857
TEST_09459,1.3413187,0.5818569,-0.41403958
TEST_09460,2.715657,0.50824237,0.25263816
TEST_09461,2.4125712,-0.4857755,-0.3867629
TEST_09462,1.9265715,-0.2356692,-0.19348928
TEST_09463,1.9333848,0.54466176,-0.26007798
TEST_09464,2.8330154,0.13271445,0.183787
TEST_09465,3.078135,-0.5426579,1.6281148
TEST_09466,2.5258248,0.4435931,-0.12509443
TEST_09467,1.1608508,0.22535914,0.12547769
TEST_09468,3.4327197,1.3339913,-1.1419992
TEST_09469,3.6662538,0.54452544,0.5020348
TEST_09470,2.7760518,1.5321213,0.1236016
TEST_09471,1.069415,-0.36725372,0.025460307
TEST_09472,3.3538394,1.4380494,0.1684621
TEST_09473,2.6143644,-1.4291483,-0.32917786
TEST_09474,3.602862,-0.4946685,-0.13809273
TEST_09475,1.7134056,-0.050531328,0.29418603
TEST_09476,1.8362201,0.67571265,0.04245742
TEST_09477,3.7406547,-0.37432784,0.4416375
TEST_09478,2.787171,-0.035158623,-0.50799906
TEST_09479,5.1569705,-0.50202125,1.4363065
TEST_09480,3.999751,0.22275898,-1.4131534
TEST_09481,4.7771535,1.7727586,-0.5703612
TEST_09482,1.3170253,0.071493834,-0.33319688
TEST_09483,3.9817543,-2.2439911,0.6048649
TEST_09484,3.3208566,-0.15637451,1.0799432
TEST_09485,2.0828834,0.16355447,0.37350383
TEST_09486,4.767009,-0.4496936,-0.39862186
TEST_09487,2.816004,0.8559106,-0.4354142
TEST_09488,4.9568257,-1.2823282,0.5604565
TEST_09489,3.4647768,0.030041479,-0.1649694
TEST_09490,2.3837276,0.16298983,-0.21982235
TEST_09491,3.3527343,-0.23269539,-0.13560075
TEST_09492,1.3013436,0.3959774,-0.001478239
TEST_09493,1.1033204,-0.12697981,-0.06605213
TEST_09494,1.6524595,0.96883374,0.67086107
TEST_09495,1.7106358,-0.5147284,0.021372069
TEST_09496,2.3689468,0.9368212,0.41001529
TEST_09497,4.0589657,1.5313919,1.2915281
TEST_09498,3.8216507,-1.2223454,0.71353656
TEST_09499,2.9790137,-0.04401665,-0.88413644
TEST_09500,1.7051045,-0.03241504,0.20334136
TEST_09501,3.0880516,-0.5400037,-0.15739286
TEST_09502,1.7930392,0.2674334,-0.33110982
TEST_09503,3.8727703,0.3172795,0.48027307
TEST_09504,3.0382051,-0.6887062,-0.65524775
TEST_09505,4.1577973,-1.1254815,1.9764026
TEST_09506,3.1694384,0.39751294,-0.8446817
TEST_09507,2.2253883,0.48708734,0.4385275
TEST_09508,3.0670485,-0.16059397,0.4890944
TEST_09509,2.1352468,-0.25204933,-0.3210831
TEST_09510,2.731664,-0.86426663,-0.43491805
TEST_09511,2.0382054,-0.4425024,0.13565633
TEST_09512,2.105058,-0.79412353,0.80373204
TEST_09513,2.2601073,0.0769478,0.3613001
TEST_09514,2.4248137,-0.10300573,0.10121802
TEST_09515,0.95424575,0.085007645,0.22787163
TEST_09516,4.7782,-0.7195943,0.7679126
TEST_09517,2.108838,0.5988099,0.59115857
TEST_09518,2.2059247,-0.33534092,-0.53339833
TEST_09519,4.465461,-0.43150747,0.84639746
TEST_09520,1.4436969,-0.860929,-0.35090548
TEST_09521,3.3914697,1.4359359,-0.87592083
TEST_09522,3.9754899,-1.4372646,-0.018461164
TEST_09523,1.8407065,-2.1449118,-0.28738162
TEST_09524,3.1438806,-0.52102035,-0.9895004
TEST_09525,1.8982998,-0.007972989,-0.38001353
TEST_09526,3.33159,-0.57326764,0.29479
TEST_09527,4.8187556,1.646007,-1.017344
TEST_09528,2.0237856,-0.4782227,0.61854255
TEST_09529,3.0837193,0.055235736,0.23316829
TEST_09530,2.985837,-0.23052125,0.17272235
TEST_09531,1.0491773,0.011817152,0.16797437
TEST_09532,2.2308571,-1.132477,-0.6428499
TEST_09533,2.271933,-0.13321926,-0.08613451
TEST_09534,3.047769,1.1566796,1.197708
TEST_09535,2.0630388,-0.02427108,0.20767908
TEST_09536,1.7857761,-0.99498636,-1.009751
TEST_09537,3.17847,0.91428375,-0.3571695
TEST_09538,4.7345023,-0.69529855,1.0963366
TEST_09539,2.9179428,0.1827775,-0.04573595
TEST_09540,2.7037396,0.25755644,-0.0068747913
TEST_09541,3.3668902,-0.60957354,1.0403887
TEST_09542,1.1314833,0.2880105,-0.24494234
TEST_09543,2.1200323,-0.33942553,0.34112617
TEST_09544,2.2042146,-0.17140909,0.3483373
TEST_09545,4.694309,1.3046068,1.5122747
TEST_09546,3.2097185,-0.43485647,-0.5066319
TEST_09547,1.3270376,0.12745099,-0.23531115
TEST_09548,3.026965,-1.3593484,0.55673635
TEST_09549,1.6921389,-0.24394852,-0.58447343
TEST_09550,2.733593,-0.60138494,-0.6971588
TEST_09551,3.0061495,-0.43150422,0.34871554
TEST_09552,1.9834892,0.6547611,0.80349576
TEST_09553,2.842255,-0.8379873,0.58673036
TEST_09554,1.3024212,0.18401486,0.09179697
TEST_09555,2.014159,0.16282824,0.008515397
TEST_09556,3.8099568,0.089918695,0.48611045
TEST_09557,1.1662061,-0.45949847,0.070766136
TEST_09558,1.719402,0.7766349,-0.15385465
TEST_09559,3.6203997,-1.3492063,2.0827878
TEST_09560,2.9890935,-1.5262753,0.7144697
TEST_09561,2.216819,-0.27570048,0.6220806
TEST_09562,1.5915987,-1.1279591,0.5899599
TEST_09563,2.3726678,0.08426058,-0.28579742
TEST_09564,1.660263,-0.0442058,0.31658253
TEST_09565,2.1631734,-0.1174663,-0.12616968
TEST_09566,1.5118681,-0.28192854,0.29043716
TEST_09567,4.800717,0.3222181,0.14787751
TEST_09568,2.751504,1.7760248,-0.5131423
TEST_09569,1.8388157,-0.41272122,0.28934324
TEST_09570,1.7953652,-0.23768015,0.10110756
TEST_09571,2.0068247,-0.5297975,-0.2470939
TEST_09572,2.4142299,1.001916,0.28856167
TEST_09573,1.8196404,0.2567579,0.42553633
TEST_09574,2.717036,1.1920059,0.8472258
TEST_09575,3.1131763,-0.16725457,-0.83083534
TEST_09576,2.4296646,-1.2612395,0.15767324
TEST_09577,1.9052615,-0.097146556,0.068388954
TEST_09578,3.8988798,0.5081631,-0.8192937
TEST_09579,1.3764851,0.9096704,-0.33759952
TEST_09580,2.0622246,0.09660316,-0.5155009
TEST_09581,2.0373597,-0.6175122,-0.7197669
TEST_09582,1.6191937,0.023561962,-0.3081622
TEST_09583,3.0894477,-0.9347354,0.849324
TEST_09584,2.873447,0.40779716,-0.4620654
TEST_09585,4.4283805,0.92317283,0.48368165
TEST_09586,1.6963657,0.48744223,-0.14801605
TEST_09587,3.0592701,0.53982186,0.5956042
TEST_09588,2.581632,-0.6177674,0.39888477
TEST_09589,4.0357594,1.4882101,0.29698285
TEST_09590,3.0581477,0.17985232,0.81089854
TEST_09591,2.788741,0.2995414,-0.3587042
TEST_09592,3.663211,1.6689954,1.9137849
TEST_09593,3.253784,0.33961844,0.71535605
TEST_09594,3.591353,-0.7586569,0.5649102
TEST_09595,2.1363177,-0.23307842,-0.8399677
TEST_09596,3.7600749,-0.44455102,-0.4546479
TEST_09597,3.2244246,2.3122823,0.6234289
TEST_09598,2.1546817,1.0310404,-0.060540967
TEST_09599,3.5707057,0.8095222,2.0057592
TEST_09600,3.5665655,0.10045828,1.267796
TEST_09601,1.0054196,0.2951118,-0.1996178
TEST_09602,1.7270498,0.6412935,0.44442248
TEST_09603,2.2915633,2.0078146,-0.11867065
TEST_09604,2.9122477,0.090253614,-0.1404337
TEST_09605,1.5102717,0.20855232,-0.3406131
TEST_09606,2.1506166,-0.15611838,0.19840315
TEST_09607,4.0155873,-0.11612727,0.9419982
TEST_09608,4.861772,-0.5514052,0.13077292
TEST_09609,3.6649878,0.108918585,0.16274545
TEST_09610,2.6145737,0.021461818,0.70686144
TEST_09611,2.2668464,-0.1476773,-0.46681473
TEST_09612,3.5168798,-0.77399397,0.37042654
TEST_09613,1.0165181,-0.40863237,0.19961949
TEST_09614,2.9298606,-0.8623458,0.12781426
TEST_09615,3.6506693,0.08746573,0.60503197
TEST_09616,2.6807458,-0.3500722,-0.3026683
TEST_09617,3.9480221,1.2269636,1.2551068
TEST_09618,1.3723738,0.31897938,0.37203956
TEST_09619,1.6050031,-0.46243072,-0.54447377
TEST_09620,2.020272,-0.20208165,-0.020842083
TEST_09621,3.5284252,-0.00020035729,0.019373635
TEST_09622,1.7813551,0.092838034,0.4172476
TEST_09623,2.1186233,-0.3391262,0.6560385
TEST_09624,3.454896,-0.23998535,-0.16867201
TEST_09625,4.8066964,1.021728,0.6012708
TEST_09626,2.6706758,-0.326911,-0.62068355
TEST_09627,1.9777685,0.33156204,0.60665756
TEST_09628,1.8024282,-0.0996563,0.25342062
TEST_09629,2.027564,-0.38464928,-0.7683974
TEST_09630,3.8289888,0.8181642,-0.121559486
TEST_09631,2.6292984,0.16278872,-0.071570374
TEST_09632,3.206802,-1.1847582,-0.5827346
TEST_09633,1.6906956,-0.1157472,-0.4758849
TEST_09634,1.9310641,0.1569899,-0.36072716
TEST_09635,0.81652254,0.27337858,-0.12866434
TEST_09636,2.375849,1.0966358,-0.6635466
TEST_09637,3.3735533,0.3898034,0.7055976
TEST_09638,3.623468,-0.12690164,0.39048955
TEST_09639,1.9850128,0.85764694,0.58938503
TEST_09640,1.9696074,-1.2592741,0.03455605
TEST_09641,4.2237573,1.0811231,0.8897922
TEST_09642,1.8155714,-0.38734934,-0.74019384
TEST_09643,0.9833948,-1.0081577,-0.16515818
TEST_09644,2.2969642,0.9432146,0.52529955
TEST_09645,1.7709279,-0.9366849,0.32880592
TEST_09646,3.6460123,0.009009592,-0.2649995
TEST_09647,3.6035774,1.181022,-0.39702946
TEST_09648,1.2891961,-0.9129234,0.38473904
TEST_09649,3.7732573,0.0074409917,-0.063124746
TEST_09650,2.146806,0.05636198,0.5057964
TEST_09651,2.2234304,-0.053952456,0.0608555
TEST_09652,5.109761,-0.43361074,1.1647977
TEST_09653,2.3156064,0.28008556,-0.40428177
TEST_09654,3.3920805,1.7880107,0.18754995
TEST_09655,3.02793,-0.22369939,0.4093094
TEST_09656,2.1219018,-0.31908402,-0.80662066
TEST_09657,1.8632922,0.39305648,-0.33822647
TEST_09658,2.4230616,-1.576136,-0.7848734
TEST_09659,3.6064742,0.4709267,0.31682375
TEST_09660,2.427059,-0.20532762,0.018124014
TEST_09661,3.3113823,-0.306703,-0.03229239
TEST_09662,2.0581675,0.14409818,0.29529297
TEST_09663,3.0150115,-0.5208479,0.3002478
TEST_09664,3.819735,0.0011152588,0.19134782
TEST_09665,1.7110689,0.39510876,1.0397252
TEST_09666,2.4989493,0.20156243,-1.2589104
TEST_09667,4.2880726,-0.4267644,0.15973018
TEST_09668,2.7598379,-0.64270675,0.4712891
TEST_09669,5.060547,0.93457615,0.015564874
TEST_09670,1.0433751,-0.37594846,-0.046645254
TEST_09671,1.3554336,-0.15031347,-0.030283906
TEST_09672,2.5151029,1.5095836,1.2116615
TEST_09673,3.4094377,-0.42609984,-1.1721084
TEST_09674,1.8332763,0.17533517,-0.26478285
TEST_09675,2.3805172,-0.66059786,-0.63232946
TEST_09676,1.5572275,-0.7888368,-0.15044762
TEST_09677,1.3510534,0.29337552,0.17326277
TEST_09678,3.4487398,0.7952,-0.9196016
TEST_09679,2.368905,0.64837646,-0.23049392
TEST_09680,4.4501753,-1.8976648,-0.23149672
TEST_09681,4.6076093,0.37364298,-0.18940625
TEST_09682,2.59189,0.73909146,1.3233769
TEST_09683,1.3974559,0.40560037,-0.43289936
TEST_09684,3.7202106,0.9698413,0.24022707
TEST_09685,0.8766991,0.11880837,-0.17708701
TEST_09686,3.4019477,0.94949645,0.36099148
TEST_09687,3.4997823,1.0915766,0.4770427
TEST_09688,5.3482714,-1.191227,0.64589393
TEST_09689,3.8074875,-0.14070255,0.34491274
TEST_09690,2.1074781,0.50969934,-0.3329731
TEST_09691,3.3580854,-0.34993345,-0.3792868
TEST_09692,1.2370795,-0.18282862,0.14690123
TEST_09693,3.2534964,0.6216032,-0.5508393
TEST_09694,1.1230919,-0.5645305,-0.27385283
TEST_09695,1.9984741,-0.079751834,0.48616856
TEST_09696,3.0310483,1.1286684,1.9014783
TEST_09697,2.9990418,0.3622916,0.064111106
TEST_09698,1.7853979,1.4200302,-0.35859105
TEST_09699,4.6939135,1.4377468,0.58640987
TEST_09700,1.9567274,0.5217942,0.520404
TEST_09701,3.019606,-0.0773944,-0.18753213
TEST_09702,1.7131897,-0.5044728,-0.12558427
TEST_09703,3.009837,0.76583797,-0.22223496
TEST_09704,3.4866526,0.32138684,1.0483227
TEST_09705,5.648262,1.0123793,-0.3745544
TEST_09706,2.8747115,-0.6060508,0.4803051
TEST_09707,3.6079125,0.074684635,0.40537447
TEST_09708,1.526303,0.65770435,-0.4463882
TEST_09709,2.4597235,-1.2788322,0.06846265
TEST_09710,2.9476972,0.051457837,0.9276775
TEST_09711,3.0780787,-1.0084987,-0.70958126
TEST_09712,1.8209561,0.39872876,0.16536653
TEST_09713,1.7694573,0.18266162,0.24378654
TEST_09714,2.6039865,-0.16561279,0.10095231
TEST_09715,2.28779,-1.1667703,-1.0074581
TEST_09716,3.4429994,1.5952395,0.053447563
TEST_09717,3.2434454,-0.71275747,-0.364372
TEST_09718,1.5918192,0.9081252,-0.16339199
TEST_09719,2.819818,-1.3583491,1.1816021
TEST_09720,2.823901,-1.8422767,-0.89543885
TEST_09721,4.12126,1.0870838,0.5231284
TEST_09722,2.6976097,-0.49769333,1.5388677
TEST_09723,4.248817,-1.3079351,0.5639152
TEST_09724,2.4357076,-0.022444911,-0.17967233
TEST_09725,1.3307695,-0.3107083,0.18183357
TEST_09726,1.811538,-0.871025,-0.34237802
TEST_09727,1.9271438,-0.43781543,0.25350085
TEST_09728,6.242569,1.866397,-0.90104795
TEST_09729,1.593557,0.241402,0.13968012
TEST_09730,3.1415038,-0.34211004,-0.7273252
TEST_09731,4.26646,-0.21910194,-0.6273626
TEST_09732,2.3119547,0.83302,-0.47889397
TEST_09733,0.8500589,-0.053118937,0.023395944
TEST_09734,2.6289985,0.3810038,1.5387197
TEST_09735,2.031927,0.64840484,0.4379469
TEST_09736,2.136935,0.0037806649,1.29672
TEST_09737,3.3823898,-0.9669365,0.046074808
TEST_09738,3.2500908,0.5421431,1.3447922
TEST_09739,1.9364408,0.6020985,-0.0242652
TEST_09740,1.4706668,0.067875445,0.26132938
TEST_09741,2.3496468,0.10993025,0.3066412
TEST_09742,1.3003302,-0.4210649,0.24701402
TEST_09743,1.787009,0.6682704,-0.24534969
TEST_09744,3.9245954,0.048682667,0.34506866
TEST_09745,2.8636465,-1.6416662,-0.8007367
TEST_09746,3.372576,0.5678742,-0.7416687
TEST_09747,3.490019,0.3252587,0.03092366
TEST_09748,2.6911898,0.14039434,0.7185484
TEST_09749,4.504999,0.3917568,0.713579
TEST_09750,4.860997,-0.25693294,-0.39366972
TEST_09751,1.5242698,-0.1460362,0.024792138
TEST_09752,3.2306244,-0.8391686,-1.1077526
TEST_09753,2.325141,-0.28291234,0.19794197
TEST_09754,1.9671457,-0.30030322,0.3055677
TEST_09755,1.0702547,0.15703668,-0.048487023
TEST_09756,2.4704525,-0.04481107,0.21194008
TEST_09757,1.5153878,0.70422006,0.42322692
TEST_09758,1.960362,-0.76846,0.8984109
TEST_09759,3.0980315,1.84697,-0.2772649
TEST_09760,4.2507434,-1.8383874,0.28662255
TEST_09761,4.7871103,-0.22009867,0.5161991
TEST_09762,1.777153,0.116889365,0.6678002
TEST_09763,1.3354272,1.0771052,0.58967775
TEST_09764,1.5181994,-0.004850194,0.24042438
TEST_09765,1.9918423,-0.2968963,-0.2096582
TEST_09766,1.4817557,0.30446747,-0.0747984
TEST_09767,4.424003,1.0476377,-0.83348626
TEST_09768,1.497401,-0.36252877,0.34672907
TEST_09769,2.9975657,0.14632957,0.33001924
TEST_09770,1.9765928,0.2721243,-0.59106934
TEST_09771,3.596268,-0.40972596,-0.05940193
TEST_09772,2.9895175,0.48618189,1.150458
TEST_09773,1.3012334,0.032134272,0.13650362
TEST_09774,1.6318709,-0.074144445,0.513683
TEST_09775,3.142205,0.31232652,0.6770708
TEST_09776,2.1937644,0.5617024,1.1075149
TEST_09777,2.017113,0.5627897,-0.26475555
TEST_09778,4.8482537,-0.8581713,0.29667896
TEST_09779,2.6196485,-0.64059657,-0.61649007
TEST_09780,2.4606822,0.41061637,-0.29374135
TEST_09781,3.2269084,-0.2886159,0.43171299
TEST_09782,1.4861548,0.3304462,0.36506993
TEST_09783,3.0733538,-0.51732194,-0.8310767
TEST_09784,3.855055,-0.06808123,0.9128307
TEST_09785,4.2813663,0.5460466,0.59455115
TEST_09786,2.3714898,-0.45409444,0.9137663
TEST_09787,4.246047,0.55642503,0.06999016
TEST_09788,2.0345562,-0.19132715,-0.25602147
TEST_09789,4.387611,-0.77373564,-0.022038706
TEST_09790,1.1410806,-0.06525133,0.3493812
TEST_09791,2.3518806,-0.050116006,-0.049263407
TEST_09792,2.3786376,-1.4691644,-0.27232325
TEST_09793,3.0541666,-1.5502926,1.126132
TEST_09794,2.9686034,0.20050393,0.62104625
TEST_09795,1.9145454,-1.1175803,0.25325143
TEST_09796,1.8774759,0.26956326,-0.2666437
TEST_09797,2.10975,-0.30612198,0.49468452
TEST_09798,2.2460296,0.27966225,0.78807026
TEST_09799,5.468601,1.1448196,2.0773938
TEST_09800,4.3489327,0.60648793,0.5317319
TEST_09801,2.0190046,-0.9433598,-0.36440587
TEST_09802,3.9919095,0.045678377,0.4114786
TEST_09803,1.2586195,-1.494948,0.17252634
TEST_09804,2.2249713,0.18220553,-0.021088079
TEST_09805,2.8140445,0.77602947,-0.53288853
TEST_09806,3.4730172,0.95669353,0.889943
TEST_09807,3.2990713,-1.0306774,0.5737516
TEST_09808,5.4119344,0.11553893,0.8245486
TEST_09809,2.1578774,0.65242255,0.1629103
TEST_09810,3.2387912,0.18481924,0.900923
TEST_09811,1.104829,0.4589799,0.03841392
TEST_09812,3.329708,-1.6601002,-0.21361244
TEST_09813,2.815278,-0.32893717,-0.16538382
TEST_09814,2.6647418,0.96601486,1.3704027
TEST_09815,2.2778285,-0.19214743,0.1286806
TEST_09816,2.559889,0.16884844,0.8800619
TEST_09817,3.1578753,-1.6677285,0.46399766
TEST_09818,3.7377958,-0.14560789,-0.8945665
TEST_09819,4.047988,-0.117926836,-0.11082715
TEST_09820,2.4055562,-0.27660397,-0.34403977
TEST_09821,2.2038171,0.31495163,0.70746
TEST_09822,1.4606072,0.4516665,0.5046668
TEST_09823,1.8928161,-0.506793,0.724998
TEST_09824,3.9295104,-0.4787836,0.38922727
TEST_09825,5.287249,-0.83703893,-0.050361264
TEST_09826,3.4758303,0.32284427,0.64117366
TEST_09827,2.6638696,-0.66680014,-0.31566575
TEST_09828,3.7154603,-0.22939646,-0.50495046
TEST_09829,1.0115736,0.2546053,0.6637517
TEST_09830,2.8230062,1.2932068,1.142351
TEST_09831,2.9081511,0.7708894,-0.5284008
TEST_09832,2.8528562,1.215852,0.82394964
TEST_09833,3.5606039,-2.1137433,-0.35279045
TEST_09834,2.8547537,-0.11372903,0.65669036
TEST_09835,1.7316368,-0.63447034,0.45155486
TEST_09836,4.012489,-0.6068887,1.1990502
TEST_09837,2.649121,-1.2825141,-0.20766565
TEST_09838,2.892978,0.33966672,1.2188845
TEST_09839,3.9992034,-0.7615572,-0.907692
TEST_09840,4.121986,0.34271628,1.6019135
TEST_09841,1.9018809,0.586661,0.17123619
TEST_09842,3.752598,-1.1505762,-0.37032545
TEST_09843,1.4943094,-0.39772364,-0.06901934
TEST_09844,3.0290737,-0.54522413,0.86722577
TEST_09845,2.3748596,-0.10026765,0.19677347
TEST_09846,4.2947097,-0.720789,0.0709467
TEST_09847,2.6868165,-0.8873599,-0.44388518
TEST_09848,4.4612393,1.4083053,0.12231326
TEST_09849,2.1104412,0.5489596,-0.12600741
TEST_09850,3.1878624,-0.4935897,-0.5222009
TEST_09851,2.5961635,-0.034399122,-0.19636677
TEST_09852,4.848502,0.9271839,1.2536472
TEST_09853,1.5035837,0.08032225,0.13564508
TEST_09854,3.0404913,1.0463784,-0.84446245
TEST_09855,1.9506991,0.863995,-0.40332454
TEST_09856,2.4271817,-1.0477792,1.2585068
TEST_09857,3.8697207,-0.8928347,-0.56349015
TEST_09858,1.686138,0.7279257,-0.16903119
TEST_09859,1.9884259,-1.0019988,0.44224304
TEST_09860,2.599835,-0.6568072,-0.28601557
TEST_09861,3.3738334,-0.241078,-0.5992934
TEST_09862,1.4737586,0.26680738,0.28050143
TEST_09863,3.6193228,-0.4934168,-0.06586349
TEST_09864,1.6822464,0.39832094,-0.6346042
TEST_09865,2.9712453,1.5775484,0.5945306
TEST_09866,1.6325034,-0.7218593,-0.3574205
TEST_09867,1.8414936,-0.49191314,0.0510072
TEST_09868,3.3769543,1.039033,0.054958872
TEST_09869,3.0242455,1.1050129,0.8775257
TEST_09870,1.7898124,0.8519805,-0.15159208
TEST_09871,1.3946177,0.5699907,-0.10354806
TEST_09872,2.9870684,1.0169997,0.8012127
TEST_09873,2.5008736,-1.4621645,-1.1222792
TEST_09874,3.3083937,-0.044506844,-0.04753659
TEST_09875,2.0856583,-0.14372386,0.22916715
TEST_09876,2.8027523,-0.84414065,-0.07032688
TEST_09877,3.4210424,-1.0516729,-0.6513628
TEST_09878,1.9304509,0.66408086,0.38940832
TEST_09879,4.348208,-1.0633599,2.041386
TEST_09880,3.1295996,-0.05774008,0.85440844
TEST_09881,1.9113938,-0.969048,0.2762408
TEST_09882,1.3775257,0.8131827,-0.03497978
TEST_09883,2.538056,-0.31562725,0.047265276
TEST_09884,2.95472,0.5212211,1.5220065
TEST_09885,2.8905172,-0.85112244,0.42969912
TEST_09886,3.0913243,0.35093772,0.9264852
TEST_09887,1.506002,-0.41311535,-0.28609207
TEST_09888,4.810052,-1.4664376,-0.13363661
TEST_09889,3.472539,0.014627348,0.08421685
TEST_09890,1.0418732,0.033617035,0.37323418
TEST_09891,2.0410094,-0.39675996,0.19806999
TEST_09892,2.3500574,-0.8036653,-0.08689258
TEST_09893,1.790217,-0.5161131,0.22837283
TEST_09894,1.8242626,1.3990892,0.6669301
TEST_09895,1.8711978,0.7706257,0.43904313
TEST_09896,2.6723955,0.49869883,0.07386842
TEST_09897,2.2917674,-0.28510976,0.4575338
TEST_09898,2.3931563,1.4025849,-0.67048216
TEST_09899,1.7349652,-0.79493564,-0.2996696
TEST_09900,1.5507724,0.3226465,0.06740369
TEST_09901,2.0041952,0.30616078,-0.12765118
TEST_09902,1.6908141,-0.6311022,0.44768965
TEST_09903,3.826151,-0.16178569,0.6109436
TEST_09904,4.25215,-0.71834546,0.1966774
TEST_09905,1.7934616,-1.4200846,0.4826157
TEST_09906,1.3736943,-0.49551877,0.20134667
TEST_09907,2.0102234,0.7010425,0.18119824
TEST_09908,1.8042263,-0.5987354,-0.22348416
TEST_09909,3.7624013,0.2781682,-0.38047516
TEST_09910,5.0228276,1.3357525,-0.5299041
TEST_09911,2.8730073,-0.5404258,-0.22625333
TEST_09912,2.5395482,1.6355959,0.10408352
TEST_09913,3.6832929,-1.1746087,0.118435815
TEST_09914,1.5482249,-0.019337442,0.07392746
TEST_09915,0.75566715,0.23893347,-0.09343731
TEST_09916,2.4135363,0.08570178,-0.7003498
TEST_09917,2.3324604,-1.6814766,-0.22488949
TEST_09918,2.3496366,-1.4053763,0.9735408
TEST_09919,3.9356062,-0.7803904,1.8952368
TEST_09920,2.9566782,-0.39248452,0.23315355
TEST_09921,2.13459,1.112349,0.23603751
TEST_09922,1.3527452,-0.41816235,-0.3901031
TEST_09923,3.2556934,-1.0672346,0.65084827
TEST_09924,1.6841698,0.11490496,0.49288428
TEST_09925,2.041667,0.71018064,-0.49192473
TEST_09926,4.5717564,-0.7424019,-0.16155103
TEST_09927,5.1014156,-1.0076165,0.8913358
TEST_09928,0.95127815,-0.344359,0.20785917
TEST_09929,1.5754832,-0.17314002,0.10614563
TEST_09930,1.8828312,0.40513015,0.24248838
TEST_09931,2.5115342,-0.07398255,-0.2212054
TEST_09932,1.4081998,-0.17973307,-0.565347
TEST_09933,3.1740322,0.035980232,0.43239418
TEST_09934,1.6577146,0.6919633,0.7089888
TEST_09935,1.614903,0.73378646,-0.3128678
TEST_09936,2.7678666,-1.4089799,1.6052194
TEST_09937,1.1433094,-0.15696286,0.53403986
TEST_09938,4.907312,1.4426248,0.38365775
TEST_09939,4.0934005,-0.60325915,1.2488786
TEST_09940,3.254493,0.27644384,-0.70576715
TEST_09941,2.208224,-0.5785598,-0.550117
TEST_09942,1.6624992,0.063653335,-0.23399632
TEST_09943,4.1354003,-0.9572437,-1.0227692
TEST_09944,1.8056955,0.43326166,0.44937116
TEST_09945,3.7853124,0.61518383,1.2026407
TEST_09946,2.0651712,0.20731914,-0.47452128
TEST_09947,3.971784,0.008811731,-0.10511012
TEST_09948,2.8398335,-0.56181943,0.7291991
TEST_09949,4.4710164,-0.028932383,1.3303921
TEST_09950,1.9833717,-0.48784652,-0.38453132
TEST_09951,1.6865338,-0.67476714,-0.13328855
TEST_09952,1.1838022,0.28337562,0.4792224
TEST_09953,2.511134,1.0435565,-0.83880097
TEST_09954,2.834499,0.13072558,0.2856233
TEST_09955,1.3072611,-0.50198996,-0.15606254
TEST_09956,1.9637882,-0.7800212,0.032138996
TEST_09957,3.425882,-1.2302858,-0.40020442
TEST_09958,2.9279606,-0.45658848,-0.59834665
TEST_09959,4.7190228,1.199684,0.003502927
TEST_09960,3.01032,0.83312654,-0.10709168
TEST_09961,3.2512448,-1.0749503,0.87312555
TEST_09962,2.8638217,-0.8154577,1.1253729
TEST_09963,3.6357427,-0.2880024,-0.24086823
TEST_09964,2.8418722,-0.079836875,-0.45754302
TEST_09965,0.93999124,0.35438022,0.22498444
TEST_09966,5.048868,-0.89057577,0.59145606
TEST_09967,4.051818,-1.0927134,1.2948997
TEST_09968,5.1650577,-1.6739293,0.8132313
TEST_09969,1.9176981,0.65353394,0.14159939
TEST_09970,2.2142453,0.2353701,0.4641086
TEST_09971,0.7294736,0.11402607,0.044972565
TEST_09972,2.2808,0.018203858,0.58910596
TEST_09973,2.9569852,0.232368,-0.14237355
TEST_09974,2.8179843,0.9335758,0.8772719
TEST_09975,2.0600014,-0.5809321,0.30544984
TEST_09976,0.9104577,0.0766094,-0.18139672
TEST_09977,1.1163225,-0.24065262,-0.15660027
TEST_09978,3.1217384,-0.56742865,1.0956768
TEST_09979,3.6094766,-0.4595374,-0.2132417
TEST_09980,3.1947315,1.0234883,0.6302375
TEST_09981,1.1012039,0.24708883,0.16916335
TEST_09982,1.3905647,0.27246195,0.3469028
TEST_09983,0.9993169,-0.09238093,0.11827131
TEST_09984,0.7807118,0.20298424,0.04164801
TEST_09985,4.134803,-0.35812828,0.9757173
TEST_09986,2.3269498,0.41633406,-0.8483873
TEST_09987,1.5497067,0.5106298,0.60323566
TEST_09988,2.0166428,-0.06266261,0.19608168
TEST_09989,3.281392,1.6135695,-0.6022856
TEST_09990,2.705897,0.6115701,0.62881786
TEST_09991,2.7477787,0.42513284,0.54709756
TEST_09992,1.656224,-0.60767347,-0.81349206
TEST_09993,2.7877967,0.99204665,0.8730183
TEST_09994,1.5019684,-0.24272498,0.38682115
TEST_09995,1.0954047,0.45766264,0.376431
TEST_09996,4.4987197,-1.4879675,0.76478314
TEST_09997,3.0912073,0.6328796,0.69369125
TEST_09998,1.4109527,0.6027724,-0.3922124
TEST_09999,4.235884,-0.23114331,1.6532912
TEST_10000,1.0431705,-0.2624322,-0.07535481
